"game_id","play_id","posteam","defteam","play_type","desc","epa","bottom_5","top_5","outlier"
"2026_01_ARI_LAC",62,"ARI","LAC","pass","(14:56) 7-J.Brissett pass deep right to 85-T.McBride to LAC 43 for 27 yards (2-E.Molden).",1.73026861948892,FALSE,FALSE,FALSE
"2026_01_ARI_LAC",87,"ARI","LAC","run","(14:18) (Shotgun) 22-T.Allgeier right guard to LAC 41 for 2 yards (94-D.Tomlinson; 45-T.Tuipulotu).",-0.288451223867014,FALSE,FALSE,FALSE
"2026_01_ARI_LAC",109,"ARI","LAC","pass","(13:34) (Shotgun) 7-J.Brissett pass incomplete short middle to 18-M.Harrison.",-0.889567741425708,FALSE,FALSE,FALSE
"2026_01_ARI_LAC",132,"ARI","LAC","run","(13:30) (Shotgun) 7-J.Brissett scrambles left end ran ob at LAC 30 for 11 yards (45-T.Tuipulotu).",2.26213446957991,FALSE,FALSE,FALSE
"2026_01_ARI_LAC",154,"ARI","LAC","pass","(12:51) 66-J.Williams reported in as eligible. 7-J.Brissett pass short right to 22-T.Allgeier to LAC 25 for 5 yards (0-D.Henley; 23-T.Jefferson).",0.105275578680448,FALSE,FALSE,FALSE
"2026_01_ARI_LAC",181,"ARI","LAC","run","(12:08) 22-T.Allgeier left end to LAC 21 for 4 yards (90-A.Mesidor).",0.0908104703994468,FALSE,FALSE,FALSE
"2026_01_ARI_LAC",203,"ARI","LAC","run","(11:39) 7-J.Brissett up the middle to LAC 19 for 2 yards (99-J.Caldwell).",0.459360566106625,FALSE,FALSE,FALSE
"2026_01_ARI_LAC",225,"ARI","LAC","run","(11:01) (Shotgun) 4-J.Love up the middle to LAC 19 for no gain (45-T.Tuipulotu).",-0.527099344064482,FALSE,FALSE,FALSE
"2026_01_ARI_LAC",247,"ARI","LAC","pass","(10:21) (Shotgun) 7-J.Brissett pass short left to 17-K.Bourne to LAC 8 for 11 yards (20-C.Hart).",1.18052008200902,FALSE,FALSE,FALSE
"2026_01_ARI_LAC",272,"ARI","LAC","run","(9:34) 4-J.Love up the middle to LAC 5 for 3 yards (2-E.Molden).",-0.0551801581168547,FALSE,FALSE,FALSE
"2026_01_ARI_LAC",301,"ARI","LAC","run","(8:54) (Shotgun) 4-J.Love left end for 5 yards, TOUCHDOWN.",1.63248223112896,FALSE,FALSE,FALSE
"2026_01_ARI_LAC",364,"LAC","ARI","run","(8:45) 8-O.Hampton left end to LAC 25 for 2 yards (51-R.Lopez).",-0.379353810101748,FALSE,FALSE,FALSE
"2026_01_ARI_LAC",386,"LAC","ARI","pass","(8:13) (Shotgun) 10-J.Herbert pass deep middle to 15-L.McConkey to LAC 43 for 18 yards (2-W.Johnson).",1.65891221584752,FALSE,FALSE,FALSE
"2026_01_ARI_LAC",411,"LAC","ARI","run","(7:34) 8-O.Hampton right end to LAC 43 for no gain (1-Ma.Wilson).",-0.512818679912016,FALSE,FALSE,FALSE
"2026_01_ARI_LAC",433,"LAC","ARI","pass","(6:57) (Shotgun) 10-J.Herbert pass deep middle to 15-L.McConkey to ARI 34 for 23 yards (3-B.Baker).",1.63942066987511,FALSE,FALSE,FALSE
"2026_01_ARI_LAC",458,"LAC","ARI","pass","(6:16) (Shotgun) 10-J.Herbert pass short middle to 15-L.McConkey to ARI 15 for 19 yards (3-B.Baker).",1.22035161126405,FALSE,FALSE,FALSE
"2026_01_ARI_LAC",483,"LAC","ARI","run","(5:38) (Shotgun) 34-K.Mitchell right end to ARI 13 for 2 yards (50-J.Gibbens).",-0.419472706969827,FALSE,FALSE,FALSE
"2026_01_ARI_LAC",505,"LAC","ARI","run","(5:08) (Shotgun) 10-J.Herbert scrambles up the middle to ARI 8 for 5 yards (52-J.Burch).",-0.0576623133383691,FALSE,FALSE,FALSE
"2026_01_ARI_LAC",527,"LAC","ARI","run","(4:29) (Shotgun) 8-O.Hampton up the middle for 8 yards, TOUCHDOWN.",2.16438095911872,FALSE,FALSE,FALSE
"2026_01_ARI_LAC",590,"ARI","LAC","run","(4:16) (Shotgun) 22-T.Allgeier left tackle to ARI 31 for 1 yard (3-D.James; 94-D.Tomlinson).",-0.555032577132806,FALSE,FALSE,FALSE
"2026_01_ARI_LAC",612,"ARI","LAC","pass","(3:37) (Shotgun) 7-J.Brissett pass short right to 17-K.Bourne to ARI 41 for 10 yards (3-D.James).",1.17245625634678,FALSE,FALSE,FALSE
"2026_01_ARI_LAC",678,"ARI","LAC","pass","(2:35) (Shotgun) 7-J.Brissett pass short middle to 85-T.McBride to ARI 48 for 17 yards (0-D.Henley; 2-E.Molden).",1.34520767838694,FALSE,FALSE,FALSE
"2026_01_ARI_LAC",703,"ARI","LAC","pass","(1:56) 7-J.Brissett pass short right to 85-T.McBride to LAC 42 for 10 yards (0-D.Henley).",0.795516364276409,FALSE,FALSE,FALSE
"2026_01_ARI_LAC",728,"ARI","LAC","run","(1:10) 66-J.Williams reported in as eligible. 4-J.Love left tackle to LAC 41 for 1 yard (99-J.Caldwell).",-0.496692745015025,FALSE,FALSE,FALSE
"2026_01_ARI_LAC",753,"ARI","LAC","pass","(:31) (Shotgun) 7-J.Brissett pass short middle to 4-J.Love to LAC 36 for 5 yards (3-D.James).",-0.072578493738547,FALSE,FALSE,FALSE
"2026_01_ARI_LAC",798,"ARI","LAC","pass","(15:00) (Shotgun) 7-J.Brissett pass incomplete deep left to 14-Mi.Wilson (20-C.Hart).",-1.1562670624071,FALSE,FALSE,FALSE
"2026_01_ARI_LAC",842,"LAC","ARI","run","(14:51) 8-O.Hampton right end to ARI 42 for 14 yards (50-J.Gibbens).",0.744389915140346,FALSE,FALSE,FALSE
"2026_01_ARI_LAC",871,"LAC","ARI","pass","(14:08) (Shotgun) 10-J.Herbert pass short right to 83-D.Njoku pushed ob at ARI 30 for 12 yards (50-J.Gibbens).",0.715658619184978,FALSE,FALSE,FALSE
"2026_01_ARI_LAC",901,"LAC","ARI","pass","(13:42) 10-J.Herbert pass incomplete short right to 1-Q.Johnston (16-M.Melton).",-0.451305921771564,FALSE,FALSE,FALSE
"2026_01_ARI_LAC",924,"LAC","ARI","run","(13:37) (Shotgun) 8-O.Hampton left end to ARI 31 for -1 yards (28-A.Wingard). FUMBLES (28-A.Wingard), RECOVERED by ARI-2-W.Johnson at ARI 34.",-5.19676485145465,TRUE,FALSE,TRUE
"2026_01_ARI_LAC",962,"ARI","LAC","pass","(13:22) 7-J.Brissett pass short left to 17-K.Bourne to ARI 43 for 9 yards (4-T.Still; 43-T.Dye).",0.788402177393436,FALSE,FALSE,FALSE
"2026_01_ARI_LAC",1018,"ARI","LAC","run","(12:35) 4-J.Love right end pushed ob at LAC 43 for 18 yards (0-D.Henley).",1.3893004192505,FALSE,FALSE,FALSE
"2026_01_ARI_LAC",1045,"ARI","LAC","pass","(11:58) 66-J.Williams reported in as eligible. 7-J.Brissett pass short right to 4-J.Love to LAC 39 for 4 yards (43-T.Dye) [99-J.Caldwell].",-0.0762718883343041,FALSE,FALSE,FALSE
"2026_01_ARI_LAC",1072,"ARI","LAC","run","(11:19) 4-J.Love right tackle to LAC 34 for 5 yards (43-T.Dye).",0.25740079022944,FALSE,FALSE,FALSE
"2026_01_ARI_LAC",1094,"ARI","LAC","run","(10:58) (No Huddle) 7-J.Brissett left guard to LAC 30 for 4 yards (3-D.James). LAC-99-J.Caldwell was injured during the play.",0.872020301409066,FALSE,FALSE,FALSE
"2026_01_ARI_LAC",1150,"ARI","LAC","run","(10:16) (Shotgun) 22-T.Allgeier right tackle to LAC 34 for 1 yard (0-D.Henley; 90-A.Mesidor).",-0.55871752591338,FALSE,FALSE,FALSE
"2026_01_ARI_LAC",1172,"ARI","LAC","pass","(9:39) (Shotgun) 7-J.Brissett pass short left to 85-T.McBride to LAC 28 for 6 yards (3-D.James).",0.342615335131995,FALSE,FALSE,FALSE
"2026_01_ARI_LAC",1197,"ARI","LAC","pass","(8:59) (Shotgun) 7-J.Brissett pass short left to 17-K.Bourne to LAC 16 for 12 yards (2-E.Molden).",1.82705031277146,FALSE,FALSE,FALSE
"2026_01_ARI_LAC",1222,"ARI","LAC","run","(8:19) 22-T.Allgeier up the middle to LAC 13 for 3 yards (45-T.Tuipulotu).",-0.177947170799598,FALSE,FALSE,FALSE
"2026_01_ARI_LAC",1244,"ARI","LAC","pass","(7:43) (Shotgun) 7-J.Brissett pass short right to 22-T.Allgeier to LAC 9 for 4 yards (23-T.Jefferson).",-0.273779091658071,FALSE,FALSE,FALSE
"2026_01_ARI_LAC",1269,"ARI","LAC","pass","(6:59) (Shotgun) 7-J.Brissett pass incomplete short right to 85-T.McBride (23-T.Jefferson). ** Injury Update: LAC-99-J.Caldwell has returned to the game.",-1.42329581153599,FALSE,FALSE,FALSE
"2026_01_ARI_LAC",1433,"LAC","ARI","run","(6:29) (Shotgun) 34-K.Mitchell left tackle to LAC 37 for 2 yards (25-Z.Collins).",-0.458499374100938,FALSE,FALSE,FALSE
"2026_01_ARI_LAC",1455,"LAC","ARI","pass","(5:49) (Shotgun) 10-J.Herbert pass short right to 15-L.McConkey to ARI 49 for 14 yards (29-D.Burke).",1.4282386515988,FALSE,FALSE,FALSE
"2026_01_ARI_LAC",1480,"LAC","ARI","run","(5:12) (Shotgun) 8-O.Hampton up the middle to ARI 47 for 2 yards (51-R.Lopez).",-0.479183813673444,FALSE,FALSE,FALSE
"2026_01_ARI_LAC",1502,"LAC","ARI","pass","(4:37) (Shotgun) 10-J.Herbert pass short left to 86-O.Gadsden pushed ob at ARI 21 for 26 yards (28-A.Wingard).",2.10682589269709,FALSE,FALSE,FALSE
"2026_01_ARI_LAC",1527,"LAC","ARI","run","(4:06) (Shotgun) 34-K.Mitchell left end pushed ob at ARI 13 for 8 yards (36-K.Crawford).",0.634365435515065,FALSE,FALSE,FALSE
"2026_01_ARI_LAC",1549,"LAC","ARI","pass","(3:35) (Shotgun) 10-J.Herbert pass short middle to 83-D.Njoku to ARI 7 for 6 yards (1-Ma.Wilson).",0.278483934875112,FALSE,FALSE,FALSE
"2026_01_ARI_LAC",1574,"LAC","ARI","run","(2:57) 34-K.Mitchell right end to ARI 10 for -3 yards (28-A.Wingard).",-0.903470241639297,FALSE,FALSE,FALSE
"2026_01_ARI_LAC",1596,"LAC","ARI","pass","(2:16) (Shotgun) 10-J.Herbert pass incomplete short left to 15-L.McConkey.",-0.734630779537838,FALSE,FALSE,FALSE
"2026_01_ARI_LAC",1619,"LAC","ARI","run","(2:10) (Shotgun) 10-J.Herbert scrambles right end pushed ob at ARI 3 for 7 yards (50-J.Gibbens).",-0.748905660293531,FALSE,FALSE,FALSE
"2026_01_ARI_LAC",1641,"LAC","ARI","pass","(2:00) (Shotgun) 10-J.Herbert sacked at ARI 13 for -10 yards (55-D.Stills).",-3.21282949513989,TRUE,FALSE,TRUE
"2026_01_ARI_LAC",1668,"ARI","LAC","run","(1:55) (Shotgun) 22-T.Allgeier up the middle to ARI 21 for 8 yards (53-D.Phillips).",0.5019991484005,FALSE,FALSE,FALSE
"2026_01_ARI_LAC",1697,"ARI","LAC","pass","(1:21) (Shotgun) 7-J.Brissett pass short middle to 85-T.McBride to ARI 35 for 14 yards (3-D.James).",0.533840214135125,FALSE,FALSE,FALSE
"2026_01_ARI_LAC",1722,"ARI","LAC","pass","(1:02) (No Huddle, Shotgun) 7-J.Brissett pass short right to 14-Mi.Wilson to ARI 44 for 9 yards (26-D.Jackson).",0.300552675034851,FALSE,FALSE,FALSE
"2026_01_ARI_LAC",1781,"ARI","LAC","pass","(:32) (Shotgun) 7-J.Brissett pass short right to 14-Mi.Wilson to LAC 22 for 10 yards (26-D.Jackson).",0.436158669821452,FALSE,FALSE,FALSE
"2026_01_ARI_LAC",1806,"ARI","LAC","pass","(:26) (Shotgun) 7-J.Brissett pass incomplete short right to 85-T.McBride.",-0.512461839593016,FALSE,FALSE,FALSE
"2026_01_ARI_LAC",1836,"ARI","LAC","pass","(:21) (Shotgun) 7-J.Brissett pass short left to 17-K.Bourne to LAC 11 for 11 yards (3-D.James).",0.553984326019417,FALSE,FALSE,FALSE
"2026_01_ARI_LAC",1861,"ARI","LAC","pass","(:16) (Shotgun) 7-J.Brissett pass incomplete short left to 85-T.McBride (45-T.Tuipulotu).",-0.595926301670261,FALSE,FALSE,FALSE
"2026_01_ARI_LAC",1993,"LAC","ARI","pass","(14:55) 10-J.Herbert pass short left to 1-Q.Johnston to LAC 31 for 8 yards (25-Z.Collins).",0.744322631042451,FALSE,FALSE,FALSE
"2026_01_ARI_LAC",2018,"LAC","ARI","run","(14:16) 8-O.Hampton right end pushed ob at LAC 37 for 6 yards (3-B.Baker).",0.0289501356892288,FALSE,FALSE,FALSE
"2026_01_ARI_LAC",2040,"LAC","ARI","run","(13:38) (Shotgun) 8-O.Hampton up the middle to LAC 43 for 6 yards (1-Ma.Wilson; 51-R.Lopez).",0.235407171305269,FALSE,FALSE,FALSE
"2026_01_ARI_LAC",2109,"LAC","ARI","run","(12:57) (Shotgun) 10-J.Herbert scrambles up the middle to LAC 42 for 4 yards (52-J.Burch).",-0.4640786529053,FALSE,FALSE,FALSE
"2026_01_ARI_LAC",2131,"LAC","ARI","pass","(12:17) (Shotgun) 10-J.Herbert pass incomplete short middle to 9-T.Harris (16-M.Melton).",-1.57411813619547,FALSE,FALSE,FALSE
"2026_01_ARI_LAC",2174,"ARI","LAC","run","(12:06) 4-J.Love right tackle to ARI 12 for 2 yards (53-D.Phillips).",-0.497949591372162,FALSE,FALSE,FALSE
"2026_01_ARI_LAC",2203,"ARI","LAC","pass","(11:27) (Shotgun) 7-J.Brissett pass deep left to 18-M.Harrison to ARI 45 for 33 yards (20-C.Hart) [53-D.Phillips].",2.77394440374337,FALSE,TRUE,TRUE
"2026_01_ARI_LAC",2228,"ARI","LAC","run","(10:40) (Shotgun) 66-J.Williams reported in as eligible. 4-J.Love right end to ARI 45 for no gain (94-D.Tomlinson; 53-D.Phillips).",-0.58442894066684,FALSE,FALSE,FALSE
"2026_01_ARI_LAC",2252,"ARI","LAC","pass","(10:00) (Shotgun) 7-J.Brissett pass short left to 17-K.Bourne to LAC 42 for 13 yards (20-C.Hart).",1.34636709582992,FALSE,FALSE,FALSE
"2026_01_ARI_LAC",2277,"ARI","LAC","pass","(9:21) (Shotgun) 7-J.Brissett pass deep right to 14-Mi.Wilson pushed ob at LAC 25 for 17 yards (4-T.Still).",1.081997706322,FALSE,FALSE,FALSE
"2026_01_ARI_LAC",2302,"ARI","LAC","run","(8:48) 22-T.Allgeier right end to LAC 14 for 11 yards (99-J.Caldwell; 2-E.Molden).",0.669232377898879,FALSE,FALSE,FALSE
"2026_01_ARI_LAC",2324,"ARI","LAC","run","(8:13) 22-T.Allgeier up the middle to LAC 15 for -1 yards (52-K.Mack).",-0.847926538437605,FALSE,FALSE,FALSE
"2026_01_ARI_LAC",2346,"ARI","LAC","pass","(7:34) (Shotgun) 7-J.Brissett pass incomplete short right to 4-J.Love.",-0.782028123969212,FALSE,FALSE,FALSE
"2026_01_ARI_LAC",2369,"ARI","LAC","pass","(7:32) (Shotgun) 7-J.Brissett pass incomplete short middle to 85-T.McBride (3-D.James) [45-T.Tuipulotu].",-0.814271500842221,FALSE,FALSE,FALSE
"2026_01_ARI_LAC",2481,"LAC","ARI","run","(7:18) 8-O.Hampton right guard to ARI 10 for 2 yards (25-Z.Collins).",-0.469500589650124,FALSE,FALSE,FALSE
"2026_01_ARI_LAC",2503,"LAC","ARI","run","(6:41) 10-J.Herbert scrambles right end pushed ob at ARI 8 for 2 yards (2-W.Johnson).",-0.530734994332306,FALSE,FALSE,FALSE
"2026_01_ARI_LAC",2530,"LAC","ARI","pass","(6:07) (Shotgun) 10-J.Herbert pass short right to 15-L.McConkey for 8 yards, TOUCHDOWN.",2.60120518843178,FALSE,TRUE,TRUE
"2026_01_ARI_LAC",2596,"ARI","LAC","pass","(5:58) 7-J.Brissett pass incomplete short right to 14-Mi.Wilson.",-0.632241252809763,FALSE,FALSE,FALSE
"2026_01_ARI_LAC",2619,"ARI","LAC","pass","(5:56) (Shotgun) 7-J.Brissett pass short right to 14-Mi.Wilson to ARI 27 for 6 yards (20-C.Hart; 3-D.James).",0.0405983715318143,FALSE,FALSE,FALSE
"2026_01_ARI_LAC",2644,"ARI","LAC","pass","(5:33) (No Huddle, Shotgun) 7-J.Brissett pass short right to 14-Mi.Wilson to ARI 41 for 14 yards (20-C.Hart) [45-T.Tuipulotu]. Penalty on LAC, Defensive Too Many Men on Field, declined.",1.85618410492316,FALSE,FALSE,FALSE
"2026_01_ARI_LAC",2680,"ARI","LAC","run","(5:12) 4-J.Love right end to ARI 44 for 3 yards (0-D.Henley; 92-J.Eboigbe).",-0.241998974233866,FALSE,FALSE,FALSE
"2026_01_ARI_LAC",2702,"ARI","LAC","pass","(4:31) (Shotgun) 7-J.Brissett pass short right to 85-T.McBride to LAC 49 for 7 yards (0-D.Henley; 45-T.Tuipulotu).",0.927245445549488,FALSE,FALSE,FALSE
"2026_01_ARI_LAC",2751,"ARI","LAC","pass","(3:32) 7-J.Brissett pass incomplete short middle to 4-J.Love.",-0.639965065289289,FALSE,FALSE,FALSE
"2026_01_ARI_LAC",2781,"ARI","LAC","pass","(3:27) (No Huddle, Shotgun) 7-J.Brissett pass incomplete deep left to 18-M.Harrison.",-1.0320623437874,FALSE,FALSE,FALSE
"2026_01_ARI_LAC",2804,"ARI","LAC","pass","(3:18) (Shotgun) 7-J.Brissett pass short right to 85-T.McBride to LAC 49 for 5 yards (22-G.Smith).",-1.01741548115388,FALSE,FALSE,FALSE
"2026_01_ARI_LAC",2849,"LAC","ARI","pass","(2:37) 10-J.Herbert pass short right to 9-T.Harris pushed ob at LAC 18 for 6 yards (29-D.Burke).",0.187248965259641,FALSE,FALSE,FALSE
"2026_01_ARI_LAC",2886,"LAC","ARI","run","(2:06) 8-O.Hampton up the middle to LAC 24 for 6 yards (1-Ma.Wilson; 56-D.Robinson).",0.412012620130554,FALSE,FALSE,FALSE
"2026_01_ARI_LAC",2932,"LAC","ARI","pass","(1:05) (Shotgun) 10-J.Herbert pass incomplete short right to 9-T.Harris.",-0.666090465849265,FALSE,FALSE,FALSE
"2026_01_ARI_LAC",2955,"LAC","ARI","run","(1:03) 8-O.Hampton right end to LAC 18 for -1 yards (10-J.Sweat, 91-L.Collier).",-1.01762354047969,FALSE,FALSE,FALSE
"2026_01_ARI_LAC",2977,"LAC","ARI","pass","(:23) (Shotgun) 10-J.Herbert pass incomplete short right to 15-L.McConkey (1-Ma.Wilson). LAC-15-L.McConkey was injured during the play.",-1.02852114057168,FALSE,FALSE,FALSE
"2026_01_ARI_LAC",3035,"ARI","LAC","run","(:11) 4-J.Love up the middle to ARI 31 for no gain (99-J.Caldwell; 53-D.Phillips).",-0.568547169445083,FALSE,FALSE,FALSE
"2026_01_ARI_LAC",3077,"ARI","LAC","pass","(15:00) (Shotgun) 7-J.Brissett pass short middle to 17-K.Bourne to ARI 36 for 5 yards (22-G.Smith).",-0.25328031857498,FALSE,FALSE,FALSE
"2026_01_ARI_LAC",3102,"ARI","LAC","pass","(14:21) (Shotgun) 7-J.Brissett pass short middle to 17-K.Bourne to ARI 40 for 4 yards (20-C.Hart). LAC-20-C.Hart was injured during the play.",-0.79735354706645,FALSE,FALSE,FALSE
"2026_01_ARI_LAC",3155,"LAC","ARI","pass","(13:55) (Shotgun) 10-J.Herbert sacked at LAC 16 for -4 yards (52-J.Burch).",-1.2873175831046,FALSE,FALSE,FALSE
"2026_01_ARI_LAC",3175,"LAC","ARI","pass","(13:13) (Shotgun) 10-J.Herbert pass short left to 9-T.Harris to LAC 19 for 3 yards (16-M.Melton; 10-J.Sweat) [54-E.Leota].",-0.44063282944262,FALSE,FALSE,FALSE
"2026_01_ARI_LAC",3200,"LAC","ARI","pass","(12:32) (Shotgun) 10-J.Herbert pass incomplete deep right to 1-Q.Johnston.",-1.14531577331945,FALSE,FALSE,FALSE
"2026_01_ARI_LAC",3261,"ARI","LAC","run","(12:21) 66-J.Williams reported in as eligible. 22-T.Allgeier up the middle to LAC 3 for no gain (93-T.Tart; 23-T.Jefferson). ** Injury Update: LAC-20-C.Hart has returned to the game.",-0.381938267382793,FALSE,FALSE,FALSE
"2026_01_ARI_LAC",3285,"ARI","LAC","pass","(11:48) (Shotgun) 7-J.Brissett pass short left to 85-T.McBride for 3 yards, TOUCHDOWN.",1.1799865840585,FALSE,FALSE,FALSE
"2026_01_ARI_LAC",3347,"LAC","ARI","pass","(11:39) (Shotgun) 10-J.Herbert pass short left to 1-Q.Johnston to LAC 25 for 9 yards (29-D.Burke).",0.809230150654912,FALSE,FALSE,FALSE
"2026_01_ARI_LAC",3372,"LAC","ARI","run","(11:13) (Shotgun) 8-O.Hampton up the middle to LAC 27 for 2 yards (51-R.Lopez; 97-W.Nolen).",-0.149919551797211,FALSE,FALSE,FALSE
"2026_01_ARI_LAC",3394,"LAC","ARI","pass","(10:33) (Shotgun) 10-J.Herbert pass short middle to 83-D.Njoku to LAC 40 for 13 yards (50-J.Gibbens; 1-Ma.Wilson).",0.637983086518943,FALSE,FALSE,FALSE
"2026_01_ARI_LAC",3419,"LAC","ARI","pass","(9:50) (Shotgun) 10-J.Herbert pass deep right intended for 12-D.Davis INTERCEPTED by 28-A.Wingard at ARI 5. 28-A.Wingard to ARI 5 for no gain (12-D.Davis). Penalty on LAC-69-C.Strange, Offensive Holding, declined.",-2.34865460090805,TRUE,FALSE,TRUE
"2026_01_ARI_LAC",3467,"ARI","LAC","run","(9:39) 22-T.Allgeier right guard to ARI 7 for 2 yards (93-T.Tart).",-0.589360890327953,FALSE,FALSE,FALSE
"2026_01_ARI_LAC",3496,"ARI","LAC","run","(9:07) 22-T.Allgeier left end to ARI 11 for 4 yards (3-D.James; 22-G.Smith).",0.117391710169613,FALSE,FALSE,FALSE
"2026_01_ARI_LAC",3518,"ARI","LAC","pass","(8:28) (Shotgun) 7-J.Brissett pass short right to 85-T.McBride to ARI 17 for 6 yards (3-D.James).",1.25957663264126,FALSE,FALSE,FALSE
"2026_01_ARI_LAC",3543,"ARI","LAC","run","(7:47) 22-T.Allgeier left end to ARI 24 for 7 yards (22-G.Smith).",0.261024783132598,FALSE,FALSE,FALSE
"2026_01_ARI_LAC",3565,"ARI","LAC","run","(7:03) 22-T.Allgeier right guard to ARI 31 for 7 yards (43-T.Dye).",0.557213853579015,FALSE,FALSE,FALSE
"2026_01_ARI_LAC",3587,"ARI","LAC","run","(6:20) 22-T.Allgeier up the middle to ARI 35 for 4 yards (99-J.Caldwell).",-0.320186435710639,FALSE,FALSE,FALSE
"2026_01_ARI_LAC",3609,"ARI","LAC","run","(5:39) 4-J.Love up the middle to ARI 39 for 4 yards (22-G.Smith).",-0.00279047386720777,FALSE,FALSE,FALSE
"2026_01_ARI_LAC",3631,"ARI","LAC","pass","(4:57) 66-J.Williams reported in as eligible. 7-J.Brissett sacked at ARI 39 for 0 yards (sack split by 43-T.Dye and 0-D.Henley).",-1.59611808508635,FALSE,FALSE,FALSE
"2026_01_ARI_LAC",3686,"LAC","ARI","run","(4:44) (Shotgun) 10-J.Herbert scrambles left end pushed ob at LAC 31 for 11 yards (50-J.Gibbens).",0.73423968476709,FALSE,FALSE,FALSE
"2026_01_ARI_LAC",3713,"LAC","ARI","pass","(4:36) (Shotgun) 10-J.Herbert pass incomplete short left to 1-Q.Johnston (55-D.Stills).",-0.573017358779907,FALSE,FALSE,FALSE
"2026_01_ARI_LAC",3821,"LAC","ARI","pass","(4:28) (Shotgun) 10-J.Herbert pass incomplete deep right to 9-T.Harris (13-K.Clark).",-0.61730347853154,FALSE,FALSE,FALSE
"2026_01_ARI_LAC",3849,"LAC","ARI","pass","(4:24) (Shotgun) 10-J.Herbert pass short right to 83-D.Njoku pushed ob at LAC 23 for 12 yards (29-D.Burke).",0.0714720042888075,FALSE,FALSE,FALSE
"2026_01_ARI_LAC",3881,"LAC","ARI","pass","(4:17) (Shotgun) 10-J.Herbert pass short right to 83-D.Njoku to LAC 38 for 15 yards (2-W.Johnson; 28-A.Wingard). Penalty on LAC-83-D.Njoku, Offensive Pass Interference, declined.",-2.02781349141151,TRUE,FALSE,TRUE
"2026_01_ARI_LAC",3917,"ARI","LAC","run","(4:09) 22-T.Allgeier up the middle to LAC 36 for 2 yards (53-D.Phillips; 52-K.Mack).",-1.50295499042841,FALSE,FALSE,FALSE
"2026_01_ARI_LAC",3939,"ARI","LAC","run","(4:06) 22-T.Allgeier up the middle to LAC 33 for 3 yards (4-T.Still; 94-D.Tomlinson).",-0.307021840242669,FALSE,FALSE,FALSE
"2026_01_ARI_LAC",3968,"ARI","LAC","run","(3:21) 22-T.Allgeier up the middle to LAC 30 for 3 yards (92-J.Eboigbe).",0.366849836387501,FALSE,FALSE,FALSE
"2026_01_ARI_LAC",4027,"LAC","ARI","pass","(2:33) (Shotgun) 10-J.Herbert sacked at LAC 27 for -8 yards (sack split by 3-B.Baker and 50-J.Gibbens).",-1.11723964556586,FALSE,FALSE,FALSE
"2026_01_ARI_LAC",4047,"LAC","ARI","pass","(2:07) (No Huddle, Shotgun) 10-J.Herbert pass incomplete short right to 1-Q.Johnston.",-0.479509291821159,FALSE,FALSE,FALSE
"2026_01_ARI_LAC",4070,"LAC","ARI","pass","(2:04) (Shotgun) 10-J.Herbert pass short middle to 9-T.Harris to LAC 38 for 11 yards (3-B.Baker).",-0.238456208375283,FALSE,FALSE,FALSE
"2026_01_ARI_LAC",4095,"LAC","ARI","pass","(2:00) (Shotgun) 10-J.Herbert pass short left to 86-O.Gadsden to LAC 44 for 6 yards (2-W.Johnson; 1-Ma.Wilson).",-1.76426373823779,TRUE,FALSE,TRUE
"2026_01_ATL_PIT",68,"PIT","ATL","pass","(14:54) (Shotgun) 8-A.Rodgers pass incomplete short right.",-0.486624904675409,FALSE,FALSE,FALSE
"2026_01_ATL_PIT",100,"PIT","ATL","run","(14:48) 30-J.Warren left tackle to PIT 42 for 4 yards (29-S.Brown).",-0.495858779642731,FALSE,FALSE,FALSE
"2026_01_ATL_PIT",122,"PIT","ATL","pass","(14:03) (Shotgun) 8-A.Rodgers pass incomplete deep left to 4-D.Metcalf.",-1.57847676286474,FALSE,FALSE,FALSE
"2026_01_ATL_PIT",164,"ATL","PIT","run","(13:51) 7-Bi.Robinson left tackle to ATL 19 for 2 yards (97-C.Heyward).",-0.481132688000798,FALSE,FALSE,FALSE
"2026_01_ATL_PIT",186,"ATL","PIT","pass","(13:14) (Shotgun) 13-C.Rush pass short left to 7-Bi.Robinson to ATL 23 for 4 yards (3-J.Brisker).",-0.146002063527703,FALSE,FALSE,FALSE
"2026_01_ATL_PIT",211,"ATL","PIT","pass","(12:31) (Shotgun) 13-C.Rush sacked at ATL 16 for -7 yards (56-A.Highsmith). Penalty on ATL-71-J.Taylor, Offensive Holding, declined.",-2.05424473574385,TRUE,FALSE,TRUE
"2026_01_ATL_PIT",268,"PIT","ATL","run","(12:04) 13-R.Dowdle up the middle to PIT 38 for 6 yards (31-X.Watts).",0.136999298119918,FALSE,FALSE,FALSE
"2026_01_ATL_PIT",298,"PIT","ATL","pass","(11:29) 8-A.Rodgers pass short left to 88-P.Freiermuth to PIT 47 for 9 yards (29-S.Brown).",0.776716134278104,FALSE,FALSE,FALSE
"2026_01_ATL_PIT",323,"PIT","ATL","pass","(10:56) (No Huddle, Shotgun) 8-A.Rodgers pass short left to 4-D.Metcalf to ATL 47 for 6 yards (31-X.Watts).",0.15378972585313,FALSE,FALSE,FALSE
"2026_01_ATL_PIT",348,"PIT","ATL","pass","(10:18) (Shotgun) 8-A.Rodgers pass short left to 11-M.Pittman to ATL 26 for 21 yards (53-K.Daniels; 24-Aj.Terrell).",1.47647841775324,FALSE,FALSE,FALSE
"2026_01_ATL_PIT",373,"PIT","ATL","run","(9:26) (Shotgun) 13-R.Dowdle left tackle to ATL 25 for 1 yard (94-L.London; 51-J.Ivey).",-0.489191850996576,FALSE,FALSE,FALSE
"2026_01_ATL_PIT",395,"PIT","ATL","pass","(8:43) (Shotgun) 8-A.Rodgers pass incomplete short left to 13-R.Dowdle.",-0.644343620631844,FALSE,FALSE,FALSE
"2026_01_ATL_PIT",418,"PIT","ATL","pass","(8:39) (Shotgun) 8-A.Rodgers pass incomplete short right to 13-R.Dowdle (92-M.Smith).",-1.37764919079173,FALSE,FALSE,FALSE
"2026_01_ATL_PIT",491,"ATL","PIT","pass","(8:24) (Shotgun) 13-C.Rush pass short right to 7-Bi.Robinson pushed ob at ATL 30 for 7 yards (20-R.Jenkins; 41-P.Wilson).",0.493519854731858,FALSE,FALSE,FALSE
"2026_01_ATL_PIT",516,"ATL","PIT","run","(7:49) (Shotgun) 7-Bi.Robinson left tackle to ATL 35 for 5 yards (41-P.Wilson; 6-P.Queen).",0.313327288255095,FALSE,FALSE,FALSE
"2026_01_ATL_PIT",543,"ATL","PIT","pass","(7:11) (Shotgun) 13-C.Rush pass short right to 7-Bi.Robinson to ATL 42 for 7 yards (51-N.Herbig). PIT-35-J.Dean was injured during the play.",0.472829979145899,FALSE,FALSE,FALSE
"2026_01_ATL_PIT",571,"ATL","PIT","run","(6:42) (Shotgun) 15-Br.Robinson left tackle to ATL 49 for 7 yards (23-D.Everette).",0.587342152372003,FALSE,FALSE,FALSE
"2026_01_ATL_PIT",600,"ATL","PIT","run","(6:11) (No Huddle) 15-Br.Robinson up the middle to 50 for 1 yard (99-D.Harmon; 33-J.Sawyer). ** Injury Update: PIT-35-J.Dean has returned to the game.",-0.484406529925764,FALSE,FALSE,FALSE
"2026_01_ATL_PIT",655,"ATL","PIT","pass","(5:01) (Shotgun) 13-C.Rush pass incomplete deep right to 8-K.Pitts (5-J.Ramsey).",-0.91247421503067,FALSE,FALSE,FALSE
"2026_01_ATL_PIT",678,"ATL","PIT","pass","(4:54) (Shotgun) 13-C.Rush pass incomplete deep right to 4-J.Dotson.",-1.11273427121341,FALSE,FALSE,FALSE
"2026_01_ATL_PIT",721,"PIT","ATL","pass","(4:42) 8-A.Rodgers pass short right to 4-D.Metcalf to PIT 22 for 9 yards (21-M.Hughes).",0.72925624018535,FALSE,FALSE,FALSE
"2026_01_ATL_PIT",758,"PIT","ATL","run","(4:04) 30-J.Warren up the middle to PIT 25 for 3 yards (29-S.Brown; 95-G.Dexter).",0.146940794074908,FALSE,FALSE,FALSE
"2026_01_ATL_PIT",783,"PIT","ATL","run","(3:27) (Shotgun) 30-J.Warren left guard to PIT 27 for 2 yards (51-J.Ivey; 53-K.Daniels).",-0.467919509159401,FALSE,FALSE,FALSE
"2026_01_ATL_PIT",805,"PIT","ATL","pass","(2:48) (Shotgun) 8-A.Rodgers pass short right to 30-J.Warren to PIT 27 for no gain (21-M.Hughes, 99-C.Thomas). FUMBLES (99-C.Thomas), RECOVERED by ATL-0-D.Deablo at PIT 25.",-5.12980534823146,TRUE,FALSE,TRUE
"2026_01_ATL_PIT",851,"ATL","PIT","run","(2:41) (Shotgun) 15-Br.Robinson left guard to PIT 22 for 3 yards (97-C.Heyward; 41-P.Wilson).",-0.173887885524891,FALSE,FALSE,FALSE
"2026_01_ATL_PIT",873,"ATL","PIT","run","(2:02) 15-Br.Robinson left end to PIT 23 for -1 yards (41-P.Wilson).",-0.672660730779171,FALSE,FALSE,FALSE
"2026_01_ATL_PIT",895,"ATL","PIT","pass","(1:19) (Shotgun) 13-C.Rush pass short right to 7-Bi.Robinson for 23 yards, TOUCHDOWN.",3.62281989026815,FALSE,TRUE,TRUE
"2026_01_ATL_PIT",1000,"PIT","ATL","run","(:37) 13-R.Dowdle left end to PIT 37 for 3 yards (29-S.Brown).",-0.246459727408364,FALSE,FALSE,FALSE
"2026_01_ATL_PIT",1042,"PIT","ATL","run","(15:00) (Shotgun) 13-R.Dowdle up the middle to PIT 37 for no gain (29-S.Brown; 0-D.Deablo).",-1.16403000801802,FALSE,FALSE,FALSE
"2026_01_ATL_PIT",1105,"PIT","ATL","pass","(14:18) (Shotgun) 8-A.Rodgers pass incomplete deep left to 4-D.Metcalf (21-M.Hughes) [99-C.Thomas].",-0.449987247237004,FALSE,FALSE,FALSE
"2026_01_ATL_PIT",1128,"PIT","ATL","pass","(14:12) (Shotgun) 8-A.Rodgers pass short right to 4-D.Metcalf to ATL 15 for 11 yards (24-Aj.Terrell).",1.14407132560154,FALSE,FALSE,FALSE
"2026_01_ATL_PIT",1153,"PIT","ATL","run","(14:04) (No Huddle) 13-R.Dowdle left guard to ATL 12 for 3 yards (94-L.London; 3-J.Bates).",-0.261912509158719,FALSE,FALSE,FALSE
"2026_01_ATL_PIT",1175,"PIT","ATL","pass","(13:23) (Shotgun) 8-A.Rodgers pass short left to 88-P.Freiermuth to ATL 10 for 2 yards (53-K.Daniels).",-0.497316004475579,FALSE,FALSE,FALSE
"2026_01_ATL_PIT",1200,"PIT","ATL","pass","(12:37) (Shotgun) 8-A.Rodgers pass incomplete short left.",-1.29242037715189,FALSE,FALSE,FALSE
"2026_01_ATL_PIT",1294,"ATL","PIT","pass","(12:17) (Shotgun) 13-C.Rush pass deep middle intended for 4-J.Dotson INTERCEPTED by 3-J.Brisker at ATL 41. 3-J.Brisker pushed ob at ATL 31 for 10 yards (65-M.Bergeron).",-4.75561617780477,TRUE,FALSE,TRUE
"2026_01_ATL_PIT",1326,"PIT","ATL","pass","(12:06) 8-A.Rodgers pass short right to 30-J.Warren to ATL 13 for 18 yards (31-X.Watts; 3-J.Bates).",1.22231717425166,FALSE,FALSE,FALSE
"2026_01_ATL_PIT",1351,"PIT","ATL","pass","(11:22) (Shotgun) 8-A.Rodgers pass short right to 30-J.Warren pushed ob at ATL 6 for 7 yards (53-K.Daniels; 3-J.Bates).",0.428306210262235,FALSE,FALSE,FALSE
"2026_01_ATL_PIT",1376,"PIT","ATL","pass","(10:49) 8-A.Rodgers pass incomplete short left to 30-J.Warren.",-0.911695131740998,FALSE,FALSE,FALSE
"2026_01_ATL_PIT",1399,"PIT","ATL","pass","(10:44) (Shotgun) 8-A.Rodgers pass short middle to 88-P.Freiermuth for 6 yards, TOUCHDOWN.",2.5222247413476,FALSE,TRUE,TRUE
"2026_01_ATL_PIT",1469,"ATL","PIT","run","(10:39) 7-Bi.Robinson left guard to ATL 40 for 5 yards (6-P.Queen; 41-P.Wilson).",0.151878551812842,FALSE,FALSE,FALSE
"2026_01_ATL_PIT",1491,"ATL","PIT","run","(10:02) 7-Bi.Robinson up the middle to ATL 45 for 5 yards (6-P.Queen).",0.507809359580278,FALSE,FALSE,FALSE
"2026_01_ATL_PIT",1513,"ATL","PIT","pass","(9:25) (Shotgun) 13-C.Rush sacked at ATL 43 for -2 yards (90-T.Watt). Penalty on ATL-65-M.Bergeron, Offensive Holding, declined.",-0.778699512593448,FALSE,FALSE,FALSE
"2026_01_ATL_PIT",1544,"ATL","PIT","pass","(8:58) (Shotgun) 13-C.Rush pass short left to 7-Bi.Robinson to PIT 46 for 11 yards (3-J.Brisker).",1.03537233150564,FALSE,FALSE,FALSE
"2026_01_ATL_PIT",1569,"ATL","PIT","run","(8:29) (No Huddle, Shotgun) 7-Bi.Robinson up the middle to ATL 48 for -6 yards (35-J.Dean). FUMBLES (35-J.Dean), and recovers at ATL 47. 7-Bi.Robinson to ATL 47 for no gain (41-P.Wilson).",-2.7482511147391,TRUE,FALSE,TRUE
"2026_01_ATL_PIT",1633,"PIT","ATL","run","(7:37) 30-J.Warren left tackle to PIT 16 for 2 yards (54-B.Dorlus).",-0.415078445570543,FALSE,FALSE,FALSE
"2026_01_ATL_PIT",1696,"PIT","ATL","pass","(6:24) (Shotgun) 8-A.Rodgers pass incomplete short middle to 13-R.Dowdle.",-0.671579747926444,FALSE,FALSE,FALSE
"2026_01_ATL_PIT",1743,"PIT","ATL","pass","(6:19) (Shotgun) 8-A.Rodgers pass incomplete deep left to 4-D.Metcalf. Penalty on PIT-4-D.Metcalf, Offensive Pass Interference, declined.",-0.543170928722247,FALSE,FALSE,FALSE
"2026_01_ATL_PIT",1803,"ATL","PIT","pass","(5:59) (Shotgun) 13-C.Rush pass short right to 5-D.London to PIT 37 for 8 yards (6-P.Queen; 35-J.Dean).",0.534209395991638,FALSE,FALSE,FALSE
"2026_01_ATL_PIT",1828,"ATL","PIT","run","(5:17) 7-Bi.Robinson right end to PIT 34 for 3 yards (56-A.Highsmith; 69-S.Joseph).",0.0145162354456261,FALSE,FALSE,FALSE
"2026_01_ATL_PIT",1850,"ATL","PIT","run","(4:39) 7-Bi.Robinson up the middle to PIT 33 for 1 yard (69-S.Joseph).",-0.471678967180196,FALSE,FALSE,FALSE
"2026_01_ATL_PIT",1908,"ATL","PIT","pass","(3:30) (Shotgun) 13-C.Rush pass incomplete short middle (97-C.Heyward).",-0.63444172241725,FALSE,FALSE,FALSE
"2026_01_ATL_PIT",1931,"ATL","PIT","pass","(3:25) (Shotgun) 13-C.Rush pass short left to 7-Bi.Robinson to PIT 36 for 7 yards (41-P.Wilson).",-0.365283861139991,FALSE,FALSE,FALSE
"2026_01_ATL_PIT",1984,"PIT","ATL","pass","(2:33) (Shotgun) 8-A.Rodgers pass short left to 30-J.Warren to PIT 44 for no gain (0-D.Deablo).",-0.313265343662351,FALSE,FALSE,FALSE
"2026_01_ATL_PIT",2016,"PIT","ATL","pass","(2:01) (Shotgun) 8-A.Rodgers pass short right to 14-R.Wilson ran ob at PIT 49 for 5 yards.",-0.0610646273707971,FALSE,FALSE,FALSE
"2026_01_ATL_PIT",2094,"PIT","ATL","pass","(1:49) (Shotgun) 8-A.Rodgers pass deep middle to 14-R.Wilson to ATL 41 for 20 yards (0-D.Deablo).",2.20001411717385,FALSE,FALSE,FALSE
"2026_01_ATL_PIT",2119,"PIT","ATL","pass","(1:23) (No Huddle, Shotgun) 8-A.Rodgers pass incomplete short right.",-0.338582761702128,FALSE,FALSE,FALSE
"2026_01_ATL_PIT",2142,"PIT","ATL","run","(1:19) (Shotgun) 30-J.Warren right tackle to ATL 44 for -3 yards (55-Z.Smith, 95-G.Dexter).",-1.06058412103448,FALSE,FALSE,FALSE
"2026_01_ATL_PIT",2164,"PIT","ATL","pass","(1:14) (Shotgun) 8-A.Rodgers pass incomplete deep left to 14-R.Wilson (21-M.Hughes).",-0.995252831664402,FALSE,FALSE,FALSE
"2026_01_ATL_PIT",2194,"PIT","ATL","pass","(1:06) (Field Goal formation) 19-C.Johnston pass incomplete short left [28-M.Ford].",-1.84454587288201,TRUE,FALSE,TRUE
"2026_01_ATL_PIT",2257,"ATL","PIT","pass","(:54) (Shotgun) 13-C.Rush pass incomplete short middle (97-C.Heyward).",-0.259489755961113,FALSE,FALSE,FALSE
"2026_01_ATL_PIT",2280,"ATL","PIT","pass","(:51) (Shotgun) 13-C.Rush pass short middle to 14-O.Zaccheaus to ATL 39 for 5 yards (41-P.Wilson).",-0.108711670909543,FALSE,FALSE,FALSE
"2026_01_ATL_PIT",2305,"ATL","PIT","pass","(:45) (Shotgun) 13-C.Rush pass short left to 7-Bi.Robinson pushed ob at ATL 46 for 7 yards (3-J.Brisker).",-0.25037467997754,FALSE,FALSE,FALSE
"2026_01_ATL_PIT",2397,"PIT","ATL","pass","(:28) (Shotgun) 8-A.Rodgers pass incomplete deep right to 14-R.Wilson.",-0.0311339543550275,FALSE,FALSE,FALSE
"2026_01_ATL_PIT",2420,"PIT","ATL","pass","(:23) (Shotgun) 8-A.Rodgers pass deep right to 88-P.Freiermuth to PIT 39 for 19 yards (3-J.Bates).",0.357924796757288,FALSE,FALSE,FALSE
"2026_01_ATL_PIT",2445,"PIT","ATL","pass","(:17) (Shotgun) 8-A.Rodgers sacked at PIT 32 for -7 yards (55-Z.Smith).",-0.436910713848192,FALSE,FALSE,FALSE
"2026_01_ATL_PIT",2515,"ATL","PIT","run","(14:52) (Shotgun) 7-Bi.Robinson left tackle to ATL 48 for 5 yards (95-K.Benton).",0.156362076289952,FALSE,FALSE,FALSE
"2026_01_ATL_PIT",2537,"ATL","PIT","run","(14:16) 72-M.Jerrell reported in as eligible. 7-Bi.Robinson right guard to 50 for 2 yards (41-P.Wilson).",-0.567967423703521,FALSE,FALSE,FALSE
"2026_01_ATL_PIT",2561,"ATL","PIT","run","(13:34) (Shotgun) 7-Bi.Robinson right tackle to PIT 45 for 5 yards (5-J.Ramsey).",1.31442130124196,FALSE,FALSE,FALSE
"2026_01_ATL_PIT",2583,"ATL","PIT","run","(12:55) 15-Br.Robinson right end to PIT 40 for 5 yards (41-P.Wilson; 6-P.Queen).",0.0672735653351992,FALSE,FALSE,FALSE
"2026_01_ATL_PIT",2605,"ATL","PIT","run","(12:08) (Shotgun) 7-Bi.Robinson up the middle to PIT 33 for 7 yards (6-P.Queen). PENALTY on PIT-94-Y.Black, Defensive Holding, 5 yards, enforced at PIT 33.",1.11701260204427,FALSE,FALSE,FALSE
"2026_01_ATL_PIT",2638,"ATL","PIT","run","(11:43) 7-Bi.Robinson right end to PIT 27 for 1 yard (33-J.Sawyer).",-0.450034664245322,FALSE,FALSE,FALSE
"2026_01_ATL_PIT",2660,"ATL","PIT","pass","(11:06) 13-C.Rush pass incomplete short right to 7-Bi.Robinson [51-N.Herbig].",-0.616387572255917,FALSE,FALSE,FALSE
"2026_01_ATL_PIT",2683,"ATL","PIT","pass","(11:01) (Shotgun) 13-C.Rush pass incomplete short right to 5-D.London (97-C.Heyward).",-1.06210690983349,FALSE,FALSE,FALSE
"2026_01_ATL_PIT",2727,"PIT","ATL","run","(10:54) 30-J.Warren left end to PIT 39 for 4 yards (54-B.Dorlus).",-0.084652850870043,FALSE,FALSE,FALSE
"2026_01_ATL_PIT",2756,"PIT","ATL","run","(10:15) 30-J.Warren left tackle to PIT 39 for no gain (54-B.Dorlus).",-0.852674192981794,FALSE,FALSE,FALSE
"2026_01_ATL_PIT",2778,"PIT","ATL","pass","(9:38) (Shotgun) 8-A.Rodgers pass incomplete deep left to 4-D.Metcalf (24-Aj.Terrell). ATL-24-Aj.Terrell was injured during the play.",-1.48288283566944,FALSE,FALSE,FALSE
"2026_01_ATL_PIT",2848,"ATL","PIT","run","(9:19) 7-Bi.Robinson up the middle to ATL 13 for 3 yards (99-D.Harmon). PENALTY on PIT-99-D.Harmon, Defensive Holding, 5 yards, enforced at ATL 13.",0.502060631290078,FALSE,FALSE,FALSE
"2026_01_ATL_PIT",2881,"ATL","PIT","run","(8:53) (Shotgun) 7-Bi.Robinson right tackle to ATL 20 for 2 yards (99-D.Harmon; 33-J.Sawyer).",-0.44545435346663,FALSE,FALSE,FALSE
"2026_01_ATL_PIT",2903,"ATL","PIT","pass","(8:14) 13-C.Rush pass deep left to 5-D.London pushed ob at ATL 41 for 21 yards (22-A.Samuel). PENALTY on PIT-22-A.Samuel, Unnecessary Roughness, 15 yards, enforced at ATL 41.",3.037238528952,FALSE,TRUE,TRUE
"2026_01_ATL_PIT",2939,"ATL","PIT","run","(7:49) 7-Bi.Robinson left end to PIT 44 for no gain (35-J.Dean).",-0.523144420003518,FALSE,FALSE,FALSE
"2026_01_ATL_PIT",2961,"ATL","PIT","pass","(7:03) (Shotgun) 13-C.Rush pass incomplete short right.",-0.865659757750109,FALSE,FALSE,FALSE
"2026_01_ATL_PIT",2984,"ATL","PIT","pass","(6:58) (Shotgun) 13-C.Rush pass incomplete short right to 5-D.London.",-1.79009042866528,TRUE,FALSE,TRUE
"2026_01_ATL_PIT",3030,"PIT","ATL","pass","(6:43) 8-A.Rodgers pass deep left to 11-M.Pittman pushed ob at PIT 48 for 28 yards (26-C.Henderson) [52-S.Ebukam].",1.96398748410866,FALSE,FALSE,FALSE
"2026_01_ATL_PIT",3091,"PIT","ATL","pass","(5:43) (Shotgun) 8-A.Rodgers pass short right to 88-P.Freiermuth to ATL 47 for 10 yards (48-B.Trice).",0.576611496508121,FALSE,FALSE,FALSE
"2026_01_ATL_PIT",3116,"PIT","ATL","pass","(5:04) (Shotgun) 8-A.Rodgers pass short right to 13-R.Dowdle pushed ob at ATL 45 for 2 yards (56-H.Perkins).",-0.483431380009279,FALSE,FALSE,FALSE
"2026_01_ATL_PIT",3146,"PIT","ATL","pass","(4:52) (No Huddle) 8-A.Rodgers pass incomplete deep right to 14-R.Wilson.",-1.7538666925393,TRUE,FALSE,TRUE
"2026_01_ATL_PIT",3169,"PIT","ATL","pass","(4:46) (Shotgun) 8-A.Rodgers pass incomplete deep right to 4-D.Metcalf (26-C.Henderson).",-2.80534267192706,TRUE,FALSE,TRUE
"2026_01_ATL_PIT",3192,"ATL","PIT","pass","(4:41) 13-C.Rush pass short left to 7-Bi.Robinson to PIT 31 for 24 yards (5-J.Ramsey). FUMBLES (5-J.Ramsey), recovered by ATL-4-J.Dotson at PIT 28.",1.90560161822941,FALSE,FALSE,FALSE
"2026_01_ATL_PIT",3240,"ATL","PIT","run","(3:55) (Shotgun) 15-Br.Robinson right guard to PIT 29 for -1 yards (90-T.Watt).",-0.805810410995036,FALSE,FALSE,FALSE
"2026_01_ATL_PIT",3262,"ATL","PIT","pass","(3:15) (Shotgun) 13-C.Rush sacked at PIT 36 for -7 yards (90-T.Watt).",-1.68416358705144,FALSE,FALSE,FALSE
"2026_01_ATL_PIT",3282,"ATL","PIT","run","(2:36) (Shotgun) 7-Bi.Robinson left tackle to PIT 32 for 4 yards (95-K.Benton).",-0.208708387291553,FALSE,FALSE,FALSE
"2026_01_ATL_PIT",3354,"PIT","ATL","pass","(1:42) 8-A.Rodgers pass short right to 80-D.Washington to PIT 35 for 3 yards (29-S.Brown). ** Injury Update: ATL-24-Aj.Terrell has returned to the game.",-0.49185008648783,FALSE,FALSE,FALSE
"2026_01_ATL_PIT",3379,"PIT","ATL","pass","(1:00) (Shotgun) 8-A.Rodgers pass short left to 13-R.Dowdle pushed ob at PIT 39 for 4 yards (12-Av.Terrell).",-0.124803070444614,FALSE,FALSE,FALSE
"2026_01_ATL_PIT",3404,"PIT","ATL","pass","(:18) (Shotgun) 8-A.Rodgers pass incomplete deep middle to 4-D.Metcalf [52-S.Ebukam].",-1.61264810431749,FALSE,FALSE,FALSE
"2026_01_ATL_PIT",3456,"ATL","PIT","run","(:02) 7-Bi.Robinson right end to ATL 44 for 20 yards (3-J.Brisker; 55-C.Holcomb).",1.42721497407183,FALSE,FALSE,FALSE
"2026_01_ATL_PIT",3498,"ATL","PIT","run","(15:00) 7-Bi.Robinson up the middle to ATL 44 for no gain (90-T.Watt).",-0.80594483204186,FALSE,FALSE,FALSE
"2026_01_ATL_PIT",3525,"ATL","PIT","pass","(14:16) (Shotgun) 13-C.Rush pass short right intended for 7-Bi.Robinson INTERCEPTED by 90-T.Watt at ATL 35. 90-T.Watt for 35 yards, TOUCHDOWN.",-8.2899881885387,TRUE,FALSE,TRUE
"2026_01_ATL_PIT",3598,"ATL","PIT","run","(13:57) 15-Br.Robinson left end to ATL 48 for 14 yards (3-J.Brisker; 5-J.Ramsey).",1.04338356293738,FALSE,FALSE,FALSE
"2026_01_ATL_PIT",3620,"ATL","PIT","pass","(13:17) 13-C.Rush pass deep left to 4-J.Dotson to PIT 33 for 19 yards (35-J.Dean).",1.29421773762442,FALSE,FALSE,FALSE
"2026_01_ATL_PIT",3645,"ATL","PIT","run","(12:40) 15-Br.Robinson right guard to PIT 30 for 3 yards (6-P.Queen; 41-P.Wilson).",-0.188145243329927,FALSE,FALSE,FALSE
"2026_01_ATL_PIT",3667,"ATL","PIT","run","(12:05) 5-D.London left end to PIT 24 for 6 yards (35-J.Dean; 41-P.Wilson).",0.585678446106613,FALSE,FALSE,FALSE
"2026_01_ATL_PIT",3689,"ATL","PIT","run","(11:23) 72-M.Jerrell reported in as eligible. 7-Bi.Robinson left end to PIT 24 for no gain (97-C.Heyward).",-1.57551697449322,FALSE,FALSE,FALSE
"2026_01_ATL_PIT",3769,"PIT","ATL","run","(10:35) 30-J.Warren up the middle to PIT 48 for 8 yards (0-D.Deablo; 31-X.Watts).",0.50764916324988,FALSE,FALSE,FALSE
"2026_01_ATL_PIT",3791,"PIT","ATL","run","(9:55) 30-J.Warren right tackle to ATL 35 for 17 yards (0-D.Deablo; 24-Aj.Terrell). PIT-76-T.Fautanu was injured during the play.",0.843999570468441,FALSE,FALSE,FALSE
"2026_01_ATL_PIT",3816,"PIT","ATL","pass","(9:15) 8-A.Rodgers pass short left to 30-J.Warren to ATL 31 for 4 yards (24-Aj.Terrell; 0-D.Deablo).",-0.26297529740259,FALSE,FALSE,FALSE
"2026_01_ATL_PIT",3841,"PIT","ATL","pass","(8:26) (Shotgun) 8-A.Rodgers pass short right to 14-R.Wilson to ATL 30 for 1 yard (3-J.Bates). ** Injury Update: PIT-76-T.Fautanu has returned to the game.",-0.453057920210995,FALSE,FALSE,FALSE
"2026_01_ATL_PIT",3873,"PIT","ATL","pass","(7:42) (Shotgun) 8-A.Rodgers sacked at ATL 38 for -8 yards (55-Z.Smith).",-2.54481542604452,TRUE,FALSE,TRUE
"2026_01_ATL_PIT",3914,"ATL","PIT","run","(6:58) (Shotgun) 7-Bi.Robinson right end pushed ob at PIT 39 for 15 yards (5-J.Ramsey).",0.926343502709642,FALSE,FALSE,FALSE
"2026_01_ATL_PIT",3951,"ATL","PIT","run","(6:21) (Shotgun) 15-Br.Robinson up the middle to PIT 39 for no gain (95-K.Benton; 51-N.Herbig).",-0.430467167985626,FALSE,FALSE,FALSE
"2026_01_ATL_PIT",3978,"ATL","PIT","run","(5:44) (Shotgun) 7-Bi.Robinson up the middle to PIT 34 for 5 yards (3-J.Brisker).",-0.214190966449678,FALSE,FALSE,FALSE
"2026_01_ATL_PIT",4000,"ATL","PIT","pass","(5:01) (Shotgun) 13-C.Rush sacked at PIT 43 for -9 yards (56-A.Highsmith).",-2.4738876594929,TRUE,FALSE,TRUE
"2026_01_ATL_PIT",4040,"PIT","ATL","run","(4:16) 13-R.Dowdle right tackle to PIT 8 for no gain (94-L.London).",-0.369930793298408,FALSE,FALSE,FALSE
"2026_01_ATL_PIT",4062,"PIT","ATL","pass","(3:36) 8-A.Rodgers pass short right to 4-D.Metcalf pushed ob at PIT 22 for 14 yards (24-Aj.Terrell).",1.00328178703785,FALSE,FALSE,FALSE
"2026_01_ATL_PIT",4092,"PIT","ATL","run","(3:32) 13-R.Dowdle right guard to PIT 20 for -2 yards (0-D.Deablo).",-0.173861130839214,FALSE,FALSE,FALSE
"2026_01_ATL_PIT",4114,"PIT","ATL","pass","(2:47) 8-A.Rodgers pass short left to 11-M.Pittman to PIT 29 for 9 yards (29-S.Brown; 52-S.Ebukam).",0.00742506224196404,FALSE,FALSE,FALSE
"2026_01_ATL_PIT",4146,"PIT","ATL","pass","(2:35) 8-A.Rodgers pass short left to 80-D.Washington pushed ob at PIT 44 for 15 yards (3-J.Bates).",1.12742872966919,FALSE,FALSE,FALSE
"2026_01_ATL_PIT",4178,"PIT","ATL","run","(2:28) 13-R.Dowdle right end to PIT 48 for 4 yards (21-M.Hughes).",-0.726810019637924,FALSE,FALSE,FALSE
"2026_01_ATL_PIT",4205,"PIT","ATL","run","(2:23) 30-J.Warren left end to ATL 43 for 9 yards (95-G.Dexter).",0.633674080017954,FALSE,FALSE,FALSE
"2026_01_BAL_IND",57,"IND","BAL","pass","(15:00) 17-D.Jones pass incomplete short middle to 85-A.Ogletree.",-0.608843558933586,FALSE,FALSE,FALSE
"2026_01_BAL_IND",80,"IND","BAL","pass","(14:53) (Shotgun) 17-D.Jones pass short left to 10-K.Allen to IND 42 for 7 yards (14-K.Hamilton).",0.181816463824362,FALSE,FALSE,FALSE
"2026_01_BAL_IND",105,"IND","BAL","pass","(14:10) (Shotgun) 17-D.Jones pass short middle to 2-J.Downs to BAL 33 for 25 yards (14-K.Hamilton).",2.54589475411922,FALSE,TRUE,TRUE
"2026_01_BAL_IND",130,"IND","BAL","pass","(13:24) (Shotgun) 17-D.Jones pass short right to 28-J.Taylor to BAL 31 for 2 yards (0-R.Smith).",-0.346080280956812,FALSE,FALSE,FALSE
"2026_01_BAL_IND",162,"IND","BAL","pass","(12:40) (Shotgun) 17-D.Jones pass incomplete short middle to 2-J.Downs (96-B.Washington) [95-T.Robinson].",-0.692298382520676,FALSE,FALSE,FALSE
"2026_01_BAL_IND",185,"IND","BAL","pass","(12:37) (Shotgun) 17-D.Jones pass short middle to 2-J.Downs to BAL 19 for 12 yards (38-K.Martin).",1.91161233943421,FALSE,FALSE,FALSE
"2026_01_BAL_IND",210,"IND","BAL","pass","(11:54) 17-D.Jones pass short left to 14-A.Pierce to BAL 6 for 13 yards (0-R.Smith).",0.84731780650327,FALSE,FALSE,FALSE
"2026_01_BAL_IND",235,"IND","BAL","run","(11:15) (Shotgun) 28-J.Taylor right tackle to BAL 1 for 5 yards (24-M.Starks; 0-R.Smith).",0.481577324506361,FALSE,FALSE,FALSE
"2026_01_BAL_IND",257,"IND","BAL","run","(10:36) 28-J.Taylor right end for 1 yard, TOUCHDOWN.",0.605533385765739,FALSE,FALSE,FALSE
"2026_01_BAL_IND",325,"BAL","IND","pass","(10:27) 8-L.Jackson pass deep left to 4-Z.Flowers to IND 2 for 49 yards (27-J.Walley).",3.80610596394399,FALSE,TRUE,TRUE
"2026_01_BAL_IND",374,"BAL","IND","run","(9:04) 22-D.Henry up the middle to IND 5 for 2 yards (97-L.Latu).",-0.15128733497113,FALSE,FALSE,FALSE
"2026_01_BAL_IND",396,"BAL","IND","run","(8:25) (Shotgun) 8-L.Jackson left end for 5 yards, TOUCHDOWN.",1.56002811773214,FALSE,FALSE,FALSE
"2026_01_BAL_IND",464,"IND","BAL","run","(8:15) 28-J.Taylor up the middle to IND 28 for -2 yards (98-T.Jones).",-1.02569619007409,FALSE,FALSE,FALSE
"2026_01_BAL_IND",486,"IND","BAL","pass","(7:38) (Shotgun) 17-D.Jones pass short middle intended for 13-L.Treadwell INTERCEPTED by 0-R.Smith at IND 32. 0-R.Smith to IND 31 for 1 yard (2-J.Downs).",-4.8116334649967,TRUE,FALSE,TRUE
"2026_01_BAL_IND",513,"BAL","IND","run","(7:32) 22-D.Henry right end to IND 24 for 7 yards (0-C.Bynum).",0.459082276094705,FALSE,FALSE,FALSE
"2026_01_BAL_IND",535,"BAL","IND","run","(6:56) 22-D.Henry right tackle to IND 22 for 2 yards (97-L.Latu).",-0.19891629810445,FALSE,FALSE,FALSE
"2026_01_BAL_IND",590,"BAL","IND","run","(5:54) (Shotgun) 8-L.Jackson scrambles right end pushed ob at IND 21 for 16 yards (33-K.Harris). Indianapolis challenged the first down ruling, and the play was Upheld. The ruling on the field stands. (Timeout #1.)",3.07395097112749,FALSE,TRUE,TRUE
"2026_01_BAL_IND",617,"BAL","IND","pass","(5:31) (Shotgun) 8-L.Jackson pass short left to 88-M.Hibner to IND 8 for 13 yards (0-C.Bynum).",0.853725885564927,FALSE,FALSE,FALSE
"2026_01_BAL_IND",669,"BAL","IND","pass","(4:49) 8-L.Jackson pass short right to 80-D.Smythe to IND 4 for 4 yards (7-C.Ward).",0.0780366834951565,FALSE,FALSE,FALSE
"2026_01_BAL_IND",694,"BAL","IND","run","(4:08) 22-D.Henry right tackle for 4 yards, TOUCHDOWN.",1.42847378336592,FALSE,FALSE,FALSE
"2026_01_BAL_IND",773,"IND","BAL","pass","(4:00) 17-D.Jones sacked at IND 8 for -8 yards (95-T.Robinson).",-1.89324726141058,TRUE,FALSE,TRUE
"2026_01_BAL_IND",793,"IND","BAL","pass","(3:17) (Shotgun) 17-D.Jones pass short right to 84-T.Warren to IND 10 for 2 yards (21-J.Hawkins).",-0.487392249051481,FALSE,FALSE,FALSE
"2026_01_BAL_IND",818,"IND","BAL","run","(2:39) (Shotgun) 28-J.Taylor right tackle to IND 17 for 7 yards (95-T.Robinson; 93-C.Campbell). Penalty on IND-84-T.Warren, Illegal Shift, declined.",-0.402096688514575,FALSE,FALSE,FALSE
"2026_01_BAL_IND",877,"BAL","IND","pass","(2:19) (Shotgun) 8-L.Jackson pass short middle to 4-Z.Flowers to IND 45 for 17 yards (98-A.Key).",1.1434863912873,FALSE,FALSE,FALSE
"2026_01_BAL_IND",914,"BAL","IND","run","(1:40) 22-D.Henry right tackle to IND 42 for 3 yards (94-J.Tillery; 99-D.Buckner).",-0.349242750788108,FALSE,FALSE,FALSE
"2026_01_BAL_IND",960,"BAL","IND","pass","(:43) (Shotgun) 8-L.Jackson pass incomplete deep middle to 4-Z.Flowers.",-0.993793326895684,FALSE,FALSE,FALSE
"2026_01_BAL_IND",983,"BAL","IND","pass","(:38) (Shotgun) 8-L.Jackson pass deep right to 4-Z.Flowers to IND 29 for 18 yards (27-J.Walley).",2.97115420352202,FALSE,TRUE,TRUE
"2026_01_BAL_IND",1028,"BAL","IND","run","(15:00) 76-C.Vinson reported in as eligible. 22-D.Henry right end to IND 25 for 4 yards (50-B.Boettcher).",-0.132671882631257,FALSE,FALSE,FALSE
"2026_01_BAL_IND",1052,"BAL","IND","pass","(14:22) 8-L.Jackson pass short left to 22-D.Henry to IND 6 for 19 yards (25-A.Haulcy; 51-A.Davis-Gaither).",1.70314843778033,FALSE,FALSE,FALSE
"2026_01_BAL_IND",1077,"BAL","IND","run","(13:39) 22-D.Henry right tackle to IND 4 for 2 yards (97-L.Latu).",-0.153863396728411,FALSE,FALSE,FALSE
"2026_01_BAL_IND",1136,"BAL","IND","pass","(12:56) (Shotgun) 8-L.Jackson pass incomplete short right to 89-M.Andrews.",-0.756367235560901,FALSE,FALSE,FALSE
"2026_01_BAL_IND",1166,"BAL","IND","pass","(12:52) (Shotgun) 8-L.Jackson pass short middle to 6-J.Lane to IND 3 for 11 yards (51-A.Davis-Gaither).",-0.310201962653082,FALSE,FALSE,FALSE
"2026_01_BAL_IND",1191,"BAL","IND","pass","(12:07) (Shotgun) 8-L.Jackson pass incomplete short right to 6-J.Lane.",-3.07317646587035,TRUE,FALSE,TRUE
"2026_01_BAL_IND",1214,"IND","BAL","run","(12:02) 28-J.Taylor right guard to IND 5 for 2 yards (96-B.Washington).",-0.567494734190404,FALSE,FALSE,FALSE
"2026_01_BAL_IND",1243,"IND","BAL","run","(11:21) 28-J.Taylor up the middle to IND 15 for 10 yards (95-T.Robinson; 0-R.Smith).",1.2749429969117,FALSE,FALSE,FALSE
"2026_01_BAL_IND",1265,"IND","BAL","run","(10:37) 28-J.Taylor right tackle to IND 12 for -3 yards (32-T.Simpson). Penalty on IND, Illegal Formation, declined.",-1.174766887445,FALSE,FALSE,FALSE
"2026_01_BAL_IND",1298,"IND","BAL","pass","(10:16) (Shotgun) 17-D.Jones pass short left to 84-T.Warren to IND 14 for 2 yards (38-K.Martin).",-0.648551595397294,FALSE,FALSE,FALSE
"2026_01_BAL_IND",1323,"IND","BAL","pass","(9:29) (Shotgun) 17-D.Jones pass incomplete short right [95-T.Robinson].",-0.86877649044618,FALSE,FALSE,FALSE
"2026_01_BAL_IND",1372,"BAL","IND","run","(9:11) 22-D.Henry up the middle to BAL 36 for 2 yards (95-A.Adebawore).",-0.286203085444868,FALSE,FALSE,FALSE
"2026_01_BAL_IND",1401,"BAL","IND","run","(8:30) (Shotgun) 22-D.Henry left tackle to BAL 44 for 8 yards (0-C.Bynum). PENALTY on BAL-71-O.Ioane, Offensive Holding, 10 yards, enforced at BAL 38.",-0.913901268737391,FALSE,FALSE,FALSE
"2026_01_BAL_IND",1434,"BAL","IND","pass","(8:18) 8-L.Jackson pass short middle to 89-M.Andrews to BAL 45 for 17 yards (27-J.Walley; 25-A.Haulcy) [91-J.Tuimoloau].",2.14046726282686,FALSE,FALSE,FALSE
"2026_01_BAL_IND",1447,"BAL","IND","run","(7:40) 43-J.Hill left end pushed ob at BAL 46 for 1 yard (91-J.Tuimoloau).",-0.480823454912752,FALSE,FALSE,FALSE
"2026_01_BAL_IND",1460,"BAL","IND","pass","(7:04) (Shotgun) 8-L.Jackson pass short middle to 4-Z.Flowers for 54 yards, TOUCHDOWN.",4.95255464687943,FALSE,TRUE,TRUE
"2026_01_BAL_IND",1560,"IND","BAL","pass","(6:47) (Shotgun) 17-D.Jones pass short left to 28-J.Taylor to IND 48 for 14 yards (44-M.Humphrey; 21-J.Hawkins). FUMBLES (44-M.Humphrey), RECOVERED by BAL-44-M.Humphrey at IND 47.",-4.73328272125218,TRUE,FALSE,TRUE
"2026_01_BAL_IND",1601,"BAL","IND","run","(6:38) 22-D.Henry left tackle to IND 44 for 3 yards (98-A.Key).",-0.272897092043422,FALSE,FALSE,FALSE
"2026_01_BAL_IND",1623,"BAL","IND","pass","(5:57) 8-L.Jackson pass short left to 4-Z.Flowers to IND 32 for 12 yards (1-A.Gardner).",1.17279458750272,FALSE,FALSE,FALSE
"2026_01_BAL_IND",1648,"BAL","IND","run","(5:12) 22-D.Henry left tackle for 32 yards, TOUCHDOWN.",3.10886098764604,FALSE,TRUE,TRUE
"2026_01_BAL_IND",1732,"IND","BAL","pass","(4:55) 17-D.Jones pass incomplete short left to 28-J.Taylor [14-K.Hamilton].",-0.456348417326808,FALSE,FALSE,FALSE
"2026_01_BAL_IND",1755,"IND","BAL","pass","(4:51) (Shotgun) 17-D.Jones pass incomplete short right to 16-A.Dulin [0-R.Smith].",-0.61307160416618,FALSE,FALSE,FALSE
"2026_01_BAL_IND",1778,"IND","BAL","pass","(4:46) (Shotgun) 17-D.Jones pass incomplete deep middle to 14-A.Pierce (44-M.Humphrey).",-0.98149689193815,FALSE,FALSE,FALSE
"2026_01_BAL_IND",1821,"BAL","IND","pass","(4:34) 8-L.Jackson sacked at BAL 20 for -10 yards (sack split by 98-A.Key and 97-L.Latu). FUMBLES (98-A.Key) [98-A.Key], RECOVERED by IND-99-D.Buckner at BAL 15. 99-D.Buckner to BAL 15 for no gain (79-R.Stanley).",-6.28063505538739,TRUE,FALSE,TRUE
"2026_01_BAL_IND",1858,"IND","BAL","run","(4:27) 28-J.Taylor left guard to BAL 5 for 10 yards (24-M.Starks).",0.849383730441332,FALSE,FALSE,FALSE
"2026_01_BAL_IND",1880,"IND","BAL","run","(3:43) 28-J.Taylor right end to BAL 6 for -1 yards (32-T.Simpson, 24-M.Starks).",-0.679214248870267,FALSE,FALSE,FALSE
"2026_01_BAL_IND",1902,"IND","BAL","pass","(3:00) (Shotgun) 17-D.Jones pass short right to 10-K.Allen to BAL 3 for 3 yards (98-T.Jones; 32-T.Simpson).",-0.344812568451744,FALSE,FALSE,FALSE
"2026_01_BAL_IND",1927,"IND","BAL","run","(2:18) 28-J.Taylor right tackle for 3 yards, TOUCHDOWN.",2.27440776783624,FALSE,FALSE,FALSE
"2026_01_BAL_IND",1988,"BAL","IND","run","(2:10) 43-J.Hill left tackle to BAL 39 for 5 yards (25-A.Haulcy).",-0.161254732636735,FALSE,FALSE,FALSE
"2026_01_BAL_IND",2010,"BAL","IND","pass","(2:00) (Shotgun) 8-L.Jackson pass incomplete short left to 89-M.Andrews.",-0.531119885272346,FALSE,FALSE,FALSE
"2026_01_BAL_IND",2076,"BAL","IND","pass","(1:49) (Shotgun) 8-L.Jackson pass incomplete deep middle to 6-J.Lane.",-0.636183500988409,FALSE,FALSE,FALSE
"2026_01_BAL_IND",2119,"IND","BAL","pass","(1:32) (Shotgun) 17-D.Jones pass short right to 10-K.Allen to IND 27 for 9 yards (2-N.Wiggins).",0.0705180091317743,FALSE,FALSE,FALSE
"2026_01_BAL_IND",2144,"IND","BAL","pass","(1:11) (No Huddle, Shotgun) 17-D.Jones pass incomplete short right to 84-T.Warren.",-0.275607635034248,FALSE,FALSE,FALSE
"2026_01_BAL_IND",2172,"IND","BAL","run","(1:06) (No Huddle, Shotgun) 28-J.Taylor right tackle to IND 27 for no gain (98-T.Jones).",-0.856617192504928,FALSE,FALSE,FALSE
"2026_01_BAL_IND",2221,"BAL","IND","pass","(:52) (Shotgun) 8-L.Jackson pass short middle to 10-L.Wester to BAL 30 for 6 yards (27-J.Walley).",-0.0580226118909195,FALSE,FALSE,FALSE
"2026_01_BAL_IND",2246,"BAL","IND","run","(:34) (No Huddle, Shotgun) 8-L.Jackson scrambles left end ran ob at BAL 49 for 19 yards (51-A.Davis-Gaither).",0.864100290753413,FALSE,FALSE,FALSE
"2026_01_BAL_IND",2273,"BAL","IND","pass","(:26) (Shotgun) 8-L.Jackson pass short right to 10-L.Wester to IND 42 for 9 yards (27-J.Walley).",0.00813309487421066,FALSE,FALSE,FALSE
"2026_01_BAL_IND",2298,"BAL","IND","run","(:20) (Shotgun) 43-J.Hill up the middle to IND 39 for 3 yards (51-A.Davis-Gaither).",-0.257807740767021,FALSE,FALSE,FALSE
"2026_01_BAL_IND",2427,"BAL","IND","run","(14:54) 22-D.Henry right end to BAL 34 for no gain (51-A.Davis-Gaither; 97-L.Latu).",-0.504477358423173,FALSE,FALSE,FALSE
"2026_01_BAL_IND",2449,"BAL","IND","pass","(14:14) 8-L.Jackson pass incomplete deep left to 7-R.Bateman.",-0.83109826920554,FALSE,FALSE,FALSE
"2026_01_BAL_IND",2508,"BAL","IND","pass","(13:37) (Shotgun) 8-L.Jackson pass short middle to 89-M.Andrews to BAL 39 for 10 yards (27-J.Walley).",-0.401252658572048,FALSE,FALSE,FALSE
"2026_01_BAL_IND",2552,"IND","BAL","run","(12:50) 28-J.Taylor left tackle to IND 34 for 18 yards (32-T.Simpson).",1.08587452652864,FALSE,FALSE,FALSE
"2026_01_BAL_IND",2581,"IND","BAL","run","(12:11) 28-J.Taylor right guard to IND 35 for 1 yard (0-R.Smith).",-0.58987857052125,FALSE,FALSE,FALSE
"2026_01_BAL_IND",2603,"IND","BAL","pass","(11:28) (Shotgun) 17-D.Jones pass short middle to 14-A.Pierce to IND 46 for 11 yards (44-M.Humphrey).",1.3787110960111,FALSE,FALSE,FALSE
"2026_01_BAL_IND",2633,"IND","BAL","run","(10:50) (Shotgun) 28-J.Taylor left tackle pushed ob at BAL 47 for 7 yards (14-K.Hamilton).",0.233496143948287,FALSE,FALSE,FALSE
"2026_01_BAL_IND",2660,"IND","BAL","run","(10:11) 67-L.Tenuta reported in as eligible. 17-D.Jones scrambles right end to BAL 43 for 4 yards (2-N.Wiggins).",0.244398751994595,FALSE,FALSE,FALSE
"2026_01_BAL_IND",2684,"IND","BAL","run","(9:26) 28-J.Taylor left tackle to BAL 39 for 4 yards (0-R.Smith; 93-C.Campbell).",-0.140928441891447,FALSE,FALSE,FALSE
"2026_01_BAL_IND",2706,"IND","BAL","pass","(8:46) (Shotgun) 17-D.Jones pass incomplete short middle to 84-T.Warren [24-M.Starks].",-0.847336639417335,FALSE,FALSE,FALSE
"2026_01_BAL_IND",2729,"IND","BAL","pass","(8:40) (Shotgun) 17-D.Jones pass short right to 20-S.McGowan to BAL 39 for no gain (0-R.Smith) [90-A.Peebles].",-1.75167942097931,FALSE,FALSE,FALSE
"2026_01_BAL_IND",2820,"BAL","IND","run","(7:47) 22-D.Henry right guard to BAL 29 for 11 yards (25-A.Haulcy).",0.80940616549924,FALSE,FALSE,FALSE
"2026_01_BAL_IND",2842,"BAL","IND","run","(7:07) 22-D.Henry left tackle to IND 49 for 22 yards (25-A.Haulcy).",1.36053385166451,FALSE,FALSE,FALSE
"2026_01_BAL_IND",2864,"BAL","IND","pass","(6:23) 8-L.Jackson sacked at BAL 46 for -5 yards (sack split by 99-D.Buckner and 90-G.Stewart).",-1.15747805242427,FALSE,FALSE,FALSE
"2026_01_BAL_IND",2884,"BAL","IND","pass","(5:36) (Shotgun) 8-L.Jackson pass short left to 89-M.Andrews to IND 45 for 9 yards (0-C.Bynum).",0.179721470922232,FALSE,FALSE,FALSE
"2026_01_BAL_IND",2933,"BAL","IND","pass","(4:36) (Shotgun) 8-L.Jackson pass incomplete deep left to 17-C.Moore. Penalty on BAL-43-J.Hill, Offensive Holding, declined.",-1.46933916467242,FALSE,FALSE,FALSE
"2026_01_BAL_IND",2998,"IND","BAL","run","(4:24) 28-J.Taylor right tackle to IND 25 for 21 yards (2-N.Wiggins).",1.26653221203014,FALSE,FALSE,FALSE
"2026_01_BAL_IND",3027,"IND","BAL","run","(3:40) (Shotgun) 28-J.Taylor right guard to IND 37 for 12 yards (14-K.Hamilton; 24-M.Starks).",0.747586918994784,FALSE,FALSE,FALSE
"2026_01_BAL_IND",3049,"IND","BAL","run","(3:00) 28-J.Taylor right end to IND 41 for 4 yards (2-N.Wiggins; 0-R.Smith).",-0.17517609661445,FALSE,FALSE,FALSE
"2026_01_BAL_IND",3071,"IND","BAL","run","(2:15) 28-J.Taylor right tackle to IND 40 for -1 yards (98-T.Jones).",-1.00438128574751,FALSE,FALSE,FALSE
"2026_01_BAL_IND",3093,"IND","BAL","pass","(1:31) (Shotgun) 17-D.Jones pass incomplete deep middle to 14-A.Pierce (2-N.Wiggins) [95-T.Robinson].",-1.55475062131882,FALSE,FALSE,FALSE
"2026_01_BAL_IND",3147,"BAL","IND","run","(1:15) (Shotgun) 22-D.Henry left guard to BAL 25 for 2 yards (98-A.Key).",-0.384148904122412,FALSE,FALSE,FALSE
"2026_01_BAL_IND",3176,"BAL","IND","run","(:38) 8-L.Jackson scrambles up the middle to BAL 28 for 3 yards (50-B.Boettcher; 98-A.Key).",-0.390480160713196,FALSE,FALSE,FALSE
"2026_01_BAL_IND",3218,"BAL","IND","pass","(15:00) (Shotgun) 8-L.Jackson pass deep left to 17-C.Moore to IND 19 for 53 yards (0-C.Bynum).",4.67859981430229,FALSE,TRUE,TRUE
"2026_01_BAL_IND",3248,"BAL","IND","run","(14:14) 76-C.Vinson reported in as eligible. 22-D.Henry right tackle to IND 7 for 12 yards (0-C.Bynum).",0.810452744131908,FALSE,FALSE,FALSE
"2026_01_BAL_IND",3281,"BAL","IND","run","(13:33) 22-D.Henry right guard to IND 3 for 4 yards (25-A.Haulcy; 50-B.Boettcher).",0.192948475771118,FALSE,FALSE,FALSE
"2026_01_BAL_IND",3303,"BAL","IND","run","(12:50) (Shotgun) 22-D.Henry left end for 3 yards, TOUCHDOWN.",1.28259417513618,FALSE,FALSE,FALSE
"2026_01_BAL_IND",3405,"IND","BAL","pass","(12:36) (Shotgun) 17-D.Jones pass short right to 28-J.Taylor to IND 45 for 8 yards (0-R.Smith; 14-K.Hamilton).",0.55211981665343,FALSE,FALSE,FALSE
"2026_01_BAL_IND",3430,"IND","BAL","pass","(12:11) (No Huddle, Shotgun) 17-D.Jones pass short middle to 10-K.Allen to IND 48 for 3 yards (0-R.Smith).",0.116499652620405,FALSE,FALSE,FALSE
"2026_01_BAL_IND",3455,"IND","BAL","pass","(11:47) (No Huddle, Shotgun) 17-D.Jones pass short left to 14-A.Pierce pushed ob at BAL 38 for 14 yards (44-M.Humphrey).",0.823849535547197,FALSE,FALSE,FALSE
"2026_01_BAL_IND",3485,"IND","BAL","pass","(11:26) (No Huddle, Shotgun) 17-D.Jones pass short left to 10-K.Allen to BAL 32 for 6 yards (91-T.Hendrickson).",0.301473329192959,FALSE,FALSE,FALSE
"2026_01_BAL_IND",3510,"IND","BAL","pass","(11:02) (No Huddle, Shotgun) 17-D.Jones pass deep middle to 14-A.Pierce to BAL 9 for 23 yards (0-R.Smith; 24-M.Starks). BAL-44-M.Humphrey was injured during the play.",1.38168518425664,FALSE,FALSE,FALSE
"2026_01_BAL_IND",3535,"IND","BAL","pass","(10:32) (Shotgun) 17-D.Jones pass short middle to 84-T.Warren for 9 yards, TOUCHDOWN.",1.70594426727621,FALSE,FALSE,FALSE
"2026_01_BAL_IND",3609,"BAL","IND","run","(10:22) 22-D.Henry left tackle to BAL 36 for 6 yards (51-A.Davis-Gaither).",0.291779573075473,FALSE,FALSE,FALSE
"2026_01_BAL_IND",3631,"BAL","IND","run","(9:45) 22-D.Henry left tackle to BAL 40 for 4 yards (50-B.Boettcher; 94-J.Tillery).",0.311245278455317,FALSE,FALSE,FALSE
"2026_01_BAL_IND",3653,"BAL","IND","run","(9:04) (Shotgun) 76-C.Vinson reported in as eligible. 22-D.Henry left tackle to BAL 42 for 2 yards (25-A.Haulcy).",-0.409333832096308,FALSE,FALSE,FALSE
"2026_01_BAL_IND",3677,"BAL","IND","pass","(8:22) 76-C.Vinson reported in as eligible. 8-L.Jackson pass short right to 89-M.Andrews to IND 45 for 13 yards (0-C.Bynum).",1.45137799088843,FALSE,FALSE,FALSE
"2026_01_BAL_IND",3708,"BAL","IND","run","(7:42) 22-D.Henry right tackle to IND 44 for 1 yard (94-J.Tillery).",-0.465938992914744,FALSE,FALSE,FALSE
"2026_01_BAL_IND",3730,"BAL","IND","pass","(7:01) (Shotgun) 8-L.Jackson pass short right to 43-J.Hill pushed ob at IND 34 for 10 yards (97-L.Latu).",1.13617216539569,FALSE,FALSE,FALSE
"2026_01_BAL_IND",3760,"BAL","IND","run","(6:24) (Shotgun) 22-D.Henry left guard to IND 29 for 5 yards (93-T.Smith).",0.153726573567837,FALSE,FALSE,FALSE
"2026_01_BAL_IND",3782,"BAL","IND","run","(5:44) 76-C.Vinson reported in as eligible. 43-J.Hill right end to IND 29 for no gain (50-B.Boettcher; 51-A.Davis-Gaither).",-0.662949010787997,FALSE,FALSE,FALSE
"2026_01_BAL_IND",3806,"BAL","IND","run","(4:58) (Shotgun) 43-J.Hill right guard to IND 27 for 2 yards (50-B.Boettcher; 93-T.Smith).",-1.15230193995552,FALSE,FALSE,FALSE
"2026_01_BAL_IND",3885,"IND","BAL","pass","(4:00) (Shotgun) 17-D.Jones pass incomplete deep right to 2-J.Downs. ** Injury Update: BAL-44-M.Humphrey has returned to the game.",-0.377492306521162,FALSE,FALSE,FALSE
"2026_01_BAL_IND",3908,"IND","BAL","pass","(3:55) (Shotgun) 17-D.Jones pass short right to 10-K.Allen to BAL 26 for 4 yards (44-M.Humphrey).",-0.334457834833302,FALSE,FALSE,FALSE
"2026_01_BAL_IND",3933,"IND","BAL","pass","(3:33) (No Huddle, Shotgun) 17-D.Jones pass incomplete short right.",-1.04854254907696,FALSE,FALSE,FALSE
"2026_01_BAL_IND",3983,"IND","BAL","pass","(3:27) (Shotgun) 17-D.Jones sacked at BAL 40 for -9 yards (24-M.Starks).",-3.3747610260034,TRUE,FALSE,TRUE
"2026_01_BAL_IND",4008,"BAL","IND","run","(3:22) 76-C.Vinson reported in as eligible. 22-D.Henry right end to BAL 49 for 9 yards (51-A.Davis-Gaither).",0.77156780147925,FALSE,FALSE,FALSE
"2026_01_BAL_IND",4032,"BAL","IND","run","(2:38) 43-J.Hill right end to IND 44 for 7 yards (7-C.Ward).",0.361972346843686,FALSE,FALSE,FALSE
"2026_01_BUF_HOU",64,"BUF","HOU","run","(14:55) 4-J.Cook left guard to BUF 43 for 9 yards (2-C.Bullock).",0.975067554274574,FALSE,FALSE,FALSE
"2026_01_BUF_HOU",86,"BUF","HOU","pass","(14:21) 68-T.Grable reported in as eligible. 17-J.Allen pass short right to 4-J.Cook pushed ob at BUF 46 for 3 yards (6-R.Blankenship).",-0.0221989033743739,FALSE,FALSE,FALSE
"2026_01_BUF_HOU",118,"BUF","HOU","run","(13:55) 4-J.Cook up the middle to HOU 43 for 11 yards (2-C.Bullock).",0.605064369272441,FALSE,FALSE,FALSE
"2026_01_BUF_HOU",140,"BUF","HOU","run","(13:18) 7-R.Davis right guard to HOU 40 for 3 yards (5-J.Pitre).",-0.150790573563427,FALSE,FALSE,FALSE
"2026_01_BUF_HOU",162,"BUF","HOU","run","(12:39) (Shotgun) 17-J.Allen up the middle to HOU 36 for 4 yards (0-A.Al-Shaair).",-0.0508575504645705,FALSE,FALSE,FALSE
"2026_01_BUF_HOU",184,"BUF","HOU","run","(12:02) (Shotgun) 4-J.Cook left guard to HOU 34 for 2 yards (0-A.Al-Shaair; 72-T.Togiai).",-0.805403467267752,FALSE,FALSE,FALSE
"2026_01_BUF_HOU",206,"BUF","HOU","run","(11:18) (Shotgun) 17-J.Allen left end to HOU 36 for -2 yards (3-K.Lassiter).",-4.24538333294913,TRUE,FALSE,TRUE
"2026_01_BUF_HOU",228,"HOU","BUF","run","(11:15) 32-D.Montgomery left tackle to HOU 37 for 1 yard (8-T.Bernard).",-0.554518784862012,FALSE,FALSE,FALSE
"2026_01_BUF_HOU",291,"HOU","BUF","run","(10:17) (Shotgun) 32-D.Montgomery left tackle to HOU 34 for 2 yards (8-T.Bernard; 96-D.Walker).",-0.766718792263418,FALSE,FALSE,FALSE
"2026_01_BUF_HOU",313,"HOU","BUF","pass","(9:40) (Shotgun) 7-C.Stroud sacked at HOU 29 for -5 yards (15-G.Rousseau). FUMBLES (15-G.Rousseau) [15-G.Rousseau], RECOVERED by BUF-91-E.Oliver at HOU 32.",-4.25079103501048,TRUE,FALSE,TRUE
"2026_01_BUF_HOU",343,"BUF","HOU","run","(9:32) 4-J.Cook left guard to HOU 28 for 4 yards (5-J.Pitre; 6-R.Blankenship).",-0.0332109038718045,FALSE,FALSE,FALSE
"2026_01_BUF_HOU",365,"BUF","HOU","pass","(8:56) 17-J.Allen sacked at HOU 34 for -6 yards (90-J.Clowney).",-1.84149742522277,TRUE,FALSE,TRUE
"2026_01_BUF_HOU",385,"BUF","HOU","pass","(8:14) (Shotgun) 17-J.Allen pass short left to 0-K.Coleman to HOU 33 for 1 yard. Lateral to 10-K.Shakir pushed ob at HOU 23 for 10 yards (6-R.Blankenship).",0.995897284825332,FALSE,FALSE,FALSE
"2026_01_BUF_HOU",505,"HOU","BUF","run","(7:21) (Shotgun) 32-D.Montgomery right guard to HOU 28 for 4 yards (15-G.Rousseau).",0.00496517587453127,FALSE,FALSE,FALSE
"2026_01_BUF_HOU",527,"HOU","BUF","pass","(6:43) (Shotgun) 7-C.Stroud pass short right to 12-N.Collins to HOU 37 for 9 yards (8-T.Bernard; 24-C.Bishop).",1.04785608919337,FALSE,FALSE,FALSE
"2026_01_BUF_HOU",552,"HOU","BUF","run","(6:04) (Shotgun) 32-D.Montgomery left tackle to HOU 44 for 7 yards (8-T.Bernard; 42-D.Williams).",0.327653762185946,FALSE,FALSE,FALSE
"2026_01_BUF_HOU",574,"HOU","BUF","pass","(5:24) 7-C.Stroud pass short left to 83-M.Klein to BUF 40 for 16 yards (1-M.Hairston).",1.04552066372707,FALSE,FALSE,FALSE
"2026_01_BUF_HOU",599,"HOU","BUF","run","(4:43) 4-W.Marks left guard to BUF 36 for 4 yards (55-M.Hoecht; 42-D.Williams).",-0.189729190897197,FALSE,FALSE,FALSE
"2026_01_BUF_HOU",621,"HOU","BUF","run","(4:03) 12-N.Collins right end pushed ob at BUF 29 for 7 yards (22-C.Gardner-Johnson).",0.906610255362466,FALSE,FALSE,FALSE
"2026_01_BUF_HOU",648,"HOU","BUF","run","(3:20) 57-B.Fisher reported in as eligible. 32-D.Montgomery left end to BUF 27 for 2 yards (97-G.Gaines; 8-T.Bernard).",-0.342870423337445,FALSE,FALSE,FALSE
"2026_01_BUF_HOU",672,"HOU","BUF","pass","(2:37) 7-C.Stroud pass incomplete deep right to 14-K.Boutte.",-0.633843259885907,FALSE,FALSE,FALSE
"2026_01_BUF_HOU",695,"HOU","BUF","pass","(2:30) (Shotgun) 7-C.Stroud pass deep right to 12-N.Collins pushed ob at BUF 2 for 25 yards (22-C.Gardner-Johnson).",3.03314265829977,FALSE,TRUE,TRUE
"2026_01_BUF_HOU",725,"HOU","BUF","run","(1:53) 32-D.Montgomery right guard to BUF 1 for 1 yard (8-T.Bernard, 9-B.Chubb).",-0.076928932685405,FALSE,FALSE,FALSE
"2026_01_BUF_HOU",747,"HOU","BUF","run","(1:15) 57-B.Fisher reported in as eligible. 32-D.Montgomery right tackle to BUF 1 for no gain (96-D.Walker; 42-D.Williams).",-0.385273008607328,FALSE,FALSE,FALSE
"2026_01_BUF_HOU",771,"HOU","BUF","run","(:37) 32-D.Montgomery right guard for 1 yard, TOUCHDOWN.",1.04833701101597,FALSE,FALSE,FALSE
"2026_01_BUF_HOU",839,"BUF","HOU","pass","(:25) (Shotgun) 17-J.Allen pass deep middle to 10-K.Shakir to HOU 43 for 19 yards (2-C.Bullock).",1.15958305762615,FALSE,FALSE,FALSE
"2026_01_BUF_HOU",918,"BUF","HOU","pass","(14:52) (Shotgun) 17-J.Allen pass incomplete short right to 86-D.Kincaid. Penalty on BUF-66-C.McGovern, Ineligible Downfield Pass, declined.",-0.562897419556975,FALSE,FALSE,FALSE
"2026_01_BUF_HOU",952,"BUF","HOU","pass","(14:48) (Shotgun) 17-J.Allen pass short right to 10-K.Shakir to HOU 32 for 16 yards (0-A.Al-Shaair; 5-J.Pitre).",2.12405558989849,FALSE,FALSE,FALSE
"2026_01_BUF_HOU",977,"BUF","HOU","run","(14:07) 4-J.Cook right end pushed ob at HOU 25 for 7 yards (24-D.Stingley).",0.372411473130342,FALSE,FALSE,FALSE
"2026_01_BUF_HOU",1009,"BUF","HOU","run","(13:32) 4-J.Cook left guard to HOU 21 for 4 yards (0-A.Al-Shaair).",0.364519265946001,FALSE,FALSE,FALSE
"2026_01_BUF_HOU",1031,"BUF","HOU","run","(12:57) (Shotgun) 17-J.Allen scrambles right end for 21 yards, TOUCHDOWN.",2.38049657543888,FALSE,TRUE,TRUE
"2026_01_BUF_HOU",1099,"HOU","BUF","pass","(12:39) 7-C.Stroud pass short right to 87-F.Moreau to HOU 31 for 6 yards (24-C.Bishop).",0.137573771178722,FALSE,FALSE,FALSE
"2026_01_BUF_HOU",1124,"HOU","BUF","run","(11:56) (Shotgun) 4-W.Marks left tackle to HOU 35 for 4 yards (8-T.Bernard).",0.376127874711528,FALSE,FALSE,FALSE
"2026_01_BUF_HOU",1182,"HOU","BUF","pass","(10:51) 7-C.Stroud pass incomplete short middle to 86-D.Schultz [15-G.Rousseau].",-0.502286880044267,FALSE,FALSE,FALSE
"2026_01_BUF_HOU",1205,"HOU","BUF","pass","(10:47) (Shotgun) 7-C.Stroud pass short left to 4-W.Marks to HOU 38 for -2 yards (96-D.Walker).",-1.37441831594333,FALSE,FALSE,FALSE
"2026_01_BUF_HOU",1230,"HOU","BUF","run","(10:06) (Shotgun) 7-C.Stroud scrambles up the middle to BUF 47 for 15 yards (8-T.Bernard).",2.59451156179421,FALSE,TRUE,TRUE
"2026_01_BUF_HOU",1252,"HOU","BUF","run","(9:18) (Shotgun) 57-B.Fisher reported in as eligible. 32-D.Montgomery left guard to BUF 41 for 6 yards (55-M.Hoecht).",0.276834164513275,FALSE,FALSE,FALSE
"2026_01_BUF_HOU",1276,"HOU","BUF","run","(8:41) 32-D.Montgomery right end to BUF 38 for 3 yards (8-T.Bernard; 1-M.Hairston).",-0.107156694633886,FALSE,FALSE,FALSE
"2026_01_BUF_HOU",1298,"HOU","BUF","run","(8:01) 32-D.Montgomery right tackle to BUF 36 for 2 yards (97-G.Gaines).",0.435252070077695,FALSE,FALSE,FALSE
"2026_01_BUF_HOU",1320,"HOU","BUF","pass","(7:21) (Shotgun) 57-B.Fisher reported in as eligible. 7-C.Stroud pass incomplete short left to 86-D.Schultz [15-G.Rousseau].",-0.428665965097025,FALSE,FALSE,FALSE
"2026_01_BUF_HOU",1352,"HOU","BUF","run","(7:16) (Shotgun) 4-W.Marks up the middle to BUF 24 for 12 yards (24-C.Bishop; 23-D.Alford).",1.26841073541436,FALSE,FALSE,FALSE
"2026_01_BUF_HOU",1374,"HOU","BUF","pass","(6:33) (Shotgun) 7-C.Stroud pass short left to 8-C.Stover to BUF 26 for -2 yards (8-T.Bernard) [9-B.Chubb].",-0.936578081338666,FALSE,FALSE,FALSE
"2026_01_BUF_HOU",1399,"HOU","BUF","pass","(5:49) (Shotgun) 7-C.Stroud pass short right to 19-X.Hutchinson to BUF 23 for 3 yards (22-C.Gardner-Johnson; 96-D.Walker).",-0.0528311118832789,FALSE,FALSE,FALSE
"2026_01_BUF_HOU",1458,"HOU","BUF","run","(4:53) (Shotgun) 32-D.Montgomery up the middle for 18 yards, TOUCHDOWN.",2.18514031759696,FALSE,FALSE,FALSE
"2026_01_BUF_HOU",1520,"BUF","HOU","pass","(4:48) 17-J.Allen pass deep left to 2-D.Moore to HOU 47 for 18 yards (2-C.Bullock; 3-K.Lassiter).",1.26447291718796,FALSE,FALSE,FALSE
"2026_01_BUF_HOU",1579,"BUF","HOU","pass","(4:05) 17-J.Allen pass incomplete short right to 10-K.Shakir (5-J.Pitre).",-0.220662832201924,FALSE,FALSE,FALSE
"2026_01_BUF_HOU",1602,"BUF","HOU","run","(4:02) 17-J.Allen up the middle for 1 yard, TOUCHDOWN.",0.732556495669996,FALSE,FALSE,FALSE
"2026_01_BUF_HOU",1728,"HOU","BUF","run","(3:33) 32-D.Montgomery up the middle to HOU 36 for 5 yards (99-T.Parker; 24-C.Bishop). BUF-24-C.Bishop was injured during the play.",-0.0536993719870225,FALSE,FALSE,FALSE
"2026_01_BUF_HOU",1753,"HOU","BUF","pass","(3:05) 7-C.Stroud pass short middle to 32-D.Montgomery to HOU 39 for 3 yards (42-D.Williams).",-0.105491205584258,FALSE,FALSE,FALSE
"2026_01_BUF_HOU",1785,"HOU","BUF","pass","(2:26) (Shotgun) 7-C.Stroud pass incomplete short left to 19-X.Hutchinson (21-D.Igbinosun).",-1.45274111593608,FALSE,FALSE,FALSE
"2026_01_BUF_HOU",1828,"BUF","HOU","pass","(2:10) 17-J.Allen pass deep right to 86-D.Kincaid to BUF 42 for 38 yards (24-D.Stingley).",1.93578320846427,FALSE,FALSE,FALSE
"2026_01_BUF_HOU",1853,"BUF","HOU","pass","(2:00) (Shotgun) 17-J.Allen pass short middle to 2-D.Moore to HOU 43 for 15 yards (6-R.Blankenship).",0.817286693083588,FALSE,FALSE,FALSE
"2026_01_BUF_HOU",1885,"BUF","HOU","pass","(1:39) (No Huddle, Shotgun) 17-J.Allen pass deep right to 2-D.Moore for 43 yards, TOUCHDOWN.",4.16196589631727,FALSE,TRUE,TRUE
"2026_01_BUF_HOU",1967,"HOU","BUF","pass","(1:24) (Shotgun) 7-C.Stroud pass short left to 86-D.Schultz to HOU 23 for 9 yards (52-K.Elarms-Orr; 22-C.Gardner-Johnson).",0.319403817295097,FALSE,FALSE,FALSE
"2026_01_BUF_HOU",2026,"HOU","BUF","pass","(:58) (Shotgun) 7-C.Stroud pass short left to 19-X.Hutchinson to BUF 47 for 9 yards (47-C.Benford; 52-K.Elarms-Orr).",0.463905981741846,FALSE,FALSE,FALSE
"2026_01_BUF_HOU",2051,"HOU","BUF","pass","(:40) (No Huddle, Shotgun) 7-C.Stroud pass short middle to 13-J.Noel pushed ob at BUF 12 for 35 yards (22-C.Gardner-Johnson).",2.4374918070971,FALSE,TRUE,TRUE
"2026_01_BUF_HOU",2081,"HOU","BUF","pass","(:31) (Shotgun) 7-C.Stroud pass short middle to 12-N.Collins for 12 yards, TOUCHDOWN.",2.21136275987374,FALSE,FALSE,FALSE
"2026_01_BUF_HOU",2156,"BUF","HOU","pass","(:18) (Shotgun) 17-J.Allen pass incomplete deep middle to 2-D.Moore (2-C.Bullock).",-0.0569832127657719,FALSE,FALSE,FALSE
"2026_01_BUF_HOU",2184,"BUF","HOU","run","(:10) 20-F.Gore up the middle to BUF 20 for 3 yards (51-W.Anderson; 98-S.Rankins).",-0.0592273413785733,FALSE,FALSE,FALSE
"2026_01_BUF_HOU",2254,"HOU","BUF","run","(14:55) (Shotgun) 32-D.Montgomery left guard to HOU 39 for 5 yards (94-L.Jackson). ** Injury Update: BUF-24-C.Bishop has returned to the game.",0.0920571996830404,FALSE,FALSE,FALSE
"2026_01_BUF_HOU",2276,"HOU","BUF","run","(14:19) 57-B.Fisher reported in as eligible. 32-D.Montgomery right tackle to HOU 39 for no gain (15-G.Rousseau).",-0.921365613583475,FALSE,FALSE,FALSE
"2026_01_BUF_HOU",2339,"HOU","BUF","pass","(13:24) (Shotgun) 7-C.Stroud pass incomplete short left to 86-D.Schultz [9-B.Chubb]. HOU-63-E.Brown was injured during the play.",-1.11832807771862,FALSE,FALSE,FALSE
"2026_01_BUF_HOU",2409,"BUF","HOU","run","(13:10) 4-J.Cook right tackle to BUF 15 for 1 yard (0-A.Al-Shaair).",-0.558803942985833,FALSE,FALSE,FALSE
"2026_01_BUF_HOU",2431,"BUF","HOU","pass","(12:33) (Shotgun) 17-J.Allen pass short right to 10-K.Shakir to BUF 18 for 3 yards (98-S.Rankins; 6-R.Blankenship).",-0.40688157454133,FALSE,FALSE,FALSE
"2026_01_BUF_HOU",2456,"BUF","HOU","pass","(12:01) (Shotgun) 17-J.Allen pass deep right to 2-D.Moore ran ob at BUF 35 for 17 yards.",2.25174907548353,FALSE,FALSE,FALSE
"2026_01_BUF_HOU",2486,"BUF","HOU","run","(11:35) 4-J.Cook right tackle to BUF 36 for 1 yard (0-A.Al-Shaair; 98-S.Rankins).",-0.389451315160841,FALSE,FALSE,FALSE
"2026_01_BUF_HOU",2544,"BUF","HOU","pass","(10:31) (Shotgun) 17-J.Allen pass incomplete deep left. Penalty on BUF-73-D.Dawkins, Offensive Holding, declined.",-0.836344414856285,FALSE,FALSE,FALSE
"2026_01_BUF_HOU",2583,"BUF","HOU","pass","(10:18) (Shotgun) 17-J.Allen pass short right to 2-D.Moore to BUF 33 for 7 yards (39-H.To'oTo'o).",-0.613627871032804,FALSE,FALSE,FALSE
"2026_01_BUF_HOU",2628,"HOU","BUF","run","(9:26) (Shotgun) 57-B.Fisher reported in as eligible. 4-W.Marks right guard to HOU 2 for -2 yards (91-E.Oliver). ** Injury Update: HOU-63-E.Brown has returned to the game.",-1.18433724786155,FALSE,FALSE,FALSE
"2026_01_BUF_HOU",2659,"HOU","BUF","pass","(8:46) (Shotgun) 7-C.Stroud pass incomplete short middle to 86-D.Schultz (15-G.Rousseau).",-0.725281605729833,FALSE,FALSE,FALSE
"2026_01_BUF_HOU",2682,"HOU","BUF","run","(8:42) (Shotgun) 4-W.Marks right guard to HOU 9 for 7 yards (3-D.Hamlin; 91-E.Oliver). BUF-8-T.Bernard was injured during the play.",-0.46398747083731,FALSE,FALSE,FALSE
"2026_01_BUF_HOU",2740,"BUF","HOU","run","(7:58) 4-J.Cook left guard to HOU 42 for 1 yard (51-W.Anderson).",-0.44787882687524,FALSE,FALSE,FALSE
"2026_01_BUF_HOU",2806,"BUF","HOU","pass","(7:15) 17-J.Allen pass short middle to 86-D.Kincaid to HOU 16 for 11 yards (2-C.Bullock).",0.658914154802915,FALSE,FALSE,FALSE
"2026_01_BUF_HOU",2832,"BUF","HOU","run","(6:34) (Shotgun) 4-J.Cook right guard to HOU 13 for 3 yards (72-T.Togiai).",-0.184720502700657,FALSE,FALSE,FALSE
"2026_01_BUF_HOU",2854,"BUF","HOU","pass","(5:56) (Shotgun) 17-J.Allen sacked at HOU 18 for -5 yards (sack split by 97-M.Edwards and 51-W.Anderson).",-1.42974344972754,FALSE,FALSE,FALSE
"2026_01_BUF_HOU",2874,"BUF","HOU","pass","(5:11) (Shotgun) 17-J.Allen pass short right to 10-K.Shakir to HOU 16 for 2 yards (0-A.Al-Shaair).",-0.660014370031733,FALSE,FALSE,FALSE
"2026_01_BUF_HOU",2949,"HOU","BUF","pass","(4:19) 7-C.Stroud pass incomplete deep left. ** Injury Update: BUF-8-T.Bernard has returned to the game.",-0.573659531772137,FALSE,FALSE,FALSE
"2026_01_BUF_HOU",2972,"HOU","BUF","pass","(4:13) (Shotgun) 7-C.Stroud pass short middle to 32-D.Montgomery to HOU 37 for 9 yards (42-D.Williams).",0.881033477839082,FALSE,FALSE,FALSE
"2026_01_BUF_HOU",3000,"HOU","BUF","run","(3:33) 32-D.Montgomery right guard to HOU 37 for no gain (91-E.Oliver).",-1.82112119626254,TRUE,FALSE,TRUE
"2026_01_BUF_HOU",3022,"HOU","BUF","run","(2:50) 57-B.Fisher reported in as eligible. 32-D.Montgomery right tackle to HOU 39 for 2 yards (47-C.Benford; 56-J.Solomon).",2.2437759952154,FALSE,FALSE,FALSE
"2026_01_BUF_HOU",3046,"HOU","BUF","pass","(2:08) (Shotgun) 7-C.Stroud pass short right to 87-F.Moreau to HOU 48 for 9 yards (21-D.Igbinosun).",0.793574140174314,FALSE,FALSE,FALSE
"2026_01_BUF_HOU",3071,"HOU","BUF","pass","(1:35) (No Huddle, Shotgun) 7-C.Stroud pass short middle to 14-K.Boutte to BUF 31 for 21 yards (22-C.Gardner-Johnson).",1.05752505420242,FALSE,FALSE,FALSE
"2026_01_BUF_HOU",3096,"HOU","BUF","pass","(1:12) (No Huddle, Shotgun) 7-C.Stroud pass incomplete deep left to 12-N.Collins.",-0.468897900427692,FALSE,FALSE,FALSE
"2026_01_BUF_HOU",3119,"HOU","BUF","pass","(1:07) (Shotgun) 7-C.Stroud pass short middle to 12-N.Collins to BUF 22 for 9 yards (24-C.Bishop).",0.732843892998062,FALSE,FALSE,FALSE
"2026_01_BUF_HOU",3144,"HOU","BUF","run","(:47) (No Huddle) 7-C.Stroud left guard to BUF 22 for no gain (42-D.Williams).",-1.13206328451633,FALSE,FALSE,FALSE
"2026_01_BUF_HOU",3166,"HOU","BUF","run","(:04) 57-B.Fisher reported in as eligible. 4-W.Marks right guard to BUF 19 for 3 yards (42-D.Williams; 90-D.Carter).",1.57787080475828,FALSE,FALSE,FALSE
"2026_01_BUF_HOU",3210,"HOU","BUF","pass","(15:00) (Shotgun) 7-C.Stroud pass short middle to 17-J.Wayne to BUF 7 for 12 yards (47-C.Benford).",0.734404760762118,FALSE,FALSE,FALSE
"2026_01_BUF_HOU",3235,"HOU","BUF","run","(14:17) (Shotgun) 57-B.Fisher reported in as eligible. 32-D.Montgomery left guard to BUF 7 for no gain (96-D.Walker).",-0.508187080558855,FALSE,FALSE,FALSE
"2026_01_BUF_HOU",3259,"HOU","BUF","pass","(13:39) (Shotgun) 7-C.Stroud pass short right to 32-D.Montgomery for 7 yards, TOUCHDOWN.",1.86232929106336,FALSE,FALSE,FALSE
"2026_01_BUF_HOU",3340,"BUF","HOU","pass","(13:29) 17-J.Allen pass incomplete short right to 4-J.Cook [90-J.Clowney].",-0.556460459250957,FALSE,FALSE,FALSE
"2026_01_BUF_HOU",3363,"BUF","HOU","pass","(13:23) (Shotgun) 17-J.Allen pass short middle to 86-D.Kincaid to BUF 40 for 6 yards (6-R.Blankenship).",-0.0533849685452878,FALSE,FALSE,FALSE
"2026_01_BUF_HOU",3388,"BUF","HOU","pass","(12:44) (Shotgun) 17-J.Allen pass deep right to 86-D.Kincaid to HOU 20 for 40 yards (2-C.Bullock).",3.66817975771846,FALSE,TRUE,TRUE
"2026_01_BUF_HOU",3413,"BUF","HOU","run","(11:58) 4-J.Cook right guard to HOU 17 for 3 yards (5-J.Pitre).",-0.128356271015946,FALSE,FALSE,FALSE
"2026_01_BUF_HOU",3435,"BUF","HOU","pass","(11:15) (Shotgun) 17-J.Allen pass short left to 4-J.Cook pushed ob at HOU 14 for 3 yards (5-J.Pitre).",-0.293732432764955,FALSE,FALSE,FALSE
"2026_01_BUF_HOU",3465,"BUF","HOU","pass","(10:41) (Shotgun) 17-J.Allen pass incomplete short right to 10-K.Shakir (98-S.Rankins).",-1.44686218143567,FALSE,FALSE,FALSE
"2026_01_BUF_HOU",3538,"HOU","BUF","pass","(10:26) (Shotgun) 7-C.Stroud pass incomplete deep left to 12-N.Collins.",-0.565682287327945,FALSE,FALSE,FALSE
"2026_01_BUF_HOU",3595,"HOU","BUF","run","(10:14) (Shotgun) 4-W.Marks left guard to HOU 35 for 10 yards (8-T.Bernard).",-0.00638032192364335,FALSE,FALSE,FALSE
"2026_01_BUF_HOU",3617,"HOU","BUF","pass","(9:28) (Shotgun) 7-C.Stroud pass short middle to 19-X.Hutchinson pushed ob at BUF 45 for 20 yards (1-M.Hairston).",2.57887066830881,FALSE,TRUE,TRUE
"2026_01_BUF_HOU",3647,"HOU","BUF","run","(8:49) 4-W.Marks up the middle to BUF 47 for -2 yards (90-D.Carter).",-0.864730557659641,FALSE,FALSE,FALSE
"2026_01_BUF_HOU",3669,"HOU","BUF","pass","(8:12) (Shotgun) 7-C.Stroud pass short middle to 12-N.Collins to BUF 41 for 6 yards (47-C.Benford).",0.0472479942254722,FALSE,FALSE,FALSE
"2026_01_BUF_HOU",3694,"HOU","BUF","pass","(7:30) (Shotgun) 7-C.Stroud pass short middle to 12-N.Collins to BUF 39 for 2 yards (47-C.Benford).",-1.57428367648465,FALSE,FALSE,FALSE
"2026_01_BUF_HOU",3768,"BUF","HOU","run","(6:38) 17-J.Allen FUMBLES (Aborted) at BUF 18, and recovers at BUF 18.",-1.1300212489441,FALSE,FALSE,FALSE
"2026_01_BUF_HOU",3797,"BUF","HOU","pass","(5:56) (Shotgun) 17-J.Allen pass incomplete deep left to 2-D.Moore (3-K.Lassiter).",-0.671658266335726,FALSE,FALSE,FALSE
"2026_01_BUF_HOU",3826,"BUF","HOU","pass","(5:50) (Shotgun) 17-J.Allen pass incomplete short right to 2-D.Moore (55-D.Hunter).",-0.776550712063909,FALSE,FALSE,FALSE
"2026_01_BUF_HOU",3869,"HOU","BUF","run","(5:39) (Shotgun) 32-D.Montgomery left guard to HOU 39 for 3 yards (9-B.Chubb; 42-D.Williams).",-0.454194895224646,FALSE,FALSE,FALSE
"2026_01_BUF_HOU",3891,"HOU","BUF","run","(4:57) 57-B.Fisher reported in as eligible. 32-D.Montgomery right end to HOU 37 for -2 yards (42-D.Williams, 91-E.Oliver).",-0.927646178402938,FALSE,FALSE,FALSE
"2026_01_BUF_HOU",3915,"HOU","BUF","pass","(4:10) (Shotgun) 7-C.Stroud pass short left to 86-D.Schultz to HOU 37 for no gain (9-B.Chubb; 24-C.Bishop) [91-E.Oliver].",-1.33837903279345,FALSE,FALSE,FALSE
"2026_01_BUF_HOU",3960,"BUF","HOU","run","(3:13) 4-J.Cook left guard to BUF 16 for 12 yards (24-D.Stingley). FUMBLES (24-D.Stingley), recovered by BUF-64-O.Torrence at BUF 19.",0.765194837702438,FALSE,FALSE,FALSE
"2026_01_BUF_HOU",3998,"BUF","HOU","pass","(2:34) 17-J.Allen pass short left to 88-D.Knox to BUF 26 for 7 yards (3-K.Lassiter; 39-H.To'oTo'o). HOU-39-H.To'oTo'o was injured during the play.",0.290546651929617,FALSE,FALSE,FALSE
"2026_01_BUF_HOU",4026,"BUF","HOU","pass","(2:06) 17-J.Allen pass short right to 4-J.Cook ran ob at BUF 32 for 6 yards (24-D.Stingley).",0.494017930468544,FALSE,FALSE,FALSE
"2026_01_BUF_HOU",4063,"BUF","HOU","pass","(2:00) 17-J.Allen pass short right to 86-D.Kincaid pushed ob at HOU 33 for 35 yards (5-J.Pitre).",1.99016330408631,FALSE,FALSE,FALSE
"2026_01_BUF_HOU",4100,"BUF","HOU","run","(1:53) 4-J.Cook up the middle to HOU 34 for -1 yards (0-A.Al-Shaair).",-0.624800365476403,FALSE,FALSE,FALSE
"2026_01_BUF_HOU",4122,"BUF","HOU","pass","(1:48) 17-J.Allen pass incomplete deep left to 5-J.Palmer.",-0.468293068814091,FALSE,FALSE,FALSE
"2026_01_BUF_HOU",4152,"BUF","HOU","pass","(1:41) (Shotgun) 17-J.Allen pass deep middle to 5-J.Palmer for 34 yards, TOUCHDOWN.",4.58720196667127,FALSE,TRUE,TRUE
"2026_01_BUF_HOU",4214,"HOU","BUF","pass","(1:31) (Shotgun) 7-C.Stroud pass short right to 86-D.Schultz to HOU 47 for 18 yards (23-D.Alford; 91-E.Oliver).",0.857426100701559,FALSE,FALSE,FALSE
"2026_01_BUF_HOU",4239,"HOU","BUF","pass","(1:11) (No Huddle, Shotgun) 7-C.Stroud pass short right to 86-D.Schultz to BUF 45 for 8 yards (3-D.Hamlin; 24-C.Bishop).",0.412810665438883,FALSE,FALSE,FALSE
"2026_01_BUF_HOU",4264,"HOU","BUF","pass","(:50) (No Huddle, Shotgun) 7-C.Stroud pass incomplete deep right to 19-X.Hutchinson.",-0.352616699703503,FALSE,FALSE,FALSE
"2026_01_BUF_HOU",4287,"HOU","BUF","run","(:44) (Shotgun) 4-W.Marks up the middle to BUF 39 for 6 yards (8-T.Bernard; 9-B.Chubb). PENALTY on BUF-96-D.Walker, Defensive Holding, 5 yards, enforced at BUF 39.",0.957180983386934,FALSE,FALSE,FALSE
"2026_01_BUF_HOU",4344,"HOU","BUF","pass","(:39) (Shotgun) 7-C.Stroud pass incomplete deep middle to 19-X.Hutchinson [15-G.Rousseau].",-0.275944293942302,FALSE,FALSE,FALSE
"2026_01_BUF_HOU",4367,"HOU","BUF","pass","(:35) (Shotgun) 7-C.Stroud pass short middle to 12-N.Collins to BUF 27 for 12 yards (22-C.Gardner-Johnson).",0.835655235860031,FALSE,FALSE,FALSE
"2026_01_BUF_HOU",4392,"HOU","BUF","pass","(:30) (Shotgun) 7-C.Stroud pass short right to 13-J.Noel pushed ob at BUF 9 for 18 yards (22-C.Gardner-Johnson).",1.54186982623651,FALSE,FALSE,FALSE
"2026_01_BUF_HOU",4436,"HOU","BUF","pass","(:25) (Shotgun) 7-C.Stroud sacked at BUF 18 for -9 yards (96-D.Walker).",-1.66736963656149,FALSE,FALSE,FALSE
"2026_01_BUF_HOU",4456,"HOU","BUF","pass","(:20) (Shotgun) 7-C.Stroud pass incomplete deep right to 12-N.Collins.",-0.392444927420001,FALSE,FALSE,FALSE
"2026_01_BUF_HOU",4486,"HOU","BUF","pass","(:16) (Shotgun) 7-C.Stroud sacked at BUF 28 for -10 yards (15-G.Rousseau). FUMBLES (15-G.Rousseau) [15-G.Rousseau], RECOVERED by BUF-8-T.Bernard at BUF 24.",-2.74487120233243,TRUE,FALSE,TRUE
"2026_01_CHI_CAR",57,"CHI","CAR","run","(15:00) 4-D.Swift right tackle to CHI 37 for 17 yards (8-Ja.Horn). PENALTY on CHI-15-R.Odunze, Offensive Holding, 10 yards, enforced at CHI 29.",-0.244124894030392,FALSE,FALSE,FALSE
"2026_01_CHI_CAR",90,"CHI","CAR","run","(14:38) 4-D.Swift right end to CHI 23 for 4 yards (5-J.Phillips).",-0.109478252474219,FALSE,FALSE,FALSE
"2026_01_CHI_CAR",112,"CHI","CAR","pass","(14:06) (Shotgun) 18-C.Williams pass short right to 10-L.Burden to CHI 30 for 7 yards (55-D.Lloyd, 58-B.Okereke). FUMBLES (58-B.Okereke), touched at CHI 33, RECOVERED by CAR-24-W.Lee at CHI 42.",-3.48948358441703,TRUE,FALSE,TRUE
"2026_01_CHI_CAR",153,"CAR","CHI","pass","(13:56) (Shotgun) 9-B.Young pass short middle to 82-T.Tremble to CHI 31 for 11 yards (29-T.Stevenson).",0.762014981475659,FALSE,FALSE,FALSE
"2026_01_CHI_CAR",178,"CAR","CHI","run","(13:28) 30-C.Hubbard right tackle to CHI 28 for 3 yards (93-K.Street; 1-J.Johnson).",-0.159104589838535,FALSE,FALSE,FALSE
"2026_01_CHI_CAR",200,"CAR","CHI","pass","(12:54) (Shotgun) 9-B.Young pass deep right to 18-J.Coker ran ob at CHI 2 for 26 yards. PENALTY on CHI-55-D.Odeyingbo, Roughing the Passer, 1 yard, enforced at CHI 2.",2.42146345344372,FALSE,TRUE,TRUE
"2026_01_CHI_CAR",313,"CAR","CHI","run","(12:24) 30-C.Hubbard left end to CHI 4 for 6 yards (55-D.Odeyingbo).",0.414845741237514,FALSE,FALSE,FALSE
"2026_01_CHI_CAR",355,"CAR","CHI","pass","(11:45) (Shotgun) 9-B.Young pass incomplete short left to 84-M.Evans (31-D.Thieneman).",-0.972419932368211,FALSE,FALSE,FALSE
"2026_01_CHI_CAR",378,"CAR","CHI","pass","(11:40) (Shotgun) 9-B.Young pass short right to 30-C.Hubbard for 4 yards, TOUCHDOWN.",2.24663027672796,FALSE,FALSE,FALSE
"2026_01_CHI_CAR",453,"CHI","CAR","run","(11:28) 4-D.Swift left tackle to CHI 31 for 4 yards (92-L.Hunter; 97-B.Brown).",-0.0914060329087079,FALSE,FALSE,FALSE
"2026_01_CHI_CAR",475,"CHI","CAR","run","(10:45) 4-D.Swift left end pushed ob at CHI 36 for 5 yards (7-T.Moehrig; 3-P.Umanmielen).",0.37104358850047,FALSE,FALSE,FALSE
"2026_01_CHI_CAR",535,"CHI","CAR","pass","(9:49) (Shotgun) 18-C.Williams pass short middle to 10-L.Burden to CHI 42 for 15 yards (24-W.Lee) [95-D.Brown].",2.3126484376844,FALSE,FALSE,FALSE
"2026_01_CHI_CAR",560,"CHI","CAR","pass","(9:23) (No Huddle, Shotgun) 18-C.Williams pass short middle to 14-K.Raymond to CHI 49 for 7 yards (22-L.Ransom).",0.461899164598435,FALSE,FALSE,FALSE
"2026_01_CHI_CAR",585,"CHI","CAR","run","(8:51) (Shotgun) 18-C.Williams scrambles right end ran ob at CAR 45 for 6 yards (2-M.Jackson).",0.509675471577793,FALSE,FALSE,FALSE
"2026_01_CHI_CAR",612,"CHI","CAR","run","(8:19) 4-D.Swift right tackle to CAR 13 for 32 yards (24-W.Lee).",2.07734018465271,FALSE,FALSE,FALSE
"2026_01_CHI_CAR",634,"CHI","CAR","run","(7:30) 4-D.Swift right end to CAR 8 for 5 yards (55-D.Lloyd; 26-C.Smith-Wade).",0.123195607389789,FALSE,FALSE,FALSE
"2026_01_CHI_CAR",656,"CHI","CAR","run","(6:46) 25-K.Monangai right end to CAR 9 for -1 yards (58-B.Okereke).",-1.12556497153128,FALSE,FALSE,FALSE
"2026_01_CHI_CAR",678,"CHI","CAR","run","(6:03) (Shotgun) 18-C.Williams scrambles left end for 9 yards, TOUCHDOWN.",3.02052390266908,FALSE,TRUE,TRUE
"2026_01_CHI_CAR",752,"CAR","CHI","pass","(5:52) (Shotgun) 9-B.Young pass incomplete short left to 17-X.Legette.",-0.492241034517065,FALSE,FALSE,FALSE
"2026_01_CHI_CAR",787,"CAR","CHI","pass","(5:49) (Shotgun) 9-B.Young pass short right to 82-T.Tremble to CAR 43 for 3 yards (21-C.Lewis).",-0.52282223990187,FALSE,FALSE,FALSE
"2026_01_CHI_CAR",812,"CAR","CHI","pass","(5:11) (Shotgun) 9-B.Young sacked at CAR 37 for -6 yards (98-M.Sweat).",-2.04526100633666,TRUE,FALSE,TRUE
"2026_01_CHI_CAR",851,"CHI","CAR","pass","(4:12) 18-C.Williams pass short right to 14-K.Raymond to CHI 45 for 12 yards (21-N.Scott).",0.775408781133592,FALSE,FALSE,FALSE
"2026_01_CHI_CAR",883,"CHI","CAR","run","(3:35) 10-L.Burden right end ran ob at CHI 47 for 2 yards (21-N.Scott).",-0.356950203422457,FALSE,FALSE,FALSE
"2026_01_CHI_CAR",910,"CHI","CAR","pass","(3:01) (Shotgun) 18-C.Williams pass deep right to 15-R.Odunze pushed ob at CAR 6 for 47 yards (24-W.Lee). CAR-97-B.Brown was injured during the play.",3.79446661885595,FALSE,TRUE,TRUE
"2026_01_CHI_CAR",943,"CHI","CAR","pass","(2:37) 18-C.Williams pass incomplete short right.",-0.539769960800186,FALSE,FALSE,FALSE
"2026_01_CHI_CAR",966,"CHI","CAR","run","(2:30) 4-D.Swift right tackle to CAR 1 for 5 yards (92-L.Hunter).",0.639718240126967,FALSE,FALSE,FALSE
"2026_01_CHI_CAR",988,"CHI","CAR","run","(2:03) (No Huddle, Shotgun) 4-D.Swift up the middle for 1 yard, TOUCHDOWN.",1.31611879711272,FALSE,FALSE,FALSE
"2026_01_CHI_CAR",1072,"CAR","CHI","run","(1:54) 25-J.Brooks right tackle to CAR 18 for 1 yard (50-G.Jarrett; 90-N.Gallimore).",-0.584757972508669,FALSE,FALSE,FALSE
"2026_01_CHI_CAR",1118,"CAR","CHI","run","(1:09) (Shotgun) 25-J.Brooks left guard to CAR 18 for 5 yards (50-G.Jarrett; 24-M.Muhammad).",-0.060800192411989,FALSE,FALSE,FALSE
"2026_01_CHI_CAR",1140,"CAR","CHI","pass","(:25) (Shotgun) 9-B.Young pass short left to 30-C.Hubbard to CAR 23 for 5 yards (31-D.Thieneman).",-0.874965039547533,FALSE,FALSE,FALSE
"2026_01_CHI_CAR",1222,"CHI","CAR","pass","(14:48) (Shotgun) 18-C.Williams pass short middle to 25-K.Monangai to CAR 22 for 19 yards (2-M.Jackson).",1.33087059354875,FALSE,FALSE,FALSE
"2026_01_CHI_CAR",1247,"CHI","CAR","pass","(14:05) 18-C.Williams pass deep left to 85-C.Kmet for 22 yards, TOUCHDOWN.",2.5657957495423,FALSE,TRUE,TRUE
"2026_01_CHI_CAR",1321,"CAR","CHI","pass","(13:52) (Shotgun) 9-B.Young pass short left to 18-J.Coker pushed ob at CAR 44 for 17 yards (29-T.Stevenson).",1.06549709592946,FALSE,FALSE,FALSE
"2026_01_CHI_CAR",1351,"CAR","CHI","run","(13:22) 30-C.Hubbard left end to CAR 49 for 5 yards (31-D.Thieneman).",0.026684534503147,FALSE,FALSE,FALSE
"2026_01_CHI_CAR",1373,"CAR","CHI","pass","(12:49) 9-B.Young pass deep left to 18-J.Coker for 51 yards, TOUCHDOWN.",4.59988325741142,FALSE,TRUE,TRUE
"2026_01_CHI_CAR",1456,"CHI","CAR","run","(12:34) 4-D.Swift right tackle to CHI 13 for 1 yard (95-D.Brown). ** Injury Update: CAR-97-B.Brown has returned to the game. ** Injury Update: CAR-95-D.Brown has returned to the game.",-0.552521088626236,FALSE,FALSE,FALSE
"2026_01_CHI_CAR",1478,"CHI","CAR","run","(11:57) (Shotgun) 18-C.Williams scrambles right end ran ob at CHI 19 for 6 yards (58-B.Okereke).",0.115516871213913,FALSE,FALSE,FALSE
"2026_01_CHI_CAR",1511,"CHI","CAR","run","(11:19) (Shotgun) 18-C.Williams scrambles up the middle to CHI 21 for 2 yards (95-D.Brown).",-0.879322987049818,FALSE,FALSE,FALSE
"2026_01_CHI_CAR",1533,"CHI","CAR","run","(10:35) 18-C.Williams up the middle to CHI 21 for no gain (21-N.Scott; 97-B.Brown). (Virtual Measurement).",-3.37895900348667,TRUE,FALSE,TRUE
"2026_01_CHI_CAR",1556,"CAR","CHI","pass","(10:27) (Shotgun) 9-B.Young pass short right to 4-T.McMillan to CHI 7 for 14 yards (12-D.Bush).",0.856167581863701,FALSE,FALSE,FALSE
"2026_01_CHI_CAR",1581,"CAR","CHI","run","(10:03) (No Huddle) 30-C.Hubbard left end to CHI 4 for 3 yards (29-T.Stevenson).",0.036307827278506,FALSE,FALSE,FALSE
"2026_01_CHI_CAR",1672,"CAR","CHI","run","(8:51) 9-B.Young scrambles right tackle for 7 yards, TOUCHDOWN.",1.59734628512524,FALSE,FALSE,FALSE
"2026_01_CHI_CAR",1745,"CHI","CAR","pass","(8:36) 18-C.Williams pass incomplete short right.",-0.525417564902455,FALSE,FALSE,FALSE
"2026_01_CHI_CAR",1768,"CHI","CAR","run","(8:28) 25-K.Monangai up the middle to CHI 32 for 7 yards (93-T.Edwards).",0.255459626205266,FALSE,FALSE,FALSE
"2026_01_CHI_CAR",1790,"CHI","CAR","run","(7:51) 25-K.Monangai right tackle to CHI 30 for -2 yards (52-T.Gipson).",-1.75171685498208,FALSE,FALSE,FALSE
"2026_01_CHI_CAR",1842,"CHI","CAR","run","(6:56) 4-D.Swift right guard to CAR 27 for 1 yard (55-D.Lloyd).",-0.403753552876879,FALSE,FALSE,FALSE
"2026_01_CHI_CAR",1864,"CHI","CAR","pass","(6:12) (Shotgun) 18-C.Williams pass incomplete short right to 14-K.Raymond (24-W.Lee).",-0.591479430499021,FALSE,FALSE,FALSE
"2026_01_CHI_CAR",1899,"CHI","CAR","pass","(6:07) (Shotgun) 18-C.Williams pass short middle to 14-K.Raymond to CAR 22 for 5 yards (55-D.Lloyd).",-0.587873499545732,FALSE,FALSE,FALSE
"2026_01_CHI_CAR",2008,"CAR","CHI","pass","(4:57) 9-B.Young pass short middle to 18-J.Coker to CAR 34 for 3 yards (97-J.Lynch).",-0.144433863810264,FALSE,FALSE,FALSE
"2026_01_CHI_CAR",2033,"CAR","CHI","run","(4:11) 25-J.Brooks left end pushed ob at CAR 46 for 12 yards (29-T.Stevenson). PENALTY on CAR-50-R.Hunt, Offensive Holding, 10 yards, enforced at CAR 36.",-1.03000853012782,FALSE,FALSE,FALSE
"2026_01_CHI_CAR",2072,"CAR","CHI","pass","(3:41) (Shotgun) 9-B.Young pass deep right to 25-J.Brooks to CHI 26 for 48 yards (1-J.Johnson).",3.42330193513772,FALSE,TRUE,TRUE
"2026_01_CHI_CAR",2097,"CAR","CHI","pass","(2:57) 9-B.Young pass incomplete short right to 82-T.Tremble.",-0.436675001285039,FALSE,FALSE,FALSE
"2026_01_CHI_CAR",2120,"CAR","CHI","pass","(2:53) (Shotgun) 9-B.Young pass incomplete short middle to 4-T.McMillan (24-M.Muhammad).",-0.501060712733306,FALSE,FALSE,FALSE
"2026_01_CHI_CAR",2143,"CAR","CHI","pass","(2:47) (Shotgun) 9-B.Young pass incomplete short left.",-0.842681736319142,FALSE,FALSE,FALSE
"2026_01_CHI_CAR",2209,"CHI","CAR","pass","(2:31) (Shotgun) 18-C.Williams sacked at CHI 14 for -6 yards (5-J.Phillips).",-1.05379178840667,FALSE,FALSE,FALSE
"2026_01_CHI_CAR",2229,"CHI","CAR","pass","(2:00) (Shotgun) 18-C.Williams pass short middle to 15-R.Odunze to CHI 19 for 5 yards (55-D.Lloyd).",0.313038848107681,FALSE,FALSE,FALSE
"2026_01_CHI_CAR",2261,"CHI","CAR","pass","(1:17) (Shotgun) 18-C.Williams pass deep left to 14-K.Raymond to CHI 47 for 28 yards (21-N.Scott).",1.63598218734842,FALSE,FALSE,FALSE
"2026_01_CHI_CAR",2286,"CHI","CAR","pass","(:45) (Shotgun) 18-C.Williams pass short middle to 25-K.Monangai to CAR 48 for 5 yards (55-D.Lloyd).",0.134728873497806,FALSE,FALSE,FALSE
"2026_01_CHI_CAR",2342,"CHI","CAR","pass","(:38) (Shotgun) 18-C.Williams pass deep left to 10-L.Burden to CAR 29 for 24 yards (22-L.Ransom).",1.77028005255852,FALSE,FALSE,FALSE
"2026_01_CHI_CAR",2367,"CHI","CAR","run","(:32) (Shotgun) 18-C.Williams scrambles left end for 29 yards, TOUCHDOWN.",3.95534041535575,FALSE,TRUE,TRUE
"2026_01_CHI_CAR",2435,"CAR","CHI","pass","(:17) (Shotgun) 9-B.Young pass short middle to 88-D.Waller to CAR 40 for 11 yards (31-D.Thieneman).",0.15299413347384,FALSE,FALSE,FALSE
"2026_01_CHI_CAR",2460,"CAR","CHI","pass","(:11) (Shotgun) 9-B.Young pass deep left intended for 18-J.Coker INTERCEPTED by 24-M.Muhammad at CHI 38. 24-M.Muhammad to CHI 38 for no gain. CHI-24-M.Muhammad was injured during the play.",-0.445732077525463,FALSE,FALSE,FALSE
"2026_01_CHI_CAR",2497,"CHI","CAR","pass","(:05) (Shotgun) 18-C.Williams pass incomplete deep right to 15-R.Odunze.",-0.0904375786194578,FALSE,FALSE,FALSE
"2026_01_CHI_CAR",2570,"CAR","CHI","run","(14:54) 30-C.Hubbard up the middle to CAR 37 for 3 yards (21-C.Lewis; 98-M.Sweat).",-0.220623570960015,FALSE,FALSE,FALSE
"2026_01_CHI_CAR",2592,"CAR","CHI","run","(14:27) (Shotgun) 30-C.Hubbard up the middle to CAR 41 for 4 yards (48-D.Jackson; 50-G.Jarrett).",-0.19875454576686,FALSE,FALSE,FALSE
"2026_01_CHI_CAR",2614,"CAR","CHI","pass","(13:52) (Shotgun) 9-B.Young sacked at CAR 39 for -2 yards (93-K.Street). ** Injury Update: CHI-24-M.Muhammad has returned to the game.",-1.91047485917807,TRUE,FALSE,TRUE
"2026_01_CHI_CAR",2655,"CHI","CAR","pass","(12:59) 18-C.Williams pass incomplete deep left to 85-C.Kmet.",-0.594080437440425,FALSE,FALSE,FALSE
"2026_01_CHI_CAR",2685,"CHI","CAR","run","(12:54) 4-D.Swift right guard to CHI 23 for 3 yards (55-D.Lloyd).",-0.575817164033651,FALSE,FALSE,FALSE
"2026_01_CHI_CAR",2707,"CHI","CAR","pass","(12:09) (Shotgun) 18-C.Williams sacked at CHI 21 for -2 yards (3-P.Umanmielen).",-1.43616718379781,FALSE,FALSE,FALSE
"2026_01_CHI_CAR",2765,"CAR","CHI","pass","(11:28) (Shotgun) 9-B.Young pass short left to 88-D.Waller pushed ob at CHI 41 for 17 yards (24-M.Muhammad).",1.08525026962161,FALSE,FALSE,FALSE
"2026_01_CHI_CAR",2802,"CAR","CHI","run","(11:05) 30-C.Hubbard left tackle to CHI 33 for 8 yards (31-D.Thieneman).",0.472574488492683,FALSE,FALSE,FALSE
"2026_01_CHI_CAR",2824,"CAR","CHI","pass","(10:30) 9-B.Young pass incomplete short right to 82-T.Tremble.",-0.656601552036591,FALSE,FALSE,FALSE
"2026_01_CHI_CAR",2852,"CAR","CHI","pass","(10:25) (Shotgun) 9-B.Young pass short middle to 82-T.Tremble to CHI 22 for 11 yards (31-D.Thieneman) [50-G.Jarrett]. CAR-68-D.Lewis was injured during the play.",1.39535137219355,FALSE,FALSE,FALSE
"2026_01_CHI_CAR",2880,"CAR","CHI","run","(10:01) 30-C.Hubbard left end pushed ob at CHI 11 for 11 yards (12-D.Bush).",0.452546205720864,FALSE,FALSE,FALSE
"2026_01_CHI_CAR",2914,"CAR","CHI","pass","(9:26) (Shotgun) 9-B.Young pass short left to 84-M.Evans to CHI 2 for 9 yards (29-T.Stevenson). CHI-29-T.Stevenson was injured during the play.",0.949427240411751,FALSE,FALSE,FALSE
"2026_01_CHI_CAR",2942,"CAR","CHI","run","(9:06) 30-C.Hubbard left guard for 2 yards, TOUCHDOWN. ** Injury Update: CAR-68-D.Lewis has returned to the game.",0.785957040148787,FALSE,FALSE,FALSE
"2026_01_CHI_CAR",3012,"CHI","CAR","pass","(9:02) (Shotgun) 18-C.Williams pass incomplete deep middle to 84-C.Loveland.",-0.541798065416515,FALSE,FALSE,FALSE
"2026_01_CHI_CAR",3035,"CHI","CAR","run","(8:58) (Shotgun) 4-D.Swift left tackle to CHI 40 for 5 yards (48-T.Incoom; 7-T.Moehrig).",-0.150524648372084,FALSE,FALSE,FALSE
"2026_01_CHI_CAR",3057,"CHI","CAR","pass","(8:21) (Shotgun) 18-C.Williams pass short right to 14-K.Raymond to CAR 48 for 12 yards (52-T.Gipson).",1.90828498732299,FALSE,FALSE,FALSE
"2026_01_CHI_CAR",3082,"CHI","CAR","pass","(7:53) (No Huddle) 18-C.Williams pass short middle to 4-D.Swift to CAR 38 for 10 yards (58-B.Okereke).",0.739021006971598,FALSE,FALSE,FALSE
"2026_01_CHI_CAR",3107,"CHI","CAR","run","(7:06) 4-D.Swift up the middle to CAR 29 for 9 yards (55-D.Lloyd; 94-A.Hall).",0.73666659113951,FALSE,FALSE,FALSE
"2026_01_CHI_CAR",3129,"CHI","CAR","run","(6:28) 18-C.Williams scrambles left end ran ob at CAR 23 for 6 yards (3-P.Umanmielen). CAR-97-B.Brown was injured during the play.",0.296281430288218,FALSE,FALSE,FALSE
"2026_01_CHI_CAR",3159,"CHI","CAR","pass","(6:11) (Shotgun) 18-C.Williams pass short middle to 10-L.Burden to CAR 18 for 5 yards (55-D.Lloyd).",0.164506219909526,FALSE,FALSE,FALSE
"2026_01_CHI_CAR",3184,"CHI","CAR","pass","(5:31) 18-C.Williams pass incomplete deep right.",-0.696851003158372,FALSE,FALSE,FALSE
"2026_01_CHI_CAR",3207,"CHI","CAR","pass","(5:23) (Shotgun) 18-C.Williams pass short left to 14-K.Raymond pushed ob at CAR 11 for 7 yards (24-W.Lee). CHI-70-B.Jones was injured during the play.",1.14225344033912,FALSE,FALSE,FALSE
"2026_01_CHI_CAR",3240,"CHI","CAR","pass","(4:59) (Shotgun) 18-C.Williams pass incomplete short middle to 84-C.Loveland.",-0.471813989744987,FALSE,FALSE,FALSE
"2026_01_CHI_CAR",3337,"CHI","CAR","run","(4:20) 4-D.Swift left guard to CAR 5 for 6 yards (55-D.Lloyd).",0.328905635804404,FALSE,FALSE,FALSE
"2026_01_CHI_CAR",3359,"CHI","CAR","run","(3:35) 4-D.Swift right guard to CAR 1 for 4 yards (58-B.Okereke; 93-T.Edwards).",1.04633064899826,FALSE,FALSE,FALSE
"2026_01_CHI_CAR",3381,"CHI","CAR","run","(3:08) (No Huddle, Shotgun) 4-D.Swift up the middle for 1 yard, TOUCHDOWN.",0.616799119568896,FALSE,FALSE,FALSE
"2026_01_CHI_CAR",3451,"CAR","CHI","pass","(3:05) (Shotgun) 9-B.Young pass incomplete short left.",-0.490618927637115,FALSE,FALSE,FALSE
"2026_01_CHI_CAR",3474,"CAR","CHI","pass","(3:01) (Shotgun) 9-B.Young pass short middle to 18-J.Coker to CHI 46 for 14 yards (21-C.Lewis).",1.35375429061241,FALSE,FALSE,FALSE
"2026_01_CHI_CAR",3523,"CAR","CHI","run","(2:15) 25-J.Brooks right guard to CHI 45 for 6 yards (94-A.Booker).",0.0375552729237825,FALSE,FALSE,FALSE
"2026_01_CHI_CAR",3545,"CAR","CHI","pass","(1:38) (Shotgun) 9-B.Young pass short right to 18-J.Coker to CHI 39 for 6 yards (21-C.Lewis).",-0.0773146119900048,FALSE,FALSE,FALSE
"2026_01_CHI_CAR",3570,"CAR","CHI","pass","(:58) (Shotgun) 9-B.Young pass incomplete short right to 25-J.Brooks.",-1.87520739273168,TRUE,FALSE,TRUE
"2026_01_CHI_CAR",3593,"CAR","CHI","pass","(:55) (Shotgun) 9-B.Young pass incomplete deep left to 4-T.McMillan.",-2.4978598584421,TRUE,FALSE,TRUE
"2026_01_CHI_CAR",3621,"CHI","CAR","run","(:50) 25-K.Monangai up the middle for 61 yards, TOUCHDOWN. ** Injury Update: CAR-97-B.Brown has returned to the game.",5.21245094458573,FALSE,TRUE,TRUE
"2026_01_CHI_CAR",3685,"CAR","CHI","run","(:35) (Shotgun) 30-C.Hubbard right guard to CAR 31 for 4 yards (21-C.Lewis). ** Injury Update: CHI-29-T.Stevenson has returned to the game.",-0.141297838650644,FALSE,FALSE,FALSE
"2026_01_CHI_CAR",3707,"CAR","CHI","pass","(:12) (No Huddle, Shotgun) 9-B.Young pass short left to 4-T.McMillan to CAR 38 for 7 yards (12-D.Bush; 29-T.Stevenson).",0.800247930921614,FALSE,FALSE,FALSE
"2026_01_CHI_CAR",3752,"CAR","CHI","pass","(15:00) (Shotgun) 9-B.Young pass deep middle to 4-T.McMillan to CHI 41 for 21 yards (1-J.Johnson; 31-D.Thieneman). FUMBLES (1-J.Johnson), RECOVERED by CHI-12-D.Bush at CHI 39. The Replay Official reviewed the fumble ruling, and the play was Upheld. The ruling on the field stands.",-3.80316246440634,TRUE,FALSE,TRUE
"2026_01_CHI_CAR",3841,"CHI","CAR","run","(14:50) 18-C.Williams scrambles left end pushed ob at CHI 40 for 1 yard (92-L.Hunter).",-0.505863729398698,FALSE,FALSE,FALSE
"2026_01_CHI_CAR",3875,"CHI","CAR","run","(14:14) 25-K.Monangai left guard to CHI 43 for 3 yards (92-L.Hunter).",-0.37239379924722,FALSE,FALSE,FALSE
"2026_01_CHI_CAR",3897,"CHI","CAR","pass","(13:29) (Shotgun) 18-C.Williams pass short right to 14-K.Raymond to CAR 48 for 9 yards (55-D.Lloyd).",1.70090917614289,FALSE,FALSE,FALSE
"2026_01_CHI_CAR",3957,"CHI","CAR","run","(12:20) (Shotgun) 4-D.Swift left guard to CHI 48 for 1 yard (5-J.Phillips; 58-B.Okereke).",-0.414579647826031,FALSE,FALSE,FALSE
"2026_01_CHI_CAR",3979,"CHI","CAR","pass","(11:38) (Shotgun) 18-C.Williams pass short left to 10-L.Burden to CAR 40 for 12 yards (8-Ja.Horn; 7-T.Moehrig).",0.784561273176223,FALSE,FALSE,FALSE
"2026_01_CHI_CAR",4004,"CHI","CAR","pass","(10:56) (Shotgun) 18-C.Williams pass short left to 85-C.Kmet to CAR 27 for 13 yards (8-Ja.Horn).",1.60477945127059,FALSE,FALSE,FALSE
"2026_01_CHI_CAR",4029,"CHI","CAR","run","(10:12) 25-K.Monangai left tackle to CAR 25 for 2 yards (92-L.Hunter; 55-D.Lloyd).",-0.384473507525399,FALSE,FALSE,FALSE
"2026_01_CHI_CAR",4051,"CHI","CAR","pass","(9:33) (Shotgun) 18-C.Williams pass short left to 14-K.Raymond to CAR 21 for 4 yards (24-W.Lee).",0.0288808497716673,FALSE,FALSE,FALSE
"2026_01_CHI_CAR",4076,"CHI","CAR","run","(8:51) (Shotgun) 25-K.Monangai left guard to CAR 7 for 14 yards (21-N.Scott).",1.61254251009086,FALSE,FALSE,FALSE
"2026_01_CHI_CAR",4098,"CHI","CAR","run","(8:05) 18-C.Williams right end to CAR 1 for 6 yards (55-D.Lloyd; 21-N.Scott).",0.74517057382036,FALSE,FALSE,FALSE
"2026_01_CHI_CAR",4158,"CHI","CAR","run","(7:14) 18-C.Williams up the middle to CAR 1 for no gain (95-D.Brown).",-0.469916503527202,FALSE,FALSE,FALSE
"2026_01_CHI_CAR",4180,"CHI","CAR","pass","(6:32) 18-C.Williams pass short right to 9-J.Walker for 1 yard, TOUCHDOWN.",1.37591298378538,FALSE,FALSE,FALSE
"2026_01_CHI_CAR",4256,"CAR","CHI","pass","(6:20) (Shotgun) 9-B.Young pass incomplete deep right to 17-X.Legette.",-0.491485330741853,FALSE,FALSE,FALSE
"2026_01_CHI_CAR",4279,"CAR","CHI","pass","(6:15) (Shotgun) 9-B.Young pass short left to 18-J.Coker to CAR 37 for 13 yards (21-C.Lewis).",1.36424045986496,FALSE,FALSE,FALSE
"2026_01_CHI_CAR",4304,"CAR","CHI","pass","(5:43) (No Huddle, Shotgun) 9-B.Young pass incomplete deep right.",-0.436080298619345,FALSE,FALSE,FALSE
"2026_01_CHI_CAR",4327,"CAR","CHI","pass","(5:35) (Shotgun) 9-B.Young pass incomplete deep left to 4-T.McMillan [31-D.Thieneman].",-0.661811922909692,FALSE,FALSE,FALSE
"2026_01_CHI_CAR",4350,"CAR","CHI","pass","(5:30) (Shotgun) 9-B.Young pass short middle to 30-C.Hubbard to CHI 34 for 29 yards (29-T.Stevenson).",2.95078533218475,FALSE,TRUE,TRUE
"2026_01_CHI_CAR",4375,"CAR","CHI","pass","(4:55) (No Huddle, Shotgun) 9-B.Young pass incomplete short left.",-0.434049400209915,FALSE,FALSE,FALSE
"2026_01_CHI_CAR",4398,"CAR","CHI","pass","(4:50) (Shotgun) 9-B.Young pass short right to 4-T.McMillan ran ob at CHI 19 for 15 yards.",1.40303302748362,FALSE,FALSE,FALSE
"2026_01_CHI_CAR",4428,"CAR","CHI","pass","(4:42) (Shotgun) 9-B.Young pass short left to 4-T.McMillan pushed ob at CHI 1 for 18 yards (24-M.Muhammad) [12-D.Bush].",1.88834864896489,FALSE,FALSE,FALSE
"2026_01_CHI_CAR",4495,"CAR","CHI","run","(4:35) (Shotgun) 9-B.Young scrambles up the middle to CHI 8 for 3 yards (97-J.Lynch).",0.0909794405451976,FALSE,FALSE,FALSE
"2026_01_CHI_CAR",4523,"CAR","CHI","pass","(4:05) (No Huddle, Shotgun) 9-B.Young pass short left to 18-J.Coker for 8 yards, TOUCHDOWN.",2.31804566731444,FALSE,TRUE,TRUE
"2026_01_CHI_CAR",4588,"CHI","CAR","run","(3:59) 25-K.Monangai right guard to CAR 45 for 4 yards (92-L.Hunter).",-0.0256921366672032,FALSE,FALSE,FALSE
"2026_01_CHI_CAR",4610,"CHI","CAR","run","(3:55) 25-K.Monangai right tackle to CAR 42 for 3 yards (21-N.Scott).",-0.521745470003225,FALSE,FALSE,FALSE
"2026_01_CHI_CAR",4670,"CHI","CAR","run","(3:52) 25-K.Monangai left tackle to CAR 28 for 9 yards (56-J.Moon).",-0.439101675583515,FALSE,FALSE,FALSE
"2026_01_CHI_CAR",4692,"CHI","CAR","run","(3:47) 4-D.Swift right guard for 28 yards, TOUCHDOWN.",4.50627999665448,FALSE,TRUE,TRUE
"2026_01_CHI_CAR",4754,"CAR","CHI","run","(3:40) (Shotgun) 28-A.Dillon up the middle to CAR 27 for 7 yards (29-T.Stevenson; 94-A.Booker).",0.429599137161858,FALSE,FALSE,FALSE
"2026_01_CHI_CAR",4776,"CAR","CHI","run","(3:03) 28-A.Dillon left tackle to CAR 38 for 11 yards (12-D.Bush; 31-D.Thieneman).",0.789391792728566,FALSE,FALSE,FALSE
"2026_01_CHI_CAR",4798,"CAR","CHI","run","(2:24) (Shotgun) 28-A.Dillon left end to CAR 44 for 6 yards (12-D.Bush; 29-T.Stevenson).",-0.137197252362967,FALSE,FALSE,FALSE
"2026_01_CHI_CAR",4820,"CAR","CHI","pass","(2:00) (Shotgun) 12-K.Pickett pass incomplete short left to 15-Ji.Horn.",-0.381134943338111,FALSE,FALSE,FALSE
"2026_01_CHI_CAR",4850,"CAR","CHI","run","(1:57) (Shotgun) 12-K.Pickett scrambles right end to CHI 32 for 24 yards (31-D.Thieneman).",1.67775175964925,FALSE,FALSE,FALSE
"2026_01_CHI_CAR",4872,"CAR","CHI","run","(1:12) 28-A.Dillon up the middle to CHI 28 for 4 yards (48-D.Jackson; 53-T.Edwards).",-0.19657052133698,FALSE,FALSE,FALSE
"2026_01_CHI_CAR",4894,"CAR","CHI","run","(:34) 28-A.Dillon up the middle to CHI 28 for no gain (97-J.Lynch; 12-D.Bush).",-2.86954482109286,TRUE,FALSE,TRUE
"2026_01_CLE_JAX",63,"CLE","JAX","pass","(14:52) 4-D.Watson pass short middle to 86-B.Whiteheart to JAX 46 for 14 yards (51-V.Miller; 47-D.Gardeck).",1.04551065270789,FALSE,FALSE,FALSE
"2026_01_CLE_JAX",88,"CLE","JAX","run","(14:16) (Shotgun) 10-Q.Judkins up the middle to JAX 42 for 4 yards (91-A.Armstead).",-0.188412868184969,FALSE,FALSE,FALSE
"2026_01_CLE_JAX",110,"CLE","JAX","pass","(13:37) (Shotgun) 4-D.Watson pass short middle to 1-K.Concepcion to JAX 33 for 9 yards (6-A.Johnson).",1.12737767898943,FALSE,FALSE,FALSE
"2026_01_CLE_JAX",135,"CLE","JAX","run","(12:57) (Shotgun) 10-Q.Judkins left end to JAX 28 for 5 yards (29-E.Murray).",0.179087188094854,FALSE,FALSE,FALSE
"2026_01_CLE_JAX",157,"CLE","JAX","pass","(12:17) 4-D.Watson pass short left intended for 3-J.Jeudy INTERCEPTED by 23-F.Oluokun [52-D.Hamilton] at JAX 19. 23-F.Oluokun to JAX 41 for 22 yards (74-E.Jenkins).",-6.36176570842508,TRUE,FALSE,TRUE
"2026_01_CLE_JAX",184,"JAX","CLE","run","(12:06) 33-B.Tuten right tackle to JAX 44 for 3 yards (5-Q.Williams).",-0.227512951241806,FALSE,FALSE,FALSE
"2026_01_CLE_JAX",213,"JAX","CLE","run","(11:32) (Shotgun) 33-B.Tuten up the middle to 50 for 6 yards (21-D.Ward; 33-R.Hickman).",0.44753257301636,FALSE,FALSE,FALSE
"2026_01_CLE_JAX",235,"JAX","CLE","run","(11:06) (No Huddle) 3-J.Meyers left end to CLE 48 for 2 yards (9-G.Delpit; 5-Q.Williams).",0.404034327017143,FALSE,FALSE,FALSE
"2026_01_CLE_JAX",257,"JAX","CLE","run","(10:27) 24-C.Rodriguez left tackle to CLE 44 for 4 yards (94-M.Graham; 57-I.McGuire).",-0.207324431277812,FALSE,FALSE,FALSE
"2026_01_CLE_JAX",279,"JAX","CLE","pass","(9:46) 16-T.Lawrence pass short middle to 11-P.Washington to CLE 33 for 11 yards (7-T.Campbell).",1.09801980515476,FALSE,FALSE,FALSE
"2026_01_CLE_JAX",304,"JAX","CLE","run","(9:05) 24-C.Rodriguez left end to CLE 30 for 3 yards (42-E.Mascarenas-Arnold; 49-C.Schwesinger).",-0.203287501819432,FALSE,FALSE,FALSE
"2026_01_CLE_JAX",326,"JAX","CLE","pass","(8:23) (Shotgun) 16-T.Lawrence pass incomplete deep left [49-C.Schwesinger].",-0.722639906569384,FALSE,FALSE,FALSE
"2026_01_CLE_JAX",349,"JAX","CLE","pass","(8:18) (Shotgun) 16-T.Lawrence pass deep right to 11-P.Washington for 30 yards, TOUCHDOWN [96-M.Collins].",3.94280672585592,FALSE,TRUE,TRUE
"2026_01_CLE_JAX",431,"CLE","JAX","run","(8:05) 10-Q.Judkins left end to CLE 21 for 4 yards (6-A.Johnson).",-0.194974123500288,FALSE,FALSE,FALSE
"2026_01_CLE_JAX",453,"CLE","JAX","run","(7:28) (Shotgun) 10-Q.Judkins right end to CLE 21 for no gain (2-J.Lewis; 92-D.Striggow).",-0.793463407084346,FALSE,FALSE,FALSE
"2026_01_CLE_JAX",475,"CLE","JAX","pass","(6:47) (Shotgun) 4-D.Watson pass incomplete short right to 44-H.Fannin [47-D.Gardeck].",-1.31390058994293,FALSE,FALSE,FALSE
"2026_01_CLE_JAX",524,"JAX","CLE","pass","(6:24) 16-T.Lawrence pass incomplete short right.",-0.567837743088603,FALSE,FALSE,FALSE
"2026_01_CLE_JAX",554,"JAX","CLE","pass","(6:17) (Shotgun) 16-T.Lawrence pass short right to 7-Bri.Thomas ran ob at JAX 36 for 10 yards.",1.31449349969625,FALSE,FALSE,FALSE
"2026_01_CLE_JAX",584,"JAX","CLE","pass","(5:44) (No Huddle, Shotgun) 16-T.Lawrence pass short left to 11-P.Washington pushed ob at JAX 42 for 6 yards (26-M.Harden).",0.14915038482286,FALSE,FALSE,FALSE
"2026_01_CLE_JAX",643,"JAX","CLE","pass","(4:55) (Shotgun) 16-T.Lawrence pass deep right to 7-Bri.Thomas to CLE 36 for 17 yards (21-D.Ward; 49-C.Schwesinger). FUMBLES (21-D.Ward), recovered by JAX-33-B.Tuten at CLE 41.",0.688512726221234,FALSE,FALSE,FALSE
"2026_01_CLE_JAX",708,"JAX","CLE","run","(4:03) 16-T.Lawrence left end to CLE 44 for 2 yards. 16-T.Lawrence pass incomplete short left [49-C.Schwesinger]. PENALTY on JAX-16-T.Lawrence, Illegal Forward Pass, 5 yards, enforced at CLE 44.",-0.754295246908441,FALSE,FALSE,FALSE
"2026_01_CLE_JAX",751,"JAX","CLE","pass","(3:55) (Shotgun) 16-T.Lawrence pass deep left to 11-P.Washington to CLE 27 for 22 yards (33-R.Hickman).",2.339677444892,FALSE,TRUE,TRUE
"2026_01_CLE_JAX",791,"JAX","CLE","pass","(3:14) (No Huddle) 16-T.Lawrence pass deep right to 7-Bri.Thomas to CLE 9 for 18 yards (7-T.Campbell).",0.974142090068199,FALSE,FALSE,FALSE
"2026_01_CLE_JAX",816,"JAX","CLE","run","(2:28) 24-C.Rodriguez up the middle to CLE 4 for 5 yards (49-C.Schwesinger; 54-S.Williams).",0.315187053987756,FALSE,FALSE,FALSE
"2026_01_CLE_JAX",838,"JAX","CLE","pass","(1:47) 16-T.Lawrence pass short middle to 19-J.Cameron for 4 yards, TOUCHDOWN.",1.32747722032946,FALSE,FALSE,FALSE
"2026_01_CLE_JAX",912,"CLE","JAX","pass","(1:42) 4-D.Watson sacked ob at CLE 34 for -1 yards (44-T.Walker).",-0.693320145364851,FALSE,FALSE,FALSE
"2026_01_CLE_JAX",932,"CLE","JAX","pass","(1:09) (Shotgun) 4-D.Watson pass short middle to 10-Q.Judkins pushed ob at CLE 35 for 1 yard (51-V.Miller).",-0.618517454713583,FALSE,FALSE,FALSE
"2026_01_CLE_JAX",962,"CLE","JAX","pass","(:38) (Shotgun) 4-D.Watson sacked at CLE 26 for -9 yards (sack split by 41-J.Hines-Allen and 44-T.Walker). FUMBLES (41-J.Hines-Allen) [41-J.Hines-Allen], and recovers at CLE 27.",-1.78555060969666,TRUE,FALSE,TRUE
"2026_01_CLE_JAX",1037,"JAX","CLE","pass","(14:52) 16-T.Lawrence pass short right to 87-N.Boerkircher to JAX 37 for 9 yards (5-Q.Williams).",0.931658236077055,FALSE,FALSE,FALSE
"2026_01_CLE_JAX",1067,"JAX","CLE","pass","(14:13) 16-T.Lawrence pass incomplete deep right to 11-P.Washington.",-0.56853772350587,FALSE,FALSE,FALSE
"2026_01_CLE_JAX",1090,"JAX","CLE","run","(14:07) (Shotgun) 64-W.Milum reported in as eligible. Direct snap to 24-C.Rodriguez. 24-C.Rodriguez up the middle to JAX 39 for 2 yards (49-C.Schwesinger; 33-R.Hickman).",0.406401398591697,FALSE,FALSE,FALSE
"2026_01_CLE_JAX",1116,"JAX","CLE","run","(13:30) 12-T.Hunter right end to JAX 42 for 3 yards (54-S.Williams; 21-D.Ward).",-0.270126612391323,FALSE,FALSE,FALSE
"2026_01_CLE_JAX",1138,"JAX","CLE","pass","(12:51) (Shotgun) 16-T.Lawrence pass short left to 3-J.Meyers to 50 for 8 yards (7-T.Campbell; 26-M.Harden).",0.944754002382979,FALSE,FALSE,FALSE
"2026_01_CLE_JAX",1163,"JAX","CLE","run","(12:08) 33-B.Tuten left end to CLE 45 for 5 yards (7-T.Campbell; 98-A.Huntington).",-0.0159434324596077,FALSE,FALSE,FALSE
"2026_01_CLE_JAX",1185,"JAX","CLE","run","(11:24) 33-B.Tuten right guard to CLE 38 for 7 yards (33-R.Hickman; 28-E.McNeil-Warren).",0.777084566070698,FALSE,FALSE,FALSE
"2026_01_CLE_JAX",1207,"JAX","CLE","pass","(10:44) 16-T.Lawrence pass incomplete short right to 80-Q.Morris.",-0.527358944877051,FALSE,FALSE,FALSE
"2026_01_CLE_JAX",1230,"JAX","CLE","pass","(10:39) (Shotgun) 16-T.Lawrence pass short left to 12-T.Hunter to CLE 30 for 8 yards (94-M.Graham).",0.334312981576659,FALSE,FALSE,FALSE
"2026_01_CLE_JAX",1255,"JAX","CLE","run","(9:58) (Shotgun) 24-C.Rodriguez up the middle to CLE 29 for 1 yard (57-I.McGuire; 49-C.Schwesinger).",-1.67306082612277,FALSE,FALSE,FALSE
"2026_01_CLE_JAX",1327,"CLE","JAX","run","(8:59) (Shotgun) 10-Q.Judkins up the middle to CLE 40 for 1 yard (91-A.Armstead; 52-D.Hamilton). CLE-77-Z.Johnson was injured during the play.",-0.487849026918411,FALSE,FALSE,FALSE
"2026_01_CLE_JAX",1352,"CLE","JAX","pass","(8:38) 4-D.Watson pass short left to 1-K.Concepcion to CLE 45 for 5 yards (51-V.Miller) [44-T.Walker]. FUMBLES (51-V.Miller), touched at CLE 46, RECOVERED by JAX-41-J.Hines-Allen at CLE 44.",-4.29535513045266,TRUE,FALSE,TRUE
"2026_01_CLE_JAX",1405,"JAX","CLE","run","(8:27) 33-B.Tuten left end to CLE 32 for 12 yards (28-E.McNeil-Warren).",0.787544854567386,FALSE,FALSE,FALSE
"2026_01_CLE_JAX",1427,"JAX","CLE","run","(7:45) 33-B.Tuten right tackle to CLE 28 for 4 yards (33-R.Hickman).",-0.0805895534576848,FALSE,FALSE,FALSE
"2026_01_CLE_JAX",1449,"JAX","CLE","pass","(7:04) (Shotgun) 16-T.Lawrence pass incomplete short middle to 85-B.Strange (9-G.Delpit).",-0.589464889431838,FALSE,FALSE,FALSE
"2026_01_CLE_JAX",1472,"JAX","CLE","pass","(6:58) (No Huddle, Shotgun) 16-T.Lawrence pass short left to 11-P.Washington ran ob at CLE 14 for 14 yards.",1.8011950419168,FALSE,FALSE,FALSE
"2026_01_CLE_JAX",1502,"JAX","CLE","pass","(6:24) (Shotgun) 16-T.Lawrence pass short middle to 85-B.Strange for 14 yards, TOUCHDOWN.",2.12886040459853,FALSE,FALSE,FALSE
"2026_01_CLE_JAX",1573,"CLE","JAX","run","(6:11) (Shotgun) 1-K.Concepcion left end to CLE 43 for 8 yards (27-C.Ransaw). ** Injury Update: CLE-77-Z.Johnson has returned to the game.",0.584061073837802,FALSE,FALSE,FALSE
"2026_01_CLE_JAX",1595,"CLE","JAX","run","(5:38) (Shotgun) 4-D.Watson left end to CLE 46 for 3 yards (51-V.Miller).",0.0982184635940939,FALSE,FALSE,FALSE
"2026_01_CLE_JAX",1620,"CLE","JAX","pass","(4:59) 4-D.Watson pass incomplete deep middle to 1-K.Concepcion (44-T.Walker).",-0.809338915976696,FALSE,FALSE,FALSE
"2026_01_CLE_JAX",1643,"CLE","JAX","pass","(4:52) (Shotgun) 4-D.Watson pass incomplete short right to 3-J.Jeudy.",-0.696915322216228,FALSE,FALSE,FALSE
"2026_01_CLE_JAX",1673,"CLE","JAX","run","(4:47) (Shotgun) 4-D.Watson scrambles right end to 50 for 4 yards (23-F.Oluokun).",-1.01473447796889,FALSE,FALSE,FALSE
"2026_01_CLE_JAX",1715,"JAX","CLE","run","(3:54) 20-A.Abdullah right guard to JAX 24 for 11 yards (28-E.McNeil-Warren; 33-R.Hickman).",0.511553554795682,FALSE,FALSE,FALSE
"2026_01_CLE_JAX",1744,"JAX","CLE","run","(3:18) 20-A.Abdullah left tackle to JAX 33 for 9 yards (8-J.Verse).",0.679155800957233,FALSE,FALSE,FALSE
"2026_01_CLE_JAX",1766,"JAX","CLE","run","(2:35) 20-A.Abdullah left tackle to JAX 33 for no gain (7-T.Campbell).",-0.452123629744165,FALSE,FALSE,FALSE
"2026_01_CLE_JAX",1788,"JAX","CLE","pass","(2:00) 16-T.Lawrence sacked at JAX 22 for -11 yards (94-M.Graham). ** Injury Update: JAX-7-Bri.Thomas has returned to the game.",-2.00174262234941,TRUE,FALSE,TRUE
"2026_01_CLE_JAX",1851,"CLE","JAX","pass","(1:32) (Shotgun) 4-D.Watson pass short left to 3-J.Jeudy to 50 for 20 yards (27-C.Ransaw; 23-F.Oluokun).",0.808282524114475,FALSE,FALSE,FALSE
"2026_01_CLE_JAX",1876,"CLE","JAX","pass","(1:14) (No Huddle, Shotgun) 4-D.Watson pass short right to 23-R.Sanders to JAX 39 for 11 yards (6-A.Johnson).",0.496843194880057,FALSE,FALSE,FALSE
"2026_01_CLE_JAX",1983,"CLE","JAX","pass","(:44) (Shotgun) 4-D.Watson pass short left to 3-J.Jeudy pushed ob at CLE 47 for 6 yards (23-F.Oluokun).",0.162984081194736,FALSE,FALSE,FALSE
"2026_01_CLE_JAX",2046,"CLE","JAX","pass","(:31) (Shotgun) 4-D.Watson pass short left to 23-R.Sanders to CLE 46 for 9 yards (27-C.Ransaw).",-0.149196367536206,FALSE,FALSE,FALSE
"2026_01_CLE_JAX",2071,"CLE","JAX","pass","(:08) (No Huddle, Shotgun) 4-D.Watson pass incomplete deep left to 12-D.Boston.",-0.260196085029747,FALSE,FALSE,FALSE
"2026_01_CLE_JAX",2142,"JAX","CLE","run","(14:53) 33-B.Tuten left end pushed ob at 50 for 10 yards (49-C.Schwesinger).",0.649881262565032,FALSE,FALSE,FALSE
"2026_01_CLE_JAX",2188,"JAX","CLE","pass","(14:05) (Shotgun) 16-T.Lawrence pass short left to 33-B.Tuten to CLE 23 for 22 yards (9-G.Delpit).",1.26137215935159,FALSE,FALSE,FALSE
"2026_01_CLE_JAX",2223,"JAX","CLE","run","(13:19) (Shotgun) 33-B.Tuten left guard to CLE 27 for -4 yards (94-M.Graham, 7-T.Campbell).",-1.26055192155764,FALSE,FALSE,FALSE
"2026_01_CLE_JAX",2269,"JAX","CLE","pass","(12:18) (Shotgun) 16-T.Lawrence pass deep left to 3-J.Meyers for 32 yards, TOUCHDOWN.",3.79799138440285,FALSE,TRUE,TRUE
"2026_01_CLE_JAX",2340,"CLE","JAX","run","(11:59) 10-Q.Judkins left end to JAX 24 for -1 yards (51-V.Miller).",-0.773887379211374,FALSE,FALSE,FALSE
"2026_01_CLE_JAX",2362,"CLE","JAX","pass","(11:20) (Shotgun) 4-D.Watson pass short right to 1-K.Concepcion to JAX 20 for 4 yards (12-T.Hunter).",-0.192897362401709,FALSE,FALSE,FALSE
"2026_01_CLE_JAX",2387,"CLE","JAX","run","(10:40) (Shotgun) 4-D.Watson scrambles left tackle ran ob at JAX 11 for 9 yards (27-C.Ransaw).",1.49916485988069,FALSE,FALSE,FALSE
"2026_01_CLE_JAX",2419,"CLE","JAX","run","(10:08) (Shotgun) 4-D.Watson left guard to JAX 5 for 6 yards (51-V.Miller).",0.346276905678678,FALSE,FALSE,FALSE
"2026_01_CLE_JAX",2441,"CLE","JAX","run","(9:26) 10-Q.Judkins up the middle to JAX 3 for 2 yards (41-J.Hines-Allen; 99-R.Orhorhoro).",-0.388773373677395,FALSE,FALSE,FALSE
"2026_01_CLE_JAX",2487,"CLE","JAX","pass","(8:38) (Shotgun) 4-D.Watson pass incomplete short left to 12-D.Boston.",-1.14963255461113,FALSE,FALSE,FALSE
"2026_01_CLE_JAX",2560,"JAX","CLE","pass","(8:27) (Shotgun) 16-T.Lawrence pass short left to 85-B.Strange to JAX 40 for 9 yards (7-T.Campbell; 98-A.Huntington).",0.843987883301452,FALSE,FALSE,FALSE
"2026_01_CLE_JAX",2585,"JAX","CLE","run","(7:50) 33-B.Tuten right tackle to JAX 40 for no gain (54-S.Williams; 42-E.Mascarenas-Arnold).",-0.589073500595987,FALSE,FALSE,FALSE
"2026_01_CLE_JAX",2607,"JAX","CLE","run","(7:09) 64-W.Milum reported in as eligible. 16-T.Lawrence up the middle to JAX 41 for 1 yard (49-C.Schwesinger).",0.35525253880769,FALSE,FALSE,FALSE
"2026_01_CLE_JAX",2631,"JAX","CLE","run","(6:29) 24-C.Rodriguez up the middle to JAX 49 for 8 yards (5-Q.Williams).",0.597656201571226,FALSE,FALSE,FALSE
"2026_01_CLE_JAX",2653,"JAX","CLE","pass","(5:45) 16-T.Lawrence pass short right to 19-J.Cameron pushed ob at CLE 35 for 16 yards (21-D.Ward).",0.86816824041307,FALSE,FALSE,FALSE
"2026_01_CLE_JAX",2683,"JAX","CLE","run","(5:06) 33-B.Tuten left end to CLE 23 for 12 yards (33-R.Hickman).",0.850516293663532,FALSE,FALSE,FALSE
"2026_01_CLE_JAX",2705,"JAX","CLE","run","(4:19) 33-B.Tuten right guard to CLE 24 for -1 yards (49-C.Schwesinger, 8-J.Verse).",-0.759326310362667,FALSE,FALSE,FALSE
"2026_01_CLE_JAX",2760,"JAX","CLE","pass","(3:15) (Shotgun) 16-T.Lawrence pass short right to 20-A.Abdullah to CLE 34 for no gain (94-M.Graham; 21-D.Ward).",-0.747522654477507,FALSE,FALSE,FALSE
"2026_01_CLE_JAX",2785,"JAX","CLE","run","(2:31) (Shotgun) 20-A.Abdullah up the middle to CLE 22 for 12 yards (33-R.Hickman; 49-C.Schwesinger).",0.281220775758648,FALSE,FALSE,FALSE
"2026_01_CLE_JAX",2868,"CLE","JAX","pass","(1:39) 4-D.Watson pass short right to 44-H.Fannin to CLE 24 for 9 yards (92-D.Striggow).",0.48203304503113,FALSE,FALSE,FALSE
"2026_01_CLE_JAX",2893,"CLE","JAX","pass","(:50) 4-D.Watson pass short left to 44-H.Fannin to CLE 36 for 12 yards (23-F.Oluokun) [93-M.Dickerson].",0.647955679800361,FALSE,FALSE,FALSE
"2026_01_CLE_JAX",2925,"CLE","JAX","pass","(:07) 4-D.Watson sacked at CLE 32 for -4 yards (51-V.Miller).",-1.08252678439021,FALSE,FALSE,FALSE
"2026_01_CLE_JAX",2965,"CLE","JAX","pass","(15:00) (Shotgun) 4-D.Watson pass deep right to 1-K.Concepcion to JAX 43 for 25 yards (2-J.Lewis).",2.36632050783373,FALSE,TRUE,TRUE
"2026_01_CLE_JAX",2990,"CLE","JAX","run","(14:17) 1-K.Concepcion left end to JAX 46 for -3 yards (1-M.Brown).",-0.984393395250663,FALSE,FALSE,FALSE
"2026_01_CLE_JAX",3012,"CLE","JAX","pass","(13:36) (Shotgun) 4-D.Watson pass short left to 12-D.Boston to JAX 33 for 13 yards (1-M.Brown).",1.83520619338378,FALSE,FALSE,FALSE
"2026_01_CLE_JAX",3037,"CLE","JAX","run","(12:55) (Shotgun) 10-Q.Judkins right guard to JAX 30 for 3 yards (51-V.Miller; 52-D.Hamilton).",-0.193078032461926,FALSE,FALSE,FALSE
"2026_01_CLE_JAX",3059,"CLE","JAX","pass","(12:15) (Shotgun) 4-D.Watson pass short left to 23-R.Sanders to JAX 25 for 5 yards (2-J.Lewis; 50-B.Combs).",0.163808235432953,FALSE,FALSE,FALSE
"2026_01_CLE_JAX",3084,"CLE","JAX","run","(11:29) (Shotgun) 23-R.Sanders up the middle to JAX 24 for 1 yard (41-J.Hines-Allen).",-0.754164027050138,FALSE,FALSE,FALSE
"2026_01_CLE_JAX",3130,"CLE","JAX","run","(10:50) (Shotgun) 4-D.Watson scrambles left end to JAX 21 for 8 yards (27-C.Ransaw, 47-D.Gardeck). FUMBLES (47-D.Gardeck), RECOVERED by JAX-91-A.Armstead at JAX 22. 91-A.Armstead to JAX 24 for 2 yards (44-H.Fannin). The Replay Official reviewed the runner was not down by contact ruling, and the play was REVERSED. (Shotgun) 4-D.Watson scrambles left end to JAX 22 for 7 yards (27-C.Ransaw).",2.58947864500806,FALSE,TRUE,TRUE
"2026_01_CLE_JAX",3168,"CLE","JAX","run","(10:28) 10-Q.Judkins up the middle to JAX 18 for 4 yards (41-J.Hines-Allen; 93-M.Dickerson).",-0.103200002107769,FALSE,FALSE,FALSE
"2026_01_CLE_JAX",3240,"CLE","JAX","run","(9:45) 10-Q.Judkins right guard to JAX 15 for 3 yards (6-A.Johnson; 51-V.Miller).",-0.219572487636469,FALSE,FALSE,FALSE
"2026_01_CLE_JAX",3262,"CLE","JAX","pass","(9:06) (Shotgun) 4-D.Watson sacked at JAX 16 for -1 yards (41-J.Hines-Allen).",-1.38391352805775,FALSE,FALSE,FALSE
"2026_01_CLE_JAX",3282,"CLE","JAX","pass","(8:22) (Shotgun) 4-D.Watson sacked at JAX 22 for -6 yards (50-B.Combs).",-3.67466900742147,TRUE,FALSE,TRUE
"2026_01_CLE_JAX",3302,"JAX","CLE","run","(8:12) 33-B.Tuten left tackle to JAX 29 for 7 yards (9-G.Delpit; 49-C.Schwesinger).",0.508507466409355,FALSE,FALSE,FALSE
"2026_01_CLE_JAX",3355,"JAX","CLE","run","(7:10) 33-B.Tuten right tackle to JAX 40 for 6 yards (8-J.Verse).",0.250439477618784,FALSE,FALSE,FALSE
"2026_01_CLE_JAX",3377,"JAX","CLE","run","(6:24) 33-B.Tuten up the middle to JAX 39 for -1 yards (8-J.Verse).",-0.994643497979268,FALSE,FALSE,FALSE
"2026_01_CLE_JAX",3399,"JAX","CLE","run","(5:39) (Shotgun) 33-B.Tuten right tackle to JAX 39 for no gain (54-S.Williams).",-1.43269248772413,FALSE,FALSE,FALSE
"2026_01_CLE_JAX",3441,"CLE","JAX","run","(4:39) 1-K.Concepcion right end to CLE 21 for 10 yards (27-C.Ransaw).",0.479007733054459,FALSE,FALSE,FALSE
"2026_01_CLE_JAX",3470,"CLE","JAX","run","(4:03) (Shotgun) 4-D.Watson up the middle to CLE 30 for 9 yards (50-B.Combs).",0.689980122609995,FALSE,FALSE,FALSE
"2026_01_CLE_JAX",3492,"CLE","JAX","run","(3:22) (Shotgun) 10-Q.Judkins left guard to CLE 33 for 3 yards (98-A.Regis; 31-J.Tavai).",0.227377378963865,FALSE,FALSE,FALSE
"2026_01_CLE_JAX",3514,"CLE","JAX","pass","(2:44) 4-D.Watson pass short right to 10-Q.Judkins ran ob at CLE 49 for 16 yards (31-J.Tavai).",0.751890880346764,FALSE,FALSE,FALSE
"2026_01_CLE_JAX",3544,"CLE","JAX","run","(2:35) (Shotgun) 10-Q.Judkins left guard to JAX 46 for 5 yards (47-D.Gardeck).",0.20962748513557,FALSE,FALSE,FALSE
"2026_01_CLE_JAX",3566,"CLE","JAX","pass","(2:00) (Shotgun) 4-D.Watson pass deep middle to 12-D.Boston for 46 yards, TOUCHDOWN.",4.74445131182438,FALSE,TRUE,TRUE
"2026_01_DAL_NYG",62,"DAL","NYG","run","(14:54) 33-J.Williams left guard to DAL 29 for 1 yard (3-A.Carter; 98-D.Reader).",-0.374430892523378,FALSE,FALSE,FALSE
"2026_01_DAL_NYG",84,"DAL","NYG","pass","(14:18) (Shotgun) 4-D.Prescott pass incomplete deep left to 88-C.Lamb.",-0.785034757573158,FALSE,FALSE,FALSE
"2026_01_DAL_NYG",107,"DAL","NYG","pass","(14:14) (Shotgun) 4-D.Prescott pass short right to 3-G.Pickens to DAL 37 for 8 yards (20-G.Newsome). The ball spot was assisted by replay.",-0.292976391036063,FALSE,FALSE,FALSE
"2026_01_DAL_NYG",180,"NYG","DAL","run","(12:53) 44-C.Skattebo right tackle to NYG 22 for 5 yards (97-K.Clark).",-0.251698657404631,FALSE,FALSE,FALSE
"2026_01_DAL_NYG",202,"NYG","DAL","run","(12:12) 26-D.Singletary left tackle to NYG 26 for 4 yards (6-D.Ezeiruaku).",0.504360663238913,FALSE,FALSE,FALSE
"2026_01_DAL_NYG",224,"NYG","DAL","run","(11:34) 6-J.Dart up the middle to NYG 27 for 1 yard (0-D.Overshown; 91-O.Ogbonnia).",0.402599351014942,FALSE,FALSE,FALSE
"2026_01_DAL_NYG",246,"NYG","DAL","pass","(10:49) (Shotgun) 6-J.Dart pass short left to 1-M.Nabers to NYG 36 for 9 yards (26-D.Bland).",0.890161223243922,FALSE,FALSE,FALSE
"2026_01_DAL_NYG",304,"NYG","DAL","pass","(9:43) 6-J.Dart pass incomplete short middle to 45-P.Ricard (99-L.Overton).",-0.495520856464282,FALSE,FALSE,FALSE
"2026_01_DAL_NYG",327,"NYG","DAL","run","(9:38) (Shotgun) 6-J.Dart left end ran ob at DAL 37 for 22 yards (0-D.Overshown). PENALTY on DAL-0-D.Overshown, Unnecessary Roughness, 15 yards, enforced at DAL 37.",2.88190243497957,FALSE,TRUE,TRUE
"2026_01_DAL_NYG",370,"NYG","DAL","run","(9:05) 26-D.Singletary right tackle to DAL 19 for 3 yards (57-M.Lawrence; 34-J.Thompson).",-0.311105340369977,FALSE,FALSE,FALSE
"2026_01_DAL_NYG",392,"NYG","DAL","run","(8:19) 44-C.Skattebo right guard to DAL 16 for 3 yards (0-D.Overshown; 26-D.Bland).",-0.303135802561883,FALSE,FALSE,FALSE
"2026_01_DAL_NYG",414,"NYG","DAL","pass","(7:32) (Shotgun) 6-J.Dart pass short middle to 9-I.Likely to DAL 3 for 13 yards (24-M.Hooker).",2.03687417370384,FALSE,FALSE,FALSE
"2026_01_DAL_NYG",446,"NYG","DAL","run","(6:45) (Shotgun) 44-C.Skattebo left end for 3 yards, TOUCHDOWN.",0.77871419096482,FALSE,FALSE,FALSE
"2026_01_DAL_NYG",525,"DAL","NYG","run","(6:35) (Shotgun) 33-J.Williams right tackle to DAL 16 for 5 yards (52-A.Reese).",0.0347556876949966,FALSE,FALSE,FALSE
"2026_01_DAL_NYG",547,"DAL","NYG","run","(6:05) 67-D.Shelton reported in as eligible. 88-C.Lamb left end to DAL 16 for no gain (22-A.Phillips).",-0.837553194956854,FALSE,FALSE,FALSE
"2026_01_DAL_NYG",571,"DAL","NYG","pass","(5:23) (Shotgun) 4-D.Prescott pass short right to 3-G.Pickens to DAL 25 for 9 yards (22-A.Phillips).",1.82639997452497,FALSE,FALSE,FALSE
"2026_01_DAL_NYG",596,"DAL","NYG","pass","(4:48) 4-D.Prescott pass short right to 89-B.Spann-Ford pushed ob at DAL 33 for 8 yards (52-A.Reese).",0.573565342463553,FALSE,FALSE,FALSE
"2026_01_DAL_NYG",626,"DAL","NYG","run","(4:11) 33-J.Williams up the middle to DAL 33 for no gain (3-A.Carter; 5-K.Thibodeaux).",-0.75456172390841,FALSE,FALSE,FALSE
"2026_01_DAL_NYG",648,"DAL","NYG","run","(3:28) (Shotgun) 33-J.Williams up the middle to DAL 37 for 4 yards (57-C.Golston).",0.927398849278688,FALSE,FALSE,FALSE
"2026_01_DAL_NYG",670,"DAL","NYG","pass","(2:59) 4-D.Prescott pass incomplete deep left.",-0.483083699829876,FALSE,FALSE,FALSE
"2026_01_DAL_NYG",693,"DAL","NYG","pass","(2:52) (Shotgun) 4-D.Prescott pass short right to 89-B.Spann-Ford to DAL 43 for 6 yards (49-T.Edmunds).",-0.0567021742463112,FALSE,FALSE,FALSE
"2026_01_DAL_NYG",718,"DAL","NYG","pass","(2:11) (Shotgun) 4-D.Prescott pass incomplete deep right to 3-G.Pickens [52-A.Reese]. Penalty on DAL, Illegal Shift, declined.",-1.59337751381099,FALSE,FALSE,FALSE
"2026_01_DAL_NYG",772,"NYG","DAL","run","(1:59) 44-C.Skattebo up the middle to NYG 16 for 5 yards (99-L.Overton; 34-J.Thompson).",0.0341301555745304,FALSE,FALSE,FALSE
"2026_01_DAL_NYG",801,"NYG","DAL","run","(1:18) 29-T.Tracy left tackle to NYG 22 for 6 yards (7-R.Gary; 90-J.Bullard).",0.493690176634118,FALSE,FALSE,FALSE
"2026_01_DAL_NYG",823,"NYG","DAL","pass","(:33) 6-J.Dart pass incomplete short right to 1-M.Nabers (2-C.Durant) [7-R.Gary].",-0.566684918943793,FALSE,FALSE,FALSE
"2026_01_DAL_NYG",846,"NYG","DAL","pass","(:28) (Shotgun) 6-J.Dart pass short middle to 9-I.Likely to NYG 29 for 7 yards (6-D.Ezeiruaku; 34-J.Thompson). FUMBLES (6-D.Ezeiruaku), recovered by NYG-45-P.Ricard at NYG 31.",0.946799297584221,FALSE,FALSE,FALSE
"2026_01_DAL_NYG",931,"NYG","DAL","run","(15:00) 44-C.Skattebo left end to NYG 37 for 1 yard (91-O.Ogbonnia).",-0.599751976551488,FALSE,FALSE,FALSE
"2026_01_DAL_NYG",953,"NYG","DAL","pass","(14:13) (Shotgun) 6-J.Dart pass short right to 1-M.Nabers to NYG 44 for 7 yards (13-C.Downs).",0.295584771316499,FALSE,FALSE,FALSE
"2026_01_DAL_NYG",978,"NYG","DAL","run","(13:31) 44-C.Skattebo right tackle to NYG 44 for no gain (97-K.Clark).",-1.69664131850004,FALSE,FALSE,FALSE
"2026_01_DAL_NYG",1044,"DAL","NYG","run","(12:28) (Shotgun) 4-D.Prescott scrambles up the middle to DAL 25 for 10 yards (0-B.Burns).",0.706845054635778,FALSE,FALSE,FALSE
"2026_01_DAL_NYG",1073,"DAL","NYG","run","(11:50) 67-D.Shelton reported in as eligible. 33-J.Williams left tackle to DAL 30 for 5 yards (27-T.Nubin).",0.0193192556034774,FALSE,FALSE,FALSE
"2026_01_DAL_NYG",1097,"DAL","NYG","run","(11:06) (Shotgun) 4-D.Prescott scrambles right tackle to DAL 34 for 4 yards (20-G.Newsome; 49-T.Edmunds).",0.229691688669845,FALSE,FALSE,FALSE
"2026_01_DAL_NYG",1186,"DAL","NYG","run","(9:50) (Shotgun) 33-J.Williams left guard to NYG 35 for 3 yards (0-B.Burns).",-0.283941407804377,FALSE,FALSE,FALSE
"2026_01_DAL_NYG",1208,"DAL","NYG","pass","(9:13) (Shotgun) 4-D.Prescott pass short left to 9-K.Turpin to NYG 27 for 8 yards (2-D.Banks).",0.933485899469815,FALSE,FALSE,FALSE
"2026_01_DAL_NYG",1233,"DAL","NYG","run","(8:33) (Shotgun) 31-E.Demercado left guard to NYG 23 for 4 yards (99-B.Okoye; 57-C.Golston).",-0.0780851292656735,FALSE,FALSE,FALSE
"2026_01_DAL_NYG",1291,"DAL","NYG","pass","(7:26) (Shotgun) 4-D.Prescott pass short left to 86-L.Schoonmaker to NYG 21 for 12 yards (27-T.Nubin).",0.869711147621274,FALSE,FALSE,FALSE
"2026_01_DAL_NYG",1350,"DAL","NYG","run","(6:38) 33-J.Williams right guard to NYG 1 for 1 yard (98-D.Reader).",-0.046305185649544,FALSE,FALSE,FALSE
"2026_01_DAL_NYG",1372,"DAL","NYG","run","(5:59) (Shotgun) 33-J.Williams right tackle for 1 yard, TOUCHDOWN. The Replay Official reviewed the runner broke the plane ruling, and the play was REVERSED. (Shotgun) 33-J.Williams right tackle to NYG 1 for no gain (49-T.Edmunds).",-0.391934891988058,FALSE,FALSE,FALSE
"2026_01_DAL_NYG",1422,"DAL","NYG","pass","(5:48) (Shotgun) 4-D.Prescott pass short left to 88-C.Lamb for 1 yard, TOUCHDOWN.",1.24799629399786,FALSE,FALSE,FALSE
"2026_01_DAL_NYG",1504,"NYG","DAL","run","(5:38) 6-J.Dart left end ran ob at NYG 31 for 16 yards (55-J.Barham).",1.01554440497421,FALSE,FALSE,FALSE
"2026_01_DAL_NYG",1531,"NYG","DAL","pass","(5:01) (Shotgun) 6-J.Dart sacked at NYG 31 for 0 yards (sack split by 6-D.Ezeiruaku and 90-J.Bullard).",-0.36937293887604,FALSE,FALSE,FALSE
"2026_01_DAL_NYG",1553,"NYG","DAL","pass","(4:19) (Shotgun) 6-J.Dart pass incomplete deep left to 88-M.Fields [6-D.Ezeiruaku].",-0.614028684096411,FALSE,FALSE,FALSE
"2026_01_DAL_NYG",1576,"NYG","DAL","pass","(4:14) (Shotgun) 6-J.Dart pass short left to 9-I.Likely pushed ob at 50 for 19 yards (28-S.Revel) [92-Q.Williams].",2.04090598813491,FALSE,FALSE,FALSE
"2026_01_DAL_NYG",1606,"NYG","DAL","run","(3:39) 26-D.Singletary left tackle to DAL 47 for 3 yards (91-O.Ogbonnia).",-0.13254378491547,FALSE,FALSE,FALSE
"2026_01_DAL_NYG",1628,"NYG","DAL","pass","(3:01) 6-J.Dart pass short left to 88-M.Fields pushed ob at DAL 28 for 19 yards (53-D.Winters).",1.4869617796503,FALSE,FALSE,FALSE
"2026_01_DAL_NYG",1658,"NYG","DAL","pass","(2:36) (No Huddle, Shotgun) 6-J.Dart sacked at DAL 36 for -8 yards (13-C.Downs). FUMBLES (13-C.Downs) [13-C.Downs], recovered by NYG-76-J.Runyan at DAL 34. 76-J.Runyan to DAL 29 for 5 yards (53-D.Winters).",-0.55620632407954,FALSE,FALSE,FALSE
"2026_01_DAL_NYG",1688,"NYG","DAL","run","(2:00) (Shotgun) 29-T.Tracy left end to DAL 21 for 8 yards (92-Q.Williams). FUMBLES (92-Q.Williams), RECOVERED by DAL-28-S.Revel at DAL 19. 28-S.Revel to DAL 16 for -3 yards (78-A.Thomas).",-3.18313819996547,TRUE,FALSE,TRUE
"2026_01_DAL_NYG",1733,"DAL","NYG","run","(1:50) 33-J.Williams right guard to DAL 22 for 6 yards (52-A.Reese).",0.269170408369973,FALSE,FALSE,FALSE
"2026_01_DAL_NYG",1769,"DAL","NYG","pass","(1:24) (Shotgun) 4-D.Prescott pass incomplete deep right to 3-G.Pickens.",-0.272685002768412,FALSE,FALSE,FALSE
"2026_01_DAL_NYG",1793,"DAL","NYG","pass","(1:18) (Shotgun) 4-D.Prescott pass short left to 88-C.Lamb pushed ob at DAL 31 for 9 yards (5-K.Thibodeaux).",0.670236457255669,FALSE,FALSE,FALSE
"2026_01_DAL_NYG",1823,"DAL","NYG","pass","(1:13) (No Huddle, Shotgun) 4-D.Prescott pass incomplete deep left [5-K.Thibodeaux].",-0.139219211647287,FALSE,FALSE,FALSE
"2026_01_DAL_NYG",1846,"DAL","NYG","pass","(1:07) (Shotgun) 4-D.Prescott pass short left to 19-R.Flournoy to DAL 36 for 5 yards (2-D.Banks).",-0.161240986082703,FALSE,FALSE,FALSE
"2026_01_DAL_NYG",1871,"DAL","NYG","pass","(:58) (Shotgun) 4-D.Prescott pass deep right INTERCEPTED by 8-J.Holland at NYG 45. 8-J.Holland ran ob at NYG 45 for no gain.",-1.9749853774556,TRUE,FALSE,TRUE
"2026_01_DAL_NYG",1910,"NYG","DAL","pass","(:49) (Shotgun) 6-J.Dart pass incomplete short left to 1-M.Nabers.",-0.182106687163468,FALSE,FALSE,FALSE
"2026_01_DAL_NYG",1940,"NYG","DAL","pass","(:45) (Shotgun) 6-J.Dart pass short left to 88-M.Fields to DAL 49 for 6 yards (26-D.Bland).",0.183319094823673,FALSE,FALSE,FALSE
"2026_01_DAL_NYG",1996,"NYG","DAL","pass","(:40) (Shotgun) 6-J.Dart pass deep left to 1-M.Nabers ran ob at DAL 38 for 16 yards.",1.67429933114909,FALSE,FALSE,FALSE
"2026_01_DAL_NYG",2026,"NYG","DAL","pass","(:35) (Shotgun) 6-J.Dart pass deep right to 17-D.Mooney ran ob at DAL 20 for 18 yards.",1.29534606775269,FALSE,FALSE,FALSE
"2026_01_DAL_NYG",2056,"NYG","DAL","pass","(:31) (Shotgun) 6-J.Dart pass short right to 9-I.Likely pushed ob at DAL 15 for 5 yards (53-D.Winters).",0.168738031119574,FALSE,FALSE,FALSE
"2026_01_DAL_NYG",2086,"NYG","DAL","pass","(:25) (Shotgun) 6-J.Dart pass short right to 9-I.Likely for 15 yards, TOUCHDOWN.",2.99206600856269,FALSE,TRUE,TRUE
"2026_01_DAL_NYG",2150,"DAL","NYG","pass","(:14) (Shotgun) 4-D.Prescott pass short right to 87-J.Ferguson to DAL 38 for 6 yards (49-T.Edmunds).",0.0526059701514896,FALSE,FALSE,FALSE
"2026_01_DAL_NYG",2183,"DAL","NYG","pass","(:09) (Shotgun) 4-D.Prescott pass incomplete short left to 19-R.Flournoy (2-D.Banks).",-0.0681919342896435,FALSE,FALSE,FALSE
"2026_01_DAL_NYG",2213,"DAL","NYG","run","(:03) (Shotgun) 30-H.Luepke up the middle to DAL 45 for 7 yards (57-C.Golston).",-0.0715115060447715,FALSE,FALSE,FALSE
"2026_01_DAL_NYG",2278,"NYG","DAL","run","(14:55) 44-C.Skattebo left tackle to NYG 31 for 5 yards (6-D.Ezeiruaku; 0-D.Overshown).",0.046939617022872,FALSE,FALSE,FALSE
"2026_01_DAL_NYG",2300,"NYG","DAL","run","(14:16) (Shotgun) 44-C.Skattebo right guard to NYG 38 for 7 yards (2-C.Durant; 34-J.Thompson).",0.766314896987751,FALSE,FALSE,FALSE
"2026_01_DAL_NYG",2335,"NYG","DAL","pass","(13:41) 6-J.Dart pass short left to 84-T.Johnson to NYG 47 for 9 yards (34-J.Thompson).",0.858728714752942,FALSE,FALSE,FALSE
"2026_01_DAL_NYG",2361,"NYG","DAL","run","(12:53) 44-C.Skattebo left guard to DAL 46 for 7 yards (6-D.Ezeiruaku).",0.0854614733252674,FALSE,FALSE,FALSE
"2026_01_DAL_NYG",2383,"NYG","DAL","run","(12:08) 26-D.Singletary left guard to DAL 45 for 1 yard (13-C.Downs; 92-Q.Williams).",-0.500728812301531,FALSE,FALSE,FALSE
"2026_01_DAL_NYG",2405,"NYG","DAL","pass","(11:25) 6-J.Dart pass short middle to 1-M.Nabers to DAL 29 for 16 yards (13-C.Downs).",1.52050329605117,FALSE,FALSE,FALSE
"2026_01_DAL_NYG",2430,"NYG","DAL","run","(10:37) 26-D.Singletary up the middle to DAL 27 for 2 yards (91-O.Ogbonnia; 0-D.Overshown).",-0.376134125632234,FALSE,FALSE,FALSE
"2026_01_DAL_NYG",2452,"NYG","DAL","pass","(9:55) (Shotgun) 6-J.Dart pass short middle to 17-D.Mooney to DAL 18 for 9 yards (53-D.Winters).",1.13780689804116,FALSE,FALSE,FALSE
"2026_01_DAL_NYG",2477,"NYG","DAL","run","(9:13) 44-C.Skattebo left tackle to DAL 17 for 1 yard (6-D.Ezeiruaku; 0-D.Overshown).",-0.469114383507986,FALSE,FALSE,FALSE
"2026_01_DAL_NYG",2506,"NYG","DAL","pass","(8:28) (Shotgun) 6-J.Dart pass short middle to 1-M.Nabers to DAL 4 for 13 yards (34-J.Thompson).",1.53485097707016,FALSE,FALSE,FALSE
"2026_01_DAL_NYG",2531,"NYG","DAL","run","(7:44) (Shotgun) 44-C.Skattebo left tackle to DAL 2 for 2 yards (13-C.Downs; 6-D.Ezeiruaku).",-0.0590560401324183,FALSE,FALSE,FALSE
"2026_01_DAL_NYG",2553,"NYG","DAL","pass","(7:04) 6-J.Dart pass short right to 9-I.Likely for 2 yards, TOUCHDOWN.",0.941436075314414,FALSE,FALSE,FALSE
"2026_01_DAL_NYG",2624,"DAL","NYG","pass","(6:53) (Shotgun) 4-D.Prescott pass incomplete short left to 19-R.Flournoy.",-0.573022356722504,FALSE,FALSE,FALSE
"2026_01_DAL_NYG",2647,"DAL","NYG","pass","(6:51) (Shotgun) 4-D.Prescott pass short right to 88-C.Lamb to DAL 38 for 13 yards (49-T.Edmunds).",1.38239621068351,FALSE,FALSE,FALSE
"2026_01_DAL_NYG",2672,"DAL","NYG","pass","(6:18) 4-D.Prescott pass incomplete short right [3-A.Carter].",-0.53010086202994,FALSE,FALSE,FALSE
"2026_01_DAL_NYG",2695,"DAL","NYG","pass","(6:13) (Shotgun) 4-D.Prescott pass short left to 3-G.Pickens to DAL 49 for 11 yards (2-D.Banks).",1.40756565704942,FALSE,FALSE,FALSE
"2026_01_DAL_NYG",2720,"DAL","NYG","run","(5:34) (Shotgun) 33-J.Williams up the middle to NYG 44 for 7 yards (27-T.Nubin).",0.346985158743337,FALSE,FALSE,FALSE
"2026_01_DAL_NYG",2742,"DAL","NYG","pass","(4:53) (Shotgun) 4-D.Prescott pass short right to 33-J.Williams to NYG 34 for 10 yards (52-A.Reese).",0.832148749264888,FALSE,FALSE,FALSE
"2026_01_DAL_NYG",2767,"DAL","NYG","run","(4:13) (Shotgun) 33-J.Williams up the middle to NYG 26 for 8 yards (8-J.Holland).",0.715240965713747,FALSE,FALSE,FALSE
"2026_01_DAL_NYG",2823,"DAL","NYG","run","(3:31) 67-D.Shelton reported in as eligible. 31-E.Demercado up the middle to NYG 12 for 3 yards (49-T.Edmunds).",-0.24225923063932,FALSE,FALSE,FALSE
"2026_01_DAL_NYG",2847,"DAL","NYG","pass","(2:47) (Shotgun) 4-D.Prescott pass short right to 33-J.Williams to NYG 17 for -5 yards (52-A.Reese, 3-A.Carter).",-1.36649292689981,FALSE,FALSE,FALSE
"2026_01_DAL_NYG",2872,"DAL","NYG","pass","(1:59) (Shotgun) 4-D.Prescott pass short left to 88-C.Lamb to NYG 2 for 15 yards (21-P.Adebo).",3.0064836172387,FALSE,TRUE,TRUE
"2026_01_DAL_NYG",2931,"DAL","NYG","pass","(1:25) 4-D.Prescott pass short right to 87-J.Ferguson to NYG 1 for no gain (49-T.Edmunds).",-0.26308359374525,FALSE,FALSE,FALSE
"2026_01_DAL_NYG",2956,"DAL","NYG","run","(:41) 33-J.Williams right tackle for 1 yard, TOUCHDOWN.",0.925116025144234,FALSE,FALSE,FALSE
"2026_01_DAL_NYG",3018,"NYG","DAL","run","(:37) 6-J.Dart scrambles right end ran ob at NYG 37 for 2 yards (55-J.Barham). DAL-24-M.Hooker was injured during the play.",-0.340864048339427,FALSE,FALSE,FALSE
"2026_01_DAL_NYG",3089,"NYG","DAL","run","(15:00) (Shotgun) 6-J.Dart right end to NYG 44 for 7 yards (57-M.Lawrence; 26-D.Bland).",0.506391732487828,FALSE,FALSE,FALSE
"2026_01_DAL_NYG",3111,"NYG","DAL","run","(14:20) 6-J.Dart left guard to NYG 46 for 2 yards (57-M.Lawrence).",0.492241881554946,FALSE,FALSE,FALSE
"2026_01_DAL_NYG",3133,"NYG","DAL","run","(13:38) 6-J.Dart scrambles up the middle to DAL 46 for 8 yards (55-J.Barham; 0-D.Overshown).",0.440933396108449,FALSE,FALSE,FALSE
"2026_01_DAL_NYG",3155,"NYG","DAL","run","(12:55) 44-C.Skattebo left guard to DAL 38 for 8 yards (55-J.Barham; 1-P.Locke).",0.388754755374976,FALSE,FALSE,FALSE
"2026_01_DAL_NYG",3177,"NYG","DAL","pass","(12:10) (Shotgun) 6-J.Dart pass incomplete deep right to 88-M.Fields.",-0.526500353706069,FALSE,FALSE,FALSE
"2026_01_DAL_NYG",3200,"NYG","DAL","run","(12:04) 44-C.Skattebo left end to DAL 31 for 7 yards (2-C.Durant). FUMBLES (2-C.Durant), and recovers at DAL 29. 44-C.Skattebo to DAL 28 for 1 yard (6-D.Ezeiruaku). DAL-0-D.Overshown was injured during the play.",1.07048404403031,FALSE,FALSE,FALSE
"2026_01_DAL_NYG",3241,"NYG","DAL","pass","(11:16) 6-J.Dart pass short left to 26-D.Singletary to DAL 35 for -7 yards (55-J.Barham).",-1.36352146300487,FALSE,FALSE,FALSE
"2026_01_DAL_NYG",3273,"NYG","DAL","pass","(10:27) (Shotgun) 6-J.Dart pass short left to 1-M.Nabers to DAL 27 for 8 yards (26-D.Bland).",0.371264695189893,FALSE,FALSE,FALSE
"2026_01_DAL_NYG",3298,"NYG","DAL","pass","(9:43) (Shotgun) 6-J.Dart pass short left to 26-D.Singletary pushed ob at DAL 14 for 13 yards (34-J.Thompson).",1.80427839921322,FALSE,FALSE,FALSE
"2026_01_DAL_NYG",3352,"NYG","DAL","run","(9:02) (Shotgun) 26-D.Singletary left end to DAL 16 for 3 yards (26-D.Bland; 55-J.Barham).",-0.218769080587663,FALSE,FALSE,FALSE
"2026_01_DAL_NYG",3374,"NYG","DAL","pass","(8:16) (Shotgun) 6-J.Dart pass short left to 26-D.Singletary to DAL 9 for 7 yards (26-D.Bland; 34-J.Thompson).",0.192003584292252,FALSE,FALSE,FALSE
"2026_01_DAL_NYG",3399,"NYG","DAL","pass","(7:31) (Shotgun) 6-J.Dart pass short left to 26-D.Singletary for 9 yards, TOUCHDOWN.",2.83665788773214,FALSE,TRUE,TRUE
"2026_01_DAL_NYG",3475,"DAL","NYG","pass","(7:21) (Shotgun) 4-D.Prescott pass incomplete short left to 88-C.Lamb (2-D.Banks).",-0.463546012062579,FALSE,FALSE,FALSE
"2026_01_DAL_NYG",3498,"DAL","NYG","pass","(7:15) (No Huddle, Shotgun) 4-D.Prescott pass short right to 33-J.Williams pushed ob at DAL 31 for 5 yards (20-G.Newsome). NYG-20-G.Newsome was injured during the play.",-0.150749936932698,FALSE,FALSE,FALSE
"2026_01_DAL_NYG",3531,"DAL","NYG","pass","(6:57) (Shotgun) 4-D.Prescott pass short right to 88-C.Lamb pushed ob at DAL 37 for 6 yards (2-D.Banks).",1.27091704052873,FALSE,FALSE,FALSE
"2026_01_DAL_NYG",3578,"DAL","NYG","pass","(6:41) (No Huddle, Shotgun) 4-D.Prescott pass short middle to 33-J.Williams to DAL 41 for 4 yards (49-T.Edmunds).",-0.137310728663579,FALSE,FALSE,FALSE
"2026_01_DAL_NYG",3603,"DAL","NYG","pass","(6:19) (No Huddle, Shotgun) 4-D.Prescott pass short right to 18-J.Mingo pushed ob at NYG 49 for 10 yards (21-P.Adebo).",1.01892146444879,FALSE,FALSE,FALSE
"2026_01_DAL_NYG",3633,"DAL","NYG","pass","(5:53) (No Huddle, Shotgun) 4-D.Prescott pass incomplete deep left to 3-G.Pickens.",-0.456189182586968,FALSE,FALSE,FALSE
"2026_01_DAL_NYG",3656,"DAL","NYG","pass","(5:47) (Shotgun) 4-D.Prescott pass incomplete deep right to 88-C.Lamb.",-0.736174438614398,FALSE,FALSE,FALSE
"2026_01_DAL_NYG",3679,"DAL","NYG","pass","(5:42) (Shotgun) 4-D.Prescott pass short left to 19-R.Flournoy pushed ob at NYG 32 for 17 yards (8-J.Holland). PENALTY on NYG-8-J.Holland, Unnecessary Roughness, 15 yards, enforced at NYG 32.",3.33088438917184,FALSE,TRUE,TRUE
"2026_01_DAL_NYG",3720,"DAL","NYG","pass","(5:26) (Shotgun) 4-D.Prescott pass short left to 33-J.Williams for 17 yards, TOUCHDOWN. ** Injury Update: NYG-20-G.Newsome has returned to the game. PENALTY on DAL-33-J.Williams, Taunting, 15 yards, enforced between downs.",2.4617516376893,FALSE,TRUE,TRUE
"2026_01_DAL_NYG",3810,"NYG","DAL","run","(5:16) (Shotgun) 44-C.Skattebo up the middle to NYG 29 for 1 yard (7-R.Gary).",-0.314862828236073,FALSE,FALSE,FALSE
"2026_01_DAL_NYG",3832,"NYG","DAL","pass","(4:34) (Shotgun) 6-J.Dart pass incomplete deep left to 1-M.Nabers.",-0.524495939142071,FALSE,FALSE,FALSE
"2026_01_DAL_NYG",3855,"NYG","DAL","pass","(4:30) (Shotgun) 6-J.Dart pass short left to 9-I.Likely to NYG 41 for 12 yards (1-P.Locke).",1.53995987412054,FALSE,FALSE,FALSE
"2026_01_DAL_NYG",3880,"NYG","DAL","run","(3:45) 44-C.Skattebo right end to NYG 40 for -1 yards (6-D.Ezeiruaku).",-0.610445418744348,FALSE,FALSE,FALSE
"2026_01_DAL_NYG",3926,"NYG","DAL","run","(3:01) (Shotgun) 44-C.Skattebo left guard to NYG 48 for 13 yards (57-M.Lawrence).",0.78997295408044,FALSE,FALSE,FALSE
"2026_01_DAL_NYG",3948,"NYG","DAL","pass","(2:16) (Shotgun) 6-J.Dart pass short middle to 9-I.Likely to DAL 47 for 5 yards (13-C.Downs).",0.36234384495765,FALSE,FALSE,FALSE
"2026_01_DAL_NYG",3973,"NYG","DAL","run","(2:10) 64-A.Stinnie reported in as eligible. 6-J.Dart right end to DAL 46 for 1 yard (6-D.Ezeiruaku; 13-C.Downs). PENALTY on DAL-6-D.Ezeiruaku, Face Mask, 15 yards, enforced at DAL 46.",1.03542615217157,FALSE,FALSE,FALSE
"2026_01_DAL_NYG",4015,"NYG","DAL","run","(2:03) 44-C.Skattebo left tackle to DAL 28 for 3 yards (26-D.Bland; 57-M.Lawrence).",-0.180681344761979,FALSE,FALSE,FALSE
"2026_01_DAL_NYG",4037,"NYG","DAL","run","(1:58) 44-C.Skattebo left end to DAL 20 for 8 yards (34-J.Thompson; 41-J.Houston).",-0.120494260452688,FALSE,FALSE,FALSE
"2026_01_DEN_KC",57,"DEN","KC","pass","(15:00) (Shotgun) 10-B.Nix sacked at DEN 32 for -3 yards (20-N.Williams).",-0.852735723834485,FALSE,FALSE,FALSE
"2026_01_DEN_KC",77,"DEN","KC","run","(14:22) (Shotgun) 27-J.Dobbins left end to DEN 34 for 2 yards (95-C.Jones; 32-N.Bolton).",-0.620761464815587,FALSE,FALSE,FALSE
"2026_01_DEN_KC",99,"DEN","KC","pass","(13:39) (Shotgun) 10-B.Nix pass deep middle intended for 14-C.Sutton INTERCEPTED by 5-M.Delane at KC 49. 5-M.Delane to DEN 46 for 5 yards (14-C.Sutton).",-3.11043360037729,TRUE,FALSE,TRUE
"2026_01_DEN_KC",126,"KC","DEN","run","(13:30) 9-K.Walker left tackle to DEN 44 for 2 yards (15-N.Bonitto; 49-A.Singleton).",-0.449888577917591,FALSE,FALSE,FALSE
"2026_01_DEN_KC",148,"KC","DEN","run","(12:59) (Shotgun) 9-K.Walker up the middle to DEN 39 for 5 yards (9-T.Hufanga).",-0.0477456350345165,FALSE,FALSE,FALSE
"2026_01_DEN_KC",170,"KC","DEN","run","(12:20) (Shotgun) 9-K.Walker up the middle to DEN 38 for 1 yard (99-Z.Allen; 49-A.Singleton).",-1.67405246198177,FALSE,FALSE,FALSE
"2026_01_DEN_KC",192,"KC","DEN","run","(11:35) (Shotgun) 64-H.Nourzad and 92-K.Tonga reported in as eligible. 9-K.Walker up the middle to DEN 35 for 3 yards (96-E.Uwazurike; 9-T.Hufanga).",2.77358435874339,FALSE,TRUE,TRUE
"2026_01_DEN_KC",220,"KC","DEN","pass","(11:02) (Shotgun) 15-P.Mahomes pass incomplete short left to 87-T.Kelce.",-0.50911909120623,FALSE,FALSE,FALSE
"2026_01_DEN_KC",243,"KC","DEN","pass","(10:58) (Shotgun) 15-P.Mahomes pass short right to 1-X.Worthy ran ob at DEN 26 for 9 yards (21-R.Moss).",0.642763306968845,FALSE,FALSE,FALSE
"2026_01_DEN_KC",273,"KC","DEN","run","(10:26) 77-J.Moore, 64-H.Nourzad and 92-K.Tonga reported in as eligible. 9-K.Walker up the middle to DEN 20 for 6 yards (9-T.Hufanga; 21-R.Moss).",0.815076339931693,FALSE,FALSE,FALSE
"2026_01_DEN_KC",301,"KC","DEN","run","(9:47) 9-K.Walker right end to DEN 8 for 12 yards (49-A.Singleton).",0.70095880079316,FALSE,FALSE,FALSE
"2026_01_DEN_KC",323,"KC","DEN","run","(9:10) 9-K.Walker right end to DEN 5 for 3 yards (97-M.Roach).",-0.0398948715301231,FALSE,FALSE,FALSE
"2026_01_DEN_KC",379,"KC","DEN","run","(8:20) (Shotgun) 15-P.Mahomes scrambles up the middle for 15 yards, TOUCHDOWN.",2.81456529698335,FALSE,TRUE,TRUE
"2026_01_DEN_KC",451,"DEN","KC","run","(8:06) (Shotgun) 12-R.Harvey right tackle to DEN 39 for 7 yards (97-A.Gillotte; 23-D.Tranquill).",0.327119049150497,FALSE,FALSE,FALSE
"2026_01_DEN_KC",516,"DEN","KC","pass","(7:07) (Shotgun) 10-B.Nix pass short right to 13-P.Bryant to KC 43 for 13 yards (17-A.Gilman).",0.786507390905172,FALSE,FALSE,FALSE
"2026_01_DEN_KC",541,"DEN","KC","run","(6:21) 27-J.Dobbins right end to KC 42 for 1 yard (23-D.Tranquill).",-0.451114709489048,FALSE,FALSE,FALSE
"2026_01_DEN_KC",563,"DEN","KC","pass","(5:47) (Shotgun) 10-B.Nix pass short right to 82-A.Trautman pushed ob at KC 38 for 4 yards (38-L.Sneed).",-0.27965594176203,FALSE,FALSE,FALSE
"2026_01_DEN_KC",593,"DEN","KC","pass","(5:10) (Shotgun) 10-B.Nix pass short left to 13-P.Bryant to KC 30 for 8 yards (56-G.Karlaftis).",1.70698523381725,FALSE,FALSE,FALSE
"2026_01_DEN_KC",618,"DEN","KC","pass","(4:29) (Shotgun) 10-B.Nix pass short left to 13-P.Bryant pushed ob at KC 19 for 11 yards (38-L.Sneed).",0.723652808985207,FALSE,FALSE,FALSE
"2026_01_DEN_KC",648,"DEN","KC","pass","(3:53) (Shotgun) 10-B.Nix pass deep left to 1-E.Engram for 19 yards, TOUCHDOWN.",2.41528588504298,FALSE,TRUE,TRUE
"2026_01_DEN_KC",719,"KC","DEN","pass","(3:39) 15-P.Mahomes pass incomplete deep right.",-0.531696551013738,FALSE,FALSE,FALSE
"2026_01_DEN_KC",742,"KC","DEN","run","(3:34) (Shotgun) 10-E.Johnson right tackle to KC 37 for 3 yards (97-M.Roach).",-0.530244124820456,FALSE,FALSE,FALSE
"2026_01_DEN_KC",764,"KC","DEN","pass","(2:55) (Shotgun) 15-P.Mahomes pass incomplete short right to 1-X.Worthy (29-J.McMillian).",-1.43692159838974,FALSE,FALSE,FALSE
"2026_01_DEN_KC",807,"DEN","KC","pass","(2:43) 10-B.Nix pass incomplete short right to 82-A.Trautman [56-G.Karlaftis]. Penalty on DEN-72-G.Bolles, Ineligible Downfield Pass, declined.",-0.598074830137193,FALSE,FALSE,FALSE
"2026_01_DEN_KC",837,"DEN","KC","pass","(2:38) 10-B.Nix pass short left to 1-E.Engram to DEN 17 for 9 yards (20-N.Williams; 38-L.Sneed).",0.741593949962407,FALSE,FALSE,FALSE
"2026_01_DEN_KC",874,"DEN","KC","run","(1:54) 12-R.Harvey right end to DEN 23 for 6 yards (32-N.Bolton).",0.797855616547167,FALSE,FALSE,FALSE
"2026_01_DEN_KC",929,"DEN","KC","pass","(:46) (Shotgun) 10-B.Nix pass short left to 12-R.Harvey to DEN 14 for 1 yard (38-L.Sneed).",-0.604387130588293,FALSE,FALSE,FALSE
"2026_01_DEN_KC",974,"DEN","KC","run","(15:00) 27-J.Dobbins up the middle to DEN 16 for 2 yards (23-D.Tranquill).",-0.502447178587317,FALSE,FALSE,FALSE
"2026_01_DEN_KC",996,"DEN","KC","pass","(14:21) (Shotgun) 10-B.Nix pass short left to 12-R.Harvey to DEN 27 for 11 yards (23-D.Tranquill; 56-G.Karlaftis).",0.0615143980830908,FALSE,FALSE,FALSE
"2026_01_DEN_KC",1047,"KC","DEN","run","(13:28) 9-K.Walker left tackle to KC 38 for 9 yards (21-R.Moss).",0.74920791038312,FALSE,FALSE,FALSE
"2026_01_DEN_KC",1069,"KC","DEN","pass","(12:42) 15-P.Mahomes pass incomplete deep left to 2-T.Thornton.",-0.561907757772133,FALSE,FALSE,FALSE
"2026_01_DEN_KC",1092,"KC","DEN","run","(12:37) (Shotgun) 64-H.Nourzad and 92-K.Tonga reported in as eligible. 9-K.Walker up the middle to KC 42 for 4 yards (49-A.Singleton; 93-D.Jones).",0.550588079961017,FALSE,FALSE,FALSE
"2026_01_DEN_KC",1118,"KC","DEN","pass","(12:02) (Shotgun) 15-P.Mahomes pass short left to 9-K.Walker to KC 47 for 5 yards (92-D.Tillman).",0.0965901676099747,FALSE,FALSE,FALSE
"2026_01_DEN_KC",1143,"KC","DEN","pass","(11:21) (Shotgun) 52-C.Humphrey to KC 46 for -1 yards. FUMBLES, recovered by KC-15-P.Mahomes at KC 43. 15-P.Mahomes pass incomplete short right to 9-K.Walker.",-0.847028278978541,FALSE,FALSE,FALSE
"2026_01_DEN_KC",1187,"KC","DEN","pass","(11:17) (Shotgun) 15-P.Mahomes pass incomplete short right to 13-C.Allen (97-M.Roach).",-1.60270352917723,FALSE,FALSE,FALSE
"2026_01_DEN_KC",1230,"DEN","KC","pass","(11:04) 10-B.Nix pass short middle to 82-A.Trautman to DEN 18 for 6 yards (96-M.Harris; 23-D.Tranquill).",0.212513482198119,FALSE,FALSE,FALSE
"2026_01_DEN_KC",1262,"DEN","KC","pass","(10:21) (Shotgun) 10-B.Nix pass incomplete short right to 13-P.Bryant.",-0.715763691812754,FALSE,FALSE,FALSE
"2026_01_DEN_KC",1301,"DEN","KC","pass","(10:13) (Shotgun) 10-B.Nix pass short right to 17-J.Waddle to DEN 20 for 2 yards (38-L.Sneed).",-1.01100282464176,FALSE,FALSE,FALSE
"2026_01_DEN_KC",1346,"KC","DEN","run","(9:21) (Shotgun) 9-K.Walker left tackle to KC 27 for 2 yards (92-D.Tillman).",-0.486899975687265,FALSE,FALSE,FALSE
"2026_01_DEN_KC",1375,"KC","DEN","pass","(8:46) (Shotgun) 15-P.Mahomes pass incomplete short middle [51-Q.Robinson].",-0.641054221894592,FALSE,FALSE,FALSE
"2026_01_DEN_KC",1398,"KC","DEN","run","(8:41) (Shotgun) 15-P.Mahomes scrambles up the middle to KC 35 for 8 yards (99-Z.Allen; 49-A.Singleton).",1.62746754405089,FALSE,FALSE,FALSE
"2026_01_DEN_KC",1420,"KC","DEN","run","(8:01) (Shotgun) 9-K.Walker left guard to KC 42 for 7 yards (96-E.Uwazurike; 22-B.Jones).",0.464054929325357,FALSE,FALSE,FALSE
"2026_01_DEN_KC",1442,"KC","DEN","run","(7:26) 66-M.Caliendo reported in as eligible. 9-K.Walker up the middle to KC 43 for 1 yard (22-B.Jones; 49-A.Singleton).",-0.468686671927571,FALSE,FALSE,FALSE
"2026_01_DEN_KC",1467,"KC","DEN","pass","(6:46) (Shotgun) 15-P.Mahomes pass incomplete short right to 1-X.Worthy (21-R.Moss).",-1.70398776978254,FALSE,FALSE,FALSE
"2026_01_DEN_KC",1547,"DEN","KC","run","(6:22) 11-T.Franklin left end to DEN 28 for 5 yards (32-N.Bolton).",-0.158298062626272,FALSE,FALSE,FALSE
"2026_01_DEN_KC",1576,"DEN","KC","pass","(5:44) (Shotgun) 10-B.Nix pass short right to 12-R.Harvey to DEN 32 for 4 yards (99-P.Woods).",0.442333024693653,FALSE,FALSE,FALSE
"2026_01_DEN_KC",1601,"DEN","KC","pass","(4:56) (Shotgun) 10-B.Nix pass incomplete short right to 17-J.Waddle.",-1.49480864242651,FALSE,FALSE,FALSE
"2026_01_DEN_KC",1642,"KC","DEN","pass","(4:41) (Shotgun) 15-P.Mahomes pass incomplete short middle to 9-K.Walker.",-0.495107494527474,FALSE,FALSE,FALSE
"2026_01_DEN_KC",1665,"KC","DEN","pass","(4:37) (Shotgun) 15-P.Mahomes pass incomplete short right to 9-K.Walker.",-0.604036607779562,FALSE,FALSE,FALSE
"2026_01_DEN_KC",1688,"KC","DEN","pass","(4:33) (Shotgun) 52-C.Humphrey to KC 16 for -4 yards. FUMBLES, recovered by KC-15-P.Mahomes at KC 16. 15-P.Mahomes pass short left to 9-K.Walker pushed ob at KC 31 for 11 yards (23-J.Barron).",1.82104722911026,FALSE,FALSE,FALSE
"2026_01_DEN_KC",1725,"KC","DEN","run","(4:06) (Shotgun) 9-K.Walker left end pushed ob at DEN 41 for 28 yards (22-B.Jones).",1.60577661986463,FALSE,FALSE,FALSE
"2026_01_DEN_KC",1752,"KC","DEN","run","(3:37) 10-E.Johnson right end to DEN 37 for 4 yards (51-Q.Robinson; 49-A.Singleton).",-0.152585272677243,FALSE,FALSE,FALSE
"2026_01_DEN_KC",1774,"KC","DEN","pass","(3:00) (Shotgun) 15-P.Mahomes pass short middle to 83-N.Gray to DEN 32 for 5 yards (21-R.Moss, 40-J.Strnad).",0.435155155893881,FALSE,FALSE,FALSE
"2026_01_DEN_KC",1799,"KC","DEN","run","(2:16) 9-K.Walker up the middle to DEN 26 for 6 yards (92-D.Tillman; 49-A.Singleton).",0.662532783811912,FALSE,FALSE,FALSE
"2026_01_DEN_KC",1821,"KC","DEN","pass","(2:00) (Shotgun) 15-P.Mahomes pass short right to 88-J.Briningstool to DEN 17 for 9 yards (49-A.Singleton).",0.793193971767323,FALSE,FALSE,FALSE
"2026_01_DEN_KC",1865,"KC","DEN","pass","(1:51) (Shotgun) 15-P.Mahomes pass short left to 1-X.Worthy to DEN 13 for 4 yards (9-T.Hufanga).",-0.15648224906181,FALSE,FALSE,FALSE
"2026_01_DEN_KC",1897,"KC","DEN","pass","(1:46) (Shotgun) 15-P.Mahomes pass short right to 4-R.Rice for 13 yards, TOUCHDOWN.",2.52701978973346,FALSE,TRUE,TRUE
"2026_01_DEN_KC",1978,"DEN","KC","pass","(1:33) (Shotgun) 10-B.Nix sacked at DEN 29 for -5 yards (51-R.Thomas).",-0.822154125664383,FALSE,FALSE,FALSE
"2026_01_DEN_KC",1998,"DEN","KC","pass","(1:25) (Shotgun) 10-B.Nix pass short middle to 13-P.Bryant to DEN 39 for 10 yards (38-L.Sneed).",0.343794910237193,FALSE,FALSE,FALSE
"2026_01_DEN_KC",2030,"DEN","KC","pass","(1:02) (No Huddle, Shotgun) 10-B.Nix pass incomplete short left to 14-C.Sutton.",-0.750243244692683,FALSE,FALSE,FALSE
"2026_01_DEN_KC",2084,"KC","DEN","pass","(:51) (Shotgun) 15-P.Mahomes pass short right to 87-T.Kelce to KC 15 for 6 yards (2-P.Surtain).",0.0122559278970584,FALSE,FALSE,FALSE
"2026_01_DEN_KC",2113,"KC","DEN","run","(:21) (Shotgun) 10-E.Johnson right end to KC 16 for 1 yard (99-Z.Allen).",-0.052620135131292,FALSE,FALSE,FALSE
"2026_01_DEN_KC",2183,"KC","DEN","run","(14:53) (Shotgun) 9-K.Walker up the middle to KC 31 for no gain (40-J.Strnad; 9-T.Hufanga).",-0.524777852231637,FALSE,FALSE,FALSE
"2026_01_DEN_KC",2205,"KC","DEN","run","(14:18) (Shotgun) 15-P.Mahomes scrambles up the middle to KC 34 for 3 yards (49-A.Singleton).",-0.530327228829265,FALSE,FALSE,FALSE
"2026_01_DEN_KC",2227,"KC","DEN","pass","(13:36) (Shotgun) 15-P.Mahomes pass short right to 4-R.Rice to KC 40 for 6 yards (21-R.Moss).",-0.401201820466667,FALSE,FALSE,FALSE
"2026_01_DEN_KC",2252,"KC","DEN","run","(12:53) 73-J.Ezeudu, 77-J.Moore and 92-K.Tonga reported in as eligible. 9-K.Walker left end for 60 yards, TOUCHDOWN.",6.60787701187655,FALSE,TRUE,TRUE
"2026_01_DEN_KC",2326,"DEN","KC","run","(12:33) (Shotgun) 27-J.Dobbins left end ran ob at KC 47 for 17 yards (17-A.Gilman).",1.15838358062319,FALSE,FALSE,FALSE
"2026_01_DEN_KC",2353,"DEN","KC","run","(11:59) (Shotgun) 27-J.Dobbins left guard to KC 43 for 4 yards (23-D.Tranquill; 99-P.Woods).",-0.304606373654678,FALSE,FALSE,FALSE
"2026_01_DEN_KC",2375,"DEN","KC","run","(11:19) (Shotgun) 27-J.Dobbins up the middle to KC 39 for 4 yards (92-K.Tonga; 56-G.Karlaftis).",-0.028718214482069,FALSE,FALSE,FALSE
"2026_01_DEN_KC",2430,"DEN","KC","pass","(10:07) (Shotgun) 10-B.Nix pass incomplete short left to 17-J.Waddle.",-1.77015203563496,TRUE,FALSE,TRUE
"2026_01_DEN_KC",2531,"KC","DEN","pass","(9:47) 15-P.Mahomes pass deep middle intended for 1-X.Worthy INTERCEPTED by 22-B.Jones at KC 29. 22-B.Jones to KC 5 for 24 yards (77-J.Moore).",-5.77821873407811,TRUE,FALSE,TRUE
"2026_01_DEN_KC",2603,"DEN","KC","pass","(9:10) (Shotgun) 10-B.Nix pass short right to 14-C.Sutton to KC 9 for 6 yards (21-J.Hicks).",0.0690576676279306,FALSE,FALSE,FALSE
"2026_01_DEN_KC",2628,"DEN","KC","pass","(8:29) (Shotgun) 10-B.Nix sacked at KC 15 for -6 yards. FUMBLES, ball out of bounds at KC 16.",-1.48931231722236,FALSE,FALSE,FALSE
"2026_01_DEN_KC",2673,"DEN","KC","run","(8:10) (Shotgun) 10-B.Nix scrambles right end ran ob at KC 13 for 3 yards (17-A.Gilman; 51-R.Thomas).",-0.235494835656302,FALSE,FALSE,FALSE
"2026_01_DEN_KC",2750,"KC","DEN","run","(7:28) 9-K.Walker left guard to KC 34 for 1 yard (40-J.Strnad).",-0.525277602253482,FALSE,FALSE,FALSE
"2026_01_DEN_KC",2772,"KC","DEN","run","(6:49) (Shotgun) 9-K.Walker right end to KC 37 for 3 yards (15-N.Bonitto).",-0.434654763434082,FALSE,FALSE,FALSE
"2026_01_DEN_KC",2794,"KC","DEN","pass","(6:09) (Shotgun) 15-P.Mahomes pass short left to 87-T.Kelce to DEN 4 for 59 yards (23-J.Barron).",5.10351762815844,FALSE,TRUE,TRUE
"2026_01_DEN_KC",2819,"KC","DEN","run","(5:21) 9-K.Walker left end to DEN 6 for -2 yards (92-D.Tillman, 2-P.Surtain).",-0.81326201785123,FALSE,FALSE,FALSE
"2026_01_DEN_KC",2841,"KC","DEN","run","(4:38) 15-P.Mahomes scrambles left end pushed ob at DEN 5 for 1 yard (49-A.Singleton).",-0.740601955389138,FALSE,FALSE,FALSE
"2026_01_DEN_KC",2870,"KC","DEN","pass","(4:01) (Shotgun) 15-P.Mahomes sacked at DEN 9 for -4 yards (99-Z.Allen).",-1.63753837951517,FALSE,FALSE,FALSE
"2026_01_DEN_KC",2945,"DEN","KC","run","(3:11) 27-J.Dobbins left tackle to DEN 32 for 2 yards (20-N.Williams).",-0.334384886082262,FALSE,FALSE,FALSE
"2026_01_DEN_KC",2967,"DEN","KC","pass","(2:27) (Shotgun) 10-B.Nix pass short left to 1-E.Engram pushed ob at DEN 41 for 9 yards (21-J.Hicks).",1.06169728375971,FALSE,FALSE,FALSE
"2026_01_DEN_KC",2997,"DEN","KC","run","(1:54) 27-J.Dobbins right end to DEN 45 for 4 yards (21-J.Hicks; 23-D.Tranquill).",-0.0454826604109257,FALSE,FALSE,FALSE
"2026_01_DEN_KC",3055,"DEN","KC","pass","(:39) (Shotgun) 10-B.Nix pass incomplete short left to 13-P.Bryant.",-0.826825960539281,FALSE,FALSE,FALSE
"2026_01_DEN_KC",3078,"DEN","KC","pass","(:35) (Shotgun) 10-B.Nix sacked at DEN 26 for -9 yards (91-F.Anudike-Uzomah). FUMBLES (91-F.Anudike-Uzomah), RECOVERED by KC-95-C.Jones at DEN 34.",-3.49257845466491,TRUE,FALSE,TRUE
"2026_01_DEN_KC",3115,"KC","DEN","pass","(:27) 15-P.Mahomes pass incomplete short middle to 87-T.Kelce [52-J.Elliss].",-0.493152404902503,FALSE,FALSE,FALSE
"2026_01_DEN_KC",3138,"KC","DEN","pass","(:23) (Shotgun) 15-P.Mahomes pass short right to 1-X.Worthy to DEN 29 for 5 yards (29-J.McMillian).",-0.0157360857119784,FALSE,FALSE,FALSE
"2026_01_DEN_KC",3183,"KC","DEN","pass","(15:00) (Shotgun) 15-P.Mahomes pass short left to 10-E.Johnson to DEN 4 for 25 yards (23-J.Barron) [99-Z.Allen]. PENALTY on DEN-49-A.Singleton, Unnecessary Roughness, 2 yards, enforced at DEN 4.",3.11270825273823,FALSE,TRUE,TRUE
"2026_01_DEN_KC",3219,"KC","DEN","pass","(14:43) 15-P.Mahomes pass short middle to 9-K.Walker for 2 yards, TOUCHDOWN.",0.670812402735464,FALSE,FALSE,FALSE
"2026_01_DEN_KC",3290,"DEN","KC","pass","(14:31) (Shotgun) 10-B.Nix pass incomplete short right to 14-C.Sutton (99-P.Woods).",-0.555383335333318,FALSE,FALSE,FALSE
"2026_01_DEN_KC",3313,"DEN","KC","pass","(14:27) (Shotgun) 10-B.Nix pass short right to 14-C.Sutton to DEN 32 for 5 yards (8-K.Fulton).",-0.459340706467628,FALSE,FALSE,FALSE
"2026_01_DEN_KC",3338,"DEN","KC","pass","(13:42) (Shotgun) 10-B.Nix pass incomplete short right.",-1.22084597079083,FALSE,FALSE,FALSE
"2026_01_DEN_KC",3405,"KC","DEN","run","(13:25) 9-K.Walker up the middle to KC 7 for 1 yard (55-J.Turner).",-0.575853992719203,FALSE,FALSE,FALSE
"2026_01_DEN_KC",3434,"KC","DEN","run","(12:43) 9-K.Walker left tackle to KC 20 for 13 yards (21-R.Moss; 49-A.Singleton).",1.29388328059576,FALSE,FALSE,FALSE
"2026_01_DEN_KC",3456,"KC","DEN","run","(11:59) 9-K.Walker up the middle to KC 20 for no gain (51-Q.Robinson).",-0.521450520027429,FALSE,FALSE,FALSE
"2026_01_DEN_KC",3478,"KC","DEN","run","(11:18) 9-K.Walker left tackle to KC 28 for 8 yards (9-T.Hufanga; 49-A.Singleton).",0.441469001583755,FALSE,FALSE,FALSE
"2026_01_DEN_KC",3500,"KC","DEN","pass","(10:33) (Shotgun) 15-P.Mahomes pass short middle to 87-T.Kelce to KC 34 for 6 yards (49-A.Singleton).",0.854638594668359,FALSE,FALSE,FALSE
"2026_01_DEN_KC",3558,"KC","DEN","pass","(9:24) (Shotgun) 15-P.Mahomes pass short middle to 10-E.Johnson to KC 38 for 19 yards (96-E.Uwazurike).",1.20665700361133,FALSE,FALSE,FALSE
"2026_01_DEN_KC",3583,"KC","DEN","run","(8:35) 10-E.Johnson up the middle to KC 40 for 2 yards (52-J.Elliss; 22-B.Jones).",-0.259373355191201,FALSE,FALSE,FALSE
"2026_01_DEN_KC",3605,"KC","DEN","pass","(7:52) (Shotgun) 15-P.Mahomes sacked at KC 32 for -8 yards (99-Z.Allen).",-2.16229825140908,TRUE,FALSE,TRUE
"2026_01_DEN_KC",3667,"DEN","KC","run","(6:54) (Shotgun) 12-R.Harvey up the middle to DEN 21 for 5 yards (32-N.Bolton; 21-J.Hicks).",0.0352387560997158,FALSE,FALSE,FALSE
"2026_01_DEN_KC",3696,"DEN","KC","pass","(6:27) (No Huddle, Shotgun) 10-B.Nix pass short left to 1-E.Engram to DEN 27 for 6 yards (38-L.Sneed).",0.475962647469714,FALSE,FALSE,FALSE
"2026_01_DEN_KC",3721,"DEN","KC","run","(5:55) (No Huddle, Shotgun) 10-B.Nix FUMBLES (Aborted) at DEN 22, and recovers at DEN 22.",-1.07315548765473,FALSE,FALSE,FALSE
"2026_01_DEN_KC",3748,"DEN","KC","pass","(5:18) (Shotgun) 10-B.Nix sacked at DEN 12 for -10 yards (32-N.Bolton). FUMBLES (32-N.Bolton), RECOVERED by KC-32-N.Bolton at DEN 12. 32-N.Bolton to DEN 12 for no gain (12-R.Harvey). The Replay Official reviewed the fumble ruling, and the play was REVERSED. (Shotgun) 10-B.Nix pass incomplete short middle to 1-E.Engram (32-N.Bolton) [56-G.Karlaftis].",-0.640405292157084,FALSE,FALSE,FALSE
"2026_01_DEN_KC",3815,"DEN","KC","pass","(5:13) (Shotgun) 10-B.Nix pass short right to 12-R.Harvey pushed ob at DEN 29 for 7 yards (38-L.Sneed).",0.0201174358371645,FALSE,FALSE,FALSE
"2026_01_DEN_KC",3845,"DEN","KC","pass","(4:41) (Shotgun) 10-B.Nix pass incomplete deep left to 11-T.Franklin (20-N.Williams) [56-G.Karlaftis].",-2.74830406502588,TRUE,FALSE,TRUE
"2026_01_DEN_KC",3920,"KC","DEN","run","(4:32) 10-E.Johnson up the middle to DEN 22 for 6 yards (2-P.Surtain; 49-A.Singleton).",0.264895157830324,FALSE,FALSE,FALSE
"2026_01_DEN_KC",3942,"KC","DEN","run","(3:45) 10-E.Johnson left guard to DEN 21 for 1 yard (92-D.Tillman).",-0.420000679907389,FALSE,FALSE,FALSE
"2026_01_DEN_KC",3964,"KC","DEN","run","(3:02) 10-E.Johnson left guard to DEN 18 for 3 yards (92-D.Tillman).",0.802671776938951,FALSE,FALSE,FALSE
"2026_01_DEN_KC",3992,"KC","DEN","run","(2:20) 10-E.Johnson up the middle to DEN 14 for 4 yards (22-B.Jones; 51-Q.Robinson).",-0.101230016472982,FALSE,FALSE,FALSE
"2026_01_GB_MIN",56,"MIN","GB","run","(15:00) (Shotgun) 33-A.Jones up the middle to MIN 34 for -1 yards (25-K.Nixon).",-0.773745886050165,FALSE,FALSE,FALSE
"2026_01_GB_MIN",78,"MIN","GB","pass","(14:23) (Shotgun) 1-K.Murray pass deep right intended for 14-J.Jennings INTERCEPTED by 25-K.Nixon [44-Z.Franklin] at GB 36. 25-K.Nixon to GB 47 for 11 yards (87-T.Hockenson).",-4.07392876828089,TRUE,FALSE,TRUE
"2026_01_GB_MIN",105,"GB","MIN","pass","(14:14) 10-J.Love pass incomplete short middle to 85-T.Kraft [15-D.Turner].",-0.569342168513685,FALSE,FALSE,FALSE
"2026_01_GB_MIN",128,"GB","MIN","run","(14:10) 30-C.Brooks left tackle to MIN 39 for 14 yards (26-T.Jackson).",1.56907449406572,FALSE,FALSE,FALSE
"2026_01_GB_MIN",174,"GB","MIN","run","(13:10) 30-C.Brooks left guard to MIN 41 for 3 yards (44-J.Metellus; 55-E.Wilson).",-0.260290032252669,FALSE,FALSE,FALSE
"2026_01_GB_MIN",196,"GB","MIN","pass","(12:25) (Shotgun) 10-J.Love pass incomplete deep middle to 85-T.Kraft.",-1.01994917262346,FALSE,FALSE,FALSE
"2026_01_GB_MIN",219,"GB","MIN","pass","(12:22) (Shotgun) 10-J.Love pass incomplete deep right to 0-M.Golden [43-A.Van Ginkel].",-1.12589277004413,FALSE,FALSE,FALSE
"2026_01_GB_MIN",292,"MIN","GB","pass","(12:06) 1-K.Murray pass incomplete short right.",-0.588620446622372,FALSE,FALSE,FALSE
"2026_01_GB_MIN",315,"MIN","GB","run","(12:00) 33-A.Jones left end to MIN 36 for 6 yards (99-B.Sorrell).",-0.121736325323582,FALSE,FALSE,FALSE
"2026_01_GB_MIN",337,"MIN","GB","pass","(11:19) (Shotgun) 1-K.Murray pass short right to 18-J.Jefferson to MIN 45 for 9 yards (25-K.Nixon).",1.526659731986,FALSE,FALSE,FALSE
"2026_01_GB_MIN",362,"MIN","GB","run","(10:37) 27-J.Mason left end to MIN 41 for -4 yards (56-E.Cooper, 51-D.Dennis-Sutton).",-1.19763249135576,FALSE,FALSE,FALSE
"2026_01_GB_MIN",384,"MIN","GB","run","(9:57) (Shotgun) 1-K.Murray scrambles left end ran ob at MIN 48 for 7 yards (2-B.Cisse).",-0.00386520405299962,FALSE,FALSE,FALSE
"2026_01_GB_MIN",454,"MIN","GB","pass","(8:43) (Shotgun) 1-K.Murray pass short right to 87-T.Hockenson to MIN 45 for 7 yards (29-X.McKinney).",-0.768326666671783,FALSE,FALSE,FALSE
"2026_01_GB_MIN",499,"GB","MIN","pass","(7:56) (Shotgun) 10-J.Love pass short right to 18-J.Smith to GB 23 for 4 yards (7-B.Murphy). Minnesota challenged the pass completion ruling, and the play was REVERSED. (Shotgun) 10-J.Love pass incomplete short right to 18-J.Smith (7-B.Murphy).",-0.652302502188832,FALSE,FALSE,FALSE
"2026_01_GB_MIN",531,"GB","MIN","pass","(7:54) (Shotgun) 10-J.Love pass deep middle to 9-C.Watson for 81 yards, TOUCHDOWN. MIN-2-I.Rodgers was injured during the play.",7.04944831971079,FALSE,TRUE,TRUE
"2026_01_GB_MIN",658,"MIN","GB","run","(7:38) 27-J.Mason right end to MIN 31 for 1 yard (95-D.Wyatt).",-0.552936323452741,FALSE,FALSE,FALSE
"2026_01_GB_MIN",680,"MIN","GB","pass","(6:58) (Shotgun) 1-K.Murray pass short left to 18-J.Jefferson to MIN 33 for 2 yards (7-J.Bullard).",-0.564078697469085,FALSE,FALSE,FALSE
"2026_01_GB_MIN",705,"MIN","GB","run","(6:16) (Shotgun) 1-K.Murray scrambles right end to MIN 35 for 2 yards (90-L.Van Ness). MIN-1-K.Murray was injured during the play. PENALTY on GB-7-J.Bullard, Unnecessary Roughness, 15 yards, enforced at MIN 35.",2.29486302798614,FALSE,FALSE,FALSE
"2026_01_GB_MIN",741,"MIN","GB","run","(5:58) 27-J.Mason right tackle to GB 46 for 4 yards (57-B.Cox).",-0.229418505914509,FALSE,FALSE,FALSE
"2026_01_GB_MIN",770,"MIN","GB","pass","(5:13) 11-C.Wentz pass incomplete deep right to 18-J.Jefferson.",-0.867967612342909,FALSE,FALSE,FALSE
"2026_01_GB_MIN",793,"MIN","GB","pass","(5:08) (Shotgun) 11-C.Wentz pass short right to 18-J.Jefferson pushed ob at GB 37 for 9 yards (25-K.Nixon).",1.83518259203993,FALSE,FALSE,FALSE
"2026_01_GB_MIN",818,"MIN","GB","run","(4:32) (Shotgun) 33-A.Jones up the middle to GB 29 for 8 yards (33-E.Williams).",0.484389052959159,FALSE,FALSE,FALSE
"2026_01_GB_MIN",845,"MIN","GB","run","(3:51) 33-A.Jones left guard to GB 25 for 4 yards (95-D.Wyatt).",0.282635494251736,FALSE,FALSE,FALSE
"2026_01_GB_MIN",867,"MIN","GB","run","(3:07) 27-J.Mason left end pushed ob at GB 21 for 4 yards (33-E.Williams).",-0.120884282980114,FALSE,FALSE,FALSE
"2026_01_GB_MIN",889,"MIN","GB","run","(2:31) (Shotgun) 11-C.Wentz scrambles up the middle to GB 20 for 1 yard (57-B.Cox).",-0.479078603675589,FALSE,FALSE,FALSE
"2026_01_GB_MIN",911,"MIN","GB","pass","(1:46) (Shotgun) 11-C.Wentz pass incomplete short left to 3-J.Addison.",-1.61959420291934,FALSE,FALSE,FALSE
"2026_01_GB_MIN",977,"GB","MIN","run","(1:30) 71-A.Belton reported in as eligible. 32-M.Lloyd left tackle to MIN 35 for 5 yards (61-J.Redmond). ** Injury Update: MIN-2-I.Rodgers has returned to the game.",0.0287288471590728,FALSE,FALSE,FALSE
"2026_01_GB_MIN",1001,"GB","MIN","run","(:53) 32-M.Lloyd left end to MIN 37 for -2 yards (0-I.Pace).",-1.22596730710939,FALSE,FALSE,FALSE
"2026_01_GB_MIN",1026,"GB","MIN","pass","(:32) (No Huddle, Shotgun) 10-J.Love pass short left to 9-C.Watson to MIN 27 for 10 yards (7-B.Murphy).",2.11620021949057,FALSE,FALSE,FALSE
"2026_01_GB_MIN",1051,"GB","MIN","pass","(:09) (No Huddle) 10-J.Love pass incomplete short right to 0-M.Golden.",-0.476446980377659,FALSE,FALSE,FALSE
"2026_01_GB_MIN",1074,"GB","MIN","run","(:07) (Shotgun) 32-M.Lloyd left tackle to MIN 26 for 1 yard (61-J.Redmond).",-0.619291064795107,FALSE,FALSE,FALSE
"2026_01_GB_MIN",1116,"GB","MIN","pass","(15:00) (Shotgun) 10-J.Love pass short right to 9-C.Watson to MIN 20 for 6 yards (2-I.Rodgers).",-0.687864248058759,FALSE,FALSE,FALSE
"2026_01_GB_MIN",1213,"MIN","GB","run","(13:46) 27-J.Mason right guard to MIN 48 for 8 yards (33-E.Williams).",0.562779656611383,FALSE,FALSE,FALSE
"2026_01_GB_MIN",1235,"MIN","GB","run","(13:06) (Shotgun) 27-J.Mason up the middle to MIN 49 for 1 yard (95-D.Wyatt).",-0.448771446710452,FALSE,FALSE,FALSE
"2026_01_GB_MIN",1257,"MIN","GB","run","(12:40) (No Huddle) 11-C.Wentz up the middle to 50 for 1 yard (90-L.Van Ness).",0.52447288366966,FALSE,FALSE,FALSE
"2026_01_GB_MIN",1279,"MIN","GB","run","(12:10) (No Huddle, Shotgun) 27-J.Mason right guard to GB 49 for 1 yard (44-Z.Franklin; 55-C.McClellan).",-0.517052591778338,FALSE,FALSE,FALSE
"2026_01_GB_MIN",1301,"MIN","GB","pass","(11:26) (Shotgun) 11-C.Wentz pass incomplete short middle to 33-A.Jones.",-0.883685847977176,FALSE,FALSE,FALSE
"2026_01_GB_MIN",1324,"MIN","GB","pass","(11:21) (Shotgun) 11-C.Wentz pass short right to 31-D.Dallas to GB 48 for 1 yard (56-E.Cooper).",-1.62547256168909,FALSE,FALSE,FALSE
"2026_01_GB_MIN",1369,"GB","MIN","pass","(10:34) 10-J.Love pass deep left to 85-T.Kraft to GB 44 for 30 yards (7-B.Murphy) [50-L.Rodriguez].",1.85787334199995,FALSE,FALSE,FALSE
"2026_01_GB_MIN",1401,"GB","MIN","run","(9:53) 32-M.Lloyd right tackle to GB 46 for 2 yards (55-E.Wilson).",-0.427549756132066,FALSE,FALSE,FALSE
"2026_01_GB_MIN",1423,"GB","MIN","pass","(9:18) 10-J.Love pass incomplete deep left to 11-J.Reed.",-0.826491662068292,FALSE,FALSE,FALSE
"2026_01_GB_MIN",1446,"GB","MIN","pass","(9:15) (Shotgun) 10-J.Love pass short left to 0-M.Golden to MIN 49 for 5 yards (2-I.Rodgers).",-1.01500061713159,FALSE,FALSE,FALSE
"2026_01_GB_MIN",1491,"MIN","GB","run","(8:20) 33-A.Jones up the middle to MIN 10 for 6 yards (96-J.Ford). The player down by contact was assisted by replay.",0.273635498713702,FALSE,FALSE,FALSE
"2026_01_GB_MIN",1522,"MIN","GB","run","(7:39) 33-A.Jones left end to MIN 10 for no gain (90-L.Van Ness).",-0.904232318047434,FALSE,FALSE,FALSE
"2026_01_GB_MIN",1544,"MIN","GB","pass","(6:53) (Shotgun) 11-C.Wentz sacked at MIN 5 for -5 yards (90-L.Van Ness).",-1.63959313137457,FALSE,FALSE,FALSE
"2026_01_GB_MIN",1618,"GB","MIN","pass","(5:56) 10-J.Love pass incomplete short right [15-D.Turner].",-0.522873912006617,FALSE,FALSE,FALSE
"2026_01_GB_MIN",1674,"GB","MIN","pass","(5:34) (Shotgun) 10-J.Love pass incomplete short left to 30-C.Brooks [55-E.Wilson].",-0.90747296763584,FALSE,FALSE,FALSE
"2026_01_GB_MIN",1697,"GB","MIN","pass","(5:31) (Shotgun) 10-J.Love pass incomplete short left to 11-J.Reed.",-0.982061370508745,FALSE,FALSE,FALSE
"2026_01_GB_MIN",1751,"MIN","GB","pass","(5:18) 11-C.Wentz sacked at MIN 7 for -8 yards (sack split by 25-K.Nixon and 96-J.Ford).",-1.37817230494693,FALSE,FALSE,FALSE
"2026_01_GB_MIN",1802,"MIN","GB","pass","(4:14) (Shotgun) 11-C.Wentz pass short middle to 87-T.Hockenson to MIN 17 for 5 yards (44-Z.Franklin).",-0.180729320738465,FALSE,FALSE,FALSE
"2026_01_GB_MIN",1827,"MIN","GB","pass","(3:43) (No Huddle, Shotgun) 11-C.Wentz pass short middle to 18-J.Jefferson to MIN 34 for 17 yards (33-E.Williams). PENALTY on GB-33-E.Williams, Unnecessary Roughness, 15 yards, enforced at MIN 34.",3.11711949680466,FALSE,TRUE,TRUE
"2026_01_GB_MIN",1863,"MIN","GB","run","(3:22) 27-J.Mason right guard to GB 47 for 4 yards (94-K.Brooks; 44-Z.Franklin).",-0.084097339946311,FALSE,FALSE,FALSE
"2026_01_GB_MIN",1885,"MIN","GB","pass","(2:40) (Shotgun) 11-C.Wentz pass incomplete short right to 84-J.Oliver.",-0.609338851820212,FALSE,FALSE,FALSE
"2026_01_GB_MIN",1908,"MIN","GB","pass","(2:37) (Shotgun) 11-C.Wentz pass short middle to 87-T.Hockenson to GB 39 for 8 yards (33-E.Williams).",1.50508722208906,FALSE,FALSE,FALSE
"2026_01_GB_MIN",1933,"MIN","GB","pass","(2:02) (No Huddle, Shotgun) 11-C.Wentz pass deep left to 18-J.Jefferson for 39 yards, TOUCHDOWN. Penalty on GB-90-L.Van Ness, Defensive Offside, declined.",3.79709144320805,FALSE,TRUE,TRUE
"2026_01_GB_MIN",2026,"GB","MIN","run","(1:49) (Shotgun) 30-C.Brooks left guard to GB 28 for 2 yards (50-L.Rodriguez).",-0.221839355072007,FALSE,FALSE,FALSE
"2026_01_GB_MIN",2048,"GB","MIN","pass","(1:19) (No Huddle, Shotgun) 10-J.Love pass short left to 85-T.Kraft to MIN 49 for 23 yards (7-B.Murphy).",1.39562072529225,FALSE,FALSE,FALSE
"2026_01_GB_MIN",2073,"GB","MIN","pass","(:47) (No Huddle, Shotgun) 10-J.Love pass incomplete deep right to 9-C.Watson [22-H.Smith].",-0.262721083650831,FALSE,FALSE,FALSE
"2026_01_GB_MIN",2096,"GB","MIN","pass","(:41) (Shotgun) 10-J.Love pass short left to 16-B.Melton ran ob at MIN 39 for 10 yards [15-D.Turner].",0.996042763523292,FALSE,FALSE,FALSE
"2026_01_GB_MIN",2121,"GB","MIN","pass","(:36) (Shotgun) 10-J.Love pass deep left to 9-C.Watson to MIN 7 for 32 yards (7-B.Murphy). Penalty on MIN-7-B.Murphy, Defensive Pass Interference, declined.",2.31143407570198,FALSE,FALSE,FALSE
"2026_01_GB_MIN",2162,"GB","MIN","run","(:30) (Shotgun) 30-C.Brooks right guard to MIN 2 for 5 yards (51-B.Cashman).",0.275851127080387,FALSE,FALSE,FALSE
"2026_01_GB_MIN",2184,"GB","MIN","pass","(:18) 10-J.Love pass short right to 9-C.Watson for 2 yards, TOUCHDOWN.",1.59940832745633,FALSE,FALSE,FALSE
"2026_01_GB_MIN",2326,"GB","MIN","run","(14:54) (Shotgun) 32-M.Lloyd left end to GB 26 for 12 yards (26-T.Jackson).",0.890389798209071,FALSE,FALSE,FALSE
"2026_01_GB_MIN",2348,"GB","MIN","pass","(14:13) 10-J.Love pass short left to 85-T.Kraft to GB 38 for 12 yards (7-B.Murphy).",0.770173053722829,FALSE,FALSE,FALSE
"2026_01_GB_MIN",2373,"GB","MIN","run","(13:33) 30-C.Brooks up the middle to GB 37 for -1 yards (51-B.Cashman, 61-J.Redmond).",-0.796998325269669,FALSE,FALSE,FALSE
"2026_01_GB_MIN",2395,"GB","MIN","pass","(12:47) 10-J.Love pass incomplete deep right.",-0.907289751805365,FALSE,FALSE,FALSE
"2026_01_GB_MIN",2418,"GB","MIN","run","(12:41) (Shotgun) 30-C.Brooks left end to GB 38 for 1 yard (15-D.Turner).",-1.21902185445651,FALSE,FALSE,FALSE
"2026_01_GB_MIN",2459,"MIN","GB","pass","(12:03) 11-C.Wentz pass incomplete short right to 84-J.Oliver [25-K.Nixon].",-0.541794462827966,FALSE,FALSE,FALSE
"2026_01_GB_MIN",2499,"MIN","GB","run","(12:00) 33-A.Jones up the middle to MIN 44 for 4 yards (99-B.Sorrell).",-0.51403801003471,FALSE,FALSE,FALSE
"2026_01_GB_MIN",2521,"MIN","GB","pass","(11:13) (Shotgun) 11-C.Wentz pass incomplete deep right to 3-J.Addison.",-1.65761630889028,FALSE,FALSE,FALSE
"2026_01_GB_MIN",2570,"GB","MIN","pass","(10:55) 71-A.Belton reported in as eligible. 10-J.Love pass short right to 0-M.Golden ran ob at GB 26 for 13 yards [15-D.Turner].",0.891466982197016,FALSE,FALSE,FALSE
"2026_01_GB_MIN",2607,"GB","MIN","run","(10:26) (Shotgun) 32-M.Lloyd right guard to GB 32 for 6 yards (17-K.Van Noy).",0.259974983055145,FALSE,FALSE,FALSE
"2026_01_GB_MIN",2629,"GB","MIN","run","(9:49) 32-M.Lloyd right tackle to GB 36 for 4 yards (55-E.Wilson).",0.402413717936724,FALSE,FALSE,FALSE
"2026_01_GB_MIN",2651,"GB","MIN","run","(9:05) 32-M.Lloyd left end to GB 37 for 1 yard (43-A.Van Ginkel).",-0.556534922216088,FALSE,FALSE,FALSE
"2026_01_GB_MIN",2673,"GB","MIN","run","(8:28) 30-C.Brooks left end to GB 42 for 5 yards (7-B.Murphy).",-0.163752920459956,FALSE,FALSE,FALSE
"2026_01_GB_MIN",2695,"GB","MIN","pass","(8:03) (No Huddle, Shotgun) 10-J.Love pass short left to 11-J.Reed to GB 48 for 6 yards (7-B.Murphy).",1.51211953093298,FALSE,FALSE,FALSE
"2026_01_GB_MIN",2720,"GB","MIN","run","(7:23) 32-M.Lloyd left tackle to 50 for 2 yards (51-B.Cashman).",-0.4728655773215,FALSE,FALSE,FALSE
"2026_01_GB_MIN",2742,"GB","MIN","pass","(6:47) 10-J.Love pass deep right to 18-J.Smith to MIN 7 for 43 yards (2-I.Rodgers).",3.48335477989167,FALSE,TRUE,TRUE
"2026_01_GB_MIN",2767,"GB","MIN","run","(5:59) 32-M.Lloyd left tackle to MIN 8 for -1 yards (90-T.Ingram-Dawkins, 50-L.Rodriguez).",-0.691507459268905,FALSE,FALSE,FALSE
"2026_01_GB_MIN",2789,"GB","MIN","pass","(5:20) (Shotgun) 10-J.Love pass incomplete short left to 0-M.Golden.",-0.715094108134508,FALSE,FALSE,FALSE
"2026_01_GB_MIN",2812,"GB","MIN","pass","(5:15) (Shotgun) 10-J.Love pass incomplete short right to 11-J.Reed [51-B.Cashman].",-1.2158560215365,FALSE,FALSE,FALSE
"2026_01_GB_MIN",2892,"MIN","GB","pass","(4:59) (Shotgun) 11-C.Wentz pass short middle to 84-J.Oliver to GB 19 for 9 yards (56-E.Cooper).",0.690871158847585,FALSE,FALSE,FALSE
"2026_01_GB_MIN",2917,"MIN","GB","run","(4:23) 27-J.Mason up the middle to GB 19 for no gain (56-E.Cooper).",-0.515266800881363,FALSE,FALSE,FALSE
"2026_01_GB_MIN",2939,"MIN","GB","run","(3:42) 33-A.Jones left guard to GB 18 for 1 yard (56-E.Cooper).",0.542821971932426,FALSE,FALSE,FALSE
"2026_01_GB_MIN",2961,"MIN","GB","pass","(2:58) (Shotgun) 11-C.Wentz pass incomplete short left to 87-T.Hockenson (2-B.Cisse).",-0.48007119866088,FALSE,FALSE,FALSE
"2026_01_GB_MIN",2984,"MIN","GB","run","(2:53) 33-A.Jones right guard to GB 16 for 2 yards (98-J.Hargrave).",-0.754646645858884,FALSE,FALSE,FALSE
"2026_01_GB_MIN",3006,"MIN","GB","pass","(2:11) (Shotgun) 11-C.Wentz pass deep middle to 87-T.Hockenson for 16 yards, TOUCHDOWN.",3.09579677961301,FALSE,TRUE,TRUE
"2026_01_GB_MIN",3072,"GB","MIN","run","(2:04) (Shotgun) 32-M.Lloyd left end to GB 35 for 6 yards (7-B.Murphy; 51-B.Cashman).",0.0585524037014693,FALSE,FALSE,FALSE
"2026_01_GB_MIN",3094,"GB","MIN","pass","(1:24) 10-J.Love pass short right to 0-M.Golden to GB 42 for 7 yards (61-J.Redmond).",0.629595441510901,FALSE,FALSE,FALSE
"2026_01_GB_MIN",3119,"GB","MIN","pass","(:42) 10-J.Love sacked at GB 32 for -10 yards (50-L.Rodriguez).",-1.44252931443043,FALSE,FALSE,FALSE
"2026_01_GB_MIN",3164,"GB","MIN","pass","(15:00) (Shotgun) 10-J.Love pass deep middle to 0-M.Golden to MIN 26 for 42 yards (44-J.Metellus).",3.49045452952851,FALSE,TRUE,TRUE
"2026_01_GB_MIN",3189,"GB","MIN","run","(14:12) 71-A.Belton reported in as eligible. 32-M.Lloyd left tackle to MIN 22 for 4 yards (51-B.Cashman).",-0.156281309900805,FALSE,FALSE,FALSE
"2026_01_GB_MIN",3213,"GB","MIN","pass","(13:32) 10-J.Love pass incomplete short right to 85-T.Kraft.",-0.636389682651497,FALSE,FALSE,FALSE
"2026_01_GB_MIN",3236,"GB","MIN","pass","(13:25) (Shotgun) 10-J.Love pass incomplete short middle to 0-M.Golden.",-1.21714895660989,FALSE,FALSE,FALSE
"2026_01_GB_MIN",3290,"GB","MIN","run","(13:17) 10-J.Love right guard to MIN 17 for no gain (97-D.Orange). (Virtual Measurement).",-4.35180443932768,TRUE,FALSE,TRUE
"2026_01_GB_MIN",3344,"MIN","GB","pass","(13:11) (Shotgun) 11-C.Wentz pass short left to 84-J.Oliver to MIN 35 for 13 yards (29-X.McKinney).",0.430680156685412,FALSE,FALSE,FALSE
"2026_01_GB_MIN",3369,"MIN","GB","run","(12:29) 33-A.Jones left tackle to MIN 40 for 5 yards (96-J.Ford).",-0.00718549801968038,FALSE,FALSE,FALSE
"2026_01_GB_MIN",3391,"MIN","GB","pass","(11:45) 11-C.Wentz sacked at MIN 34 for -6 yards (56-E.Cooper).",-1.65853106044233,FALSE,FALSE,FALSE
"2026_01_GB_MIN",3442,"MIN","GB","run","(10:42) 27-J.Mason up the middle to MIN 44 for 5 yards (44-Z.Franklin).",-0.0693595197517425,FALSE,FALSE,FALSE
"2026_01_GB_MIN",3464,"MIN","GB","pass","(10:01) (Shotgun) 11-C.Wentz pass short right to 18-J.Jefferson to MIN 46 for 2 yards (25-K.Nixon; 56-E.Cooper).",-0.53091444936581,FALSE,FALSE,FALSE
"2026_01_GB_MIN",3523,"MIN","GB","run","(9:09) 27-J.Mason left end to GB 11 for 28 yards (33-E.Williams).",1.67413893132471,FALSE,FALSE,FALSE
"2026_01_GB_MIN",3545,"MIN","GB","pass","(8:20) 11-C.Wentz pass short right to 18-J.Jefferson to GB 6 for 5 yards (57-B.Cox).",0.190456180484034,FALSE,FALSE,FALSE
"2026_01_GB_MIN",3570,"MIN","GB","run","(7:36) 27-J.Mason right guard to GB 6 for no gain (96-J.Ford).",-0.963128703238908,FALSE,FALSE,FALSE
"2026_01_GB_MIN",3630,"MIN","GB","run","(6:42) 33-A.Jones left end for 3 yards, TOUCHDOWN.",0.91157144337194,FALSE,FALSE,FALSE
"2026_01_GB_MIN",3697,"GB","MIN","run","(6:33) 32-M.Lloyd up the middle to GB 27 for -3 yards (51-B.Cashman, 90-T.Ingram-Dawkins).",-1.33095537917688,FALSE,FALSE,FALSE
"2026_01_GB_MIN",3724,"GB","MIN","pass","(5:52) (Shotgun) 10-J.Love sacked at GB 18 for -9 yards (15-D.Turner). FUMBLES (15-D.Turner) [15-D.Turner], recovered by GB-50-Z.Bako-Bewele at GB 16. 50-Z.Bako-Bewele to GB 23 for 7 yards (97-D.Orange).",-1.00918606808409,FALSE,FALSE,FALSE
"2026_01_GB_MIN",3754,"GB","MIN","pass","(5:01) (Shotgun) 10-J.Love sacked at GB 11 for -12 yards (sack split by 43-A.Van Ginkel and 51-B.Cashman). FUMBLES (43-A.Van Ginkel) [51-B.Cashman], RECOVERED by MIN-43-A.Van Ginkel at GB 8. 43-A.Van Ginkel to GB 1 for 7 yards (50-Z.Bako-Bewele).",-5.84355550506734,TRUE,FALSE,TRUE
"2026_01_GB_MIN",3784,"MIN","GB","run","(4:52) 27-J.Mason right guard for 1 yard, TOUCHDOWN. Penalty on GB-99-B.Sorrell, Defensive Offside, declined.",0.56244787023752,FALSE,FALSE,FALSE
"2026_01_GB_MIN",3852,"GB","MIN","pass","(4:44) (Shotgun) 10-J.Love pass short middle to 11-J.Reed to GB 32 for 7 yards (23-J.Pierre).",0.470721763093024,FALSE,FALSE,FALSE
"2026_01_GB_MIN",3877,"GB","MIN","pass","(4:21) (No Huddle, Shotgun) 10-J.Love pass short middle intended for 9-C.Watson INTERCEPTED by 23-J.Pierre (22-H.Smith) at GB 42. 23-J.Pierre pushed ob at GB 14 for 28 yards (10-J.Love).",-6.60902274830732,TRUE,FALSE,TRUE
"2026_01_GB_MIN",3909,"MIN","GB","run","(4:13) 33-A.Jones up the middle to GB 12 for 2 yards (29-X.McKinney).",-0.465852112683933,FALSE,FALSE,FALSE
"2026_01_GB_MIN",3934,"MIN","GB","run","(4:09) 27-J.Mason left end to GB 9 for 3 yards (94-K.Brooks; 33-E.Williams).",-0.427355727995746,FALSE,FALSE,FALSE
"2026_01_GB_MIN",3963,"MIN","GB","pass","(4:03) 11-C.Wentz pass short right to 18-J.Jefferson for 9 yards, TOUCHDOWN.",2.94530789501732,FALSE,TRUE,TRUE
"2026_01_GB_MIN",4023,"GB","MIN","pass","(3:55) (Shotgun) 10-J.Love pass incomplete short left to 0-M.Golden.",-0.534662779071368,FALSE,FALSE,FALSE
"2026_01_GB_MIN",4046,"GB","MIN","pass","(3:52) (Shotgun) 10-J.Love pass short middle to 9-C.Watson to MIN 49 for 16 yards (44-J.Metellus).",1.36536495515611,FALSE,FALSE,FALSE
"2026_01_GB_MIN",4071,"GB","MIN","pass","(3:30) (No Huddle, Shotgun) 10-J.Love sacked at GB 46 for -5 yards (43-A.Van Ginkel). The player down by contact was assisted by replay.",-1.09250039490871,FALSE,FALSE,FALSE
"2026_01_GB_MIN",4110,"GB","MIN","pass","(3:09) (Shotgun) 10-J.Love pass deep right to 0-M.Golden to MIN 34 for 20 yards (23-J.Pierre) [15-D.Turner].",1.87004261510447,FALSE,FALSE,FALSE
"2026_01_GB_MIN",4135,"GB","MIN","pass","(2:38) (No Huddle, Shotgun) 10-J.Love pass incomplete short right to 11-J.Reed.",-0.468834761180915,FALSE,FALSE,FALSE
"2026_01_GB_MIN",4158,"GB","MIN","pass","(2:35) (Shotgun) 10-J.Love pass short middle to 11-J.Reed to MIN 27 for 7 yards (23-J.Pierre).",0.305595368496142,FALSE,FALSE,FALSE
"2026_01_GB_MIN",4183,"GB","MIN","pass","(2:13) (No Huddle, Shotgun) 10-J.Love pass short middle to 18-J.Smith to MIN 20 for 7 yards (22-H.Smith).",1.13192783255363,FALSE,FALSE,FALSE
"2026_01_GB_MIN",4208,"GB","MIN","pass","(2:00) (Shotgun) 10-J.Love pass incomplete deep left to 32-M.Lloyd (23-J.Pierre) [15-D.Turner].",-0.51332720508799,FALSE,FALSE,FALSE
"2026_01_GB_MIN",4238,"GB","MIN","pass","(1:55) (Shotgun) 10-J.Love pass short right to 0-M.Golden to MIN 12 for 8 yards (44-J.Metellus).",0.545924122503493,FALSE,FALSE,FALSE
"2026_01_GB_MIN",4263,"GB","MIN","pass","(1:35) (No Huddle, Shotgun) 10-J.Love pass incomplete short middle to 0-M.Golden.",-1.58187881822232,FALSE,FALSE,FALSE
"2026_01_GB_MIN",4286,"GB","MIN","pass","(1:31) (Shotgun) 10-J.Love pass incomplete short middle to 23-S.Moore.",-3.66071927163284,TRUE,FALSE,TRUE
"2026_01_GB_MIN",4309,"MIN","GB","run","(1:28) 27-J.Mason right tackle to MIN 15 for 3 yards (57-B.Cox).",-0.63855187734589,FALSE,FALSE,FALSE
"2026_01_MIA_LV",62,"MIA","LV","run","(14:51) (Shotgun) 28-D.Achane up the middle to MIA 29 for 4 yards (94-F.Fatukasi).",-0.0759375486522913,FALSE,FALSE,FALSE
"2026_01_MIA_LV",84,"MIA","LV","run","(14:15) 2-M.Willis scrambles left end pushed ob at MIA 36 for 7 yards (97-T.Hemingway).",0.817078109364957,FALSE,FALSE,FALSE
"2026_01_MIA_LV",111,"MIA","LV","run","(13:39) (Shotgun) 28-D.Achane up the middle to MIA 34 for -2 yards (95-K.Paye, 3-T.Johnson).",-1.01505767926574,FALSE,FALSE,FALSE
"2026_01_MIA_LV",133,"MIA","LV","pass","(12:59) (Shotgun) 2-M.Willis pass short left to 28-D.Achane to MIA 41 for 7 yards (11-J.Chinn).",0.120382512919605,FALSE,FALSE,FALSE
"2026_01_MIA_LV",158,"MIA","LV","pass","(12:14) (Shotgun) 2-M.Willis pass short left to 28-D.Achane to LV 45 for 14 yards (31-T.Stukes).",2.14040739787742,FALSE,FALSE,FALSE
"2026_01_MIA_LV",183,"MIA","LV","run","(11:33) (Shotgun) 2-M.Willis left end pushed ob at LV 45 for no gain (11-J.Chinn).",-0.565376506885514,FALSE,FALSE,FALSE
"2026_01_MIA_LV",205,"MIA","LV","pass","(10:58) (Shotgun) 2-M.Willis pass incomplete deep left to 6-M.Washington (26-D.Porter).",-0.884799868799746,FALSE,FALSE,FALSE
"2026_01_MIA_LV",252,"MIA","LV","run","(10:52) (Shotgun) 2-M.Willis scrambles right end pushed ob at LV 44 for 6 yards (17-N.Dean). Penalty on MIA-55-A.Brewer, Offensive Holding, declined.",-0.970811216160655,FALSE,FALSE,FALSE
"2026_01_MIA_LV",315,"LV","MIA","run","(10:31) 2-A.Jeanty up the middle to LV 18 for 11 yards (3-C.Johnson; 4-J.Marshall).",0.742575965588912,FALSE,FALSE,FALSE
"2026_01_MIA_LV",337,"LV","MIA","run","(10:03) 2-A.Jeanty up the middle to LV 23 for 5 yards (23-Z.Anderson).",-0.173145203851163,FALSE,FALSE,FALSE
"2026_01_MIA_LV",359,"LV","MIA","run","(9:34) 2-A.Jeanty left end to LV 22 for -1 yards (3-C.Johnson).",-0.993756381329149,FALSE,FALSE,FALSE
"2026_01_MIA_LV",381,"LV","MIA","pass","(8:57) (Shotgun) 8-K.Cousins pass short left to 9-J.Nailor to LV 30 for 8 yards (4-J.Marshall).",2.02357515785843,FALSE,FALSE,FALSE
"2026_01_MIA_LV",411,"LV","MIA","pass","(8:23) 8-K.Cousins pass short right to 19-M.Benson to LV 36 for 6 yards (3-C.Johnson).",0.181956221349537,FALSE,FALSE,FALSE
"2026_01_MIA_LV",436,"LV","MIA","pass","(7:48) (Shotgun) 8-K.Cousins pass short right to 87-M.Mayer to LV 43 for 7 yards (20-J.Brooks; 16-M.Taaffe).",0.54096750356257,FALSE,FALSE,FALSE
"2026_01_MIA_LV",461,"LV","MIA","pass","(7:06) 8-K.Cousins pass short middle to 87-M.Mayer to MIA 43 for 14 yards (3-C.Johnson; 10-J.Rodriguez).",0.707098898477852,FALSE,FALSE,FALSE
"2026_01_MIA_LV",486,"LV","MIA","pass","(6:24) 8-K.Cousins pass short right to 87-M.Mayer to MIA 43 for no gain (20-J.Brooks).",-0.525498485658318,FALSE,FALSE,FALSE
"2026_01_MIA_LV",516,"LV","MIA","pass","(5:45) (Shotgun) 8-K.Cousins pass short right to 1-T.Tucker pushed ob at MIA 37 for 6 yards (8-J.Brents).",-0.0335369072854519,FALSE,FALSE,FALSE
"2026_01_MIA_LV",546,"LV","MIA","run","(5:06) (Shotgun) 2-A.Jeanty up the middle to MIA 34 for 3 yards (10-J.Rodriguez; 9-J.Uche).",-0.637159452075139,FALSE,FALSE,FALSE
"2026_01_MIA_LV",568,"LV","MIA","run","(4:29) 34-C.Heyward up the middle to MIA 34 for no gain (40-W.Gay; 23-Z.Anderson). The Replay Official reviewed the short of the line to gain ruling, and the play was REVERSED. 34-C.Heyward up the middle to MIA 33 for 1 yard (10-J.Rodriguez; 3-C.Johnson).",1.84822383732535,FALSE,FALSE,FALSE
"2026_01_MIA_LV",590,"LV","MIA","pass","(4:12) 8-K.Cousins pass short right to 2-A.Jeanty to MIA 28 for 5 yards (20-J.Brooks).",0.127842547022738,FALSE,FALSE,FALSE
"2026_01_MIA_LV",647,"LV","MIA","run","(3:33) 2-A.Jeanty up the middle to MIA 21 for 7 yards (51-R.Beal).",0.72346463194117,FALSE,FALSE,FALSE
"2026_01_MIA_LV",669,"LV","MIA","run","(2:56) 8-K.Cousins scrambles right end pushed ob at MIA 18 for 3 yards (20-J.Brooks).",-0.166499845334329,FALSE,FALSE,FALSE
"2026_01_MIA_LV",696,"LV","MIA","pass","(2:24) (Shotgun) 8-K.Cousins pass short middle to 18-J.Bech to MIA 15 for 3 yards (10-J.Rodriguez; 4-J.Marshall).",-0.335354156210087,FALSE,FALSE,FALSE
"2026_01_MIA_LV",721,"LV","MIA","pass","(1:38) (Shotgun) 8-K.Cousins pass short middle to 18-J.Bech for 15 yards, TOUCHDOWN.",2.55880875175353,FALSE,TRUE,TRUE
"2026_01_MIA_LV",792,"MIA","LV","run","(1:25) 28-D.Achane left guard to MIA 26 for 2 yards (94-F.Fatukasi; 69-A.Butler).",-0.319245357066393,FALSE,FALSE,FALSE
"2026_01_MIA_LV",814,"MIA","LV","pass","(:40) (Shotgun) 2-M.Willis sacked at MIA 19 for -7 yards (sack split by 95-K.Paye and 94-F.Fatukasi).",-1.76514787459746,TRUE,FALSE,TRUE
"2026_01_MIA_LV",854,"MIA","LV","pass","(15:00) (Shotgun) 2-M.Willis pass short middle to 7-C.Douglas to MIA 31 for 12 yards (7-Q.Walker; 97-T.Hemingway).",0.151007911190391,FALSE,FALSE,FALSE
"2026_01_MIA_LV",905,"LV","MIA","run","(14:08) 19-M.Benson left end to LV 25 for -8 yards (8-J.Brents).",-1.40319908829406,FALSE,FALSE,FALSE
"2026_01_MIA_LV",934,"LV","MIA","pass","(13:22) (Shotgun) 8-K.Cousins pass short left to 18-J.Bech to LV 30 for 5 yards (10-J.Rodriguez).",-0.520057792309672,FALSE,FALSE,FALSE
"2026_01_MIA_LV",959,"LV","MIA","pass","(12:44) (Shotgun) 8-K.Cousins pass incomplete deep left to 1-T.Tucker (23-Z.Anderson). PENALTY on MIA-8-J.Brents, Taunting, 15 yards, enforced at LV 30.",2.57617446733639,FALSE,TRUE,TRUE
"2026_01_MIA_LV",998,"LV","MIA","run","(12:39) (Shotgun) 2-A.Jeanty up the middle to MIA 47 for 8 yards (3-C.Johnson).",0.52143437974155,FALSE,FALSE,FALSE
"2026_01_MIA_LV",1020,"LV","MIA","run","(12:03) 2-A.Jeanty up the middle to MIA 37 for 10 yards (20-J.Brooks; 8-J.Brents).",0.584108476992697,FALSE,FALSE,FALSE
"2026_01_MIA_LV",1042,"LV","MIA","run","(11:23) 4-M.Washington left tackle to MIA 34 for 3 yards (10-J.Rodriguez).",-0.329621064011008,FALSE,FALSE,FALSE
"2026_01_MIA_LV",1064,"LV","MIA","pass","(10:45) 8-K.Cousins pass incomplete short middle to 82-C.White (3-C.Johnson).",-0.750253529055044,FALSE,FALSE,FALSE
"2026_01_MIA_LV",1087,"LV","MIA","pass","(10:40) (Shotgun) 8-K.Cousins pass short right to 87-M.Mayer to MIA 29 for 5 yards (16-M.Taaffe; 8-J.Brents). FUMBLES (16-M.Taaffe), RECOVERED by MIA-23-Z.Anderson at MIA 45. The Replay Official reviewed the runner was not down by contact ruling, and the play was REVERSED. (Shotgun) 8-K.Cousins pass short right to 87-M.Mayer to MIA 29 for 5 yards (8-J.Brents).",-0.871700898209834,FALSE,FALSE,FALSE
"2026_01_MIA_LV",1217,"MIA","LV","pass","(10:22) 2-M.Willis pass incomplete deep right to 6-M.Washington.",-0.540670725982636,FALSE,FALSE,FALSE
"2026_01_MIA_LV",1240,"MIA","LV","run","(10:16) 28-D.Achane left tackle to MIA 45 for 10 yards (7-Q.Walker; 26-D.Porter).",1.19760842365213,FALSE,FALSE,FALSE
"2026_01_MIA_LV",1262,"MIA","LV","pass","(9:36) 2-M.Willis pass short right to 85-G.Dulcich to LV 49 for 6 yards (5-E.Stokes).",0.327275566756725,FALSE,FALSE,FALSE
"2026_01_MIA_LV",1287,"MIA","LV","run","(8:53) 28-D.Achane left tackle to LV 44 for 5 yards (26-D.Porter; 99-T.Booker).",0.339528626995161,FALSE,FALSE,FALSE
"2026_01_MIA_LV",1309,"MIA","LV","run","(8:12) 28-D.Achane left tackle to LV 43 for 1 yard (95-K.Paye).",-0.425150627270341,FALSE,FALSE,FALSE
"2026_01_MIA_LV",1331,"MIA","LV","pass","(7:33) 2-M.Willis pass short left to 85-G.Dulcich to LV 31 for 12 yards (11-J.Chinn; 51-M.Koonce). The penalty was assisted by replay.",1.31337607791647,FALSE,FALSE,FALSE
"2026_01_MIA_LV",1457,"MIA","LV","pass","(6:22) (Shotgun) 2-M.Willis pass short right to 6-M.Washington pushed ob at LV 47 for -1 yards (3-T.Johnson, 7-Q.Walker).",-0.589103923877701,FALSE,FALSE,FALSE
"2026_01_MIA_LV",1489,"MIA","LV","pass","(5:35) (Shotgun) 2-M.Willis pass deep right to 7-C.Douglas pushed ob at LV 22 for 25 yards (31-T.Stukes).",2.10375586827286,FALSE,FALSE,FALSE
"2026_01_MIA_LV",1519,"MIA","LV","run","(4:54) 77-C.Wallace reported in as eligible. 28-D.Achane right guard to LV 23 for -1 yards (17-N.Dean, 7-Q.Walker).",-1.899617470162,TRUE,FALSE,TRUE
"2026_01_MIA_LV",1606,"LV","MIA","run","(4:00) 4-M.Washington up the middle to MIA 46 for 8 yards (11-D.Trader; 16-M.Taaffe).",0.484832663845737,FALSE,FALSE,FALSE
"2026_01_MIA_LV",1628,"LV","MIA","run","(3:27) 4-M.Washington left guard to MIA 28 for 18 yards (11-D.Trader).",0.948803893465083,FALSE,FALSE,FALSE
"2026_01_MIA_LV",1650,"LV","MIA","run","(2:46) 4-M.Washington left end to MIA 22 for 6 yards (10-J.Rodriguez).",0.514467785542365,FALSE,FALSE,FALSE
"2026_01_MIA_LV",1672,"LV","MIA","pass","(2:00) 8-K.Cousins pass short right to 9-J.Nailor to MIA 15 for 7 yards (3-C.Johnson).",0.483235879917629,FALSE,FALSE,FALSE
"2026_01_MIA_LV",1704,"LV","MIA","pass","(1:21) 8-K.Cousins pass incomplete short middle to 87-M.Mayer.",-0.453797545807902,FALSE,FALSE,FALSE
"2026_01_MIA_LV",1727,"LV","MIA","pass","(1:17) (Shotgun) 8-K.Cousins pass short left to 2-A.Jeanty to MIA 13 for 2 yards (10-J.Rodriguez).",-0.549570429953746,FALSE,FALSE,FALSE
"2026_01_MIA_LV",1752,"LV","MIA","pass","(1:12) (Shotgun) 8-K.Cousins pass short middle to 2-A.Jeanty for 13 yards, TOUCHDOWN.",3.25431277311873,FALSE,TRUE,TRUE
"2026_01_MIA_LV",1830,"MIA","LV","pass","(1:00) (Shotgun) 2-M.Willis pass incomplete deep middle to 18-C.Bell (26-D.Porter).",-0.28074141649995,FALSE,FALSE,FALSE
"2026_01_MIA_LV",1853,"MIA","LV","run","(:52) (Shotgun) 28-D.Achane up the middle to MIA 37 for 7 yards (3-T.Johnson; 31-T.Stukes).",-0.13926034088945,FALSE,FALSE,FALSE
"2026_01_MIA_LV",1875,"MIA","LV","pass","(:28) (Shotgun) 2-M.Willis pass short right to 7-C.Douglas pushed ob at LV 49 for 14 yards (5-E.Stokes).",0.948792113747913,FALSE,FALSE,FALSE
"2026_01_MIA_LV",1912,"MIA","LV","pass","(:21) (Shotgun) 2-M.Willis pass incomplete deep right to 6-M.Washington.",-0.451402913837228,FALSE,FALSE,FALSE
"2026_01_MIA_LV",1935,"MIA","LV","pass","(:13) (Shotgun) 2-M.Willis pass deep middle to 7-C.Douglas to LV 19 for 30 yards (7-Q.Walker).",1.55094302610421,FALSE,FALSE,FALSE
"2026_01_MIA_LV",2029,"LV","MIA","run","(15:00) 2-A.Jeanty left tackle to LV 38 for 3 yards (94-J.Phillips; 10-J.Rodriguez).",-0.260353579651564,FALSE,FALSE,FALSE
"2026_01_MIA_LV",2051,"LV","MIA","pass","(14:34) (No Huddle, Shotgun) 8-K.Cousins pass deep left intended for 18-J.Bech INTERCEPTED by 16-M.Taaffe at MIA 46. 16-M.Taaffe to MIA 48 for 2 yards (18-J.Bech).",-4.65861296537332,TRUE,FALSE,TRUE
"2026_01_MIA_LV",2078,"MIA","LV","pass","(14:29) (Shotgun) 2-M.Willis pass deep right to 18-C.Bell to LV 27 for 25 yards (31-T.Stukes) [98-M.Crosby].",1.7601014347747,FALSE,FALSE,FALSE
"2026_01_MIA_LV",2108,"MIA","LV","pass","(13:54) (No Huddle) 2-M.Willis pass incomplete short right to 7-C.Douglas. Miami challenged the incomplete pass ruling, and the play was REVERSED. (No Huddle) 2-M.Willis pass short right to 7-C.Douglas ran ob at LV 14 for 13 yards.",0.760169485933147,FALSE,FALSE,FALSE
"2026_01_MIA_LV",2205,"MIA","LV","run","(13:31) 28-D.Achane up the middle to LV 14 for 5 yards (17-N.Dean; 97-T.Hemingway).",0.302749629248865,FALSE,FALSE,FALSE
"2026_01_MIA_LV",2227,"MIA","LV","run","(12:52) (Shotgun) 2-M.Willis scrambles right end for 14 yards, TOUCHDOWN.",2.31495147501118,FALSE,FALSE,FALSE
"2026_01_MIA_LV",2310,"LV","MIA","run","(12:37) 2-A.Jeanty up the middle to MIA 45 for 5 yards (10-J.Rodriguez; 11-D.Trader).",-0.0497426837682724,FALSE,FALSE,FALSE
"2026_01_MIA_LV",2332,"LV","MIA","pass","(12:00) 8-K.Cousins pass deep left to 1-T.Tucker to MIA 24 for 21 yards (16-M.Taaffe) [94-J.Phillips].",1.72546495997813,FALSE,FALSE,FALSE
"2026_01_MIA_LV",2357,"LV","MIA","run","(11:21) 2-A.Jeanty right end pushed ob at MIA 16 for 8 yards (3-C.Johnson).",0.372103694593534,FALSE,FALSE,FALSE
"2026_01_MIA_LV",2384,"LV","MIA","run","(10:48) (Shotgun) 2-A.Jeanty right guard to MIA 13 for 3 yards (9-J.Uche; 20-J.Brooks).",0.13010935659986,FALSE,FALSE,FALSE
"2026_01_MIA_LV",2406,"LV","MIA","pass","(10:06) 8-K.Cousins pass short left to 2-A.Jeanty for 13 yards, TOUCHDOWN.",1.58040107041597,FALSE,FALSE,FALSE
"2026_01_MIA_LV",2477,"MIA","LV","pass","(9:53) (Shotgun) 2-M.Willis pass incomplete short left to 89-W.Kacmarek.",-0.635939047206193,FALSE,FALSE,FALSE
"2026_01_MIA_LV",2500,"MIA","LV","pass","(9:49) (Shotgun) 2-M.Willis pass deep middle intended for 7-C.Douglas INTERCEPTED by 31-T.Stukes at LV 34. 31-T.Stukes to LV 34 for no gain (7-C.Douglas).",-2.29624688462354,TRUE,FALSE,TRUE
"2026_01_MIA_LV",2527,"LV","MIA","run","(9:41) 2-A.Jeanty up the middle to LV 39 for 5 yards (10-J.Rodriguez; 94-J.Phillips).",-0.00881548807956278,FALSE,FALSE,FALSE
"2026_01_MIA_LV",2556,"LV","MIA","run","(9:05) 2-A.Jeanty right guard to LV 45 for 6 yards (98-C.Ferrell; 94-J.Phillips).",0.681598073337227,FALSE,FALSE,FALSE
"2026_01_MIA_LV",2578,"LV","MIA","pass","(8:29) 8-K.Cousins pass incomplete short left [20-J.Brooks].",-0.514124996960163,FALSE,FALSE,FALSE
"2026_01_MIA_LV",2601,"LV","MIA","run","(8:24) (Shotgun) 2-A.Jeanty right tackle to MIA 40 for 15 yards (23-Z.Anderson).",1.40122106228955,FALSE,FALSE,FALSE
"2026_01_MIA_LV",2623,"LV","MIA","run","(7:37) (Shotgun) 4-M.Washington left tackle to MIA 36 for 4 yards (9-J.Uche; 16-M.Taaffe).",-0.205942515749484,FALSE,FALSE,FALSE
"2026_01_MIA_LV",2645,"LV","MIA","pass","(6:55) 8-K.Cousins pass short right to 9-J.Nailor to MIA 24 for 12 yards (3-C.Johnson; 40-W.Gay).",1.31249439553358,FALSE,FALSE,FALSE
"2026_01_MIA_LV",2670,"LV","MIA","run","(6:17) 2-A.Jeanty left guard to MIA 17 for 7 yards (23-Z.Anderson; 3-C.Johnson).",0.289482931839302,FALSE,FALSE,FALSE
"2026_01_MIA_LV",2692,"LV","MIA","run","(5:35) 2-A.Jeanty up the middle to MIA 17 for no gain (94-J.Phillips; 93-Z.Biggers).",-0.689657585229725,FALSE,FALSE,FALSE
"2026_01_MIA_LV",2714,"LV","MIA","run","(4:49) (Shotgun) 2-A.Jeanty left guard to MIA 10 for 7 yards (92-Z.Sieler; 3-C.Johnson).",0.962771285208873,FALSE,FALSE,FALSE
"2026_01_MIA_LV",2736,"LV","MIA","pass","(4:11) 8-K.Cousins pass incomplete short middle to 1-T.Tucker (3-C.Johnson).",-0.470125098130666,FALSE,FALSE,FALSE
"2026_01_MIA_LV",2759,"LV","MIA","run","(4:07) 4-M.Washington left guard to MIA 11 for -1 yards (4-J.Marshall).",-1.10499422333669,FALSE,FALSE,FALSE
"2026_01_MIA_LV",2781,"LV","MIA","pass","(3:25) (Shotgun) 8-K.Cousins pass short left to 2-A.Jeanty to MIA 7 for 4 yards (20-J.Brooks).",-0.880629888328258,FALSE,FALSE,FALSE
"2026_01_MIA_LV",2897,"MIA","LV","run","(2:21) (Shotgun) 28-D.Achane left guard to LV 15 for 3 yards (97-T.Hemingway; 94-F.Fatukasi).",-0.23421199421864,FALSE,FALSE,FALSE
"2026_01_MIA_LV",2919,"MIA","LV","run","(1:39) 28-D.Achane left end to LV 13 for 2 yards (11-J.Chinn).",-0.44099357468076,FALSE,FALSE,FALSE
"2026_01_MIA_LV",2941,"MIA","LV","pass","(:54) (Shotgun) 2-M.Willis sacked at LV 23 for -10 yards (17-N.Dean).",-2.01400775288977,TRUE,FALSE,TRUE
"2026_01_MIA_LV",2982,"LV","MIA","pass","(:07) 8-K.Cousins pass incomplete deep left to 19-M.Benson.",-0.569286547601223,FALSE,FALSE,FALSE
"2026_01_MIA_LV",3032,"LV","MIA","pass","(15:00) (Shotgun) 8-K.Cousins pass incomplete deep right to 9-J.Nailor.",-0.812992285937071,FALSE,FALSE,FALSE
"2026_01_MIA_LV",3055,"LV","MIA","pass","(14:55) (Shotgun) 8-K.Cousins pass short left to 2-A.Jeanty to LV 39 for 8 yards (20-J.Brooks).",-0.773553832899779,FALSE,FALSE,FALSE
"2026_01_MIA_LV",3098,"MIA","LV","pass","(14:07) (Shotgun) 2-M.Willis pass short right to 28-D.Achane to MIA 24 for 4 yards (99-T.Booker; 95-K.Paye) [96-J.Laulu].",-0.229087608866394,FALSE,FALSE,FALSE
"2026_01_MIA_LV",3123,"MIA","LV","pass","(13:18) (Shotgun) 2-M.Willis pass incomplete short left to 6-M.Washington [95-K.Paye].",-0.795324773527682,FALSE,FALSE,FALSE
"2026_01_MIA_LV",3146,"MIA","LV","pass","(13:14) (Shotgun) 2-M.Willis sacked at MIA 20 for -4 yards (98-M.Crosby).",-1.63198340963572,FALSE,FALSE,FALSE
"2026_01_MIA_LV",3257,"LV","MIA","run","(12:15) 2-A.Jeanty right end to LV 41 for -4 yards (92-Z.Sieler).",-1.21291116415523,FALSE,FALSE,FALSE
"2026_01_MIA_LV",3279,"LV","MIA","pass","(11:32) (Shotgun) 8-K.Cousins pass deep middle intended for 9-J.Nailor INTERCEPTED by 11-D.Trader at MIA 42. 11-D.Trader to LV 44 for 14 yards (23-D.Laube; 58-J.Powers-Johnson).",-4.65061908168718,TRUE,FALSE,TRUE
"2026_01_MIA_LV",3318,"MIA","LV","pass","(11:22) (Shotgun) 2-M.Willis pass incomplete short left to 28-D.Achane (94-F.Fatukasi).",-0.517660136101767,FALSE,FALSE,FALSE
"2026_01_MIA_LV",3348,"MIA","LV","pass","(11:17) (Shotgun) 2-M.Willis pass incomplete deep right to 6-M.Washington.",-0.850149285513908,FALSE,FALSE,FALSE
"2026_01_MIA_LV",3371,"MIA","LV","pass","(11:10) (Shotgun) 2-M.Willis sacked at MIA 48 for -8 yards (sack split by 95-K.Paye and 98-M.Crosby).",-2.23234087787569,TRUE,FALSE,TRUE
"2026_01_MIA_LV",3411,"LV","MIA","run","(10:23) 2-A.Jeanty up the middle to LV 12 for no gain (10-J.Rodriguez).",-0.588022513315082,FALSE,FALSE,FALSE
"2026_01_MIA_LV",3440,"LV","MIA","run","(9:46) (Shotgun) 2-A.Jeanty right end to LV 16 for 4 yards (23-Z.Anderson; 10-J.Rodriguez).",-0.453464101999998,FALSE,FALSE,FALSE
"2026_01_MIA_LV",3467,"LV","MIA","pass","(9:04) (Shotgun) 8-K.Cousins pass short left to 87-M.Mayer to LV 24 for 8 yards (9-J.Uche).",1.74411920690909,FALSE,FALSE,FALSE
"2026_01_MIA_LV",3504,"LV","MIA","run","(8:22) 2-A.Jeanty right guard to LV 27 for 3 yards (44-C.Robinson; 10-J.Rodriguez).",-0.249290024163201,FALSE,FALSE,FALSE
"2026_01_MIA_LV",3526,"LV","MIA","pass","(7:44) 8-K.Cousins pass short left to 87-M.Mayer to LV 25 for -2 yards (23-Z.Anderson).",-1.05354272946715,FALSE,FALSE,FALSE
"2026_01_MIA_LV",3551,"LV","MIA","run","(6:57) (Shotgun) 8-K.Cousins up the middle to LV 22 for -3 yards (90-M.Herring).",-1.52180895698257,FALSE,FALSE,FALSE
"2026_01_MIA_LV",3645,"MIA","LV","run","(5:54) (Shotgun) 5-J.Wright up the middle to MIA 26 for -1 yards (99-T.Booker).",-0.900913973804563,FALSE,FALSE,FALSE
"2026_01_MIA_LV",3667,"MIA","LV","pass","(5:21) (Shotgun) 2-M.Willis pass deep middle to 6-M.Washington to LV 44 for 30 yards (31-T.Stukes). LV-26-D.Porter was injured during the play.",2.7159631276736,FALSE,TRUE,TRUE
"2026_01_MIA_LV",3692,"MIA","LV","pass","(4:51) (Shotgun) 2-M.Willis pass incomplete short left to 21-K.Coleman (35-H.Masses) [99-T.Booker].",-0.457319156674203,FALSE,FALSE,FALSE
"2026_01_MIA_LV",3718,"MIA","LV","run","(4:46) (Shotgun) 2-M.Willis scrambles up the middle to LV 41 for 3 yards (17-N.Dean).",-0.664369888894726,FALSE,FALSE,FALSE
"2026_01_MIA_LV",3740,"MIA","LV","pass","(4:10) (Shotgun) 2-M.Willis pass incomplete short middle to 7-C.Douglas (97-T.Hemingway).",-1.63460562098771,FALSE,FALSE,FALSE
"2026_01_MIA_LV",3787,"MIA","LV","pass","(4:04) (Shotgun) 2-M.Willis pass incomplete short right to 21-K.Coleman.",-2.51775978785008,TRUE,FALSE,TRUE
"2026_01_MIA_LV",3810,"LV","MIA","run","(3:58) 2-A.Jeanty left tackle to LV 47 for no gain (20-J.Brooks).",-0.456410652957857,FALSE,FALSE,FALSE
"2026_01_MIA_LV",3832,"LV","MIA","run","(3:51) 2-A.Jeanty up the middle to LV 44 for -3 yards (92-Z.Sieler).",-1.36131448077504,FALSE,FALSE,FALSE
"2026_01_MIA_LV",3861,"LV","MIA","run","(3:46) 4-M.Washington left guard to LV 47 for 3 yards (93-Z.Biggers).",-1.23782874969766,FALSE,FALSE,FALSE
"2026_01_MIA_LV",3950,"MIA","LV","pass","(3:29) (Shotgun) 2-M.Willis pass short left to 28-D.Achane to MIA 8 for 5 yards (7-Q.Walker).",-0.0846436445135623,FALSE,FALSE,FALSE
"2026_01_MIA_LV",4050,"MIA","LV","pass","(3:01) (Shotgun) 2-M.Willis sacked at MIA 1 for -6 yards (95-K.Paye).",-0.8747193479212,FALSE,FALSE,FALSE
"2026_01_MIA_LV",4070,"MIA","LV","run","(2:20) (Shotgun) 2-M.Willis scrambles left end to MIA 10 for 9 yards (17-N.Dean). FUMBLES (17-N.Dean), ball out of bounds at MIA 13. The fumble was assisted by replay.",0.114422243088484,FALSE,FALSE,FALSE
"2026_01_MIA_LV",4097,"MIA","LV","pass","(2:00) (Shotgun) 2-M.Willis pass deep middle to 6-M.Washington to MIA 36 for 26 yards (11-J.Chinn). FUMBLES (11-J.Chinn), RECOVERED by LV-7-Q.Walker at MIA 34.",-1.83840708923526,TRUE,FALSE,TRUE
"2026_01_NE_SEA",64,"SEA","NE","run","(14:55) 8-J.Price right tackle to SEA 37 for 13 yards (31-K.Byard; 91-E.Ponder).",1.11155571811832,FALSE,FALSE,FALSE
"2026_01_NE_SEA",86,"SEA","NE","pass","(14:17) 14-S.Darnold pass short middle to 11-J.Smith-Njigba to 50 for 13 yards (14-R.Spillane).",0.825319406343624,FALSE,FALSE,FALSE
"2026_01_NE_SEA",135,"SEA","NE","run","(13:09) (Shotgun) 36-G.Holani up the middle to NE 46 for 9 yards (94-C.Durden; 14-R.Spillane).",0.277094580931589,FALSE,FALSE,FALSE
"2026_01_NE_SEA",157,"SEA","NE","pass","(12:30) (Shotgun) 14-S.Darnold pass incomplete short right to 22-R.Shaheed.",-0.849787754705176,FALSE,FALSE,FALSE
"2026_01_NE_SEA",180,"SEA","NE","pass","(12:27) (Shotgun) 14-S.Darnold sacked at SEA 49 for -5 yards (5-D.Jones). SEA-14-S.Darnold was injured during the play.",-2.05167769873515,TRUE,FALSE,TRUE
"2026_01_NE_SEA",227,"NE","SEA","run","(11:42) 38-R.Stevenson up the middle to NE 11 for 3 yards (0-D.Lawrence; 32-D.Thomas).",-0.198198371334001,FALSE,FALSE,FALSE
"2026_01_NE_SEA",249,"NE","SEA","run","(11:07) 10-D.Maye scrambles up the middle to NE 21 for 10 yards (13-E.Jones; 21-D.Witherspoon).",1.06336008245125,FALSE,FALSE,FALSE
"2026_01_NE_SEA",271,"NE","SEA","run","(10:26) (Shotgun) 38-R.Stevenson left end pushed ob at NE 23 for 2 yards (20-J.Love).",-0.49378530215472,FALSE,FALSE,FALSE
"2026_01_NE_SEA",298,"NE","SEA","run","(9:53) 38-R.Stevenson up the middle to NE 26 for 3 yards (28-N.Pritchett).",-0.173502600751817,FALSE,FALSE,FALSE
"2026_01_NE_SEA",320,"NE","SEA","run","(9:14) (Shotgun) 10-D.Maye scrambles right end pushed ob at NE 27 for 1 yard (91-B.Murphy). PENALTY on SEA-58-D.Hall, Unnecessary Roughness, 15 yards, enforced at NE 27.",2.1500509204343,FALSE,FALSE,FALSE
"2026_01_NE_SEA",358,"NE","SEA","run","(8:58) 38-R.Stevenson left end pushed ob at NE 48 for 6 yards (13-E.Jones).",0.407657362520695,FALSE,FALSE,FALSE
"2026_01_NE_SEA",385,"NE","SEA","run","(8:25) (Shotgun) 38-R.Stevenson left guard to NE 45 for -3 yards (7-U.Nwosu).",-1.4977269123774,FALSE,FALSE,FALSE
"2026_01_NE_SEA",407,"NE","SEA","pass","(7:41) (Shotgun) 10-D.Maye pass incomplete short right [21-D.Witherspoon].",-1.54113255278207,FALSE,FALSE,FALSE
"2026_01_NE_SEA",460,"SEA","NE","run","(7:29) (Shotgun) 36-G.Holani left guard to SEA 14 for 4 yards (25-M.Jones).",-0.24861858645454,FALSE,FALSE,FALSE
"2026_01_NE_SEA",482,"SEA","NE","run","(6:54) 8-J.Price left tackle to SEA 21 for 7 yards (4-C.Woodson).",0.865844305139035,FALSE,FALSE,FALSE
"2026_01_NE_SEA",505,"SEA","NE","pass","(6:22) 2-D.Lock pass short right to 11-J.Smith-Njigba pushed ob at SEA 29 for 8 yards (14-R.Spillane).",0.857515569310635,FALSE,FALSE,FALSE
"2026_01_NE_SEA",535,"SEA","NE","run","(6:02) (No Huddle) 8-J.Price right end to SEA 29 for no gain (7-C.Davis; 31-K.Byard). NE-7-C.Davis was injured during the play.",-0.732435729820281,FALSE,FALSE,FALSE
"2026_01_NE_SEA",557,"SEA","NE","run","(5:19) (Shotgun) 36-G.Holani right guard to SEA 30 for 1 yard (14-R.Spillane).",-1.36344748083502,FALSE,FALSE,FALSE
"2026_01_NE_SEA",613,"NE","SEA","pass","(4:35) (Shotgun) 10-D.Maye pass short right to 13-M.Hollins to NE 29 for 9 yards (13-E.Jones).",0.948128363117576,FALSE,FALSE,FALSE
"2026_01_NE_SEA",638,"NE","SEA","run","(4:00) 10-D.Maye up the middle to NE 32 for 3 yards (99-L.Williams).",-0.058844109531492,FALSE,FALSE,FALSE
"2026_01_NE_SEA",660,"NE","SEA","pass","(3:24) (Shotgun) 10-D.Maye pass short left to 1-A.Brown pushed ob at NE 39 for 7 yards (28-N.Pritchett).",0.330379623221233,FALSE,FALSE,FALSE
"2026_01_NE_SEA",690,"NE","SEA","run","(2:48) 38-R.Stevenson right tackle to NE 41 for 2 yards (99-L.Williams).",-0.131486904108897,FALSE,FALSE,FALSE
"2026_01_NE_SEA",712,"NE","SEA","run","(2:12) 38-R.Stevenson right guard to NE 40 for -1 yards (20-J.Love).",-2.11557504395023,TRUE,FALSE,TRUE
"2026_01_NE_SEA",761,"SEA","NE","run","(1:22) 8-J.Price right end pushed ob at SEA 26 for 12 yards (0-C.Gonzalez). ** Injury Update: NE-7-C.Davis has returned to the game.",0.822044737637043,FALSE,FALSE,FALSE
"2026_01_NE_SEA",788,"SEA","NE","run","(:49) 8-J.Price right end to SEA 28 for 2 yards (53-C.Elliss; 97-M.Williams).",-0.506458680611104,FALSE,FALSE,FALSE
"2026_01_NE_SEA",813,"SEA","NE","run","(:08) 23-E.Wilson left guard to SEA 31 for 3 yards (14-R.Spillane).",-0.310742969159037,FALSE,FALSE,FALSE
"2026_01_NE_SEA",855,"SEA","NE","pass","(15:00) (Shotgun) 2-D.Lock pass incomplete deep left to 10-C.Kupp (0-C.Gonzalez).",-1.39599607512355,FALSE,FALSE,FALSE
"2026_01_NE_SEA",898,"NE","SEA","run","(14:48) 9-C.Kiner right guard to NE 30 for 7 yards (98-R.Mills).",0.495923278387636,FALSE,FALSE,FALSE
"2026_01_NE_SEA",920,"NE","SEA","run","(14:09) 9-C.Kiner right guard to NE 29 for -1 yards (98-R.Mills).",-0.811958865262568,FALSE,FALSE,FALSE
"2026_01_NE_SEA",942,"NE","SEA","pass","(13:28) (Shotgun) 10-D.Maye pass short left to 3-D.Douglas ran ob at NE 34 for 5 yards.",1.16022339463234,FALSE,FALSE,FALSE
"2026_01_NE_SEA",972,"NE","SEA","pass","(13:00) 10-D.Maye pass short left to 34-L.Larison to NE 45 for 11 yards (29-J.Jobe).",0.7008348449599,FALSE,FALSE,FALSE
"2026_01_NE_SEA",997,"NE","SEA","run","(12:21) 9-C.Kiner up the middle to NE 45 for no gain (7-U.Nwosu).",-0.452754139201716,FALSE,FALSE,FALSE
"2026_01_NE_SEA",1019,"NE","SEA","run","(11:47) (Shotgun) 10-D.Maye scrambles right end ran ob at SEA 49 for 6 yards (28-N.Pritchett).",-0.0390160935930908,FALSE,FALSE,FALSE
"2026_01_NE_SEA",1046,"NE","SEA","pass","(11:08) (Shotgun) 10-D.Maye pass short right to 1-A.Brown to SEA 44 for 5 yards (29-J.Jobe).",1.21092817746103,FALSE,FALSE,FALSE
"2026_01_NE_SEA",1071,"NE","SEA","run","(10:31) 9-C.Kiner right tackle to SEA 41 for 3 yards (0-D.Lawrence; 20-J.Love).",-0.201182584976777,FALSE,FALSE,FALSE
"2026_01_NE_SEA",1093,"NE","SEA","pass","(9:54) (Shotgun) 10-D.Maye pass short left to 3-D.Douglas to SEA 36 for 5 yards (13-E.Jones; 28-N.Pritchett).",0.143076170468703,FALSE,FALSE,FALSE
"2026_01_NE_SEA",1152,"NE","SEA","pass","(9:14) 70-G.Van Roten reported in as eligible. 10-D.Maye pass short left to 82-E.Raridon for 2 yards, TOUCHDOWN.",0.840626145160059,FALSE,FALSE,FALSE
"2026_01_NE_SEA",1225,"SEA","NE","pass","(9:06) 2-D.Lock pass short left to 38-B.Russell to SEA 37 for 7 yards (24-D.Pettus).",0.330518778879195,FALSE,FALSE,FALSE
"2026_01_NE_SEA",1255,"SEA","NE","run","(8:25) 8-J.Price right end to SEA 45 for 8 yards (31-K.Byard).",0.639518844429404,FALSE,FALSE,FALSE
"2026_01_NE_SEA",1277,"SEA","NE","pass","(7:42) 2-D.Lock sacked at SEA 38 for -7 yards (50-G.Jacas).",-1.30798680661246,FALSE,FALSE,FALSE
"2026_01_NE_SEA",1321,"SEA","NE","pass","(6:45) (Shotgun) 2-D.Lock pass short right to 11-J.Smith-Njigba to SEA 38 for 5 yards (94-C.Durden; 25-M.Jones).",-0.495698593556881,FALSE,FALSE,FALSE
"2026_01_NE_SEA",1370,"SEA","NE","pass","(5:39) (Shotgun) 2-D.Lock pass deep middle to 11-J.Smith-Njigba to NE 46 for 21 yards (4-C.Woodson).",1.10187805688474,FALSE,FALSE,FALSE
"2026_01_NE_SEA",1450,"NE","SEA","run","(4:39) 38-R.Stevenson left tackle to NE 12 for 4 yards (7-U.Nwosu).",-0.184078906429932,FALSE,FALSE,FALSE
"2026_01_NE_SEA",1479,"NE","SEA","pass","(4:02) (Shotgun) 10-D.Maye pass short middle to 85-H.Henry to NE 15 for 3 yards (7-U.Nwosu).",-0.115717191016302,FALSE,FALSE,FALSE
"2026_01_NE_SEA",1504,"NE","SEA","pass","(3:18) (Shotgun) 10-D.Maye pass short left to 1-A.Brown to NE 29 for 14 yards (28-N.Pritchett).",1.57226175477263,FALSE,FALSE,FALSE
"2026_01_NE_SEA",1529,"NE","SEA","run","(2:45) 9-C.Kiner left tackle to NE 30 for 1 yard (13-E.Jones; 32-D.Thomas).",-0.49678151414264,FALSE,FALSE,FALSE
"2026_01_NE_SEA",1551,"NE","SEA","run","(2:00) (Shotgun) 10-D.Maye scrambles left tackle ran ob at NE 46 for 16 yards (13-E.Jones).",1.20853252557572,FALSE,FALSE,FALSE
"2026_01_NE_SEA",1585,"NE","SEA","pass","(1:52) (Shotgun) 10-D.Maye pass incomplete deep right to 3-D.Douglas [32-D.Thomas].",-0.365672100102529,FALSE,FALSE,FALSE
"2026_01_NE_SEA",1611,"NE","SEA","pass","(1:46) (Shotgun) 10-D.Maye pass short left to 38-R.Stevenson to SEA 49 for 5 yards (32-D.Thomas; 29-J.Jobe).",0.148507287842222,FALSE,FALSE,FALSE
"2026_01_NE_SEA",1636,"NE","SEA","run","(1:03) (Shotgun) 38-R.Stevenson left guard to SEA 47 for 2 yards (13-E.Jones; 99-L.Williams).",-1.06506459962111,FALSE,FALSE,FALSE
"2026_01_NE_SEA",1685,"SEA","NE","run","(:50) (Shotgun) 36-G.Holani right tackle to SEA 11 for 4 yards (4-C.Woodson).",-0.0167272030957974,FALSE,FALSE,FALSE
"2026_01_NE_SEA",1714,"SEA","NE","run","(:45) 36-G.Holani right end to SEA 12 for 1 yard (7-C.Davis).",-0.108457126363646,FALSE,FALSE,FALSE
"2026_01_NE_SEA",1755,"SEA","NE","pass","(:39) (Shotgun) 2-D.Lock pass short right to 11-J.Smith-Njigba to SEA 18 for 6 yards (53-C.Elliss).",0.368728844914585,FALSE,FALSE,FALSE
"2026_01_NE_SEA",1780,"SEA","NE","pass","(:33) (Shotgun) 2-D.Lock pass short left to 88-A.Barner to SEA 22 for 4 yards (0-C.Gonzalez).",-0.116012300073635,FALSE,FALSE,FALSE
"2026_01_NE_SEA",1812,"SEA","NE","pass","(:24) (Shotgun) 2-D.Lock pass incomplete short right to 36-G.Holani. The penalty was assisted by replay.",-0.0342817474738695,FALSE,FALSE,FALSE
"2026_01_NE_SEA",1859,"SEA","NE","run","(:17) (Shotgun) 36-G.Holani left guard to SEA 26 for 4 yards (90-C.Barmore).",-0.0417848749202676,FALSE,FALSE,FALSE
"2026_01_NE_SEA",1934,"NE","SEA","pass","(14:53) 10-D.Maye pass short right to 85-H.Henry to NE 42 for 13 yards (20-J.Love).",0.817019200883806,FALSE,FALSE,FALSE
"2026_01_NE_SEA",1959,"NE","SEA","pass","(14:18) (Shotgun) 10-D.Maye pass incomplete short right.",-0.525732577312738,FALSE,FALSE,FALSE
"2026_01_NE_SEA",1987,"NE","SEA","run","(14:11) (Shotgun) 38-R.Stevenson up the middle to NE 48 for 6 yards (21-D.Witherspoon; 32-D.Thomas).",0.0137322687078267,FALSE,FALSE,FALSE
"2026_01_NE_SEA",2009,"NE","SEA","pass","(13:30) (Shotgun) 10-D.Maye pass incomplete short left to 1-A.Brown (28-N.Pritchett). NE-1-A.Brown was injured during the play.",-1.86249101976864,TRUE,FALSE,TRUE
"2026_01_NE_SEA",2073,"NE","SEA","run","(13:20) 38-R.Stevenson left end to SEA 37 for no gain (13-E.Jones).",-0.568323701387271,FALSE,FALSE,FALSE
"2026_01_NE_SEA",2095,"NE","SEA","pass","(12:41) (Shotgun) 10-D.Maye pass incomplete short left to 38-R.Stevenson (7-U.Nwosu). The incomplete pass was assisted by replay.",-0.845830118283629,FALSE,FALSE,FALSE
"2026_01_NE_SEA",2120,"NE","SEA","pass","(12:38) (Shotgun) 10-D.Maye pass short right to 38-R.Stevenson to SEA 32 for 5 yards (20-J.Love; 21-D.Witherspoon).",-0.68645065406419,FALSE,FALSE,FALSE
"2026_01_NE_SEA",2213,"SEA","NE","pass","(11:44) 2-D.Lock pass short middle to 38-B.Russell to SEA 42 for 13 yards (14-R.Spillane).",0.749239580938593,FALSE,FALSE,FALSE
"2026_01_NE_SEA",2238,"SEA","NE","run","(11:02) 8-J.Price left end to SEA 39 for -3 yards (50-G.Jacas).",-1.03444892261177,FALSE,FALSE,FALSE
"2026_01_NE_SEA",2260,"SEA","NE","pass","(10:21) (Shotgun) 2-D.Lock pass incomplete short middle to 22-R.Shaheed.",-0.986895714886487,FALSE,FALSE,FALSE
"2026_01_NE_SEA",2307,"SEA","NE","pass","(10:18) (Shotgun) 2-D.Lock pass short middle to 22-R.Shaheed to SEA 48 for 4 yards (14-R.Spillane) [5-D.Jones].",-1.06091902474873,FALSE,FALSE,FALSE
"2026_01_NE_SEA",2359,"NE","SEA","run","(9:29) 38-R.Stevenson up the middle to NE 4 for -2 yards (20-J.Love).",-1.19269788009115,FALSE,FALSE,FALSE
"2026_01_NE_SEA",2381,"NE","SEA","pass","(8:54) (Shotgun) 10-D.Maye pass short right to 3-D.Douglas to NE 5 for 1 yard (24-R.Thomas).",-0.402597767766565,FALSE,FALSE,FALSE
"2026_01_NE_SEA",2406,"NE","SEA","pass","(8:11) (Shotgun) 10-D.Maye pass short middle to 38-R.Stevenson to NE 11 for 6 yards (13-E.Jones).",-0.495809633750468,FALSE,FALSE,FALSE
"2026_01_NE_SEA",2488,"SEA","NE","pass","(6:53) (Shotgun) 2-D.Lock pass short right to 8-J.Price to NE 39 for 4 yards (53-C.Elliss).",-0.280626444728114,FALSE,FALSE,FALSE
"2026_01_NE_SEA",2513,"SEA","NE","pass","(6:12) (Shotgun) 2-D.Lock pass short left to 8-J.Price pushed ob at NE 37 for 2 yards (14-R.Spillane).",-0.416528925881721,FALSE,FALSE,FALSE
"2026_01_NE_SEA",2550,"SEA","NE","pass","(5:36) (Shotgun) 2-D.Lock pass deep right to 10-C.Kupp to NE 13 for 24 yards (25-M.Jones) [90-C.Barmore].",2.55324692372233,FALSE,TRUE,TRUE
"2026_01_NE_SEA",2575,"SEA","NE","run","(4:50) (Shotgun) 36-G.Holani up the middle to NE 11 for 2 yards (97-M.Williams).",-0.451220426766668,FALSE,FALSE,FALSE
"2026_01_NE_SEA",2597,"SEA","NE","run","(4:12) (Shotgun) 36-G.Holani right end to NE 7 for 4 yards (50-G.Jacas).",-0.192708835646044,FALSE,FALSE,FALSE
"2026_01_NE_SEA",2656,"SEA","NE","pass","(3:21) (Shotgun) 2-D.Lock pass incomplete short left to 11-J.Smith-Njigba [5-D.Jones].",-1.07759076844072,FALSE,FALSE,FALSE
"2026_01_NE_SEA",2753,"NE","SEA","pass","(3:06) 10-D.Maye pass short left to 38-R.Stevenson pushed ob at NE 44 for 17 yards (13-E.Jones).",1.47770877624862,FALSE,FALSE,FALSE
"2026_01_NE_SEA",2783,"NE","SEA","run","(2:29) 38-R.Stevenson right guard to NE 45 for 1 yard (32-D.Thomas; 7-U.Nwosu).",-0.516885265242308,FALSE,FALSE,FALSE
"2026_01_NE_SEA",2838,"NE","SEA","pass","(1:26) 10-D.Maye pass short left to 38-R.Stevenson to NE 46 for 11 yards (32-D.Thomas; 13-E.Jones).",0.300744827836752,FALSE,FALSE,FALSE
"2026_01_NE_SEA",2863,"NE","SEA","pass","(:43) (Shotgun) 10-D.Maye pass short right to 3-D.Douglas to SEA 46 for 8 yards (24-R.Thomas).",1.82441800227389,FALSE,FALSE,FALSE
"2026_01_NE_SEA",2908,"NE","SEA","run","(15:00) 9-C.Kiner right end pushed ob at SEA 45 for 1 yard (0-D.Lawrence).",-0.518535734852776,FALSE,FALSE,FALSE
"2026_01_NE_SEA",2945,"NE","SEA","pass","(14:27) 10-D.Maye pass deep left intended for 87-R.Doubs INTERCEPTED by 28-N.Pritchett (24-R.Thomas) at SEA 3. 28-N.Pritchett to SEA 33 for 30 yards (55-J.Wilson).",-3.89244564413093,TRUE,FALSE,TRUE
"2026_01_NE_SEA",2972,"SEA","NE","pass","(14:12) 2-D.Lock pass short right to 11-J.Smith-Njigba pushed ob at SEA 46 for 13 yards (31-K.Byard) [5-D.Jones].",0.918906453298405,FALSE,FALSE,FALSE
"2026_01_NE_SEA",3002,"SEA","NE","run","(13:41) 8-J.Price left end to NE 49 for 5 yards (4-C.Woodson).",-0.0690499433549121,FALSE,FALSE,FALSE
"2026_01_NE_SEA",3024,"SEA","NE","run","(13:04) 8-J.Price left tackle to NE 45 for 4 yards (5-D.Jones; 31-K.Byard).",0.175180873484351,FALSE,FALSE,FALSE
"2026_01_NE_SEA",3046,"SEA","NE","run","(12:20) 74-J.Jones reported in as eligible. 23-E.Wilson right guard to NE 45 for no gain (97-M.Williams).",-1.58832101826556,FALSE,FALSE,FALSE
"2026_01_NE_SEA",3070,"SEA","NE","pass","(11:38) 2-D.Lock pass short left to 11-J.Smith-Njigba for 45 yards, TOUCHDOWN.",6.13608333515003,FALSE,TRUE,TRUE
"2026_01_NE_SEA",3152,"NE","SEA","run","(11:23) 38-R.Stevenson up the middle to NE 21 for 7 yards (90-J.Reed).",0.372621412621811,FALSE,FALSE,FALSE
"2026_01_NE_SEA",3174,"NE","SEA","run","(10:49) 38-R.Stevenson left tackle to NE 26 for 5 yards (32-D.Thomas).",0.472898597130552,FALSE,FALSE,FALSE
"2026_01_NE_SEA",3196,"NE","SEA","run","(10:11) 38-R.Stevenson up the middle to NE 22 for -4 yards (91-B.Murphy).",-1.26268016616814,FALSE,FALSE,FALSE
"2026_01_NE_SEA",3218,"NE","SEA","pass","(9:32) (Shotgun) 10-D.Maye pass incomplete deep right to 87-R.Doubs.",-0.756474453490227,FALSE,FALSE,FALSE
"2026_01_NE_SEA",3241,"NE","SEA","pass","(9:25) (Shotgun) 10-D.Maye pass deep middle intended for 3-D.Douglas INTERCEPTED by 20-J.Love at NE 47. 20-J.Love to NE 47 for no gain (3-D.Douglas).",-1.91700228874106,TRUE,FALSE,TRUE
"2026_01_NE_SEA",3273,"SEA","NE","run","(9:20) 8-J.Price right end to NE 43 for 4 yards (4-C.Woodson).",-0.245866484707221,FALSE,FALSE,FALSE
"2026_01_NE_SEA",3300,"SEA","NE","pass","(8:37) 2-D.Lock pass short right to 88-A.Barner pushed ob at NE 34 for 9 yards (53-C.Elliss).",0.993143794359639,FALSE,FALSE,FALSE
"2026_01_NE_SEA",3330,"SEA","NE","pass","(8:11) 2-D.Lock pass short left to 11-J.Smith-Njigba pushed ob at NE 23 for 11 yards (24-D.Pettus).",0.884397905087098,FALSE,FALSE,FALSE
"2026_01_NE_SEA",3360,"SEA","NE","pass","(7:31) (Shotgun) 2-D.Lock pass short right to 10-C.Kupp to NE 12 for 11 yards (7-C.Davis).",0.565966888796538,FALSE,FALSE,FALSE
"2026_01_NE_SEA",3409,"SEA","NE","run","(6:42) 2-D.Lock scrambles left tackle pushed ob at NE 3 for 14 yards (25-M.Jones).",1.73395041114418,FALSE,FALSE,FALSE
"2026_01_NE_SEA",3460,"SEA","NE","pass","(5:59) (Shotgun) 2-D.Lock pass incomplete short right to 11-J.Smith-Njigba (0-C.Gonzalez).",-0.796233873697929,FALSE,FALSE,FALSE
"2026_01_NE_SEA",3483,"SEA","NE","pass","(5:56) (Shotgun) 2-D.Lock pass incomplete short left to 11-J.Smith-Njigba.",-1.04626090595221,FALSE,FALSE,FALSE
"2026_01_NE_SEA",3589,"NE","SEA","pass","(5:22) (Shotgun) 10-D.Maye sacked at NE 16 for -1 yards (99-L.Williams).",-0.506427427520975,FALSE,FALSE,FALSE
"2026_01_NE_SEA",3609,"NE","SEA","pass","(4:41) (Shotgun) 10-D.Maye pass deep middle to 13-M.Hollins to NE 35 for 19 yards (24-R.Thomas).",1.45118588826153,FALSE,FALSE,FALSE
"2026_01_NE_SEA",3634,"NE","SEA","pass","(3:55) (Shotgun) 10-D.Maye pass incomplete short left to 87-R.Doubs.",-1.32093957613688,FALSE,FALSE,FALSE
"2026_01_NE_SEA",3657,"NE","SEA","run","(3:49) (Shotgun) 10-D.Maye scrambles right end ran ob at NE 40 for 5 yards (32-D.Thomas).",2.00023593788501,FALSE,FALSE,FALSE
"2026_01_NE_SEA",3684,"NE","SEA","run","(3:42) 38-R.Stevenson right guard to SEA 48 for 12 yards (21-D.Witherspoon; 24-R.Thomas).",0.815812118991744,FALSE,FALSE,FALSE
"2026_01_NE_SEA",3740,"NE","SEA","pass","(2:59) (Shotgun) 10-D.Maye pass short right to 34-L.Larison to NE 45 for -2 yards (29-J.Jobe).",-0.624519902630709,FALSE,FALSE,FALSE
"2026_01_NE_SEA",3765,"NE","SEA","pass","(2:16) (Shotgun) 10-D.Maye sacked ob at NE 43 for -2 yards (32-D.Thomas).",-0.656519694835879,FALSE,FALSE,FALSE
"2026_01_NE_SEA",3785,"NE","SEA","pass","(2:10) (Shotgun) 10-D.Maye pass short left to 85-H.Henry to SEA 47 for 10 yards (13-E.Jones).",-0.603564326069318,FALSE,FALSE,FALSE
"2026_01_NE_SEA",3810,"NE","SEA","pass","(2:00) (Shotgun) 10-D.Maye pass short right to 13-M.Hollins to SEA 36 for 11 yards (13-E.Jones).",2.42490030504996,FALSE,TRUE,TRUE
"2026_01_NE_SEA",3854,"NE","SEA","run","(1:30) 38-R.Stevenson up the middle to SEA 28 for 8 yards (58-D.Hall; 21-D.Witherspoon).",-0.733056870638393,FALSE,FALSE,FALSE
"2026_01_NE_SEA",3883,"NE","SEA","pass","(1:22) 10-D.Maye pass short left to 3-D.Douglas to SEA 27 for 1 yard (28-N.Pritchett).",0.0687830519163981,FALSE,FALSE,FALSE
"2026_01_NE_SEA",3908,"NE","SEA","run","(:44) 70-G.Van Roten reported in as eligible. 10-D.Maye scrambles left end ran ob at SEA 21 for 6 yards (29-J.Jobe).",0.987571089877747,FALSE,FALSE,FALSE
"2026_01_NE_SEA",3944,"NE","SEA","pass","(:38) (Shotgun) 10-D.Maye sacked at SEA 28 for -7 yards (58-D.Hall).",-0.885519482893869,FALSE,FALSE,FALSE
"2026_01_NE_SEA",3964,"NE","SEA","pass","(:32) (Shotgun) 10-D.Maye pass short right to 13-M.Hollins pushed ob at SEA 16 for 12 yards (29-J.Jobe).",0.630582676327322,FALSE,FALSE,FALSE
"2026_01_NE_SEA",4006,"NE","SEA","pass","(:26) (Shotgun) 10-D.Maye pass deep right intended for 13-M.Hollins INTERCEPTED by 29-J.Jobe [0-D.Lawrence] at SEA -3. Touchback.",-2.66681623412296,TRUE,FALSE,TRUE
"2026_01_NO_DET",66,"DET","NO","run","(14:58) 0-J.Gibbs up the middle to DET 22 for 4 yards (23-J.Blackmon; 20-P.Werner).",-0.315992350690067,FALSE,FALSE,FALSE
"2026_01_NO_DET",88,"DET","NO","pass","(14:22) 16-J.Goff pass short left to 14-A.St. Brown to DET 27 for 5 yards (1-K.McKinstry) [55-K.Elliss].",0.652588262222707,FALSE,FALSE,FALSE
"2026_01_NO_DET",127,"DET","NO","run","(13:42) 0-J.Gibbs left tackle to DET 24 for -3 yards (20-P.Werner).",-2.82510716514662,TRUE,FALSE,TRUE
"2026_01_NO_DET",175,"NO","DET","run","(12:57) 3-T.Etienne left tackle to NO 23 for no gain (97-A.Hutchinson; 36-C.Clark).",-0.652344696689397,FALSE,FALSE,FALSE
"2026_01_NO_DET",197,"NO","DET","pass","(12:29) (Shotgun) 6-T.Shough pass short right to 14-D.Vele pushed ob at NO 32 for 9 yards (21-R.McCreary).",1.0503938831389,FALSE,FALSE,FALSE
"2026_01_NO_DET",227,"NO","DET","run","(12:04) 43-C.Donaldson up the middle to NO 35 for 3 yards (93-T.Lacy; 91-T.Williams).",0.378751775249839,FALSE,FALSE,FALSE
"2026_01_NO_DET",249,"NO","DET","pass","(11:30) 6-T.Shough pass short right to 87-N.Fant ran ob at NO 41 for 6 yards.",0.281748224515468,FALSE,FALSE,FALSE
"2026_01_NO_DET",279,"NO","DET","run","(10:59) 5-K.Miller right tackle to NO 43 for 2 yards (91-T.Williams).",-0.483457307796925,FALSE,FALSE,FALSE
"2026_01_NO_DET",301,"NO","DET","pass","(10:18) (Shotgun) 6-T.Shough pass incomplete short right to 87-N.Fant.",-1.90068854391575,TRUE,FALSE,TRUE
"2026_01_NO_DET",353,"DET","NO","run","(10:04) 0-J.Gibbs up the middle to DET 14 for 3 yards (28-D.Stutsman).",-0.438515551388264,FALSE,FALSE,FALSE
"2026_01_NO_DET",382,"DET","NO","run","(9:31) 0-J.Gibbs right guard to DET 16 for 2 yards (21-J.Reid; 7-J.Sanker).",-0.475648881867528,FALSE,FALSE,FALSE
"2026_01_NO_DET",404,"DET","NO","pass","(8:51) (Shotgun) 16-J.Goff pass short left to 87-S.LaPorta to DET 24 for 8 yards (28-D.Stutsman).",1.53676726482809,FALSE,FALSE,FALSE
"2026_01_NO_DET",429,"DET","NO","pass","(8:14) (Shotgun) 16-J.Goff pass short middle to 0-J.Gibbs to DET 35 for 11 yards (21-J.Reid; 7-J.Sanker) [91-V.Broughton].",0.830891897436231,FALSE,FALSE,FALSE
"2026_01_NO_DET",454,"DET","NO","pass","(7:34) 16-J.Goff pass incomplete short left to 18-I.TeSlaa (99-C.Young).",-0.571687055751681,FALSE,FALSE,FALSE
"2026_01_NO_DET",501,"DET","NO","pass","(7:32) 16-J.Goff pass short middle to 87-S.LaPorta to DET 49 for 19 yards (1-K.McKinstry) [91-V.Broughton].",2.05485660163686,FALSE,FALSE,FALSE
"2026_01_NO_DET",526,"DET","NO","run","(6:47) 0-J.Gibbs up the middle to NO 45 for 6 yards (93-N.Shepherd).",0.163897797698155,FALSE,FALSE,FALSE
"2026_01_NO_DET",548,"DET","NO","run","(6:11) 0-J.Gibbs right end to NO 24 for 21 yards (23-J.Blackmon). DET-73-C.Mahogany was injured during the play.",1.58340219245292,FALSE,FALSE,FALSE
"2026_01_NO_DET",573,"DET","NO","run","(5:44) 0-J.Gibbs right tackle to NO 13 for 11 yards (1-K.McKinstry).",0.541965799522586,FALSE,FALSE,FALSE
"2026_01_NO_DET",602,"DET","NO","run","(5:01) 0-J.Gibbs up the middle to NO 11 for 2 yards (55-K.Elliss).",-0.467260011704639,FALSE,FALSE,FALSE
"2026_01_NO_DET",624,"DET","NO","pass","(4:26) 16-J.Goff pass incomplete short left to 14-A.St. Brown [55-K.Elliss].",-0.795998645480722,FALSE,FALSE,FALSE
"2026_01_NO_DET",647,"DET","NO","pass","(4:22) (Shotgun) 16-J.Goff pass short middle to 1-J.Williams to NO 1 for 10 yards (1-K.McKinstry).",2.43639869539766,FALSE,TRUE,TRUE
"2026_01_NO_DET",672,"DET","NO","run","(3:41) 79-L.Borom reported in as eligible. 0-J.Gibbs up the middle for 1 yard, TOUCHDOWN.",0.444613897183444,FALSE,FALSE,FALSE
"2026_01_NO_DET",742,"NO","DET","pass","(3:32) 6-T.Shough pass incomplete short left to 14-D.Vele.",-0.609788088593632,FALSE,FALSE,FALSE
"2026_01_NO_DET",765,"NO","DET","run","(3:27) (Shotgun) 3-T.Etienne up the middle to NO 30 for 3 yards (50-S.Gill-Howard; 45-D.White).",-0.485397190321237,FALSE,FALSE,FALSE
"2026_01_NO_DET",787,"NO","DET","pass","(2:47) (Shotgun) 6-T.Shough pass incomplete short left to 83-J.Johnson (12-T.Harper).",-1.40104500390589,FALSE,FALSE,FALSE
"2026_01_NO_DET",845,"DET","NO","run","(2:33) 79-L.Borom reported in as eligible. 33-S.Vaki up the middle to DET 29 for 3 yards (20-P.Werner; 98-T.Wilson).",-0.24858562881127,FALSE,FALSE,FALSE
"2026_01_NO_DET",876,"DET","NO","pass","(2:00) 16-J.Goff pass short left to 14-A.St. Brown to DET 37 for 8 yards (55-K.Elliss; 1-K.McKinstry).",0.904680407373235,FALSE,FALSE,FALSE
"2026_01_NO_DET",901,"DET","NO","pass","(1:19) 16-J.Goff pass incomplete deep left to 1-J.Williams.",-0.556292794412002,FALSE,FALSE,FALSE
"2026_01_NO_DET",924,"DET","NO","run","(1:12) 0-J.Gibbs up the middle to DET 42 for 5 yards (21-J.Reid).",-0.484399437438697,FALSE,FALSE,FALSE
"2026_01_NO_DET",946,"DET","NO","pass","(:30) (Shotgun) 16-J.Goff pass short right to 14-A.St. Brown to DET 47 for 5 yards (20-P.Werner).",1.54425203963183,FALSE,FALSE,FALSE
"2026_01_NO_DET",1024,"DET","NO","pass","(14:40) (Shotgun) 16-J.Goff pass short left to 87-S.LaPorta to DET 42 for 5 yards (55-K.Elliss; 20-P.Werner).",-0.350750243291259,FALSE,FALSE,FALSE
"2026_01_NO_DET",1049,"DET","NO","pass","(13:57) 16-J.Goff pass incomplete deep right to 1-J.Williams (29-Q.Riley).",-0.976098292972893,FALSE,FALSE,FALSE
"2026_01_NO_DET",1072,"DET","NO","pass","(13:52) (Shotgun) 16-J.Goff pass incomplete deep right to 14-A.St. Brown (20-P.Werner) [93-N.Shepherd].",-1.26355231739581,FALSE,FALSE,FALSE
"2026_01_NO_DET",1115,"NO","DET","run","(13:40) 19-B.Brown left end to NO 16 for 3 yards (23-R.Ya-Sin).",-0.296891707926989,FALSE,FALSE,FALSE
"2026_01_NO_DET",1144,"NO","DET","pass","(13:16) (No Huddle, Shotgun) 6-T.Shough pass short middle to 12-C.Olave to NO 38 for 22 yards (12-T.Harper).",1.81378712621517,FALSE,FALSE,FALSE
"2026_01_NO_DET",1169,"NO","DET","pass","(12:53) (No Huddle, Shotgun) 6-T.Shough pass incomplete short right to 12-C.Olave. The incomplete pass was assisted by replay.",-0.531027740333229,FALSE,FALSE,FALSE
"2026_01_NO_DET",1194,"NO","DET","pass","(12:50) 6-T.Shough pass incomplete short left to 3-T.Etienne.",-0.851939876098186,FALSE,FALSE,FALSE
"2026_01_NO_DET",1249,"NO","DET","pass","(12:46) (Shotgun) 6-T.Shough pass incomplete deep middle to 12-C.Olave (29-A.Maddox).",-1.37810887652449,FALSE,FALSE,FALSE
"2026_01_NO_DET",1363,"DET","NO","pass","(12:00) (Shotgun) 16-J.Goff pass short left to 1-J.Williams to DET 33 for 7 yards (22-M.Emerson; 28-D.Stutsman).",0.264035437721759,FALSE,FALSE,FALSE
"2026_01_NO_DET",1388,"DET","NO","run","(11:21) 79-L.Borom reported in as eligible. 0-J.Gibbs right guard to DET 38 for 5 yards (92-D.Godchaux; 55-K.Elliss).",0.417640500469133,FALSE,FALSE,FALSE
"2026_01_NO_DET",1412,"DET","NO","run","(10:47) 16-J.Goff FUMBLES (Aborted) at DET 31, recovered by DET-1-J.Williams at DET 25. 1-J.Williams to DET 32 for 7 yards (92-D.Godchaux).",-1.26464901794679,FALSE,FALSE,FALSE
"2026_01_NO_DET",1447,"DET","NO","pass","(10:08) 16-J.Goff pass short left to 14-A.St. Brown to DET 32 for no gain (28-D.Stutsman).",-0.976443805731833,FALSE,FALSE,FALSE
"2026_01_NO_DET",1472,"DET","NO","pass","(9:34) (Shotgun) 16-J.Goff sacked at DET 23 for -9 yards (99-C.Young). FUMBLES (99-C.Young) [99-C.Young], touched at DET 12, RECOVERED by NO-7-J.Sanker at DET 7. 7-J.Sanker for 7 yards, TOUCHDOWN. The Replay Official reviewed the fumble ruling, and the play was REVERSED. (Shotgun) 16-J.Goff pass incomplete short right to 87-S.LaPorta [99-C.Young].",-0.988827145658433,FALSE,FALSE,FALSE
"2026_01_NO_DET",1569,"NO","DET","run","(9:21) 3-T.Etienne right guard to NO 15 for 1 yard (44-M.Rodriguez).",-0.541719700209796,FALSE,FALSE,FALSE
"2026_01_NO_DET",1598,"NO","DET","pass","(8:44) (Shotgun) 6-T.Shough pass incomplete short right to 14-D.Vele (29-A.Maddox).",-0.689589449204504,FALSE,FALSE,FALSE
"2026_01_NO_DET",1621,"NO","DET","pass","(8:41) (Shotgun) 6-T.Shough pass short right to 12-C.Olave to NO 26 for 11 yards (45-D.White; 4-D.Reed) [36-C.Clark].",2.1140991221182,FALSE,FALSE,FALSE
"2026_01_NO_DET",1646,"NO","DET","pass","(8:17) (No Huddle) 6-T.Shough pass incomplete short right to 43-C.Donaldson [97-A.Hutchinson].",-0.501742153894156,FALSE,FALSE,FALSE
"2026_01_NO_DET",1669,"NO","DET","pass","(8:10) (Shotgun) 6-T.Shough pass incomplete deep left to 12-C.Olave (4-D.Reed).",-0.877286041388288,FALSE,FALSE,FALSE
"2026_01_NO_DET",1692,"NO","DET","pass","(8:03) (Shotgun) 6-T.Shough pass incomplete short middle. PENALTY on NO-6-T.Shough, Intentional Grounding, 13 yards, enforced at NO 26.",-2.30652218381874,TRUE,FALSE,TRUE
"2026_01_NO_DET",1760,"DET","NO","pass","(7:46) (Shotgun) 16-J.Goff pass short right to 0-J.Gibbs to NO 40 for 4 yards (91-V.Broughton). New Orleans challenged the runner was down by contact ruling, and the play was REVERSED. (Shotgun) 16-J.Goff pass short right to 0-J.Gibbs to NO 40 for 4 yards (91-V.Broughton). FUMBLES (91-V.Broughton), RECOVERED by NO-91-V.Broughton at NO 40.",-5.2399834820535,TRUE,FALSE,TRUE
"2026_01_NO_DET",1798,"NO","DET","run","(7:40) (Shotgun) 5-K.Miller up the middle to NO 44 for 4 yards (29-A.Maddox; 44-M.Rodriguez).",-0.12537179957144,FALSE,FALSE,FALSE
"2026_01_NO_DET",1866,"NO","DET","run","(7:09) 5-K.Miller left tackle to NO 48 for 4 yards (98-D.Wonnum).",-0.0728954819496721,FALSE,FALSE,FALSE
"2026_01_NO_DET",1888,"NO","DET","run","(6:30) (No Huddle, Shotgun) 5-K.Miller left end to DET 44 for 8 yards (6-K.Abney).",1.1909256625222,FALSE,FALSE,FALSE
"2026_01_NO_DET",1910,"NO","DET","run","(6:04) (No Huddle, Shotgun) 6-T.Shough left end pushed ob at DET 40 for 4 yards (97-A.Hutchinson).",-0.0523754376918077,FALSE,FALSE,FALSE
"2026_01_NO_DET",1937,"NO","DET","pass","(5:31) (Shotgun) 6-T.Shough pass short left intended for 87-N.Fant INTERCEPTED by 36-C.Clark at DET 35. 36-C.Clark to DET 36 for 1 yard (87-N.Fant).",-4.89121058804449,TRUE,FALSE,TRUE
"2026_01_NO_DET",1964,"DET","NO","run","(5:25) 79-L.Borom reported in as eligible. 0-J.Gibbs left guard to DET 38 for 2 yards (93-N.Shepherd; 91-V.Broughton).",-0.617359945666976,FALSE,FALSE,FALSE
"2026_01_NO_DET",1988,"DET","NO","run","(4:54) 0-J.Gibbs right end to DET 35 for -3 yards (21-J.Reid).",-0.981270030955784,FALSE,FALSE,FALSE
"2026_01_NO_DET",2010,"DET","NO","pass","(4:12) (Shotgun) 16-J.Goff pass short right to 14-A.St. Brown to DET 44 for 9 yards (21-J.Reid).",-0.419799910392612,FALSE,FALSE,FALSE
"2026_01_NO_DET",2087,"NO","DET","run","(3:12) (Shotgun) 3-T.Etienne right tackle to NO 16 for 2 yards (44-M.Rodriguez; 91-T.Williams).",-0.376943009439856,FALSE,FALSE,FALSE
"2026_01_NO_DET",2118,"NO","DET","pass","(2:33) (Shotgun) 6-T.Shough pass short right to 3-T.Etienne to NO 19 for 3 yards (46-J.Campbell; 4-D.Reed).",-0.292161702411249,FALSE,FALSE,FALSE
"2026_01_NO_DET",2143,"NO","DET","pass","(2:00) (Shotgun) 6-T.Shough pass short left to 12-C.Olave to NO 26 for 7 yards (4-D.Reed).",1.25175916054286,FALSE,FALSE,FALSE
"2026_01_NO_DET",2175,"NO","DET","pass","(1:41) (No Huddle, Shotgun) 6-T.Shough pass incomplete short right to 3-T.Etienne.",-0.272311547538266,FALSE,FALSE,FALSE
"2026_01_NO_DET",2198,"NO","DET","pass","(1:37) (Shotgun) 6-T.Shough pass short left to 14-D.Vele pushed ob at NO 30 for 4 yards (23-R.Ya-Sin).",-0.14163035643287,FALSE,FALSE,FALSE
"2026_01_NO_DET",2264,"NO","DET","pass","(1:24) 6-T.Shough pass deep right to 18-B.Lance to DET 46 for 19 yards (4-D.Reed).",1.35380930633983,FALSE,FALSE,FALSE
"2026_01_NO_DET",2289,"NO","DET","pass","(1:04) (No Huddle, Shotgun) 6-T.Shough pass short left to 43-C.Donaldson to DET 48 for -2 yards (6-K.Abney).",-0.784540268476121,FALSE,FALSE,FALSE
"2026_01_NO_DET",2314,"NO","DET","pass","(:38) (No Huddle, Shotgun) 6-T.Shough pass short left to 14-D.Vele to DET 42 for 6 yards (97-A.Hutchinson).",0.16329413902713,FALSE,FALSE,FALSE
"2026_01_NO_DET",2339,"NO","DET","pass","(:32) (Shotgun) 6-T.Shough sacked at 50 for -8 yards (97-A.Hutchinson).",-1.65013687836472,FALSE,FALSE,FALSE
"2026_01_NO_DET",2393,"DET","NO","pass","(:20) (Shotgun) 16-J.Goff pass short right to 0-J.Gibbs pushed ob at DET 9 for no gain (21-J.Reid).",-0.0912095579551533,FALSE,FALSE,FALSE
"2026_01_NO_DET",2423,"DET","NO","run","(:14) (Shotgun) 0-J.Gibbs right guard to DET 20 for 11 yards (23-J.Blackmon; 1-K.McKinstry).",-0.0658724005916156,FALSE,FALSE,FALSE
"2026_01_NO_DET",2504,"NO","DET","pass","(15:00) (Shotgun) 6-T.Shough pass short middle intended for 87-N.Fant INTERCEPTED by 55-D.Barnes at NO 44. 55-D.Barnes to NO 41 for 3 yards (82-T.Welch).",-5.67019338184036,TRUE,FALSE,TRUE
"2026_01_NO_DET",2541,"DET","NO","pass","(14:51) 16-J.Goff pass short left to 33-S.Vaki to NO 30 for 11 yards (55-K.Elliss).",0.628779410733841,FALSE,FALSE,FALSE
"2026_01_NO_DET",2566,"DET","NO","run","(14:08) 0-J.Gibbs left guard to NO 12 for 18 yards (23-J.Blackmon; 1-K.McKinstry).",1.02981595962774,FALSE,FALSE,FALSE
"2026_01_NO_DET",2588,"DET","NO","run","(13:30) 0-J.Gibbs up the middle to NO 10 for 2 yards (29-Q.Riley).",-0.466554610873573,FALSE,FALSE,FALSE
"2026_01_NO_DET",2610,"DET","NO","pass","(12:54) (Shotgun) 16-J.Goff pass short right to 87-S.LaPorta to NO 3 for 7 yards (21-J.Reid; 55-K.Elliss).",0.803464664146304,FALSE,FALSE,FALSE
"2026_01_NO_DET",2640,"DET","NO","run","(12:15) 79-L.Borom reported in as eligible. 0-J.Gibbs right guard to NO 1 for 2 yards (29-Q.Riley; 55-K.Elliss).",0.774853125854861,FALSE,FALSE,FALSE
"2026_01_NO_DET",2664,"DET","NO","pass","(11:23) 79-L.Borom reported in as eligible. 16-J.Goff pass incomplete short right to 87-S.LaPorta.",-0.19872221321566,FALSE,FALSE,FALSE
"2026_01_NO_DET",2689,"DET","NO","run","(11:18) 0-J.Gibbs left guard for 1 yard, TOUCHDOWN.",0.623128737672232,FALSE,FALSE,FALSE
"2026_01_NO_DET",2751,"NO","DET","run","(11:14) 5-K.Miller left guard to NO 37 for 2 yards (98-D.Wonnum; 4-D.Reed).",-0.404661229345948,FALSE,FALSE,FALSE
"2026_01_NO_DET",2773,"NO","DET","pass","(10:38) 6-T.Shough sacked at NO 31 for -6 yards (55-D.Barnes).",-1.62314481334761,FALSE,FALSE,FALSE
"2026_01_NO_DET",2793,"NO","DET","pass","(9:54) (Shotgun) 6-T.Shough sacked at NO 23 for -8 yards (21-R.McCreary). FUMBLES (21-R.McCreary) [21-R.McCreary], RECOVERED by DET-98-D.Wonnum at NO 25.",-4.28161043673754,TRUE,FALSE,TRUE
"2026_01_NO_DET",2823,"DET","NO","pass","(9:45) 16-J.Goff pass incomplete short left to 87-S.LaPorta (55-K.Elliss) [55-K.Elliss].",-0.474866451811977,FALSE,FALSE,FALSE
"2026_01_NO_DET",2846,"DET","NO","pass","(9:41) (Shotgun) 16-J.Goff pass short left to 1-J.Williams to NO 19 for 6 yards (29-Q.Riley).",-0.0387494347523898,FALSE,FALSE,FALSE
"2026_01_NO_DET",2871,"DET","NO","pass","(8:59) (Shotgun) 16-J.Goff pass deep right to 14-A.St. Brown for 19 yards, TOUCHDOWN.",2.80531271768268,FALSE,TRUE,TRUE
"2026_01_NO_DET",2945,"NO","DET","pass","(8:49) 6-T.Shough pass deep right to 12-C.Olave to DET 32 for 47 yards (4-D.Reed).",3.23698448482901,FALSE,TRUE,TRUE
"2026_01_NO_DET",2970,"NO","DET","pass","(8:15) (No Huddle, Shotgun) 6-T.Shough pass short right to 87-N.Fant pushed ob at DET 23 for 9 yards (46-J.Campbell).",0.806469863862731,FALSE,FALSE,FALSE
"2026_01_NO_DET",3000,"NO","DET","run","(7:51) (No Huddle, Shotgun) 3-T.Etienne right tackle to DET 23 for no gain (50-S.Gill-Howard; 55-D.Barnes).",-0.510451122769155,FALSE,FALSE,FALSE
"2026_01_NO_DET",3022,"NO","DET","run","(7:13) 6-T.Shough scrambles right end to DET 20 for 3 yards (55-D.Barnes).",0.487131982110441,FALSE,FALSE,FALSE
"2026_01_NO_DET",3044,"NO","DET","pass","(6:29) (Shotgun) 6-T.Shough pass incomplete short left to 83-J.Johnson [44-M.Rodriguez].",-0.498707385151647,FALSE,FALSE,FALSE
"2026_01_NO_DET",3067,"NO","DET","run","(6:25) (Shotgun) 3-T.Etienne up the middle to DET 13 for 7 yards (46-J.Campbell; 29-A.Maddox).",0.197018842794932,FALSE,FALSE,FALSE
"2026_01_NO_DET",3089,"NO","DET","pass","(5:45) (Shotgun) 6-T.Shough pass short right to 3-T.Etienne to DET 7 for 6 yards (36-C.Clark).",1.15363947837614,FALSE,FALSE,FALSE
"2026_01_NO_DET",3114,"NO","DET","run","(5:13) (No Huddle) 5-K.Miller up the middle to DET 8 for -1 yards (46-J.Campbell).",-0.69155195588246,FALSE,FALSE,FALSE
"2026_01_NO_DET",3136,"NO","DET","run","(4:32) (Shotgun) 5-K.Miller up the middle for 8 yards, TOUCHDOWN.",2.12295068474486,FALSE,FALSE,FALSE
"2026_01_NO_DET",3198,"DET","NO","pass","(4:27) 16-J.Goff pass incomplete short right to 14-A.St. Brown.",-0.626604184042662,FALSE,FALSE,FALSE
"2026_01_NO_DET",3221,"DET","NO","pass","(4:22) 16-J.Goff pass short right to 89-B.Wright to DET 25 for 5 yards (7-J.Sanker).",-0.199289370793849,FALSE,FALSE,FALSE
"2026_01_NO_DET",3246,"DET","NO","pass","(3:38) (Shotgun) 16-J.Goff pass incomplete short right to 1-J.Williams.",-1.66520581720397,FALSE,FALSE,FALSE
"2026_01_NO_DET",3295,"NO","DET","pass","(3:20) (Shotgun) 6-T.Shough pass short left to 3-T.Etienne to NO 46 for no gain (44-M.Rodriguez).",-0.55983040924184,FALSE,FALSE,FALSE
"2026_01_NO_DET",3327,"NO","DET","pass","(2:58) (No Huddle) 6-T.Shough pass short left to 12-C.Olave to DET 43 for 11 yards (29-A.Maddox).",1.15343473828398,FALSE,FALSE,FALSE
"2026_01_NO_DET",3352,"NO","DET","pass","(2:32) (No Huddle, Shotgun) 6-T.Shough pass short right to 3-T.Etienne pushed ob at DET 39 for 4 yards (21-R.McCreary).",-0.0756349982693791,FALSE,FALSE,FALSE
"2026_01_NO_DET",3382,"NO","DET","pass","(1:55) (Shotgun) 6-T.Shough pass short right to 3-T.Etienne to DET 23 for 16 yards (36-C.Clark).",1.61002427339554,FALSE,FALSE,FALSE
"2026_01_NO_DET",3407,"NO","DET","run","(1:25) (No Huddle, Shotgun) 5-K.Miller up the middle to DET 22 for 1 yard (45-D.White).",-0.447592377429828,FALSE,FALSE,FALSE
"2026_01_NO_DET",3429,"NO","DET","pass","(:42) (Shotgun) 6-T.Shough pass incomplete short left to 18-B.Lance.",-0.627883037668653,FALSE,FALSE,FALSE
"2026_01_NO_DET",3486,"NO","DET","pass","(:34) 6-T.Shough pass short left to 14-D.Vele for 1 yard, TOUCHDOWN.",0.532917888252996,FALSE,FALSE,FALSE
"2026_01_NO_DET",3550,"DET","NO","run","(:23) 0-J.Gibbs left tackle to DET 33 for 6 yards (92-D.Godchaux).",0.169305296149105,FALSE,FALSE,FALSE
"2026_01_NO_DET",3592,"DET","NO","run","(15:00) 0-J.Gibbs left tackle to DET 38 for 5 yards (50-C.Wooden; 92-D.Godchaux).",0.348955671070144,FALSE,FALSE,FALSE
"2026_01_NO_DET",3614,"DET","NO","run","(14:27) 0-J.Gibbs up the middle to DET 39 for 1 yard (50-C.Wooden).",-0.492004683241248,FALSE,FALSE,FALSE
"2026_01_NO_DET",3636,"DET","NO","pass","(13:54) (Shotgun) 16-J.Goff pass short left to 14-A.St. Brown to DET 45 for 6 yards (22-M.Emerson).",-0.0412843823432922,FALSE,FALSE,FALSE
"2026_01_NO_DET",3661,"DET","NO","pass","(13:16) (Shotgun) 16-J.Goff pass incomplete short left to 14-A.St. Brown (1-K.McKinstry).",-1.82621775311418,TRUE,FALSE,TRUE
"2026_01_NO_DET",3704,"NO","DET","run","(13:03) 3-T.Etienne up the middle to NO 38 for 14 yards (4-D.Reed).",0.882806237321347,FALSE,FALSE,FALSE
"2026_01_NO_DET",3726,"NO","DET","pass","(12:37) (Shotgun) 6-T.Shough pass short middle to 3-T.Etienne to NO 40 for 2 yards (46-J.Campbell).",-0.431393306236714,FALSE,FALSE,FALSE
"2026_01_NO_DET",3751,"NO","DET","pass","(12:04) (No Huddle, Shotgun) 6-T.Shough pass short left to 14-D.Vele to NO 47 for 7 yards (46-J.Campbell).",0.674209954915568,FALSE,FALSE,FALSE
"2026_01_NO_DET",3776,"NO","DET","run","(11:25) 43-C.Donaldson up the middle to NO 48 for 1 yard (29-A.Maddox).",0.538109548157081,FALSE,FALSE,FALSE
"2026_01_NO_DET",3798,"NO","DET","pass","(10:49) 6-T.Shough pass incomplete short left to 87-N.Fant.",-0.509327511535957,FALSE,FALSE,FALSE
"2026_01_NO_DET",3821,"NO","DET","pass","(10:43) (Shotgun) 6-T.Shough pass short right to 12-C.Olave to DET 47 for 5 yards (46-J.Campbell).",-0.281098055886105,FALSE,FALSE,FALSE
"2026_01_NO_DET",3846,"NO","DET","pass","(10:03) (Shotgun) 6-T.Shough pass deep right to 14-D.Vele to DET 16 for 31 yards (12-T.Harper).",3.00189484085422,FALSE,TRUE,TRUE
"2026_01_NO_DET",3878,"NO","DET","run","(9:37) (No Huddle, Shotgun) 6-T.Shough scrambles right end ran ob at DET 15 for 1 yard (50-S.Gill-Howard).",-0.416895405272953,FALSE,FALSE,FALSE
"2026_01_NO_DET",3929,"NO","DET","pass","(8:58) (Shotgun) 6-T.Shough pass short right to 12-C.Olave to DET 11 for 9 yards (23-R.Ya-Sin).",0.50722884084098,FALSE,FALSE,FALSE
"2026_01_NO_DET",3954,"NO","DET","pass","(8:18) (Shotgun) 6-T.Shough pass short right to 3-T.Etienne pushed ob at DET 10 for 1 yard (55-D.Barnes).",-1.27518978419497,FALSE,FALSE,FALSE
"2026_01_NO_DET",4045,"DET","NO","run","(7:34) 0-J.Gibbs left tackle pushed ob at NO 35 for 15 yards (21-J.Reid).",0.83949924306944,FALSE,FALSE,FALSE
"2026_01_NO_DET",4072,"DET","NO","pass","(6:56) 16-J.Goff pass short right to 0-J.Gibbs pushed ob at NO 27 for 8 yards (7-J.Sanker). PENALTY on NO-29-Q.Riley, Low Block, 14 yards, enforced at NO 27.",1.3916745375609,FALSE,FALSE,FALSE
"2026_01_NO_DET",4113,"DET","NO","run","(6:35) 0-J.Gibbs right tackle to NO 5 for 8 yards (23-J.Blackmon; 28-D.Stutsman).",0.586436703044455,FALSE,FALSE,FALSE
"2026_01_NO_DET",4135,"DET","NO","run","(6:08) 0-J.Gibbs up the middle to NO 2 for 3 yards (96-C.Granderson).",0.634770859731361,FALSE,FALSE,FALSE
"2026_01_NO_DET",4225,"DET","NO","pass","(4:47) (Shotgun) 16-J.Goff sacked at NO 13 for -2 yards (96-C.Granderson).",-0.53345777024515,FALSE,FALSE,FALSE
"2026_01_NO_DET",4255,"DET","NO","run","(4:04) 79-L.Borom reported in as eligible. 33-S.Vaki right tackle to NO 9 for 4 yards (93-N.Shepherd; 28-D.Stutsman).",-0.394907044130377,FALSE,FALSE,FALSE
"2026_01_NO_DET",4279,"DET","NO","pass","(3:18) (Shotgun) 16-J.Goff pass short left to 14-A.St. Brown to NO 5 for 4 yards (7-J.Sanker; 91-V.Broughton).",-0.819806033453724,FALSE,FALSE,FALSE
"2026_01_NO_DET",4347,"NO","DET","pass","(2:27) (Shotgun) 6-T.Shough pass short left to 12-C.Olave ran ob at NO 33 for 8 yards (23-R.Ya-Sin).",0.531848521321081,FALSE,FALSE,FALSE
"2026_01_NO_DET",4377,"NO","DET","pass","(2:23) (Shotgun) 6-T.Shough sacked at NO 23 for -10 yards (97-A.Hutchinson).",-1.94090386375319,TRUE,FALSE,TRUE
"2026_01_NO_DET",4397,"NO","DET","pass","(2:00) (Shotgun) 6-T.Shough pass incomplete short left to 83-J.Johnson (98-D.Wonnum).",-1.05666138068773,FALSE,FALSE,FALSE
"2026_01_NO_DET",4427,"NO","DET","pass","(1:55) (Shotgun) 6-T.Shough pass short right to 18-B.Lance to NO 38 for 15 yards (4-D.Reed).",2.94056102680042,FALSE,TRUE,TRUE
"2026_01_NO_DET",4452,"NO","DET","pass","(1:47) (Shotgun) 6-T.Shough pass short right to 14-D.Vele to NO 49 for 11 yards (23-R.Ya-Sin).",0.875174386892468,FALSE,FALSE,FALSE
"2026_01_NO_DET",4484,"NO","DET","pass","(1:29) (No Huddle, Shotgun) 6-T.Shough pass incomplete short right.",-0.503577574854717,FALSE,FALSE,FALSE
"2026_01_NO_DET",4507,"NO","DET","pass","(1:23) (Shotgun) 6-T.Shough pass deep middle to 12-C.Olave to DET 9 for 42 yards (4-D.Reed) [97-A.Hutchinson]. NO-12-C.Olave was injured during the play. Penalty on DET-4-D.Reed, Defensive Pass Interference, declined.",2.8795612580725,FALSE,TRUE,TRUE
"2026_01_NO_DET",4544,"NO","DET","pass","(1:13) (Shotgun) 6-T.Shough pass short right to 83-J.Johnson for 9 yards, TOUCHDOWN.",2.18347488733707,FALSE,FALSE,FALSE
"2026_01_NO_DET",4612,"DET","NO","run","(1:07) (Shotgun) 16-J.Goff scrambles left end ran ob at DET 37 for 2 yards (7-J.Sanker).",-0.237578940344974,FALSE,FALSE,FALSE
"2026_01_NO_DET",4639,"DET","NO","pass","(1:00) (Shotgun) 16-J.Goff pass short middle to 14-A.St. Brown to DET 44 for 7 yards (20-P.Werner; 55-K.Elliss).",0.146685351850465,FALSE,FALSE,FALSE
"2026_01_NO_DET",4664,"DET","NO","pass","(:40) (No Huddle, Shotgun) 16-J.Goff pass incomplete short right to 1-J.Williams.",-0.936831303755753,FALSE,FALSE,FALSE
"2026_01_NO_DET",4705,"NO","DET","run","(:27) (Shotgun) 3-T.Etienne up the middle to NO 38 for 18 yards (4-D.Reed). ** Injury Update: NO-12-C.Olave has returned to the game.",0.116378293547314,FALSE,FALSE,FALSE
"2026_01_NO_DET",4727,"NO","DET","pass","(:21) (Shotgun) 6-T.Shough pass deep middle to 83-J.Johnson to DET 44 for 18 yards (29-A.Maddox).",0.384609036322217,FALSE,FALSE,FALSE
"2026_01_NO_DET",4782,"NO","DET","pass","(:06) (Shotgun) 6-T.Shough pass incomplete short right.",0.367392566718999,FALSE,FALSE,FALSE
"2026_01_NO_DET",4879,"DET","NO","pass","(9:55) 16-J.Goff pass short right to 87-S.LaPorta to DET 39 for 9 yards (7-J.Sanker).",0.660715681733564,FALSE,FALSE,FALSE
"2026_01_NO_DET",4904,"DET","NO","run","(9:22) 0-J.Gibbs up the middle to 50 for 11 yards (7-J.Sanker).",0.399980389629491,FALSE,FALSE,FALSE
"2026_01_NO_DET",4926,"DET","NO","pass","(8:47) 16-J.Goff pass short left to 0-J.Gibbs to NO 43 for 7 yards (20-P.Werner).",0.223212492419407,FALSE,FALSE,FALSE
"2026_01_NO_DET",4951,"DET","NO","run","(8:07) (Shotgun) 0-J.Gibbs up the middle to NO 36 for 7 yards (7-J.Sanker).",0.543709352728911,FALSE,FALSE,FALSE
"2026_01_NO_DET",4973,"DET","NO","pass","(7:34) 16-J.Goff pass incomplete deep left to 1-J.Williams.",-0.430402872851118,FALSE,FALSE,FALSE
"2026_01_NO_DET",4996,"DET","NO","run","(7:28) 0-J.Gibbs left end to NO 26 for 10 yards (23-J.Blackmon).",1.04153219796717,FALSE,FALSE,FALSE
"2026_01_NO_DET",5018,"DET","NO","run","(6:49) 0-J.Gibbs right end pushed ob at NO 27 for -1 yards (7-J.Sanker).",-0.838591614214238,FALSE,FALSE,FALSE
"2026_01_NO_DET",5045,"DET","NO","pass","(6:19) (Shotgun) 16-J.Goff pass deep left to 1-J.Williams ran ob at NO 5 for 22 yards.",2.34777308977209,FALSE,TRUE,TRUE
"2026_01_NO_DET",5075,"DET","NO","run","(5:45) 0-J.Gibbs right tackle to NO 4 for 1 yard (55-K.Elliss).",-0.236417616833933,FALSE,FALSE,FALSE
"2026_01_NO_DET",5097,"DET","NO","pass","(5:07) (Shotgun) 16-J.Goff pass short left to 14-A.St. Brown for 4 yards, TOUCHDOWN.",1.52711686125258,FALSE,FALSE,FALSE
"2026_01_NO_DET",5164,"NO","DET","pass","(4:57) (Shotgun) 6-T.Shough sacked at NO 18 for -2 yards (54-A.McNeill).",-0.962158642243594,FALSE,FALSE,FALSE
"2026_01_NO_DET",5184,"NO","DET","pass","(4:17) (Shotgun) 6-T.Shough pass short left to 18-B.Lance to NO 26 for 8 yards (23-R.Ya-Sin). DET-23-R.Ya-Sin was injured during the play.",0.458389702253044,FALSE,FALSE,FALSE
"2026_01_NO_DET",5212,"NO","DET","run","(3:49) (Shotgun) 6-T.Shough FUMBLES (Aborted) at NO 21, recovered by NO-3-T.Etienne at NO 23. 3-T.Etienne to NO 27 for 4 yards (98-D.Wonnum; 55-D.Barnes).",-1.17862559272908,FALSE,FALSE,FALSE
"2026_01_NO_DET",5239,"NO","DET","pass","(3:13) (No Huddle, Shotgun) 6-T.Shough pass deep right to 12-C.Olave to NO 47 for 20 yards (29-A.Maddox). ** Injury Update: DET-23-R.Ya-Sin has returned to the game.",3.28852539340733,FALSE,TRUE,TRUE
"2026_01_NO_DET",5270,"NO","DET","run","(2:38) 3-T.Etienne right tackle to NO 48 for 1 yard (21-R.McCreary).",-0.461688184470404,FALSE,FALSE,FALSE
"2026_01_NO_DET",5292,"NO","DET","pass","(2:17) (No Huddle, Shotgun) 6-T.Shough pass short right to 87-N.Fant ran ob at DET 42 for 10 yards (23-R.Ya-Sin).",1.07765777752502,FALSE,FALSE,FALSE
"2026_01_NO_DET",5325,"NO","DET","run","(2:12) 5-K.Miller up the middle to DET 40 for 2 yards (66-E.O'Neill; 29-A.Maddox).",-0.371448238031007,FALSE,FALSE,FALSE
"2026_01_NO_DET",5377,"NO","DET","pass","(1:53) (Shotgun) 6-T.Shough pass deep right to 83-J.Johnson pushed ob at DET 8 for 27 yards (12-T.Harper).",1.90439500450157,FALSE,FALSE,FALSE
"2026_01_NO_DET",5419,"NO","DET","pass","(1:45) 6-T.Shough pass incomplete short right to 83-J.Johnson (55-D.Barnes).",-0.535242085519712,FALSE,FALSE,FALSE
"2026_01_NO_DET",5442,"NO","DET","pass","(1:38) (Shotgun) 6-T.Shough pass short right to 87-N.Fant for 8 yards, TOUCHDOWN.",2.28001487773145,FALSE,FALSE,FALSE
"2026_01_NYJ_TEN",67,"NYJ","TEN","run","(15:00) 20-B.Hall right tackle to NYJ 44 for 4 yards (53-A.Hill).",0.0529459528625011,FALSE,FALSE,FALSE
"2026_01_NYJ_TEN",123,"NYJ","TEN","pass","(14:20) 7-G.Smith pass short left to 16-K.Sadiq to TEN 39 for 7 yards (93-N.Stackhouse).",0.369248094968498,FALSE,FALSE,FALSE
"2026_01_NYJ_TEN",148,"NYJ","TEN","run","(13:41) 20-B.Hall right guard to TEN 35 for 4 yards (98-J.Simmons).",0.43517447495833,FALSE,FALSE,FALSE
"2026_01_NYJ_TEN",170,"NYJ","TEN","pass","(13:05) 7-G.Smith pass incomplete deep left to 5-G.Wilson.",-0.525966144283302,FALSE,FALSE,FALSE
"2026_01_NYJ_TEN",229,"NYJ","TEN","run","(12:55) (Shotgun) 20-B.Hall up the middle to TEN 34 for 6 yards (26-M.Harris).",0.0301949200220406,FALSE,FALSE,FALSE
"2026_01_NYJ_TEN",251,"NYJ","TEN","pass","(12:10) (Shotgun) 7-G.Smith pass short left to 11-O.Cooper to TEN 4 for 30 yards (24-A.Taylor; 11-J.Johnson).",3.58215110830497,FALSE,TRUE,TRUE
"2026_01_NYJ_TEN",276,"NYJ","TEN","run","(11:28) (Shotgun) 20-B.Hall up the middle to TEN 3 for 1 yard (91-J.Franklin-Myers; 53-A.Hill).",-0.128531332360581,FALSE,FALSE,FALSE
"2026_01_NYJ_TEN",298,"NYJ","TEN","run","(10:50) 16-K.Sadiq left end for 3 yards, TOUCHDOWN.",1.23996148013975,FALSE,FALSE,FALSE
"2026_01_NYJ_TEN",367,"TEN","NYJ","run","(10:45) 20-T.Pollard right guard to TEN 37 for 2 yards (56-D.Davis; 52-K.Enagbare).",-0.372239406919107,FALSE,FALSE,FALSE
"2026_01_NYJ_TEN",389,"TEN","NYJ","run","(10:13) (Shotgun) 20-T.Pollard up the middle to TEN 42 for 5 yards (97-H.Phillips; 56-D.Davis).",-0.097980193560943,FALSE,FALSE,FALSE
"2026_01_NYJ_TEN",411,"TEN","NYJ","run","(9:30) (Shotgun) 1-C.Ward scrambles right end pushed ob at TEN 46 for 4 yards (56-D.Davis).",1.35115782544017,FALSE,FALSE,FALSE
"2026_01_NYJ_TEN",438,"TEN","NYJ","pass","(8:56) (Shotgun) 1-C.Ward pass short left to 17-C.Dike pushed ob at NYJ 47 for 7 yards (2-J.Brownlee).",0.292017281404696,FALSE,FALSE,FALSE
"2026_01_NYJ_TEN",468,"TEN","NYJ","pass","(8:30) (Shotgun) 1-C.Ward pass incomplete short right to 4-W.Robinson.",-0.815308339544572,FALSE,FALSE,FALSE
"2026_01_NYJ_TEN",491,"TEN","NYJ","run","(8:27) (Shotgun) 1-C.Ward scrambles left tackle to NYJ 42 for 5 yards (44-J.Sherwood). NYJ-29-M.Fitzpatrick was injured during the play.",1.19649015192408,FALSE,FALSE,FALSE
"2026_01_NYJ_TEN",513,"TEN","NYJ","run","(7:59) (Shotgun) 20-T.Pollard right tackle to NYJ 37 for 5 yards (44-J.Sherwood; 56-D.Davis).",0.0438484762562439,FALSE,FALSE,FALSE
"2026_01_NYJ_TEN",583,"TEN","NYJ","pass","(7:34) (Shotgun) 1-C.Ward pass short left to 14-C.Tate ran ob at NYJ 35 for 12 yards [93-D.Onyemata].",0.813125262502581,FALSE,FALSE,FALSE
"2026_01_NYJ_TEN",637,"TEN","NYJ","pass","(6:36) 1-C.Ward sacked at NYJ 31 for -1 yards (52-K.Enagbare).",-0.761800046311691,FALSE,FALSE,FALSE
"2026_01_NYJ_TEN",666,"TEN","NYJ","pass","(5:58) (Shotgun) 1-C.Ward pass incomplete deep left to 20-T.Pollard.",-0.752083513769321,FALSE,FALSE,FALSE
"2026_01_NYJ_TEN",694,"TEN","NYJ","pass","(5:52) (Shotgun) 1-C.Ward pass short right to 82-D.Bellinger to NYJ 24 for 7 yards (44-J.Sherwood; 6-D.Belton).",-0.36864963174626,FALSE,FALSE,FALSE
"2026_01_NYJ_TEN",790,"NYJ","TEN","pass","(5:03) 7-G.Smith pass incomplete short middle to 85-M.Taylor (53-A.Hill). Tennessee challenged the incomplete pass ruling, and the play was Upheld. The ruling on the field stands. (Timeout #2.)",-0.606143292505294,FALSE,FALSE,FALSE
"2026_01_NYJ_TEN",886,"NYJ","TEN","pass","(4:57) (Shotgun) 7-G.Smith pass short right to 5-G.Wilson to NYJ 24 for 4 yards (26-M.Harris).",-0.382922981865704,FALSE,FALSE,FALSE
"2026_01_NYJ_TEN",918,"NYJ","TEN","run","(4:11) (Shotgun) 7-G.Smith FUMBLES (Aborted) at NYJ 19, and recovers at NYJ 18.",-2.02492296253331,TRUE,FALSE,TRUE
"2026_01_NYJ_TEN",974,"TEN","NYJ","run","(3:18) 2-T.Spears right end to TEN 38 for 1 yard (55-B.McGregor; 99-T.Sweat).",-0.511417088331655,FALSE,FALSE,FALSE
"2026_01_NYJ_TEN",1006,"TEN","NYJ","pass","(2:46) (Shotgun) 1-C.Ward pass incomplete deep right.",-0.833038239972666,FALSE,FALSE,FALSE
"2026_01_NYJ_TEN",1029,"TEN","NYJ","pass","(2:38) (Shotgun) 1-C.Ward pass short left to 84-G.Helm to TEN 39 for 1 yard (2-J.Brownlee).",-1.34163484326564,FALSE,FALSE,FALSE
"2026_01_NYJ_TEN",1074,"NYJ","TEN","run","(1:51) 20-B.Hall right guard to NYJ 17 for 5 yards (53-A.Hill; 37-A.Hooker).",-0.064629212487489,FALSE,FALSE,FALSE
"2026_01_NYJ_TEN",1096,"NYJ","TEN","run","(1:08) 20-B.Hall left tackle to NYJ 21 for 4 yards (11-J.Johnson).",0.192973733181134,FALSE,FALSE,FALSE
"2026_01_NYJ_TEN",1118,"NYJ","TEN","run","(:26) (Shotgun) 20-B.Hall up the middle to NYJ 24 for 3 yards (52-J.Williams; 53-A.Hill).",0.472735464572906,FALSE,FALSE,FALSE
"2026_01_NYJ_TEN",1160,"NYJ","TEN","run","(15:00) 0-B.Allen right tackle to NYJ 31 for 7 yards (53-A.Hill; 23-K.Winston).",0.385294519364834,FALSE,FALSE,FALSE
"2026_01_NYJ_TEN",1182,"NYJ","TEN","run","(14:18) 0-B.Allen right guard to NYJ 40 for 9 yards (37-A.Hooker).",0.682366216555238,FALSE,FALSE,FALSE
"2026_01_NYJ_TEN",1204,"NYJ","TEN","run","(13:35) (Shotgun) 0-B.Allen right guard to NYJ 48 for 8 yards (37-A.Hooker; 23-K.Winston).",0.55490810982883,FALSE,FALSE,FALSE
"2026_01_NYJ_TEN",1226,"NYJ","TEN","run","(12:53) 0-B.Allen right guard to TEN 48 for 4 yards (53-A.Hill; 95-J.Elliott).",0.139631040859967,FALSE,FALSE,FALSE
"2026_01_NYJ_TEN",1248,"NYJ","TEN","run","(12:14) 20-B.Hall left guard to TEN 48 for no gain (26-M.Harris).",-0.531032281229272,FALSE,FALSE,FALSE
"2026_01_NYJ_TEN",1270,"NYJ","TEN","run","(11:31) (Shotgun) 20-B.Hall right tackle to TEN 43 for 5 yards (53-A.Hill; 26-M.Harris).",-0.354993030196056,FALSE,FALSE,FALSE
"2026_01_NYJ_TEN",1292,"NYJ","TEN","run","(10:51) (Shotgun) 7-G.Smith scrambles left end pushed ob at TEN 40 for 3 yards (53-A.Hill).",-1.20558754913509,FALSE,FALSE,FALSE
"2026_01_NYJ_TEN",1319,"NYJ","TEN","pass","(10:14) (Shotgun) 7-G.Smith pass short middle to 5-G.Wilson to TEN 31 for 9 yards (23-K.Winston; 24-A.Taylor).",2.81590366153978,FALSE,TRUE,TRUE
"2026_01_NYJ_TEN",1351,"NYJ","TEN","pass","(9:29) 7-G.Smith pass short left to 20-B.Hall to TEN 23 for 8 yards (24-A.Taylor).",0.631018318817951,FALSE,FALSE,FALSE
"2026_01_NYJ_TEN",1376,"NYJ","TEN","run","(8:49) 20-B.Hall right guard to TEN 22 for 1 yard (7-O.Oladejo; 37-A.Hooker).",-0.358706980012357,FALSE,FALSE,FALSE
"2026_01_NYJ_TEN",1398,"NYJ","TEN","run","(8:08) 0-B.Allen right end to TEN 22 for no gain (7-O.Oladejo; 37-A.Hooker).",-1.10349134833086,FALSE,FALSE,FALSE
"2026_01_NYJ_TEN",1420,"NYJ","TEN","run","(7:29) (Shotgun) 0-B.Allen left guard to TEN 19 for 3 yards (53-A.Hill; 23-K.Winston).",1.5687720758724,FALSE,FALSE,FALSE
"2026_01_NYJ_TEN",1442,"NYJ","TEN","run","(6:46) 20-B.Hall up the middle to TEN 15 for 4 yards (53-A.Hill; 23-K.Winston).",-0.0580045359674841,FALSE,FALSE,FALSE
"2026_01_NYJ_TEN",1464,"NYJ","TEN","run","(6:06) 20-B.Hall left guard to TEN 10 for 5 yards (98-J.Simmons).",0.310679426474962,FALSE,FALSE,FALSE
"2026_01_NYJ_TEN",1510,"NYJ","TEN","pass","(5:09) (Shotgun) 7-G.Smith pass incomplete short left to 0-B.Allen (53-A.Hill).",-0.970727254496469,FALSE,FALSE,FALSE
"2026_01_NYJ_TEN",1599,"NYJ","TEN","run","(4:55) 20-B.Hall up the middle to TEN 35 for 3 yards (29-T.Adams).",-0.384728011384141,FALSE,FALSE,FALSE
"2026_01_NYJ_TEN",1621,"NYJ","TEN","pass","(4:17) 7-G.Smith pass short right to 85-M.Taylor to TEN 43 for -8 yards (7-O.Oladejo).",-1.74387600860791,FALSE,FALSE,FALSE
"2026_01_NYJ_TEN",1649,"NYJ","TEN","pass","(3:31) (Shotgun) 7-G.Smith pass short middle to 5-G.Wilson to TEN 36 for 7 yards (26-M.Harris; 53-A.Hill).",0.111347603987754,FALSE,FALSE,FALSE
"2026_01_NYJ_TEN",1695,"TEN","NYJ","run","(2:41) 20-T.Pollard up the middle to TEN 46 for 2 yards (2-J.Brownlee). NYJ-2-J.Brownlee was injured during the play.",-0.369936520699412,FALSE,FALSE,FALSE
"2026_01_NYJ_TEN",1724,"TEN","NYJ","pass","(2:00) (Shotgun) 1-C.Ward pass short right to 4-W.Robinson to NYJ 49 for 5 yards (44-J.Sherwood).",0.150577254709788,FALSE,FALSE,FALSE
"2026_01_NYJ_TEN",1766,"TEN","NYJ","pass","(1:22) (Shotgun) 1-C.Ward pass incomplete deep middle to 14-C.Tate.",-1.03448542638216,FALSE,FALSE,FALSE
"2026_01_NYJ_TEN",1807,"NYJ","TEN","pass","(1:10) (Shotgun) 7-G.Smith pass short middle to 85-M.Taylor to NYJ 26 for 6 yards (23-K.Winston).",-0.0323875255417079,FALSE,FALSE,FALSE
"2026_01_NYJ_TEN",1837,"NYJ","TEN","pass","(:51) (No Huddle, Shotgun) 7-G.Smith pass short left to 18-I.Williams to NYJ 33 for 7 yards (26-M.Harris).",0.214310623181518,FALSE,FALSE,FALSE
"2026_01_NYJ_TEN",1862,"NYJ","TEN","pass","(:45) (Shotgun) 7-G.Smith pass incomplete short right [57-J.Martin].",-0.159467294753995,FALSE,FALSE,FALSE
"2026_01_NYJ_TEN",1892,"NYJ","TEN","pass","(:36) (Shotgun) 7-G.Smith pass deep right to 15-A.Mitchell pushed ob at TEN 49 for 18 yards (18-C.Flott). The Replay Official reviewed the pass completion ruling, and the play was Upheld. The ruling on the field stands.",0.733847491792403,FALSE,FALSE,FALSE
"2026_01_NYJ_TEN",1922,"NYJ","TEN","pass","(:32) (Shotgun) 7-G.Smith pass short middle to 15-A.Mitchell to TEN 47 for 2 yards (37-A.Hooker).",-0.360833228332922,FALSE,FALSE,FALSE
"2026_01_NYJ_TEN",2071,"TEN","NYJ","pass","(15:00) (Shotgun) 1-C.Ward pass short right to 14-C.Tate ran ob at TEN 40 for 5 yards (1-A.Thomas).",0.132369214901701,FALSE,FALSE,FALSE
"2026_01_NYJ_TEN",2111,"TEN","NYJ","pass","(14:43) (No Huddle, Shotgun) 1-C.Ward pass short middle to 4-W.Robinson to TEN 49 for 9 yards (56-D.Davis).",0.840747071895748,FALSE,FALSE,FALSE
"2026_01_NYJ_TEN",2136,"TEN","NYJ","pass","(14:20) (No Huddle, Shotgun) 1-C.Ward pass short right to 14-C.Tate pushed ob at NYJ 44 for 7 yards (1-A.Thomas).",0.248229663120583,FALSE,FALSE,FALSE
"2026_01_NYJ_TEN",2166,"TEN","NYJ","pass","(13:57) (No Huddle, Shotgun) 1-C.Ward pass short right to 20-T.Pollard to NYJ 45 for -1 yards (1-A.Thomas).",-0.823514685500413,FALSE,FALSE,FALSE
"2026_01_NYJ_TEN",2191,"TEN","NYJ","pass","(13:14) (Shotgun) 1-C.Ward pass incomplete deep right to 5-E.Ayomanor.",-1.71617606910877,FALSE,FALSE,FALSE
"2026_01_NYJ_TEN",2232,"NYJ","TEN","pass","(13:01) 7-G.Smith pass short right to 20-B.Hall to NYJ 28 for 8 yards (53-A.Hill; 29-T.Adams).",0.611694612540305,FALSE,FALSE,FALSE
"2026_01_NYJ_TEN",2264,"NYJ","TEN","pass","(12:19) (Shotgun) 7-G.Smith pass deep right to 5-G.Wilson pushed ob at TEN 41 for 31 yards (24-A.Taylor).",2.11899432330392,FALSE,FALSE,FALSE
"2026_01_NYJ_TEN",2327,"NYJ","TEN","pass","(11:14) (Shotgun) 7-G.Smith pass deep right to 15-A.Mitchell to TEN 11 for 40 yards (37-A.Hooker).",2.7204505399568,FALSE,TRUE,TRUE
"2026_01_NYJ_TEN",2352,"NYJ","TEN","run","(10:26) (Shotgun) 7-G.Smith scrambles right end to TEN 4 for 7 yards (37-A.Hooker).",0.553999349009246,FALSE,FALSE,FALSE
"2026_01_NYJ_TEN",2374,"NYJ","TEN","run","(9:44) 20-B.Hall left end for 4 yards, TOUCHDOWN. Penalty on TEN, Defensive Too Many Men on Field, declined.",1.45034848956857,FALSE,FALSE,FALSE
"2026_01_NYJ_TEN",2463,"TEN","NYJ","pass","(9:36) 1-C.Ward pass incomplete short right. ** Injury Update: NYJ-2-J.Brownlee has returned to the game.",-0.547768799122423,FALSE,FALSE,FALSE
"2026_01_NYJ_TEN",2486,"TEN","NYJ","run","(9:31) (Shotgun) 1-C.Ward scrambles right tackle pushed ob at TEN 39 for 7 yards (56-D.Davis).",0.0142256370745599,FALSE,FALSE,FALSE
"2026_01_NYJ_TEN",2516,"TEN","NYJ","pass","(8:55) (Shotgun) 1-C.Ward pass incomplete short right to 2-T.Spears (56-D.Davis).",-1.64878577739,FALSE,FALSE,FALSE
"2026_01_NYJ_TEN",2565,"NYJ","TEN","run","(8:38) 20-B.Hall left end pushed ob at NYJ 34 for 12 yards (23-K.Winston).",0.941912525333464,FALSE,FALSE,FALSE
"2026_01_NYJ_TEN",2599,"NYJ","TEN","run","(8:06) 20-B.Hall right guard to NYJ 46 for 12 yards (15-K.Faulk; 50-C.Barton).",0.890468208817765,FALSE,FALSE,FALSE
"2026_01_NYJ_TEN",2621,"NYJ","TEN","pass","(7:20) 7-G.Smith pass deep left to 5-G.Wilson pushed ob at TEN 32 for 22 yards (18-C.Flott).",1.46025613474194,FALSE,FALSE,FALSE
"2026_01_NYJ_TEN",2687,"NYJ","TEN","pass","(6:20) (Shotgun) 7-G.Smith pass incomplete short middle to 82-A.Smith.",-0.597929609240964,FALSE,FALSE,FALSE
"2026_01_NYJ_TEN",2710,"NYJ","TEN","pass","(6:16) (Shotgun) 7-G.Smith pass short right to 16-K.Sadiq to TEN 29 for 8 yards (50-C.Barton; 53-A.Hill).",0.458804646856152,FALSE,FALSE,FALSE
"2026_01_NYJ_TEN",2735,"NYJ","TEN","pass","(5:30) (Shotgun) 7-G.Smith pass short left to 5-G.Wilson to TEN 23 for 6 yards (26-M.Harris).",-0.108391592861153,FALSE,FALSE,FALSE
"2026_01_NYJ_TEN",2859,"TEN","NYJ","run","(4:30) 20-T.Pollard left guard to TEN 33 for 6 yards (31-D.Bailey).",0.225492581259459,FALSE,FALSE,FALSE
"2026_01_NYJ_TEN",2881,"TEN","NYJ","pass","(3:53) 1-C.Ward pass incomplete short right [31-D.Bailey].",-0.812766923569143,FALSE,FALSE,FALSE
"2026_01_NYJ_TEN",2904,"TEN","NYJ","pass","(3:45) (Shotgun) 1-C.Ward pass short left to 4-W.Robinson to TEN 43 for 10 yards (8-A.Cisco).",1.61209010495804,FALSE,FALSE,FALSE
"2026_01_NYJ_TEN",2929,"TEN","NYJ","run","(3:08) (Shotgun) 20-T.Pollard left end pushed ob at NYJ 44 for 13 yards (8-A.Cisco).",0.708238100865856,FALSE,FALSE,FALSE
"2026_01_NYJ_TEN",2956,"TEN","NYJ","run","(2:38) (Shotgun) 20-T.Pollard right tackle to NYJ 42 for 2 yards (56-D.Davis; 55-B.McGregor).",-0.624966423842125,FALSE,FALSE,FALSE
"2026_01_NYJ_TEN",2978,"TEN","NYJ","pass","(1:55) (Shotgun) 1-C.Ward pass incomplete short left to 2-T.Spears.",-0.862886072020046,FALSE,FALSE,FALSE
"2026_01_NYJ_TEN",3008,"TEN","NYJ","pass","(1:52) (Shotgun) 1-C.Ward sacked ob at NYJ 43 for -1 yards (31-D.Bailey).",-1.78508882550523,TRUE,FALSE,TRUE
"2026_01_NYJ_TEN",3046,"NYJ","TEN","pass","(1:05) 7-G.Smith pass short right to 89-J.Ruckert to NYJ 24 for 4 yards (50-C.Barton).",-0.26420405972749,FALSE,FALSE,FALSE
"2026_01_NYJ_TEN",3071,"NYJ","TEN","run","(:20) 20-B.Hall up the middle to NYJ 27 for 3 yards (98-J.Simmons; 95-J.Elliott).",-0.19767435407266,FALSE,FALSE,FALSE
"2026_01_NYJ_TEN",3113,"NYJ","TEN","run","(15:00) (Shotgun) 20-B.Hall up the middle to NYJ 29 for 2 yards (98-J.Simmons; 53-A.Hill).",-0.873559897532687,FALSE,FALSE,FALSE
"2026_01_NYJ_TEN",3161,"TEN","NYJ","run","(14:04) (Shotgun) 2-T.Spears up the middle to TEN 17 for 1 yard (95-D.Jackson; 55-B.McGregor).",-0.476484031882137,FALSE,FALSE,FALSE
"2026_01_NYJ_TEN",3207,"TEN","NYJ","pass","(13:40) (Shotgun) 1-C.Ward sacked at TEN 1 for -11 yards (9-W.McDonald).",-1.65502188215032,FALSE,FALSE,FALSE
"2026_01_NYJ_TEN",3227,"TEN","NYJ","pass","(12:54) (Shotgun) 1-C.Ward pass short right to 84-G.Helm to TEN 13 for 12 yards (1-A.Thomas).",0.119217885192484,FALSE,FALSE,FALSE
"2026_01_NYJ_TEN",3271,"NYJ","TEN","run","(12:01) 0-B.Allen right tackle to TEN 46 for 4 yards (23-K.Winston).",-0.178864444373176,FALSE,FALSE,FALSE
"2026_01_NYJ_TEN",3300,"NYJ","TEN","run","(11:16) 0-B.Allen right guard to TEN 47 for -1 yards (37-A.Hooker, 53-A.Hill).",-0.869285305263475,FALSE,FALSE,FALSE
"2026_01_NYJ_TEN",3322,"NYJ","TEN","pass","(10:35) (Shotgun) 7-G.Smith pass short left to 16-K.Sadiq to TEN 41 for 6 yards (18-C.Flott).",-0.320326063316315,FALSE,FALSE,FALSE
"2026_01_NYJ_TEN",3391,"TEN","NYJ","run","(9:36) (Shotgun) 1-C.Ward scrambles right end pushed ob at TEN 7 for 5 yards (31-D.Bailey).",-0.0629001138731837,FALSE,FALSE,FALSE
"2026_01_NYJ_TEN",3434,"TEN","NYJ","pass","(9:10) (Shotgun) 1-C.Ward pass short right to 4-W.Robinson to TEN 13 for 6 yards (6-D.Belton).",0.618327535223216,FALSE,FALSE,FALSE
"2026_01_NYJ_TEN",3459,"TEN","NYJ","pass","(8:44) (No Huddle, Shotgun) 1-C.Ward pass short middle to 84-G.Helm to TEN 18 for 5 yards (8-A.Cisco).",0.106186201097444,FALSE,FALSE,FALSE
"2026_01_NYJ_TEN",3484,"TEN","NYJ","pass","(8:23) (No Huddle, Shotgun) 1-C.Ward pass incomplete deep left to 14-C.Tate.",-0.7517105252482,FALSE,FALSE,FALSE
"2026_01_NYJ_TEN",3507,"TEN","NYJ","pass","(8:20) (Shotgun) 1-C.Ward pass incomplete short right.",-0.994752728147432,FALSE,FALSE,FALSE
"2026_01_NYJ_TEN",3556,"NYJ","TEN","run","(8:01) 20-B.Hall right end pushed ob at TEN 40 for 13 yards (23-K.Winston).",0.818729180260561,FALSE,FALSE,FALSE
"2026_01_NYJ_TEN",3583,"NYJ","TEN","run","(7:21) 20-B.Hall right end to TEN 40 for no gain (24-A.Taylor).",-0.4444996684324,FALSE,FALSE,FALSE
"2026_01_NYJ_TEN",3615,"NYJ","TEN","run","(6:35) (Shotgun) 0-B.Allen left guard to TEN 38 for 2 yards (91-J.Franklin-Myers).",-0.640357534517534,FALSE,FALSE,FALSE
"2026_01_NYJ_TEN",3637,"NYJ","TEN","run","(5:52) 0-B.Allen left guard to TEN 34 for 4 yards (91-J.Franklin-Myers; 23-K.Winston).",-1.10583438174978,FALSE,FALSE,FALSE
"2026_01_NYJ_TEN",3712,"TEN","NYJ","pass","(5:00) (Shotgun) 1-C.Ward pass short left to 4-W.Robinson to TEN 43 for 8 yards (56-D.Davis).",0.559079581522383,FALSE,FALSE,FALSE
"2026_01_NYJ_TEN",3737,"TEN","NYJ","pass","(4:37) (No Huddle, Shotgun) 1-C.Ward pass short left to 14-C.Tate to NYJ 43 for 14 yards (8-A.Cisco).",0.896084851468913,FALSE,FALSE,FALSE
"2026_01_NYJ_TEN",3762,"TEN","NYJ","pass","(4:17) (No Huddle, Shotgun) 1-C.Ward pass short right to 2-T.Spears to NYJ 39 for 4 yards (1-A.Thomas; 2-J.Brownlee).",-0.167278546374291,FALSE,FALSE,FALSE
"2026_01_NYJ_TEN",3787,"TEN","NYJ","pass","(3:48) (No Huddle, Shotgun) 1-C.Ward pass short left to 84-G.Helm pushed ob at NYJ 29 for 10 yards (8-A.Cisco).",0.95666548225563,FALSE,FALSE,FALSE
"2026_01_NYJ_TEN",3817,"TEN","NYJ","pass","(3:41) (No Huddle, Shotgun) 1-C.Ward pass short right to 2-T.Spears to NYJ 21 for 8 yards (8-A.Cisco).",0.72069849120453,FALSE,FALSE,FALSE
"2026_01_NYJ_TEN",3842,"TEN","NYJ","run","(3:16) (No Huddle, Shotgun) 2-T.Spears up the middle to NYJ 11 for 10 yards (31-D.Bailey).",0.515159805916483,FALSE,FALSE,FALSE
"2026_01_NYJ_TEN",3864,"TEN","NYJ","pass","(2:53) (No Huddle, Shotgun) 1-C.Ward pass incomplete short left to 5-E.Ayomanor.",-0.459346584248124,FALSE,FALSE,FALSE
"2026_01_NYJ_TEN",3887,"TEN","NYJ","pass","(2:49) (Shotgun) 1-C.Ward pass incomplete short middle to 84-G.Helm [97-H.Phillips].",-0.702047761413269,FALSE,FALSE,FALSE
"2026_01_NYJ_TEN",3910,"TEN","NYJ","pass","(2:45) (Shotgun) 1-C.Ward pass short right to 5-E.Ayomanor for 11 yards, TOUCHDOWN.",3.41747559380019,FALSE,TRUE,TRUE
"2026_01_NYJ_TEN",3974,"NYJ","TEN","run","(2:40) 20-B.Hall up the middle to TEN 41 for 5 yards (37-A.Hooker).",-0.435041868709959,FALSE,FALSE,FALSE
"2026_01_NYJ_TEN",3996,"NYJ","TEN","run","(2:35) 20-B.Hall up the middle to TEN 35 for 6 yards (24-A.Taylor; 53-A.Hill).",0.584804048063233,FALSE,FALSE,FALSE
"2026_01_SF_LA",63,"LA","SF","pass","(14:54) (Shotgun) 9-M.Stafford pass incomplete short left to 12-P.Nacua (54-F.Warner) [97-N.Bosa].",-0.648500078357756,FALSE,FALSE,FALSE
"2026_01_SF_LA",86,"LA","SF","run","(14:50) (Shotgun) 23-K.Williams left guard to LA 22 for 5 yards (54-F.Warner).",-0.339741055388004,FALSE,FALSE,FALSE
"2026_01_SF_LA",108,"LA","SF","pass","(14:17) (Shotgun) 9-M.Stafford pass short left to 12-P.Nacua to LA 26 for 4 yards (2-D.Lenoir).",-0.714586923830211,FALSE,FALSE,FALSE
"2026_01_SF_LA",164,"SF","LA","run","(13:28) 23-C.McCaffrey up the middle to SF 39 for 6 yards (53-N.Landman).",0.236048907507211,FALSE,FALSE,FALSE
"2026_01_SF_LA",186,"SF","LA","pass","(12:59) (Shotgun) 13-B.Purdy pass incomplete short left to 85-G.Kittle (37-Q.Lake).",-0.920205037575215,FALSE,FALSE,FALSE
"2026_01_SF_LA",221,"SF","LA","pass","(12:53) (Shotgun) 13-B.Purdy pass short left to 5-M.Evans to SF 46 for 7 yards (37-Q.Lake).",1.58273472776636,FALSE,FALSE,FALSE
"2026_01_SF_LA",246,"SF","LA","pass","(12:19) (Shotgun) 13-B.Purdy pass short left to 85-G.Kittle to LA 48 for 6 yards (35-J.Watson).",0.167279719607905,FALSE,FALSE,FALSE
"2026_01_SF_LA",271,"SF","LA","pass","(11:40) 13-B.Purdy pass short right to 19-D.Samuel pushed ob at LA 39 for 9 yards (22-T.McDuffie).",0.779545123688877,FALSE,FALSE,FALSE
"2026_01_SF_LA",305,"SF","LA","run","(11:07) 26-K.Black left guard to LA 38 for 1 yard (91-K.Turner; 48-O.Speights).",-0.621228995500132,FALSE,FALSE,FALSE
"2026_01_SF_LA",327,"SF","LA","pass","(10:30) 13-B.Purdy pass short left to 26-K.Black to LA 33 for 5 yards (3-K.Curl; 5-K.Kinchens) [10-J.Stewart].",0.179298444883898,FALSE,FALSE,FALSE
"2026_01_SF_LA",352,"SF","LA","pass","(9:48) (Shotgun) 13-B.Purdy pass short right to 5-M.Evans to LA 26 for 7 yards (35-J.Watson; 2-J.McCollough).",1.4030419671908,FALSE,FALSE,FALSE
"2026_01_SF_LA",377,"SF","LA","pass","(9:07) (Shotgun) 13-B.Purdy pass incomplete deep right to 85-G.Kittle (22-T.McDuffie).",-0.484734788886271,FALSE,FALSE,FALSE
"2026_01_SF_LA",400,"SF","LA","pass","(9:01) 13-B.Purdy pass short right to 23-C.McCaffrey to LA 18 for 8 yards (3-K.Curl).",0.437154067447409,FALSE,FALSE,FALSE
"2026_01_SF_LA",425,"SF","LA","pass","(8:19) (Shotgun) 13-B.Purdy pass short left to 5-M.Evans to LA 10 for 8 yards (37-Q.Lake).",0.851502589182928,FALSE,FALSE,FALSE
"2026_01_SF_LA",450,"SF","LA","pass","(7:44) 13-B.Purdy pass short right to 19-D.Samuel to LA 8 for 2 yards (22-T.McDuffie).",-0.312918658717535,FALSE,FALSE,FALSE
"2026_01_SF_LA",475,"SF","LA","pass","(7:04) 13-B.Purdy pass short right to 85-G.Kittle to LA 2 for 6 yards (90-T.Davis; 5-K.Kinchens).",0.230917570530437,FALSE,FALSE,FALSE
"2026_01_SF_LA",500,"SF","LA","pass","(6:22) (Shotgun) 13-B.Purdy pass incomplete short right to 11-D.Robinson (22-T.McDuffie) [53-N.Landman].",-2.12971984002224,TRUE,FALSE,TRUE
"2026_01_SF_LA",573,"LA","SF","run","(6:10) 24-B.Corum up the middle to LA 34 for 9 yards (36-M.Sigle).",0.736590838991106,FALSE,FALSE,FALSE
"2026_01_SF_LA",595,"LA","SF","run","(5:32) 24-B.Corum up the middle to LA 33 for -1 yards (97-N.Bosa).",-0.999216947238892,FALSE,FALSE,FALSE
"2026_01_SF_LA",617,"LA","SF","run","(4:59) 23-K.Williams up the middle to LA 36 for 3 yards (54-F.Warner; 92-O.Odighizuwa).",0.95485233864747,FALSE,FALSE,FALSE
"2026_01_SF_LA",640,"LA","SF","pass","(4:18) 9-M.Stafford pass incomplete deep left to 12-P.Nacua [92-O.Odighizuwa].",-0.561917589744553,FALSE,FALSE,FALSE
"2026_01_SF_LA",663,"LA","SF","pass","(4:13) (Shotgun) 9-M.Stafford pass short left to 23-K.Williams to LA 40 for 4 yards (57-D.Greenlaw) [99-C.West].",-0.523124467814341,FALSE,FALSE,FALSE
"2026_01_SF_LA",688,"LA","SF","pass","(3:29) (Shotgun) 9-M.Stafford pass incomplete deep right to 17-D.Adams [92-O.Odighizuwa].",-1.48936485429294,FALSE,FALSE,FALSE
"2026_01_SF_LA",731,"SF","LA","pass","(3:18) 13-B.Purdy pass short left to 89-L.Farrell to SF 22 for 5 yards (37-Q.Lake).",-0.127728302031755,FALSE,FALSE,FALSE
"2026_01_SF_LA",763,"SF","LA","run","(2:47) 26-K.Black left guard to SF 25 for 3 yards (53-N.Landman).",0.0184284821152687,FALSE,FALSE,FALSE
"2026_01_SF_LA",785,"SF","LA","pass","(2:06) (Shotgun) 13-B.Purdy pass incomplete short left to 23-C.McCaffrey (48-O.Speights).",-1.82164002768695,TRUE,FALSE,TRUE
"2026_01_SF_LA",834,"LA","SF","run","(1:52) 23-K.Williams up the middle to SF 49 for 8 yards (36-M.Sigle; 96-J.Thompson).",0.544944852823392,FALSE,FALSE,FALSE
"2026_01_SF_LA",863,"LA","SF","pass","(1:31) (No Huddle, Shotgun) 9-M.Stafford pass deep right to 12-P.Nacua to SF 8 for 41 yards (36-M.Sigle; 0-R.Green).",2.72263719257899,FALSE,TRUE,TRUE
"2026_01_SF_LA",888,"LA","SF","run","(:41) 23-K.Williams up the middle to SF 5 for 3 yards (97-N.Bosa).",-0.0725198453292251,FALSE,FALSE,FALSE
"2026_01_SF_LA",930,"LA","SF","run","(15:00) 23-K.Williams up the middle for 5 yards, TOUCHDOWN.",1.58292883774266,FALSE,FALSE,FALSE
"2026_01_SF_LA",1003,"SF","LA","pass","(14:51) (Shotgun) 13-B.Purdy pass incomplete short left to 19-D.Samuel. ** Injury Update: SF-7-D.Stribling has returned to the game.",-0.569705520290881,FALSE,FALSE,FALSE
"2026_01_SF_LA",1026,"SF","LA","pass","(14:47) (Shotgun) 13-B.Purdy pass short middle to 5-M.Evans to SF 43 for 12 yards (35-J.Watson).",1.34324990282767,FALSE,FALSE,FALSE
"2026_01_SF_LA",1051,"SF","LA","run","(14:14) 23-C.McCaffrey right end to SF 47 for 4 yards (56-S.Dolac).",-0.0931531931273639,FALSE,FALSE,FALSE
"2026_01_SF_LA",1073,"SF","LA","pass","(13:37) 13-B.Purdy pass short middle to 23-C.McCaffrey to LA 48 for 5 yards (0-B.Young; 91-K.Turner).",0.0101381277199835,FALSE,FALSE,FALSE
"2026_01_SF_LA",1101,"SF","LA","run","(12:46) 13-B.Purdy up the middle to LA 46 for 2 yards (56-S.Dolac).",0.653212656965479,FALSE,FALSE,FALSE
"2026_01_SF_LA",1130,"SF","LA","pass","(12:09) 13-B.Purdy pass short right intended for 85-G.Kittle INTERCEPTED by 37-Q.Lake at LA 31. 37-Q.Lake to LA 31 for no gain (85-G.Kittle).",-4.57409330527298,TRUE,FALSE,TRUE
"2026_01_SF_LA",1157,"LA","SF","run","(12:04) 24-B.Corum right guard to LA 36 for 5 yards (36-M.Sigle; 54-F.Warner).",0.13684707833454,FALSE,FALSE,FALSE
"2026_01_SF_LA",1186,"LA","SF","run","(11:28) 24-B.Corum left guard to LA 46 for 10 yards (36-M.Sigle).",0.892444507451728,FALSE,FALSE,FALSE
"2026_01_SF_LA",1208,"LA","SF","run","(10:49) 24-B.Corum left tackle to SF 48 for 6 yards (53-J.Dugger).",0.16471235267818,FALSE,FALSE,FALSE
"2026_01_SF_LA",1230,"LA","SF","run","(10:11) 24-B.Corum left tackle to SF 35 for 13 yards (36-M.Sigle).",0.838355717016384,FALSE,FALSE,FALSE
"2026_01_SF_LA",1252,"LA","SF","run","(9:23) 23-K.Williams left guard to SF 35 for no gain (20-U.Stout).",-0.450075334520079,FALSE,FALSE,FALSE
"2026_01_SF_LA",1274,"LA","SF","pass","(9:02) (No Huddle, Shotgun) 9-M.Stafford pass incomplete short right [92-O.Odighizuwa].",-0.749181200400926,FALSE,FALSE,FALSE
"2026_01_SF_LA",1297,"LA","SF","pass","(8:58) (Shotgun) 9-M.Stafford pass deep right intended for 12-P.Nacua INTERCEPTED by 0-R.Green at SF 14. 0-R.Green to SF 14 for no gain (12-P.Nacua).",-2.98322040750645,TRUE,FALSE,TRUE
"2026_01_SF_LA",1334,"SF","LA","run","(8:52) (Shotgun) 26-K.Black right tackle to SF 19 for 5 yards (90-T.Davis).",0.156463462626562,FALSE,FALSE,FALSE
"2026_01_SF_LA",1363,"SF","LA","run","(8:14) 26-K.Black left end to SF 28 for 9 yards (90-T.Davis; 35-J.Watson).",0.814796606311575,FALSE,FALSE,FALSE
"2026_01_SF_LA",1385,"SF","LA","pass","(7:34) (Shotgun) 13-B.Purdy pass short middle to 64-J.Brendel to SF 30 for 2 yards (53-N.Landman). SF-7-D.Stribling was injured during the play.",-0.444575506495312,FALSE,FALSE,FALSE
"2026_01_SF_LA",1413,"SF","LA","pass","(7:01) (Shotgun) 13-B.Purdy pass incomplete short left to 23-C.McCaffrey (53-N.Landman).",-0.715180520666763,FALSE,FALSE,FALSE
"2026_01_SF_LA",1443,"SF","LA","pass","(6:55) (Shotgun) 13-B.Purdy pass short left to 5-M.Evans to SF 43 for 13 yards (22-T.McDuffie).",2.04843191755936,FALSE,FALSE,FALSE
"2026_01_SF_LA",1468,"SF","LA","run","(6:16) 26-K.Black left end pushed ob at LA 48 for 9 yards (2-J.McCollough).",0.75160554505419,FALSE,FALSE,FALSE
"2026_01_SF_LA",1495,"SF","LA","run","(5:47) 26-K.Black up the middle to LA 43 for 5 yards (53-N.Landman).",0.0765907263848931,FALSE,FALSE,FALSE
"2026_01_SF_LA",1517,"SF","LA","run","(5:10) 26-K.Black up the middle to LA 39 for 4 yards (57-T.Hamilton; 48-O.Speights).",-0.108996642928105,FALSE,FALSE,FALSE
"2026_01_SF_LA",1539,"SF","LA","pass","(4:35) 13-B.Purdy pass deep middle to 11-D.Robinson for 39 yards, TOUCHDOWN.",4.05608121358091,FALSE,TRUE,TRUE
"2026_01_SF_LA",1606,"LA","SF","pass","(4:28) 9-M.Stafford pass short left to 23-K.Williams to SF 49 for 16 yards (54-F.Warner).",1.01411543274298,FALSE,FALSE,FALSE
"2026_01_SF_LA",1631,"LA","SF","run","(3:48) 23-K.Williams up the middle to SF 42 for 7 yards (54-F.Warner).",0.211734797630925,FALSE,FALSE,FALSE
"2026_01_SF_LA",1687,"LA","SF","pass","(3:05) (Shotgun) 9-M.Stafford pass incomplete short right to 84-C.Parkinson.",-0.730439235921949,FALSE,FALSE,FALSE
"2026_01_SF_LA",1710,"LA","SF","pass","(2:59) (Shotgun) 9-M.Stafford pass incomplete deep left to 17-D.Adams (25-J.Jones) [20-U.Stout].",-1.22009477508254,FALSE,FALSE,FALSE
"2026_01_SF_LA",1759,"SF","LA","run","(2:43) (Shotgun) 19-D.Samuel right guard to SF 20 for 12 yards (37-Q.Lake; 2-J.McCollough). SF-88-J.Tonges was injured during the play.",0.380924516823143,FALSE,FALSE,FALSE
"2026_01_SF_LA",1784,"SF","LA","run","(2:00) (Shotgun) 23-C.McCaffrey right guard to SF 27 for 7 yards (5-K.Kinchens; 90-T.Davis).",0.194248134503141,FALSE,FALSE,FALSE
"2026_01_SF_LA",1847,"SF","LA","pass","(1:19) (Shotgun) 13-B.Purdy pass short right to 23-C.McCaffrey to SF 41 for -1 yards (22-T.McDuffie).",-0.63216646166984,FALSE,FALSE,FALSE
"2026_01_SF_LA",1872,"SF","LA","pass","(:39) 13-B.Purdy pass short right to 23-C.McCaffrey to SF 49 for 8 yards (37-Q.Lake).",0.327254613046534,FALSE,FALSE,FALSE
"2026_01_SF_LA",1897,"SF","LA","pass","(:32) (Shotgun) 13-B.Purdy pass incomplete short left to 5-M.Evans.",-1.06852931517642,FALSE,FALSE,FALSE
"2026_01_SF_LA",2015,"SF","LA","run","(14:53) 23-C.McCaffrey right guard to LA 37 for 14 yards (5-K.Kinchens; 2-J.McCollough).",1.02458056272008,FALSE,FALSE,FALSE
"2026_01_SF_LA",2042,"SF","LA","run","(14:20) 23-C.McCaffrey left guard to LA 21 for 16 yards (5-K.Kinchens; 37-Q.Lake).",1.09339094627649,FALSE,FALSE,FALSE
"2026_01_SF_LA",2064,"SF","LA","run","(13:42) 26-K.Black up the middle to LA 17 for 4 yards (53-N.Landman).",-0.0273557351902127,FALSE,FALSE,FALSE
"2026_01_SF_LA",2086,"SF","LA","pass","(12:58) (Shotgun) 13-B.Purdy pass short right to 11-D.Robinson pushed ob at LA 6 for 11 yards (37-Q.Lake).",1.02701339148916,FALSE,FALSE,FALSE
"2026_01_SF_LA",2116,"SF","LA","run","(12:21) 23-C.McCaffrey right tackle to LA 5 for 1 yard (90-T.Davis).",-0.384030066546984,FALSE,FALSE,FALSE
"2026_01_SF_LA",2138,"SF","LA","pass","(11:44) (Shotgun) 13-B.Purdy pass short left to 19-D.Samuel to LA 2 for 3 yards (53-N.Landman; 37-Q.Lake).",-0.317994622746482,FALSE,FALSE,FALSE
"2026_01_SF_LA",2170,"SF","LA","pass","(11:07) 13-B.Purdy pass short left to 5-M.Evans for 2 yards, TOUCHDOWN.",2.02476050436962,FALSE,FALSE,FALSE
"2026_01_SF_LA",2241,"LA","SF","run","(10:59) 24-B.Corum right tackle to LA 26 for -1 yards (97-N.Bosa).",-0.940268617123365,FALSE,FALSE,FALSE
"2026_01_SF_LA",2297,"LA","SF","run","(10:17) 24-B.Corum left end to LA 39 for 8 yards (57-D.Greenlaw; 99-C.West).",0.603680297033861,FALSE,FALSE,FALSE
"2026_01_SF_LA",2319,"LA","SF","run","(9:39) 24-B.Corum left tackle to LA 40 for 1 yard (97-N.Bosa; 54-F.Warner).",-0.405698464252055,FALSE,FALSE,FALSE
"2026_01_SF_LA",2341,"LA","SF","pass","(9:01) 9-M.Stafford pass short right to 87-D.Allen pushed ob at SF 47 for 13 yards (57-D.Greenlaw; 27-J.Brown). LA-87-D.Allen was injured during the play.",1.19796585571021,FALSE,FALSE,FALSE
"2026_01_SF_LA",2371,"LA","SF","run","(8:29) 23-K.Williams up the middle to SF 42 for 5 yards (57-D.Greenlaw; 96-J.Thompson).",-0.0736919674091041,FALSE,FALSE,FALSE
"2026_01_SF_LA",2413,"LA","SF","pass","(7:53) 9-M.Stafford pass deep middle to 12-P.Nacua to SF 19 for 23 yards (2-D.Lenoir; 36-M.Sigle).",1.7707871159073,FALSE,FALSE,FALSE
"2026_01_SF_LA",2462,"LA","SF","pass","(6:56) 9-M.Stafford pass short left to 17-D.Adams to SF 11 for 13 yards (27-J.Brown).",1.13822323468048,FALSE,FALSE,FALSE
"2026_01_SF_LA",2487,"LA","SF","run","(6:20) 23-K.Williams up the middle to SF 9 for 2 yards (47-K.Kareem).",0.0107131983386353,FALSE,FALSE,FALSE
"2026_01_SF_LA",2509,"LA","SF","pass","(5:37) 9-M.Stafford pass short left to 84-C.Parkinson pushed ob at SF 3 for 6 yards (2-D.Lenoir; 57-D.Greenlaw).",0.471664179814979,FALSE,FALSE,FALSE
"2026_01_SF_LA",2539,"LA","SF","run","(5:07) 23-K.Williams right guard to SF 2 for 1 yard (53-J.Dugger; 54-F.Warner).",-0.6364902270725,FALSE,FALSE,FALSE
"2026_01_SF_LA",2561,"LA","SF","pass","(4:26) (Shotgun) 9-M.Stafford pass short left to 12-P.Nacua to SF 1 for 1 yard (2-D.Lenoir).",-0.492917772033252,FALSE,FALSE,FALSE
"2026_01_SF_LA",2586,"LA","SF","run","(3:46) 9-M.Stafford right guard to SF 1 for no gain (92-O.Odighizuwa). The Replay Official reviewed the short of the goal line ruling, and the play was Upheld. The ruling on the field stands.",-3.81403467035852,TRUE,FALSE,TRUE
"2026_01_SF_LA",2608,"SF","LA","run","(3:41) 13-B.Purdy up the middle to SF 1 for no gain (53-N.Landman; 90-T.Davis). Penalty on SF-11-D.Robinson, Offensive Offside, declined.",-0.552593195810914,FALSE,FALSE,FALSE
"2026_01_SF_LA",2676,"SF","LA","pass","(3:27) 13-B.Purdy pass short left to 89-L.Farrell to SF 15 for 14 yards (5-K.Kinchens).",1.65257279551588,FALSE,FALSE,FALSE
"2026_01_SF_LA",2711,"SF","LA","run","(2:41) 23-C.McCaffrey right end to SF 24 for 9 yards (56-S.Dolac).",0.807462390512228,FALSE,FALSE,FALSE
"2026_01_SF_LA",2733,"SF","LA","pass","(1:54) (Shotgun) 13-B.Purdy pass short left to 19-D.Samuel pushed ob at SF 37 for 13 yards (37-Q.Lake).",0.608648109948263,FALSE,FALSE,FALSE
"2026_01_SF_LA",2763,"SF","LA","run","(1:23) 26-K.Black right end pushed ob at LA 49 for 14 yards (37-Q.Lake).",1.00507994624786,FALSE,FALSE,FALSE
"2026_01_SF_LA",2790,"SF","LA","run","(:54) 26-K.Black left end to LA 49 for no gain (55-B.Fiske; 5-K.Kinchens).",-0.587256060447544,FALSE,FALSE,FALSE
"2026_01_SF_LA",2812,"SF","LA","run","(:10) (Shotgun) 13-B.Purdy scrambles left end to LA 31 for 18 yards (2-J.McCollough).",1.86876320966985,FALSE,FALSE,FALSE
"2026_01_SF_LA",2854,"SF","LA","pass","(15:00) (Shotgun) 13-B.Purdy pass short right to 19-D.Samuel to LA 25 for 6 yards (90-T.Davis; 10-J.Stewart).",0.229788716649637,FALSE,FALSE,FALSE
"2026_01_SF_LA",2879,"SF","LA","run","(14:20) (Shotgun) 13-B.Purdy scrambles left end ran ob at LA 17 for 8 yards (10-J.Stewart).",0.782775520463474,FALSE,FALSE,FALSE
"2026_01_SF_LA",2906,"SF","LA","run","(13:45) 23-C.McCaffrey right guard to LA 15 for 2 yards (10-J.Stewart; 91-K.Turner).",-0.401369306026027,FALSE,FALSE,FALSE
"2026_01_SF_LA",2928,"SF","LA","pass","(13:04) (Shotgun) 13-B.Purdy pass short right to 19-D.Samuel for 15 yards, TOUCHDOWN.",2.50436988845468,FALSE,TRUE,TRUE
"2026_01_SF_LA",3004,"LA","SF","pass","(12:53) (Shotgun) 9-M.Stafford pass short left to 17-D.Adams to LA 26 for 3 yards (20-U.Stout).",-0.281331535428762,FALSE,FALSE,FALSE
"2026_01_SF_LA",3073,"LA","SF","run","(12:05) (Shotgun) 23-K.Williams up the middle to LA 15 for 2 yards (54-F.Warner).",-0.590328347869217,FALSE,FALSE,FALSE
"2026_01_SF_LA",3129,"LA","SF","pass","(11:40) (Shotgun) 9-M.Stafford pass short right to 89-T.Higbee to LA 39 for 8 yards (54-F.Warner).",0.619778599822894,FALSE,FALSE,FALSE
"2026_01_SF_LA",3154,"LA","SF","pass","(11:19) (No Huddle, Shotgun) 9-M.Stafford pass short middle to 89-T.Higbee to LA 44 for 5 yards (54-F.Warner; 57-D.Greenlaw). FUMBLES (54-F.Warner), RECOVERED by SF-56-K.White at LA 43.",-5.35220291907899,TRUE,FALSE,TRUE
"2026_01_SF_LA",3207,"SF","LA","run","(11:08) 26-K.Black up the middle to LA 39 for 4 yards (91-K.Turner).",-0.0568653042428195,FALSE,FALSE,FALSE
"2026_01_SF_LA",3236,"SF","LA","run","(10:29) 26-K.Black left tackle to LA 38 for 1 yard (10-J.Stewart; 91-K.Turner).",-0.600444021401927,FALSE,FALSE,FALSE
"2026_01_SF_LA",3258,"SF","LA","pass","(9:52) (Shotgun) 13-B.Purdy pass incomplete short left to 23-C.McCaffrey (37-Q.Lake).",-1.3075290655676,FALSE,FALSE,FALSE
"2026_01_SF_LA",3331,"LA","SF","pass","(9:38) (Shotgun) 9-M.Stafford pass short right to 23-K.Williams to LA 36 for 4 yards (2-D.Lenoir).",-0.0765867752488703,FALSE,FALSE,FALSE
"2026_01_SF_LA",3356,"LA","SF","pass","(9:08) (Shotgun) 9-M.Stafford pass short left to 17-D.Adams to LA 46 for 10 yards (0-R.Green).",0.967614771798253,FALSE,FALSE,FALSE
"2026_01_SF_LA",3381,"LA","SF","pass","(8:45) (No Huddle, Shotgun) 9-M.Stafford pass incomplete short middle to 12-P.Nacua (25-J.Jones).",-0.518293417757377,FALSE,FALSE,FALSE
"2026_01_SF_LA",3404,"LA","SF","pass","(8:39) (Shotgun) 9-M.Stafford pass incomplete deep right to 17-D.Adams.",-0.81977593107149,FALSE,FALSE,FALSE
"2026_01_SF_LA",3427,"LA","SF","pass","(8:34) (Shotgun) 9-M.Stafford pass short right to 12-P.Nacua to SF 49 for 5 yards (36-M.Sigle).",-1.18124169367366,FALSE,FALSE,FALSE
"2026_01_SF_LA",3452,"LA","SF","pass","(7:58) (Shotgun) 9-M.Stafford pass incomplete deep right to 18-T.Ferguson [92-O.Odighizuwa].",-2.77673818939365,TRUE,FALSE,TRUE
"2026_01_SF_LA",3475,"SF","LA","run","(7:54) 23-C.McCaffrey left guard to LA 43 for 7 yards (94-D.Johnson; 3-K.Curl).",0.392676285002381,FALSE,FALSE,FALSE
"2026_01_SF_LA",3504,"SF","LA","run","(7:14) 23-C.McCaffrey up the middle to LA 41 for 2 yards (56-S.Dolac; 53-N.Landman).",-0.130244279629551,FALSE,FALSE,FALSE
"2026_01_SF_LA",3526,"SF","LA","run","(6:34) 13-B.Purdy up the middle to LA 40 for 1 yard (55-B.Fiske).",0.47029235959053,FALSE,FALSE,FALSE
"2026_01_SF_LA",3548,"SF","LA","run","(5:52) 26-K.Black right guard to LA 38 for 2 yards (91-K.Turner).",-0.35713948099874,FALSE,FALSE,FALSE
"2026_01_SF_LA",3570,"SF","LA","run","(5:08) 26-K.Black left guard to LA 34 for 4 yards (56-S.Dolac; 91-K.Turner).",-0.191167580953334,FALSE,FALSE,FALSE
"2026_01_SF_LA",3592,"SF","LA","pass","(4:24) (Shotgun) 13-B.Purdy pass short right to 23-C.McCaffrey to LA 34 for no gain (10-J.Stewart). LA-53-N.Landman was injured during the play.",-1.21143488277313,FALSE,FALSE,FALSE
"2026_01_SF_LA",3655,"LA","SF","run","(3:29) 24-B.Corum up the middle to LA 46 for 4 yards (54-F.Warner; 27-J.Brown).",-0.241644385969266,FALSE,FALSE,FALSE
"2026_01_SF_LA",3677,"LA","SF","run","(3:05) (No Huddle, Shotgun) 13-S.Bennett scrambles up the middle to SF 45 for 9 yards (27-J.Brown). Penalty on SF, Defensive Too Many Men on Field, declined.",0.831906788866036,FALSE,FALSE,FALSE
"2026_01_SF_LA",3710,"LA","SF","run","(2:46) (Shotgun) 20-R.Rivers right guard to SF 38 for 7 yards (99-C.West).",0.365019942459185,FALSE,FALSE,FALSE
"2026_01_SF_LA",3732,"LA","SF","pass","(2:22) (No Huddle, Shotgun) 13-S.Bennett pass incomplete short middle to 4-K.Mumpfield [59-O.Okoronkwo]. LA-4-K.Mumpfield was injured during the play.",-0.568224496557377,FALSE,FALSE,FALSE
"2026_01_SF_LA",3758,"LA","SF","run","(2:18) (Shotgun) 20-R.Rivers right guard to SF 37 for 1 yard (49-G.Wallow).",-1.20658269029809,FALSE,FALSE,FALSE
"2026_01_SF_LA",3780,"LA","SF","run","(2:00) 20-R.Rivers right tackle to SF 32 for 5 yards (2-D.Lenoir; 36-M.Sigle). ** Injury Update: LA-4-K.Mumpfield has returned to the game.",2.39137623639544,FALSE,TRUE,TRUE
"2026_01_SF_LA",3809,"LA","SF","pass","(1:26) (Shotgun) 13-S.Bennett pass short middle to 88-J.Whittington to SF 24 for 8 yards (6-M.Mustapha).",0.320402403129265,FALSE,FALSE,FALSE
"2026_01_SF_LA",3837,"LA","SF","pass","(1:05) (No Huddle, Shotgun) 13-S.Bennett pass short middle to 20-R.Rivers to SF 19 for 5 yards (53-J.Dugger; 6-M.Mustapha). LA-69-K.Dotson was injured during the play.",0.436692280520219,FALSE,FALSE,FALSE
"2026_01_SF_LA",3862,"LA","SF","run","(:47) 20-R.Rivers right guard to SF 15 for 4 yards (47-K.Kareem; 53-J.Dugger).",-0.779173868475482,FALSE,FALSE,FALSE
"2026_01_SF_LA",3894,"LA","SF","run","(:14) 20-R.Rivers left end to SF 13 for 2 yards (0-R.Green).",-3.50855987460818,TRUE,FALSE,TRUE
"2026_01_TB_CIN",68,"TB","CIN","run","(14:56) 7-B.Irving right tackle to TB 37 for 9 yards (0-D.Turner).",1.02539250231348,FALSE,FALSE,FALSE
"2026_01_TB_CIN",90,"TB","CIN","pass","(14:30) (No Huddle) 6-B.Mayfield pass incomplete deep left to 2-E.Egbuka (35-J.Davis).",-1.09455561661161,FALSE,FALSE,FALSE
"2026_01_TB_CIN",113,"TB","CIN","pass","(14:23) 6-B.Mayfield pass short left to 2-E.Egbuka to CIN 46 for 17 yards (0-D.Turner).",1.6367830587551,FALSE,FALSE,FALSE
"2026_01_TB_CIN",179,"TB","CIN","run","(13:31) (Shotgun) 7-B.Irving left guard to CIN 32 for 9 yards (6-B.Cook; 44-D.Knight).",0.450295262504369,FALSE,FALSE,FALSE
"2026_01_TB_CIN",201,"TB","CIN","run","(12:50) 15-T.Johnson right end to CIN 36 for -4 yards (35-J.Davis).",-1.22356549976394,FALSE,FALSE,FALSE
"2026_01_TB_CIN",223,"TB","CIN","pass","(12:08) (Shotgun) 6-B.Mayfield pass short left to 2-E.Egbuka to CIN 26 for 10 yards (49-B.Carter; 35-J.Davis).",0.893757302430458,FALSE,FALSE,FALSE
"2026_01_TB_CIN",248,"TB","CIN","pass","(11:22) (Shotgun) 6-B.Mayfield pass short right to 14-C.Godwin to CIN 21 for 5 yards (6-B.Cook).",1.10514666768722,FALSE,FALSE,FALSE
"2026_01_TB_CIN",273,"TB","CIN","run","(10:37) 1-K.Gainwell right guard to CIN 19 for 2 yards (44-D.Knight).",-0.46070086810505,FALSE,FALSE,FALSE
"2026_01_TB_CIN",295,"TB","CIN","run","(9:57) (Shotgun) 7-B.Irving right guard to CIN 16 for 3 yards (99-M.Murphy).",-0.108283406298142,FALSE,FALSE,FALSE
"2026_01_TB_CIN",317,"TB","CIN","pass","(9:19) (Shotgun) 6-B.Mayfield pass incomplete short left [99-M.Murphy].",-1.03473217600922,FALSE,FALSE,FALSE
"2026_01_TB_CIN",390,"CIN","TB","run","(9:03) 30-C.Brown right guard to CIN 29 for 3 yards (25-J.Parrish).",-0.187323916237801,FALSE,FALSE,FALSE
"2026_01_TB_CIN",412,"CIN","TB","pass","(8:34) (Shotgun) 9-J.Burrow pass short right to 30-C.Brown to CIN 30 for 1 yard (27-Z.McCollum).",-0.676150064449757,FALSE,FALSE,FALSE
"2026_01_TB_CIN",437,"CIN","TB","pass","(7:53) (Shotgun) 9-J.Burrow pass incomplete short right to 1-J.Chase (27-Z.McCollum).",-1.46073250332847,FALSE,FALSE,FALSE
"2026_01_TB_CIN",491,"TB","CIN","run","(7:38) 7-B.Irving left tackle to TB 32 for no gain (98-T.Slaton).",-0.537857160903513,FALSE,FALSE,FALSE
"2026_01_TB_CIN",520,"TB","CIN","pass","(6:58) (Shotgun) 6-B.Mayfield pass short right to 7-B.Irving to TB 33 for 1 yard (35-J.Davis; 49-B.Carter).",-0.820438222959638,FALSE,FALSE,FALSE
"2026_01_TB_CIN",545,"TB","CIN","pass","(6:29) (No Huddle) 6-B.Mayfield sacked at TB 25 for -8 yards (sack split by 99-M.Murphy and 49-B.Carter). FUMBLES (99-M.Murphy) [49-B.Carter], touched at TB 26, RECOVERED by CIN-44-D.Knight at TB 27. 44-D.Knight for 27 yards, TOUCHDOWN.",-6.56918739201501,TRUE,FALSE,TRUE
"2026_01_TB_CIN",625,"TB","CIN","pass","(6:12) (Shotgun) 6-B.Mayfield sacked at TB 25 for -4 yards (90-K.Jenkins). Penalty on TB-69-C.Mauch, Offensive Holding, declined.",-1.17733521899208,FALSE,FALSE,FALSE
"2026_01_TB_CIN",656,"TB","CIN","pass","(5:41) (Shotgun) 6-B.Mayfield pass incomplete short middle to 88-C.Otton.",-0.81863190094009,FALSE,FALSE,FALSE
"2026_01_TB_CIN",679,"TB","CIN","pass","(5:38) (Shotgun) 6-B.Mayfield pass short right to 7-B.Irving to TB 32 for 7 yards (6-B.Cook) [97-D.Lawrence]. FUMBLES (6-B.Cook), RECOVERED by CIN-53-B.Mafe at TB 33.",-2.81523446773645,TRUE,FALSE,TRUE
"2026_01_TB_CIN",720,"CIN","TB","pass","(5:22) (Shotgun) 9-J.Burrow pass short right to 80-A.Iosivas to TB 21 for 12 yards (27-Z.McCollum).",0.762168635381386,FALSE,FALSE,FALSE
"2026_01_TB_CIN",745,"CIN","TB","run","(4:43) 30-C.Brown up the middle to TB 17 for 4 yards (91-A.Robinson).",-0.12708538089646,FALSE,FALSE,FALSE
"2026_01_TB_CIN",767,"CIN","TB","pass","(4:04) (Shotgun) 9-J.Burrow pass incomplete short left to 1-J.Chase (25-J.Parrish).",-0.727355744864326,FALSE,FALSE,FALSE
"2026_01_TB_CIN",790,"CIN","TB","run","(4:00) (Shotgun) 9-J.Burrow scrambles left end pushed ob at TB 11 for 6 yards (34-A.Anzalone).",1.29250294435769,FALSE,FALSE,FALSE
"2026_01_TB_CIN",817,"CIN","TB","run","(3:19) 30-C.Brown up the middle to TB 3 for 8 yards (31-A.Winfield).",0.690847987425514,FALSE,FALSE,FALSE
"2026_01_TB_CIN",839,"CIN","TB","run","(2:35) (Shotgun) 30-C.Brown left guard to TB 2 for 1 yard (34-A.Anzalone; 98-A.Nelson).",-0.23410590540152,FALSE,FALSE,FALSE
"2026_01_TB_CIN",861,"CIN","TB","pass","(1:51) (Shotgun) 9-J.Burrow pass short left to 88-M.Gesicki for 2 yards, TOUCHDOWN.",1.25474308663979,FALSE,FALSE,FALSE
"2026_01_TB_CIN",932,"TB","CIN","pass","(1:42) (Shotgun) 6-B.Mayfield pass short left to 14-C.Godwin pushed ob at TB 38 for 4 yards (0-D.Turner).",-0.0199704158585519,FALSE,FALSE,FALSE
"2026_01_TB_CIN",962,"TB","CIN","run","(1:03) 1-K.Gainwell right tackle to TB 45 for 7 yards (44-D.Knight).",0.848042267141864,FALSE,FALSE,FALSE
"2026_01_TB_CIN",984,"TB","CIN","pass","(:28) 6-B.Mayfield pass short right to 88-C.Otton to CIN 42 for 13 yards (93-J.Allen).",0.873240759829059,FALSE,FALSE,FALSE
"2026_01_TB_CIN",1065,"TB","CIN","pass","(15:00) (Shotgun) 6-B.Mayfield pass short right to 1-K.Gainwell to CIN 44 for 3 yards (49-B.Carter).",-0.392871659016237,FALSE,FALSE,FALSE
"2026_01_TB_CIN",1090,"TB","CIN","pass","(14:14) (Shotgun) 6-B.Mayfield pass short right to 2-E.Egbuka to CIN 32 for 12 yards (0-D.Turner; 44-D.Knight).",1.77694187464658,FALSE,FALSE,FALSE
"2026_01_TB_CIN",1115,"TB","CIN","run","(13:33) 14-C.Godwin left end to CIN 29 for 3 yards (49-B.Carter).",-0.131124019389972,FALSE,FALSE,FALSE
"2026_01_TB_CIN",1213,"TB","CIN","run","(12:15) (Shotgun) 6-B.Mayfield scrambles up the middle to CIN 4 for 8 yards (49-B.Carter). FUMBLES (49-B.Carter), RECOVERED by CIN-6-B.Cook at CIN -3. Touchback.",-6.10711980116321,TRUE,FALSE,TRUE
"2026_01_TB_CIN",1252,"CIN","TB","pass","(12:04) 9-J.Burrow pass incomplete deep middle to 5-T.Higgins [91-A.Robinson].",-0.516359200701118,FALSE,FALSE,FALSE
"2026_01_TB_CIN",1282,"CIN","TB","run","(11:58) (Shotgun) 34-S.Perine up the middle to CIN 23 for 3 yards (91-A.Robinson; 34-A.Anzalone).",-0.567399786319584,FALSE,FALSE,FALSE
"2026_01_TB_CIN",1304,"CIN","TB","pass","(11:17) (Shotgun) 9-J.Burrow pass short right to 34-S.Perine to CIN 32 for 9 yards (22-K.Scott).",1.87220855918713,FALSE,FALSE,FALSE
"2026_01_TB_CIN",1329,"CIN","TB","pass","(10:37) (Shotgun) 9-J.Burrow pass short right to 30-C.Brown to CIN 41 for 9 yards (23-T.Smith; 45-J.Trotter).",0.696917664958164,FALSE,FALSE,FALSE
"2026_01_TB_CIN",1354,"CIN","TB","run","(9:48) 30-C.Brown right guard to CIN 45 for 4 yards (3-R.Bain).",-0.0717154496815056,FALSE,FALSE,FALSE
"2026_01_TB_CIN",1376,"CIN","TB","pass","(9:10) 9-J.Burrow pass deep left to 1-J.Chase pushed ob at TB 39 for 16 yards (22-K.Scott).",0.894530403777026,FALSE,FALSE,FALSE
"2026_01_TB_CIN",1406,"CIN","TB","pass","(8:36) 9-J.Burrow pass short left to 89-D.Sample to TB 37 for 2 yards (91-A.Robinson).",-0.372506230021827,FALSE,FALSE,FALSE
"2026_01_TB_CIN",1431,"CIN","TB","pass","(7:55) (Shotgun) 9-J.Burrow pass short middle to 34-S.Perine to TB 30 for 7 yards (45-J.Trotter; 31-A.Winfield).",0.4813596814638,FALSE,FALSE,FALSE
"2026_01_TB_CIN",1456,"CIN","TB","run","(7:16) 9-J.Burrow up the middle to TB 28 for 2 yards (98-A.Nelson).",0.475737439235672,FALSE,FALSE,FALSE
"2026_01_TB_CIN",1478,"CIN","TB","pass","(6:39) (Shotgun) 9-J.Burrow pass short left to 5-T.Higgins to TB 16 for 12 yards (25-J.Parrish). TB-25-J.Parrish was injured during the play.",0.696412933699321,FALSE,FALSE,FALSE
"2026_01_TB_CIN",1506,"CIN","TB","pass","(6:09) 9-J.Burrow pass short right to 89-D.Sample pushed ob at TB 5 for 11 yards (27-Z.McCollum).",1.00153548084199,FALSE,FALSE,FALSE
"2026_01_TB_CIN",1543,"CIN","TB","run","(5:35) 30-C.Brown up the middle for 5 yards, TOUCHDOWN.",1.32752440305194,FALSE,FALSE,FALSE
"2026_01_TB_CIN",1611,"TB","CIN","pass","(5:26) 6-B.Mayfield pass short right to 7-B.Irving to TB 21 for -4 yards (49-B.Carter).",-0.98708959040232,FALSE,FALSE,FALSE
"2026_01_TB_CIN",1641,"TB","CIN","pass","(4:43) (Shotgun) 6-B.Mayfield pass short middle to 2-E.Egbuka to TB 32 for 11 yards (27-J.Battle).",0.80474276188761,FALSE,FALSE,FALSE
"2026_01_TB_CIN",1666,"TB","CIN","pass","(3:56) (Shotgun) 6-B.Mayfield pass short middle to 14-C.Godwin to CIN 38 for 30 yards (44-D.Knight).",2.4206758539076,FALSE,TRUE,TRUE
"2026_01_TB_CIN",1726,"TB","CIN","pass","(2:42) (Shotgun) 6-B.Mayfield pass short middle to 2-E.Egbuka to CIN 20 for 13 yards (27-J.Battle).",0.734051190316677,FALSE,FALSE,FALSE
"2026_01_TB_CIN",1751,"TB","CIN","pass","(2:00) 6-B.Mayfield pass short right to 88-C.Otton pushed ob at CIN 10 for 10 yards (27-J.Battle).",0.503069607773796,FALSE,FALSE,FALSE
"2026_01_TB_CIN",1788,"TB","CIN","run","(1:54) 7-B.Irving left end for 10 yards, TOUCHDOWN.",2.33257431659149,FALSE,TRUE,TRUE
"2026_01_TB_CIN",1849,"CIN","TB","pass","(1:45) (Shotgun) 9-J.Burrow pass incomplete short left to 88-M.Gesicki (23-T.Smith).",-0.21527606761083,FALSE,FALSE,FALSE
"2026_01_TB_CIN",1872,"CIN","TB","pass","(1:42) (Shotgun) 9-J.Burrow pass short right to 88-M.Gesicki to CIN 44 for 16 yards (45-J.Trotter; 34-A.Anzalone).",0.961041777394712,FALSE,FALSE,FALSE
"2026_01_TB_CIN",1897,"CIN","TB","pass","(1:14) (No Huddle, Shotgun) 9-J.Burrow pass incomplete short left to 30-C.Brown.",-0.260093026445247,FALSE,FALSE,FALSE
"2026_01_TB_CIN",1920,"CIN","TB","pass","(1:11) (Shotgun) 9-J.Burrow pass short right to 88-M.Gesicki to TB 45 for 11 yards (45-J.Trotter).",0.90434543590527,FALSE,FALSE,FALSE
"2026_01_TB_CIN",1945,"CIN","TB","pass","(:51) (No Huddle, Shotgun) 9-J.Burrow pass short right to 88-M.Gesicki to TB 20 for 25 yards (27-Z.McCollum).",1.61762968322728,FALSE,FALSE,FALSE
"2026_01_TB_CIN",1970,"CIN","TB","run","(:43) (Shotgun) 9-J.Burrow up the middle to TB 8 for 12 yards (31-A.Winfield). PENALTY on TB-23-T.Smith, Unnecessary Roughness, 4 yards, enforced at TB 8.",1.62882156579872,FALSE,FALSE,FALSE
"2026_01_TB_CIN",2010,"CIN","TB","run","(:35) (Shotgun) 30-C.Brown right guard to TB 2 for 2 yards (45-J.Trotter; 56-R.Nunez-Roches).",-0.227442524279468,FALSE,FALSE,FALSE
"2026_01_TB_CIN",2032,"CIN","TB","pass","(:24) (Shotgun) 9-J.Burrow pass incomplete short left to 88-M.Gesicki [97-A.Muhammad].",-0.796970541123301,FALSE,FALSE,FALSE
"2026_01_TB_CIN",2062,"CIN","TB","pass","(:21) (Shotgun) 9-J.Burrow pass short left to 80-A.Iosivas to TB 2 for no gain (21-B.Morrison).",-1.63700619967426,FALSE,FALSE,FALSE
"2026_01_TB_CIN",2209,"CIN","TB","run","(14:53) 30-C.Brown up the middle to CIN 31 for 4 yards (45-J.Trotter; 91-A.Robinson).",-0.121707368642092,FALSE,FALSE,FALSE
"2026_01_TB_CIN",2231,"CIN","TB","pass","(14:16) (Shotgun) 9-J.Burrow pass short left to 1-J.Chase to CIN 27 for -4 yards (21-B.Morrison).",-1.24359706277028,FALSE,FALSE,FALSE
"2026_01_TB_CIN",2256,"CIN","TB","pass","(13:37) (Shotgun) 9-J.Burrow pass short middle to 5-T.Higgins pushed ob at TB 44 for 29 yards (31-A.Winfield) [97-A.Muhammad].",2.96075949259102,FALSE,TRUE,TRUE
"2026_01_TB_CIN",2286,"CIN","TB","run","(12:55) (Shotgun) 30-C.Brown right end pushed ob at TB 31 for 13 yards (23-T.Smith).",0.893591914442368,FALSE,FALSE,FALSE
"2026_01_TB_CIN",2325,"CIN","TB","run","(12:16) (Shotgun) 30-C.Brown right end pushed ob at TB 32 for -1 yards (27-Z.McCollum).",-0.820499603869393,FALSE,FALSE,FALSE
"2026_01_TB_CIN",2352,"CIN","TB","pass","(11:37) (Shotgun) 9-J.Burrow pass short right to 87-T.Hudson to TB 28 for 4 yards (27-Z.McCollum).",-0.059483043034561,FALSE,FALSE,FALSE
"2026_01_TB_CIN",2377,"CIN","TB","pass","(10:55) (Shotgun) 9-J.Burrow sacked at TB 37 for -9 yards (45-J.Trotter).",-2.75944509692829,TRUE,FALSE,TRUE
"2026_01_TB_CIN",2447,"TB","CIN","run","(9:57) 7-B.Irving right guard to TB 30 for 1 yard (27-J.Battle; 93-J.Allen).",-0.531681940658018,FALSE,FALSE,FALSE
"2026_01_TB_CIN",2469,"TB","CIN","run","(9:13) (Shotgun) 6-B.Mayfield scrambles right end ran ob at TB 36 for 6 yards (23-D.Hill).",0.0306730014272034,FALSE,FALSE,FALSE
"2026_01_TB_CIN",2496,"TB","CIN","pass","(8:34) (Shotgun) 6-B.Mayfield pass short left to 7-B.Irving pushed ob at CIN 42 for 22 yards (6-B.Cook).",2.26377231162041,FALSE,FALSE,FALSE
"2026_01_TB_CIN",2530,"TB","CIN","pass","(7:58) 6-B.Mayfield pass short left to 7-B.Irving to CIN 35 for 7 yards (23-D.Hill).",0.319119805237278,FALSE,FALSE,FALSE
"2026_01_TB_CIN",2555,"TB","CIN","run","(7:16) 1-K.Gainwell left guard to CIN 33 for 2 yards (23-D.Hill).",-0.208526817383245,FALSE,FALSE,FALSE
"2026_01_TB_CIN",2577,"TB","CIN","run","(6:32) 1-K.Gainwell left tackle to CIN 33 for no gain (23-D.Hill).",-1.23478116374463,FALSE,FALSE,FALSE
"2026_01_TB_CIN",2640,"TB","CIN","run","(5:18) 1-K.Gainwell right tackle to CIN 24 for 4 yards (23-D.Hill).",-0.0615189631935209,FALSE,FALSE,FALSE
"2026_01_TB_CIN",2662,"TB","CIN","pass","(4:34) 6-B.Mayfield pass incomplete deep left to 88-C.Otton.",-0.603989993804134,FALSE,FALSE,FALSE
"2026_01_TB_CIN",2685,"TB","CIN","pass","(4:29) (Shotgun) 6-B.Mayfield sacked at CIN 33 for -9 yards (93-J.Allen).",-2.48065054297339,TRUE,FALSE,TRUE
"2026_01_TB_CIN",2758,"CIN","TB","pass","(3:34) (Shotgun) 9-J.Burrow pass short left to 30-C.Brown to CIN 30 for 1 yard (21-B.Morrison).",-0.540367758832872,FALSE,FALSE,FALSE
"2026_01_TB_CIN",2783,"CIN","TB","run","(3:05) (Shotgun) 34-S.Perine up the middle to CIN 34 for 4 yards (91-A.Robinson).",-0.384342240169644,FALSE,FALSE,FALSE
"2026_01_TB_CIN",2805,"CIN","TB","pass","(2:24) (No Huddle, Shotgun) 9-J.Burrow pass short right intended for 80-A.Iosivas INTERCEPTED by 45-J.Trotter [50-V.Vea] at CIN 38. 45-J.Trotter for 38 yards, TOUCHDOWN.",-7.48411461478099,TRUE,FALSE,TRUE
"2026_01_TB_CIN",2935,"CIN","TB","pass","(1:47) 9-J.Burrow pass deep right to 5-T.Higgins to TB 45 for 33 yards (27-Z.McCollum). Tampa Bay challenged the pass completion ruling, and the play was REVERSED. 9-J.Burrow pass incomplete deep right to 5-T.Higgins (27-Z.McCollum).",-0.559143487364054,FALSE,FALSE,FALSE
"2026_01_TB_CIN",2960,"CIN","TB","pass","(1:41) (Shotgun) 9-J.Burrow pass incomplete short left to 5-T.Higgins (21-B.Morrison).",-0.821858471725136,FALSE,FALSE,FALSE
"2026_01_TB_CIN",3023,"CIN","TB","pass","(1:37) (Shotgun) 9-J.Burrow pass deep left to 88-M.Gesicki to CIN 46 for 24 yards (31-A.Winfield).",3.13339710468426,FALSE,TRUE,TRUE
"2026_01_TB_CIN",3048,"CIN","TB","run","(:53) 81-D.Meyers left end to TB 44 for 10 yards (31-A.Winfield).",0.480721483821981,FALSE,FALSE,FALSE
"2026_01_TB_CIN",3070,"CIN","TB","pass","(:16) (Shotgun) 9-J.Burrow pass short left to 30-C.Brown pushed ob at TB 36 for 8 yards (21-B.Morrison).",0.565583827439696,FALSE,FALSE,FALSE
"2026_01_TB_CIN",3120,"CIN","TB","run","(15:00) (Shotgun) 30-C.Brown left end to TB 40 for -4 yards (0-Y.Diaby).",-1.50711893464904,FALSE,FALSE,FALSE
"2026_01_TB_CIN",3142,"CIN","TB","pass","(14:15) (Shotgun) 9-J.Burrow pass incomplete short right [94-C.Kancey].",-1.9961208316064,TRUE,FALSE,TRUE
"2026_01_TB_CIN",3222,"TB","CIN","pass","(13:58) 6-B.Mayfield pass short left to 7-B.Irving to TB 31 for 4 yards (35-J.Davis).",-0.152118069352582,FALSE,FALSE,FALSE
"2026_01_TB_CIN",3247,"TB","CIN","run","(13:16) 7-B.Irving left guard to TB 39 for 8 yards (6-B.Cook).",0.879072000039741,FALSE,FALSE,FALSE
"2026_01_TB_CIN",3269,"TB","CIN","run","(12:35) 7-B.Irving left guard to TB 44 for 5 yards (49-B.Carter).",0.0461045983247459,FALSE,FALSE,FALSE
"2026_01_TB_CIN",3291,"TB","CIN","pass","(12:02) 6-B.Mayfield pass short right to 14-C.Godwin pushed ob at TB 45 for 1 yard (27-J.Battle).",-0.63668297836557,FALSE,FALSE,FALSE
"2026_01_TB_CIN",3345,"TB","CIN","pass","(11:24) (Shotgun) 6-B.Mayfield pass short left to 7-B.Irving pushed ob at CIN 49 for 11 yards (27-J.Battle).",1.89295296883211,FALSE,FALSE,FALSE
"2026_01_TB_CIN",3399,"TB","CIN","pass","(10:41) (Shotgun) 6-B.Mayfield sacked at TB 39 for -7 yards (53-B.Mafe). FUMBLES (53-B.Mafe) [53-B.Mafe], touched at TB 43, RECOVERED by CIN-98-T.Slaton at TB 44.",-5.20812350639608,TRUE,FALSE,TRUE
"2026_01_TB_CIN",3429,"CIN","TB","pass","(10:31) (Shotgun) 9-J.Burrow pass short right to 89-D.Sample to TB 38 for 6 yards (23-T.Smith).",0.252255709143355,FALSE,FALSE,FALSE
"2026_01_TB_CIN",3461,"CIN","TB","run","(9:43) (Shotgun) 34-S.Perine left guard to TB 36 for 2 yards (22-K.Scott).",-0.377614268334582,FALSE,FALSE,FALSE
"2026_01_TB_CIN",3483,"CIN","TB","run","(8:58) (Shotgun) 34-S.Perine up the middle to TB 28 for 8 yards (34-A.Anzalone).",1.0585668644635,FALSE,FALSE,FALSE
"2026_01_TB_CIN",3505,"CIN","TB","run","(8:17) 30-C.Brown up the middle to TB 17 for 11 yards (31-A.Winfield).",0.738739781663753,FALSE,FALSE,FALSE
"2026_01_TB_CIN",3527,"CIN","TB","run","(7:33) 30-C.Brown up the middle to TB 15 for 2 yards (34-A.Anzalone; 45-J.Trotter).",-0.354425355966669,FALSE,FALSE,FALSE
"2026_01_TB_CIN",3549,"CIN","TB","run","(6:50) (Shotgun) 34-S.Perine right guard to TB 12 for 3 yards (97-A.Muhammad).",-0.289926510071382,FALSE,FALSE,FALSE
"2026_01_TB_CIN",3571,"CIN","TB","pass","(6:09) (Shotgun) 9-J.Burrow pass short left to 30-C.Brown to TB 9 for 3 yards (22-K.Scott).",-0.924888471548911,FALSE,FALSE,FALSE
"2026_01_TB_CIN",3699,"TB","CIN","pass","(5:11) (Shotgun) 6-B.Mayfield pass deep left to 17-T.Hurst pushed ob at CIN 40 for 16 yards (23-D.Hill).",1.2115438595647,FALSE,FALSE,FALSE
"2026_01_TB_CIN",3729,"TB","CIN","pass","(4:43) (Shotgun) 6-B.Mayfield pass short left to 17-T.Hurst to CIN 32 for 8 yards (23-D.Hill).",0.485989528067876,FALSE,FALSE,FALSE
"2026_01_TB_CIN",3754,"TB","CIN","pass","(4:23) (No Huddle, Shotgun) 6-B.Mayfield pass short left to 17-T.Hurst to CIN 20 for 12 yards (35-J.Davis; 6-B.Cook).",0.61988654662855,FALSE,FALSE,FALSE
"2026_01_TB_CIN",3779,"TB","CIN","run","(4:01) (No Huddle, Shotgun) 6-B.Mayfield scrambles left end ran ob at CIN 12 for 8 yards (44-D.Knight).",0.728324477619026,FALSE,FALSE,FALSE
"2026_01_TB_CIN",3806,"TB","CIN","pass","(3:54) (Shotgun) 6-B.Mayfield pass short left to 88-C.Otton to CIN 9 for 3 yards (44-D.Knight).",-0.0427275418187492,FALSE,FALSE,FALSE
"2026_01_TB_CIN",3831,"TB","CIN","pass","(3:31) (No Huddle, Shotgun) 6-B.Mayfield pass incomplete short left to 15-T.Johnson.",-0.599597594409715,FALSE,FALSE,FALSE
"2026_01_TB_CIN",3854,"TB","CIN","run","(3:25) (Shotgun) 6-B.Mayfield scrambles up the middle for 9 yards, TOUCHDOWN.",2.73103673022706,FALSE,TRUE,TRUE
"2026_01_TB_CIN",3941,"CIN","TB","pass","(3:14) (Shotgun) 9-J.Burrow pass short right to 81-D.Meyers to CIN 42 for 18 yards (27-Z.McCollum; 31-A.Winfield).",1.03430245193886,FALSE,FALSE,FALSE
"2026_01_TB_CIN",3966,"CIN","TB","pass","(2:26) (Shotgun) 9-J.Burrow pass short right to 34-S.Perine to TB 44 for 14 yards (31-A.Winfield).",0.762321571761277,FALSE,FALSE,FALSE
"2026_01_TB_CIN",3991,"CIN","TB","run","(2:17) 30-C.Brown up the middle to TB 44 for no gain (23-T.Smith).",-0.899928730912507,FALSE,FALSE,FALSE
"2026_01_TB_CIN",4020,"CIN","TB","pass","(2:13) (Shotgun) 9-J.Burrow pass deep middle to 5-T.Higgins to TB 26 for 18 yards (27-Z.McCollum).",0.573001854354516,FALSE,FALSE,FALSE
"2026_01_TB_CIN",4052,"CIN","TB","run","(2:08) 69-J.Bayer reported in as eligible. 30-C.Brown left tackle to TB 27 for -1 yards (45-J.Trotter).",-0.506092203373555,FALSE,FALSE,FALSE
"2026_01_TB_CIN",4114,"CIN","TB","run","(2:00) (Shotgun) 30-C.Brown right end to TB 17 for 5 yards (27-Z.McCollum).",0.345915440178942,FALSE,FALSE,FALSE
"2026_01_TB_CIN",4136,"CIN","TB","run","(1:12) 9-J.Burrow left guard to TB 16 for 1 yard (34-A.Anzalone; 45-J.Trotter).",0.273980831319932,FALSE,FALSE,FALSE
"2026_01_WAS_PHI",62,"WAS","PHI","run","(14:53) 22-J.Croskey-Merritt left tackle to WAS 47 for 11 yards (29-M.Epps; 11-J.Campbell).",0.789821512531489,FALSE,FALSE,FALSE
"2026_01_WAS_PHI",84,"WAS","PHI","run","(14:11) 1-R.White left tackle to WAS 47 for no gain (90-J.Davis).",-0.490735299652442,FALSE,FALSE,FALSE
"2026_01_WAS_PHI",106,"WAS","PHI","pass","(13:28) (Shotgun) 5-J.Daniels pass incomplete short left to 17-T.McLaurin. The incomplete pass was assisted by replay.",-0.904342998284847,FALSE,FALSE,FALSE
"2026_01_WAS_PHI",131,"WAS","PHI","pass","(13:25) (Shotgun) 5-J.Daniels pass short right to 3-S.Diggs to PHI 40 for 13 yards (29-M.Epps). Penalty on PHI-33-C.DeJean, Illegal Contact, declined.",2.34013134194538,FALSE,TRUE,TRUE
"2026_01_WAS_PHI",180,"WAS","PHI","pass","(12:59) 5-J.Daniels pass incomplete short right.",-0.566083805868402,FALSE,FALSE,FALSE
"2026_01_WAS_PHI",203,"WAS","PHI","run","(12:51) (Shotgun) 22-J.Croskey-Merritt right guard to PHI 40 for no gain (90-J.Davis).",-0.86365701071918,FALSE,FALSE,FALSE
"2026_01_WAS_PHI",225,"WAS","PHI","run","(12:08) (Shotgun) 1-R.White up the middle to PHI 37 for 3 yards (3-N.Smith; 97-M.Ojomo).",-1.24215332279964,FALSE,FALSE,FALSE
"2026_01_WAS_PHI",286,"PHI","WAS","pass","(11:23) 1-J.Hurts pass incomplete short right to 26-S.Barkley.",-0.5467571222689,FALSE,FALSE,FALSE
"2026_01_WAS_PHI",309,"PHI","WAS","run","(11:18) 26-S.Barkley right guard to PHI 40 for 5 yards (25-N.Cross; 97-T.Settle).",-0.246078847674653,FALSE,FALSE,FALSE
"2026_01_WAS_PHI",331,"PHI","WAS","run","(10:34) (Shotgun) 1-J.Hurts scrambles left tackle ran ob at PHI 46 for 6 yards (0-M.Sainristil).",1.57692843442783,FALSE,FALSE,FALSE
"2026_01_WAS_PHI",358,"PHI","WAS","run","(9:57) 26-S.Barkley left end to PHI 45 for -1 yards (98-O.Oweh).",-0.813657256541774,FALSE,FALSE,FALSE
"2026_01_WAS_PHI",380,"PHI","WAS","pass","(9:23) (Shotgun) 1-J.Hurts pass short left to 9-M.Lemon pushed ob at PHI 48 for 3 yards (2-A.Robertson).",-0.499943060567603,FALSE,FALSE,FALSE
"2026_01_WAS_PHI",410,"PHI","WAS","pass","(8:47) (Shotgun) 1-J.Hurts pass incomplete short left to 13-D.Wicks (29-R.Douglas).",-1.60603993549012,FALSE,FALSE,FALSE
"2026_01_WAS_PHI",452,"WAS","PHI","run","(8:33) (Shotgun) 22-J.Croskey-Merritt left guard to WAS 6 for no gain (29-M.Epps).",-0.614069192204624,FALSE,FALSE,FALSE
"2026_01_WAS_PHI",474,"WAS","PHI","pass","(7:53) (Shotgun) 5-J.Daniels pass incomplete short middle to 3-S.Diggs.",-0.672716805012897,FALSE,FALSE,FALSE
"2026_01_WAS_PHI",497,"WAS","PHI","pass","(7:48) (Shotgun) 5-J.Daniels pass incomplete deep right to 6-D.Brown.",-1.13333140616305,FALSE,FALSE,FALSE
"2026_01_WAS_PHI",546,"PHI","WAS","run","(7:32) 26-S.Barkley left end to PHI 44 for 5 yards (2-A.Robertson; 4-F.Luvu). PENALTY on PHI-51-C.Jurgens, Offensive Holding, 10 yards, enforced at PHI 40.",-0.842250477522612,FALSE,FALSE,FALSE
"2026_01_WAS_PHI",579,"PHI","WAS","pass","(7:07) (Shotgun) 1-J.Hurts pass short right to 9-M.Lemon to PHI 25 for -5 yards (25-N.Cross).",-1.09684042353183,FALSE,FALSE,FALSE
"2026_01_WAS_PHI",604,"PHI","WAS","pass","(6:25) (Shotgun) 1-J.Hurts pass short middle to 6-D.Smith to PHI 37 for 12 yards (20-Q.Martin).",0.102225888520479,FALSE,FALSE,FALSE
"2026_01_WAS_PHI",629,"PHI","WAS","pass","(5:41) (Shotgun) 1-J.Hurts sacked at PHI 28 for -9 yards (4-F.Luvu).",-1.65311141032726,FALSE,FALSE,FALSE
"2026_01_WAS_PHI",675,"WAS","PHI","run","(4:57) 1-R.White left tackle to WAS 26 for 4 yards (3-N.Smith).",0.06198865827173,FALSE,FALSE,FALSE
"2026_01_WAS_PHI",697,"WAS","PHI","pass","(4:15) 5-J.Daniels pass short left to 87-J.Bates to WAS 31 for 5 yards (57-A.Epenesa; 90-J.Davis).",0.31649539526552,FALSE,FALSE,FALSE
"2026_01_WAS_PHI",722,"WAS","PHI","run","(3:31) 71-A.Wylie reported in as eligible. 1-R.White up the middle to WAS 31 for no gain (98-J.Carter; 53-Z.Baun).",-1.64431489957497,FALSE,FALSE,FALSE
"2026_01_WAS_PHI",772,"PHI","WAS","run","(2:38) 26-S.Barkley right end to PHI 30 for 6 yards (0-M.Sainristil).",0.463630568701774,FALSE,FALSE,FALSE
"2026_01_WAS_PHI",801,"PHI","WAS","pass","(1:57) 1-J.Hurts pass deep right to 13-D.Wicks to WAS 6 for 64 yards (39-J.Reaves).",4.17429588356754,FALSE,TRUE,TRUE
"2026_01_WAS_PHI",866,"PHI","WAS","run","(:39) (Shotgun) 26-S.Barkley up the middle to WAS 18 for -2 yards (99-J.Kinlaw).",-0.699284374248236,FALSE,FALSE,FALSE
"2026_01_WAS_PHI",908,"PHI","WAS","run","(15:00) (Shotgun) 26-S.Barkley right tackle to WAS 17 for 1 yard (25-N.Cross).",-0.620281526877079,FALSE,FALSE,FALSE
"2026_01_WAS_PHI",930,"PHI","WAS","pass","(14:17) (Shotgun) 1-J.Hurts pass deep right to 88-D.Goedert for 17 yards, TOUCHDOWN.",3.92568318493431,FALSE,TRUE,TRUE
"2026_01_WAS_PHI",1001,"WAS","PHI","pass","(14:04) (Shotgun) 5-J.Daniels pass short left to 85-C.Okonkwo to WAS 33 for 1 yard (27-Q.Mitchell).",-0.503693870501593,FALSE,FALSE,FALSE
"2026_01_WAS_PHI",1026,"WAS","PHI","pass","(13:21) (Shotgun) 5-J.Daniels pass incomplete deep middle to 17-T.McLaurin.",-0.715304277371615,FALSE,FALSE,FALSE
"2026_01_WAS_PHI",1049,"WAS","PHI","pass","(13:16) (Shotgun) 5-J.Daniels pass incomplete deep right to 3-S.Diggs.",-1.3113966549281,FALSE,FALSE,FALSE
"2026_01_WAS_PHI",1112,"PHI","WAS","run","(12:58) 26-S.Barkley left tackle to PHI 31 for 4 yards (25-N.Cross).",-0.139051167294383,FALSE,FALSE,FALSE
"2026_01_WAS_PHI",1141,"PHI","WAS","pass","(12:20) (Shotgun) 1-J.Hurts pass incomplete short left to 9-M.Lemon [45-K.Chaisson].",-0.784780157031491,FALSE,FALSE,FALSE
"2026_01_WAS_PHI",1164,"PHI","WAS","pass","(12:16) (Shotgun) 1-J.Hurts pass incomplete deep right to 13-D.Wicks.",-1.23962287814356,FALSE,FALSE,FALSE
"2026_01_WAS_PHI",1222,"WAS","PHI","run","(12:01) 5-J.Daniels scrambles right end ran ob at WAS 18 for 2 yards (11-J.Campbell).",-0.483002955792472,FALSE,FALSE,FALSE
"2026_01_WAS_PHI",1256,"WAS","PHI","run","(11:24) 22-J.Croskey-Merritt left guard to WAS 27 for 9 yards (53-Z.Baun).",1.20209529600106,FALSE,FALSE,FALSE
"2026_01_WAS_PHI",1311,"WAS","PHI","pass","(10:19) (Shotgun) 5-J.Daniels pass incomplete short middle to 3-S.Diggs (53-Z.Baun).",-0.562156515428796,FALSE,FALSE,FALSE
"2026_01_WAS_PHI",1334,"WAS","PHI","pass","(10:15) (Shotgun) 5-J.Daniels pass short left to 22-J.Croskey-Merritt to WAS 10 for -7 yards (53-Z.Baun).",-1.34161964408122,FALSE,FALSE,FALSE
"2026_01_WAS_PHI",1359,"WAS","PHI","run","(9:33) (Shotgun) 1-R.White up the middle to WAS 19 for 9 yards (11-J.Campbell).",-0.131694914307445,FALSE,FALSE,FALSE
"2026_01_WAS_PHI",1407,"PHI","WAS","pass","(8:46) 1-J.Hurts pass incomplete short right.",-0.479371538385749,FALSE,FALSE,FALSE
"2026_01_WAS_PHI",1437,"PHI","WAS","run","(8:36) (Shotgun) 26-S.Barkley left end to PHI 46 for 8 yards (54-L.Chenal; 25-N.Cross).",0.392742924392223,FALSE,FALSE,FALSE
"2026_01_WAS_PHI",1466,"PHI","WAS","run","(8:10) (No Huddle, Shotgun) 26-S.Barkley right guard to WAS 12 for 42 yards (39-J.Reaves; 25-N.Cross).",3.33232641412178,FALSE,TRUE,TRUE
"2026_01_WAS_PHI",1488,"PHI","WAS","run","(7:21) 8-T.Bigsby up the middle to WAS 9 for 3 yards (96-S.Tuttle; 4-F.Luvu).",-0.317280971154105,FALSE,FALSE,FALSE
"2026_01_WAS_PHI",1510,"PHI","WAS","pass","(6:35) (Shotgun) 1-J.Hurts pass short left to 13-D.Wicks for 9 yards, TOUCHDOWN.",2.43083880876657,FALSE,TRUE,TRUE
"2026_01_WAS_PHI",1581,"WAS","PHI","run","(6:21) (Shotgun) 22-J.Croskey-Merritt right tackle to WAS 44 for 11 yards (29-M.Epps).",0.668864293256775,FALSE,FALSE,FALSE
"2026_01_WAS_PHI",1603,"WAS","PHI","pass","(5:59) (No Huddle, Shotgun) 5-J.Daniels pass short middle to 3-S.Diggs to PHI 41 for 15 yards (33-C.DeJean).",1.01414980727714,FALSE,FALSE,FALSE
"2026_01_WAS_PHI",1628,"WAS","PHI","pass","(5:37) (No Huddle, Shotgun) 5-J.Daniels pass incomplete deep right to 85-C.Okonkwo.",-0.437083935248666,FALSE,FALSE,FALSE
"2026_01_WAS_PHI",1675,"WAS","PHI","pass","(5:28) (Shotgun) 5-J.Daniels pass incomplete deep right.",-0.865498884348199,FALSE,FALSE,FALSE
"2026_01_WAS_PHI",1698,"WAS","PHI","run","(5:19) (Shotgun) 5-J.Daniels scrambles left tackle pushed ob at PHI 32 for 14 yards (53-Z.Baun).",1.04176444088807,FALSE,FALSE,FALSE
"2026_01_WAS_PHI",1725,"WAS","PHI","run","(4:41) (Shotgun) 22-J.Croskey-Merritt up the middle to PHI 28 for 4 yards (90-J.Davis; 53-Z.Baun).",1.57977931248024,FALSE,FALSE,FALSE
"2026_01_WAS_PHI",1747,"WAS","PHI","run","(3:58) 22-J.Croskey-Merritt left guard to PHI 19 for 9 yards (58-J.Hunt).",0.668349412386306,FALSE,FALSE,FALSE
"2026_01_WAS_PHI",1769,"WAS","PHI","run","(3:33) (No Huddle, Shotgun) 5-J.Daniels right tackle to PHI 19 for no gain (17-A.Ebiketie).",-0.596637155977078,FALSE,FALSE,FALSE
"2026_01_WAS_PHI",1791,"WAS","PHI","run","(2:51) (Shotgun) 1-R.White right guard to PHI 17 for 2 yards (53-Z.Baun).",0.591778950823937,FALSE,FALSE,FALSE
"2026_01_WAS_PHI",1813,"WAS","PHI","pass","(2:10) (Shotgun) 5-J.Daniels pass incomplete short right.",-0.425585386808962,FALSE,FALSE,FALSE
"2026_01_WAS_PHI",1836,"WAS","PHI","pass","(2:03) (Shotgun) 5-J.Daniels pass short middle to 14-A.Williams to PHI 1 for 16 yards (33-C.DeJean).",2.23504710954148,FALSE,FALSE,FALSE
"2026_01_WAS_PHI",1861,"WAS","PHI","run","(1:56) 22-J.Croskey-Merritt left guard for 1 yard, TOUCHDOWN.",0.650273242616095,FALSE,FALSE,FALSE
"2026_01_WAS_PHI",1941,"PHI","WAS","run","(1:48) (Shotgun) 1-J.Hurts scrambles right end to PHI 34 for 5 yards (0-M.Sainristil).",-0.0939985696459189,FALSE,FALSE,FALSE
"2026_01_WAS_PHI",1963,"PHI","WAS","pass","(1:21) (No Huddle, Shotgun) 1-J.Hurts pass short right to 88-D.Goedert to PHI 39 for 5 yards (2-A.Robertson; 4-F.Luvu).",0.52743626839947,FALSE,FALSE,FALSE
"2026_01_WAS_PHI",1988,"PHI","WAS","pass","(:59) (No Huddle, Shotgun) 1-J.Hurts pass short right to 28-W.Shipley ran ob at PHI 47 for 8 yards (2-A.Robertson).",0.378289063926786,FALSE,FALSE,FALSE
"2026_01_WAS_PHI",2018,"PHI","WAS","pass","(:53) (Shotgun) 1-J.Hurts pass incomplete deep left to 6-D.Smith.",-0.504061647225171,FALSE,FALSE,FALSE
"2026_01_WAS_PHI",2041,"PHI","WAS","pass","(:48) (Shotgun) 1-J.Hurts pass incomplete short middle to 6-D.Smith (90-C.Omenihu).",-1.02362494112458,FALSE,FALSE,FALSE
"2026_01_WAS_PHI",2084,"WAS","PHI","run","(:33) 1-R.White up the middle to WAS 6 for 4 yards (90-J.Davis; 53-Z.Baun).",0.0874708433984779,FALSE,FALSE,FALSE
"2026_01_WAS_PHI",2161,"PHI","WAS","run","(14:52) 26-S.Barkley right guard to PHI 25 for -1 yards (0-M.Sainristil).",-0.834452748531476,FALSE,FALSE,FALSE
"2026_01_WAS_PHI",2188,"PHI","WAS","pass","(14:13) (Shotgun) 1-J.Hurts pass short left to 9-M.Lemon to PHI 22 for -3 yards (20-Q.Martin).",-1.5036211675033,FALSE,FALSE,FALSE
"2026_01_WAS_PHI",2213,"PHI","WAS","pass","(13:31) (Shotgun) 1-J.Hurts pass short left to 88-D.Goedert pushed ob at PHI 34 for 12 yards (25-N.Cross).",0.528570122085512,FALSE,FALSE,FALSE
"2026_01_WAS_PHI",2269,"WAS","PHI","run","(12:47) (Shotgun) 22-J.Croskey-Merritt up the middle to WAS 44 for 3 yards (97-M.Ojomo).",-0.215656015090644,FALSE,FALSE,FALSE
"2026_01_WAS_PHI",2298,"WAS","PHI","pass","(12:07) (Shotgun) 5-J.Daniels pass incomplete short left to 3-S.Diggs.",-0.885495346738026,FALSE,FALSE,FALSE
"2026_01_WAS_PHI",2321,"WAS","PHI","pass","(12:01) (Shotgun) 5-J.Daniels pass short right to 1-R.White to WAS 47 for 3 yards (53-Z.Baun).",-1.14123423723504,FALSE,FALSE,FALSE
"2026_01_WAS_PHI",2364,"PHI","WAS","pass","(11:11) 1-J.Hurts sacked at PHI 14 for -6 yards (52-S.Styles).",-1.49359102034941,FALSE,FALSE,FALSE
"2026_01_WAS_PHI",2391,"PHI","WAS","pass","(10:28) (Shotgun) 1-J.Hurts pass short left to 6-D.Smith to PHI 24 for 10 yards (2-A.Robertson; 52-S.Styles).",0.754737352952361,FALSE,FALSE,FALSE
"2026_01_WAS_PHI",2416,"PHI","WAS","pass","(10:03) (Shotgun) 1-J.Hurts pass incomplete short left to 6-D.Smith.",-1.45453642262146,FALSE,FALSE,FALSE
"2026_01_WAS_PHI",2503,"WAS","PHI","run","(9:46) 22-J.Croskey-Merritt right tackle to WAS 42 for 3 yards (90-J.Davis; 11-J.Campbell).",-0.327985114883631,FALSE,FALSE,FALSE
"2026_01_WAS_PHI",2525,"WAS","PHI","pass","(9:12) (No Huddle, Shotgun) 5-J.Daniels pass short middle to 85-C.Okonkwo to PHI 43 for 15 yards (24-A.Mukuba).",1.86886973492801,FALSE,FALSE,FALSE
"2026_01_WAS_PHI",2550,"WAS","PHI","run","(8:30) 22-J.Croskey-Merritt left guard to PHI 42 for 1 yard (90-J.Davis).",-0.468636211240664,FALSE,FALSE,FALSE
"2026_01_WAS_PHI",2606,"WAS","PHI","run","(7:40) (Shotgun) 22-J.Croskey-Merritt right guard to PHI 36 for 1 yard (53-Z.Baun).",-0.515563926193863,FALSE,FALSE,FALSE
"2026_01_WAS_PHI",2628,"WAS","PHI","pass","(6:59) (Shotgun) 5-J.Daniels pass incomplete short right to 3-S.Diggs.",-0.814715652726591,FALSE,FALSE,FALSE
"2026_01_WAS_PHI",2651,"WAS","PHI","pass","(6:56) (Shotgun) 5-J.Daniels pass incomplete deep right to 6-D.Brown [33-C.DeJean].",-0.908793588497877,FALSE,FALSE,FALSE
"2026_01_WAS_PHI",2695,"PHI","WAS","run","(6:46) 26-S.Barkley right tackle to PHI 47 for 3 yards (94-D.Payne).",-0.258331281365827,FALSE,FALSE,FALSE
"2026_01_WAS_PHI",2724,"PHI","WAS","run","(6:12) 26-S.Barkley right guard to PHI 44 for -3 yards (52-S.Styles).",-1.05658956477419,FALSE,FALSE,FALSE
"2026_01_WAS_PHI",2755,"PHI","WAS","pass","(5:30) (Shotgun) 1-J.Hurts sacked at PHI 38 for -6 yards (98-O.Oweh).",-1.95597949833609,TRUE,FALSE,TRUE
"2026_01_WAS_PHI",2817,"WAS","PHI","run","(5:10) (Shotgun) 31-K.Allen up the middle to WAS 16 for 5 yards (53-Z.Baun; 58-J.Hunt).",0.147122731432319,FALSE,FALSE,FALSE
"2026_01_WAS_PHI",2846,"WAS","PHI","pass","(4:38) (No Huddle, Shotgun) 5-J.Daniels pass incomplete deep right.",-0.819512327201664,FALSE,FALSE,FALSE
"2026_01_WAS_PHI",2893,"WAS","PHI","pass","(4:29) (Shotgun) 5-J.Daniels pass short right to 83-J.Lane to WAS 15 for 4 yards (33-C.DeJean).",-0.79734163871035,FALSE,FALSE,FALSE
"2026_01_WAS_PHI",2986,"PHI","WAS","run","(3:14) (Shotgun) 1-J.Hurts scrambles right tackle to PHI 44 for 14 yards (39-J.Reaves).",0.740145381307229,FALSE,FALSE,FALSE
"2026_01_WAS_PHI",3008,"PHI","WAS","run","(2:44) (No Huddle, Shotgun) 1-J.Hurts scrambles right end to PHI 45 for 1 yard (52-S.Styles).",-0.744710355531424,FALSE,FALSE,FALSE
"2026_01_WAS_PHI",3030,"PHI","WAS","pass","(2:01) (Shotgun) 1-J.Hurts pass deep right to 6-D.Smith pushed ob at WAS 24 for 31 yards (29-R.Douglas).",2.94266255537514,FALSE,TRUE,TRUE
"2026_01_WAS_PHI",3060,"PHI","WAS","pass","(1:43) (No Huddle) 1-J.Hurts pass incomplete short right [45-K.Chaisson].",-0.412417097017169,FALSE,FALSE,FALSE
"2026_01_WAS_PHI",3083,"PHI","WAS","run","(1:35) 26-S.Barkley right tackle to WAS 17 for 7 yards (54-L.Chenal).",-0.0130256724660285,FALSE,FALSE,FALSE
"2026_01_WAS_PHI",3105,"PHI","WAS","pass","(:52) (Shotgun) 1-J.Hurts pass incomplete short left to 88-D.Goedert.",-1.66414265522339,FALSE,FALSE,FALSE
"2026_01_WAS_PHI",3179,"WAS","PHI","run","(:40) (Shotgun) 5-J.Daniels scrambles right tackle to WAS 46 for 13 yards (2-T.Woolen).",0.955880069639534,FALSE,FALSE,FALSE
"2026_01_WAS_PHI",3228,"WAS","PHI","pass","(15:00) (Shotgun) 5-J.Daniels pass short right to 87-J.Bates to PHI 46 for 8 yards (29-M.Epps).",0.531902374466881,FALSE,FALSE,FALSE
"2026_01_WAS_PHI",3253,"WAS","PHI","run","(14:17) 22-J.Croskey-Merritt right guard to PHI 43 for 3 yards (11-J.Campbell; 33-C.DeJean).",0.034872125601396,FALSE,FALSE,FALSE
"2026_01_WAS_PHI",3275,"WAS","PHI","run","(13:36) 22-J.Croskey-Merritt left guard to PHI 41 for 2 yards (53-Z.Baun).",-0.267035842640325,FALSE,FALSE,FALSE
"2026_01_WAS_PHI",3302,"WAS","PHI","pass","(12:58) (Shotgun) 5-J.Daniels sacked at PHI 42 for -1 yards (11-J.Campbell).",-1.01060852082446,FALSE,FALSE,FALSE
"2026_01_WAS_PHI",3346,"WAS","PHI","pass","(12:12) (Shotgun) 5-J.Daniels pass deep left to 14-A.Williams pushed ob at PHI 14 for 33 yards (11-J.Campbell).",4.12814564513974,FALSE,TRUE,TRUE
"2026_01_WAS_PHI",3376,"WAS","PHI","run","(11:34) (Shotgun) 5-J.Daniels left end to PHI 12 for 2 yards (97-M.Ojomo).",-0.416879719356075,FALSE,FALSE,FALSE
"2026_01_WAS_PHI",3398,"WAS","PHI","pass","(10:48) (Shotgun) 5-J.Daniels pass short right to 1-R.White to PHI 10 for 2 yards (11-J.Campbell; 29-M.Epps).",-0.536756315035746,FALSE,FALSE,FALSE
"2026_01_WAS_PHI",3423,"WAS","PHI","pass","(10:04) (Shotgun) 5-J.Daniels pass short middle to 3-S.Diggs for 10 yards, TOUCHDOWN. PENALTY on WAS-3-S.Diggs, Unsportsmanlike Conduct, 15 yards, enforced between downs.",3.18522408325225,FALSE,TRUE,TRUE
"2026_01_WAS_PHI",3505,"PHI","WAS","run","(9:53) (Shotgun) 26-S.Barkley right tackle to PHI 32 for 6 yards (58-J.Magee; 0-M.Sainristil).",0.160796352662146,FALSE,FALSE,FALSE
"2026_01_WAS_PHI",3527,"PHI","WAS","run","(9:13) (Shotgun) 26-S.Barkley right guard to PHI 39 for 7 yards (98-O.Oweh; 39-J.Reaves).",0.509134819963947,FALSE,FALSE,FALSE
"2026_01_WAS_PHI",3549,"PHI","WAS","pass","(8:50) (No Huddle, Shotgun) 1-J.Hurts pass short right to 26-S.Barkley to PHI 36 for -3 yards (25-N.Cross). The ball spot was assisted by replay.",-0.810519919963554,FALSE,FALSE,FALSE
"2026_01_WAS_PHI",3597,"PHI","WAS","pass","(8:11) (Shotgun) 1-J.Hurts pass incomplete short right.",-0.74269653391093,FALSE,FALSE,FALSE
"2026_01_WAS_PHI",3620,"PHI","WAS","run","(8:03) (Shotgun) 1-J.Hurts scrambles up the middle to WAS 47 for 22 yards (2-A.Robertson).",2.72039051470347,FALSE,TRUE,TRUE
"2026_01_WAS_PHI",3642,"PHI","WAS","run","(7:29) (No Huddle) 28-W.Shipley right tackle to WAS 45 for 2 yards (97-T.Settle; 54-L.Chenal).",-0.385840819450095,FALSE,FALSE,FALSE
"2026_01_WAS_PHI",3672,"PHI","WAS","run","(6:56) (No Huddle, Shotgun) 28-W.Shipley left guard to WAS 43 for 2 yards (99-J.Kinlaw; 97-T.Settle).",-0.482803907478228,FALSE,FALSE,FALSE
"2026_01_WAS_PHI",3694,"PHI","WAS","pass","(6:12) (Shotgun) 1-J.Hurts pass short middle to 88-D.Goedert for 43 yards, TOUCHDOWN.",4.98029462830164,FALSE,TRUE,TRUE
"2026_01_WAS_PHI",3765,"WAS","PHI","pass","(5:57) 5-J.Daniels pass short right to 14-A.Williams pushed ob at PHI 49 for 14 yards (27-Q.Mitchell).",0.962487386539578,FALSE,FALSE,FALSE
"2026_01_WAS_PHI",3795,"WAS","PHI","run","(5:31) (No Huddle, Shotgun) 22-J.Croskey-Merritt right guard to PHI 46 for 3 yards (11-J.Campbell).",-0.28268320299685,FALSE,FALSE,FALSE
"2026_01_WAS_PHI",3817,"WAS","PHI","pass","(4:48) (Shotgun) 5-J.Daniels pass short left to 3-S.Diggs pushed ob at PHI 29 for 17 yards (33-C.DeJean).",1.45954772288678,FALSE,FALSE,FALSE
"2026_01_WAS_PHI",3847,"WAS","PHI","pass","(4:40) (Shotgun) 5-J.Daniels pass short right to 17-T.McLaurin to PHI 21 for 8 yards (33-C.DeJean; 98-J.Carter).",0.630139909044374,FALSE,FALSE,FALSE
"2026_01_WAS_PHI",3872,"WAS","PHI","run","(4:13) (No Huddle, Shotgun) 22-J.Croskey-Merritt up the middle to PHI 19 for 2 yards (98-J.Carter). FUMBLES (98-J.Carter), recovered by WAS-72-J.Conerly at PHI 18.",0.22502102603903,FALSE,FALSE,FALSE
"2026_01_WAS_PHI",3910,"WAS","PHI","run","(3:15) (Shotgun) 31-K.Allen left guard to PHI 14 for 4 yards (58-J.Hunt; 33-C.DeJean).",-0.214325957000256,FALSE,FALSE,FALSE
"2026_01_WAS_PHI",3932,"WAS","PHI","run","(2:36) (Shotgun) 31-K.Allen up the middle to PHI 10 for 4 yards (53-Z.Baun; 33-C.DeJean).",0.088623546413146,FALSE,FALSE,FALSE
"2026_01_WAS_PHI",3954,"WAS","PHI","pass","(2:08) (No Huddle, Shotgun) 5-J.Daniels pass incomplete short middle to 87-J.Bates (53-Z.Baun).",-1.53847100684652,FALSE,FALSE,FALSE
"2026_01_WAS_PHI",3977,"WAS","PHI","pass","(2:04) (Shotgun) 5-J.Daniels pass short right to 17-T.McLaurin to PHI 4 for 6 yards (29-M.Epps).",2.96007997880224,FALSE,TRUE,TRUE
"2026_01_WAS_PHI",4019,"WAS","PHI","run","(1:57) 31-K.Allen up the middle to PHI 1 for 3 yards (90-J.Davis; 94-B.Young).",0.148471634602174,FALSE,FALSE,FALSE
"2026_01_WAS_PHI",4048,"WAS","PHI","pass","(1:12) 5-J.Daniels pass incomplete short right.",-0.368663546047173,FALSE,FALSE,FALSE
"2026_01_WAS_PHI",4071,"WAS","PHI","pass","(1:05) (Shotgun) 5-J.Daniels pass short right to 14-A.Williams for 1 yard, TOUCHDOWN. The Replay Official reviewed the pass completion ruling, and the play was Upheld. The ruling on the field stands.",1.48102132999338,FALSE,FALSE,FALSE
