"game_id","play_id","week","posteam","play_type","epa"
"2026_01_ARI_LAC",62,1,"ARI","pass",1.73026861948892
"2026_01_ARI_LAC",87,1,"ARI","run",-0.288451223867014
"2026_01_ARI_LAC",109,1,"ARI","pass",-0.889567741425708
"2026_01_ARI_LAC",132,1,"ARI","run",2.26213446957991
"2026_01_ARI_LAC",154,1,"ARI","pass",0.105275578680448
"2026_01_ARI_LAC",181,1,"ARI","run",0.0908104703994468
"2026_01_ARI_LAC",203,1,"ARI","run",0.459360566106625
"2026_01_ARI_LAC",225,1,"ARI","run",-0.527099344064482
"2026_01_ARI_LAC",247,1,"ARI","pass",1.18052008200902
"2026_01_ARI_LAC",272,1,"ARI","run",-0.0551801581168547
"2026_01_ARI_LAC",301,1,"ARI","run",1.63248223112896
"2026_01_ARI_LAC",364,1,"LAC","run",-0.379353810101748
"2026_01_ARI_LAC",386,1,"LAC","pass",1.65891221584752
"2026_01_ARI_LAC",411,1,"LAC","run",-0.512818679912016
"2026_01_ARI_LAC",433,1,"LAC","pass",1.63942066987511
"2026_01_ARI_LAC",458,1,"LAC","pass",1.22035161126405
"2026_01_ARI_LAC",483,1,"LAC","run",-0.419472706969827
"2026_01_ARI_LAC",505,1,"LAC","run",-0.0576623133383691
"2026_01_ARI_LAC",527,1,"LAC","run",2.16438095911872
"2026_01_ARI_LAC",590,1,"ARI","run",-0.555032577132806
"2026_01_ARI_LAC",612,1,"ARI","pass",1.17245625634678
"2026_01_ARI_LAC",678,1,"ARI","pass",1.34520767838694
"2026_01_ARI_LAC",703,1,"ARI","pass",0.795516364276409
"2026_01_ARI_LAC",728,1,"ARI","run",-0.496692745015025
"2026_01_ARI_LAC",753,1,"ARI","pass",-0.072578493738547
"2026_01_ARI_LAC",798,1,"ARI","pass",-1.1562670624071
"2026_01_ARI_LAC",842,1,"LAC","run",0.744389915140346
"2026_01_ARI_LAC",871,1,"LAC","pass",0.715658619184978
"2026_01_ARI_LAC",901,1,"LAC","pass",-0.451305921771564
"2026_01_ARI_LAC",924,1,"LAC","run",-5.19676485145465
"2026_01_ARI_LAC",962,1,"ARI","pass",0.788402177393436
"2026_01_ARI_LAC",1018,1,"ARI","run",1.3893004192505
"2026_01_ARI_LAC",1045,1,"ARI","pass",-0.0762718883343041
"2026_01_ARI_LAC",1072,1,"ARI","run",0.25740079022944
"2026_01_ARI_LAC",1094,1,"ARI","run",0.872020301409066
"2026_01_ARI_LAC",1150,1,"ARI","run",-0.55871752591338
"2026_01_ARI_LAC",1172,1,"ARI","pass",0.342615335131995
"2026_01_ARI_LAC",1197,1,"ARI","pass",1.82705031277146
"2026_01_ARI_LAC",1222,1,"ARI","run",-0.177947170799598
"2026_01_ARI_LAC",1244,1,"ARI","pass",-0.273779091658071
"2026_01_ARI_LAC",1269,1,"ARI","pass",-1.42329581153599
"2026_01_ARI_LAC",1433,1,"LAC","run",-0.458499374100938
"2026_01_ARI_LAC",1455,1,"LAC","pass",1.4282386515988
"2026_01_ARI_LAC",1480,1,"LAC","run",-0.479183813673444
"2026_01_ARI_LAC",1502,1,"LAC","pass",2.10682589269709
"2026_01_ARI_LAC",1527,1,"LAC","run",0.634365435515065
"2026_01_ARI_LAC",1549,1,"LAC","pass",0.278483934875112
"2026_01_ARI_LAC",1574,1,"LAC","run",-0.903470241639297
"2026_01_ARI_LAC",1596,1,"LAC","pass",-0.734630779537838
"2026_01_ARI_LAC",1619,1,"LAC","run",-0.748905660293531
"2026_01_ARI_LAC",1641,1,"LAC","pass",-3.21282949513989
"2026_01_ARI_LAC",1668,1,"ARI","run",0.5019991484005
"2026_01_ARI_LAC",1697,1,"ARI","pass",0.533840214135125
"2026_01_ARI_LAC",1722,1,"ARI","pass",0.300552675034851
"2026_01_ARI_LAC",1781,1,"ARI","pass",0.436158669821452
"2026_01_ARI_LAC",1806,1,"ARI","pass",-0.512461839593016
"2026_01_ARI_LAC",1836,1,"ARI","pass",0.553984326019417
"2026_01_ARI_LAC",1861,1,"ARI","pass",-0.595926301670261
"2026_01_ARI_LAC",1993,1,"LAC","pass",0.744322631042451
"2026_01_ARI_LAC",2018,1,"LAC","run",0.0289501356892288
"2026_01_ARI_LAC",2040,1,"LAC","run",0.235407171305269
"2026_01_ARI_LAC",2109,1,"LAC","run",-0.4640786529053
"2026_01_ARI_LAC",2131,1,"LAC","pass",-1.57411813619547
"2026_01_ARI_LAC",2174,1,"ARI","run",-0.497949591372162
"2026_01_ARI_LAC",2203,1,"ARI","pass",2.77394440374337
"2026_01_ARI_LAC",2228,1,"ARI","run",-0.58442894066684
"2026_01_ARI_LAC",2252,1,"ARI","pass",1.34636709582992
"2026_01_ARI_LAC",2277,1,"ARI","pass",1.081997706322
"2026_01_ARI_LAC",2302,1,"ARI","run",0.669232377898879
"2026_01_ARI_LAC",2324,1,"ARI","run",-0.847926538437605
"2026_01_ARI_LAC",2346,1,"ARI","pass",-0.782028123969212
"2026_01_ARI_LAC",2369,1,"ARI","pass",-0.814271500842221
"2026_01_ARI_LAC",2481,1,"LAC","run",-0.469500589650124
"2026_01_ARI_LAC",2503,1,"LAC","run",-0.530734994332306
"2026_01_ARI_LAC",2530,1,"LAC","pass",2.60120518843178
"2026_01_ARI_LAC",2596,1,"ARI","pass",-0.632241252809763
"2026_01_ARI_LAC",2619,1,"ARI","pass",0.0405983715318143
"2026_01_ARI_LAC",2644,1,"ARI","pass",1.85618410492316
"2026_01_ARI_LAC",2680,1,"ARI","run",-0.241998974233866
"2026_01_ARI_LAC",2702,1,"ARI","pass",0.927245445549488
"2026_01_ARI_LAC",2751,1,"ARI","pass",-0.639965065289289
"2026_01_ARI_LAC",2781,1,"ARI","pass",-1.0320623437874
"2026_01_ARI_LAC",2804,1,"ARI","pass",-1.01741548115388
"2026_01_ARI_LAC",2849,1,"LAC","pass",0.187248965259641
"2026_01_ARI_LAC",2886,1,"LAC","run",0.412012620130554
"2026_01_ARI_LAC",2932,1,"LAC","pass",-0.666090465849265
"2026_01_ARI_LAC",2955,1,"LAC","run",-1.01762354047969
"2026_01_ARI_LAC",2977,1,"LAC","pass",-1.02852114057168
"2026_01_ARI_LAC",3035,1,"ARI","run",-0.568547169445083
"2026_01_ARI_LAC",3077,1,"ARI","pass",-0.25328031857498
"2026_01_ARI_LAC",3102,1,"ARI","pass",-0.79735354706645
"2026_01_ARI_LAC",3155,1,"LAC","pass",-1.2873175831046
"2026_01_ARI_LAC",3175,1,"LAC","pass",-0.44063282944262
"2026_01_ARI_LAC",3200,1,"LAC","pass",-1.14531577331945
"2026_01_ARI_LAC",3261,1,"ARI","run",-0.381938267382793
"2026_01_ARI_LAC",3285,1,"ARI","pass",1.1799865840585
"2026_01_ARI_LAC",3347,1,"LAC","pass",0.809230150654912
"2026_01_ARI_LAC",3372,1,"LAC","run",-0.149919551797211
"2026_01_ARI_LAC",3394,1,"LAC","pass",0.637983086518943
"2026_01_ARI_LAC",3419,1,"LAC","pass",-2.34865460090805
"2026_01_ARI_LAC",3467,1,"ARI","run",-0.589360890327953
"2026_01_ARI_LAC",3496,1,"ARI","run",0.117391710169613
"2026_01_ARI_LAC",3518,1,"ARI","pass",1.25957663264126
"2026_01_ARI_LAC",3543,1,"ARI","run",0.261024783132598
"2026_01_ARI_LAC",3565,1,"ARI","run",0.557213853579015
"2026_01_ARI_LAC",3587,1,"ARI","run",-0.320186435710639
"2026_01_ARI_LAC",3609,1,"ARI","run",-0.00279047386720777
"2026_01_ARI_LAC",3631,1,"ARI","pass",-1.59611808508635
"2026_01_ARI_LAC",3686,1,"LAC","run",0.73423968476709
"2026_01_ARI_LAC",3713,1,"LAC","pass",-0.573017358779907
"2026_01_ARI_LAC",3821,1,"LAC","pass",-0.61730347853154
"2026_01_ARI_LAC",3849,1,"LAC","pass",0.0714720042888075
"2026_01_ARI_LAC",3881,1,"LAC","pass",-2.02781349141151
"2026_01_ARI_LAC",3917,1,"ARI","run",-1.50295499042841
"2026_01_ARI_LAC",3939,1,"ARI","run",-0.307021840242669
"2026_01_ARI_LAC",3968,1,"ARI","run",0.366849836387501
"2026_01_ARI_LAC",4027,1,"LAC","pass",-1.11723964556586
"2026_01_ARI_LAC",4047,1,"LAC","pass",-0.479509291821159
"2026_01_ARI_LAC",4070,1,"LAC","pass",-0.238456208375283
"2026_01_ARI_LAC",4095,1,"LAC","pass",-1.76426373823779
"2026_01_ATL_PIT",68,1,"PIT","pass",-0.486624904675409
"2026_01_ATL_PIT",100,1,"PIT","run",-0.495858779642731
"2026_01_ATL_PIT",122,1,"PIT","pass",-1.57847676286474
"2026_01_ATL_PIT",164,1,"ATL","run",-0.481132688000798
"2026_01_ATL_PIT",186,1,"ATL","pass",-0.146002063527703
"2026_01_ATL_PIT",211,1,"ATL","pass",-2.05424473574385
"2026_01_ATL_PIT",268,1,"PIT","run",0.136999298119918
"2026_01_ATL_PIT",298,1,"PIT","pass",0.776716134278104
"2026_01_ATL_PIT",323,1,"PIT","pass",0.15378972585313
"2026_01_ATL_PIT",348,1,"PIT","pass",1.47647841775324
"2026_01_ATL_PIT",373,1,"PIT","run",-0.489191850996576
"2026_01_ATL_PIT",395,1,"PIT","pass",-0.644343620631844
"2026_01_ATL_PIT",418,1,"PIT","pass",-1.37764919079173
"2026_01_ATL_PIT",491,1,"ATL","pass",0.493519854731858
"2026_01_ATL_PIT",516,1,"ATL","run",0.313327288255095
"2026_01_ATL_PIT",543,1,"ATL","pass",0.472829979145899
"2026_01_ATL_PIT",571,1,"ATL","run",0.587342152372003
"2026_01_ATL_PIT",600,1,"ATL","run",-0.484406529925764
"2026_01_ATL_PIT",655,1,"ATL","pass",-0.91247421503067
"2026_01_ATL_PIT",678,1,"ATL","pass",-1.11273427121341
"2026_01_ATL_PIT",721,1,"PIT","pass",0.72925624018535
"2026_01_ATL_PIT",758,1,"PIT","run",0.146940794074908
"2026_01_ATL_PIT",783,1,"PIT","run",-0.467919509159401
"2026_01_ATL_PIT",805,1,"PIT","pass",-5.12980534823146
"2026_01_ATL_PIT",851,1,"ATL","run",-0.173887885524891
"2026_01_ATL_PIT",873,1,"ATL","run",-0.672660730779171
"2026_01_ATL_PIT",895,1,"ATL","pass",3.62281989026815
"2026_01_ATL_PIT",1000,1,"PIT","run",-0.246459727408364
"2026_01_ATL_PIT",1042,1,"PIT","run",-1.16403000801802
"2026_01_ATL_PIT",1105,1,"PIT","pass",-0.449987247237004
"2026_01_ATL_PIT",1128,1,"PIT","pass",1.14407132560154
"2026_01_ATL_PIT",1153,1,"PIT","run",-0.261912509158719
"2026_01_ATL_PIT",1175,1,"PIT","pass",-0.497316004475579
"2026_01_ATL_PIT",1200,1,"PIT","pass",-1.29242037715189
"2026_01_ATL_PIT",1294,1,"ATL","pass",-4.75561617780477
"2026_01_ATL_PIT",1326,1,"PIT","pass",1.22231717425166
"2026_01_ATL_PIT",1351,1,"PIT","pass",0.428306210262235
"2026_01_ATL_PIT",1376,1,"PIT","pass",-0.911695131740998
"2026_01_ATL_PIT",1399,1,"PIT","pass",2.5222247413476
"2026_01_ATL_PIT",1469,1,"ATL","run",0.151878551812842
"2026_01_ATL_PIT",1491,1,"ATL","run",0.507809359580278
"2026_01_ATL_PIT",1513,1,"ATL","pass",-0.778699512593448
"2026_01_ATL_PIT",1544,1,"ATL","pass",1.03537233150564
"2026_01_ATL_PIT",1569,1,"ATL","run",-2.7482511147391
"2026_01_ATL_PIT",1633,1,"PIT","run",-0.415078445570543
"2026_01_ATL_PIT",1696,1,"PIT","pass",-0.671579747926444
"2026_01_ATL_PIT",1743,1,"PIT","pass",-0.543170928722247
"2026_01_ATL_PIT",1803,1,"ATL","pass",0.534209395991638
"2026_01_ATL_PIT",1828,1,"ATL","run",0.0145162354456261
"2026_01_ATL_PIT",1850,1,"ATL","run",-0.471678967180196
"2026_01_ATL_PIT",1908,1,"ATL","pass",-0.63444172241725
"2026_01_ATL_PIT",1931,1,"ATL","pass",-0.365283861139991
"2026_01_ATL_PIT",1984,1,"PIT","pass",-0.313265343662351
"2026_01_ATL_PIT",2016,1,"PIT","pass",-0.0610646273707971
"2026_01_ATL_PIT",2094,1,"PIT","pass",2.20001411717385
"2026_01_ATL_PIT",2119,1,"PIT","pass",-0.338582761702128
"2026_01_ATL_PIT",2142,1,"PIT","run",-1.06058412103448
"2026_01_ATL_PIT",2164,1,"PIT","pass",-0.995252831664402
"2026_01_ATL_PIT",2194,1,"PIT","pass",-1.84454587288201
"2026_01_ATL_PIT",2257,1,"ATL","pass",-0.259489755961113
"2026_01_ATL_PIT",2280,1,"ATL","pass",-0.108711670909543
"2026_01_ATL_PIT",2305,1,"ATL","pass",-0.25037467997754
"2026_01_ATL_PIT",2397,1,"PIT","pass",-0.0311339543550275
"2026_01_ATL_PIT",2420,1,"PIT","pass",0.357924796757288
"2026_01_ATL_PIT",2445,1,"PIT","pass",-0.436910713848192
"2026_01_ATL_PIT",2515,1,"ATL","run",0.156362076289952
"2026_01_ATL_PIT",2537,1,"ATL","run",-0.567967423703521
"2026_01_ATL_PIT",2561,1,"ATL","run",1.31442130124196
"2026_01_ATL_PIT",2583,1,"ATL","run",0.0672735653351992
"2026_01_ATL_PIT",2605,1,"ATL","run",1.11701260204427
"2026_01_ATL_PIT",2638,1,"ATL","run",-0.450034664245322
"2026_01_ATL_PIT",2660,1,"ATL","pass",-0.616387572255917
"2026_01_ATL_PIT",2683,1,"ATL","pass",-1.06210690983349
"2026_01_ATL_PIT",2727,1,"PIT","run",-0.084652850870043
"2026_01_ATL_PIT",2756,1,"PIT","run",-0.852674192981794
"2026_01_ATL_PIT",2778,1,"PIT","pass",-1.48288283566944
"2026_01_ATL_PIT",2848,1,"ATL","run",0.502060631290078
"2026_01_ATL_PIT",2881,1,"ATL","run",-0.44545435346663
"2026_01_ATL_PIT",2903,1,"ATL","pass",3.037238528952
"2026_01_ATL_PIT",2939,1,"ATL","run",-0.523144420003518
"2026_01_ATL_PIT",2961,1,"ATL","pass",-0.865659757750109
"2026_01_ATL_PIT",2984,1,"ATL","pass",-1.79009042866528
"2026_01_ATL_PIT",3030,1,"PIT","pass",1.96398748410866
"2026_01_ATL_PIT",3091,1,"PIT","pass",0.576611496508121
"2026_01_ATL_PIT",3116,1,"PIT","pass",-0.483431380009279
"2026_01_ATL_PIT",3146,1,"PIT","pass",-1.7538666925393
"2026_01_ATL_PIT",3169,1,"PIT","pass",-2.80534267192706
"2026_01_ATL_PIT",3192,1,"ATL","pass",1.90560161822941
"2026_01_ATL_PIT",3240,1,"ATL","run",-0.805810410995036
"2026_01_ATL_PIT",3262,1,"ATL","pass",-1.68416358705144
"2026_01_ATL_PIT",3282,1,"ATL","run",-0.208708387291553
"2026_01_ATL_PIT",3354,1,"PIT","pass",-0.49185008648783
"2026_01_ATL_PIT",3379,1,"PIT","pass",-0.124803070444614
"2026_01_ATL_PIT",3404,1,"PIT","pass",-1.61264810431749
"2026_01_ATL_PIT",3456,1,"ATL","run",1.42721497407183
"2026_01_ATL_PIT",3498,1,"ATL","run",-0.80594483204186
"2026_01_ATL_PIT",3525,1,"ATL","pass",-8.2899881885387
"2026_01_ATL_PIT",3598,1,"ATL","run",1.04338356293738
"2026_01_ATL_PIT",3620,1,"ATL","pass",1.29421773762442
"2026_01_ATL_PIT",3645,1,"ATL","run",-0.188145243329927
"2026_01_ATL_PIT",3667,1,"ATL","run",0.585678446106613
"2026_01_ATL_PIT",3689,1,"ATL","run",-1.57551697449322
"2026_01_ATL_PIT",3769,1,"PIT","run",0.50764916324988
"2026_01_ATL_PIT",3791,1,"PIT","run",0.843999570468441
"2026_01_ATL_PIT",3816,1,"PIT","pass",-0.26297529740259
"2026_01_ATL_PIT",3841,1,"PIT","pass",-0.453057920210995
"2026_01_ATL_PIT",3873,1,"PIT","pass",-2.54481542604452
"2026_01_ATL_PIT",3914,1,"ATL","run",0.926343502709642
"2026_01_ATL_PIT",3951,1,"ATL","run",-0.430467167985626
"2026_01_ATL_PIT",3978,1,"ATL","run",-0.214190966449678
"2026_01_ATL_PIT",4000,1,"ATL","pass",-2.4738876594929
"2026_01_ATL_PIT",4040,1,"PIT","run",-0.369930793298408
"2026_01_ATL_PIT",4062,1,"PIT","pass",1.00328178703785
"2026_01_ATL_PIT",4092,1,"PIT","run",-0.173861130839214
"2026_01_ATL_PIT",4114,1,"PIT","pass",0.00742506224196404
"2026_01_ATL_PIT",4146,1,"PIT","pass",1.12742872966919
"2026_01_ATL_PIT",4178,1,"PIT","run",-0.726810019637924
"2026_01_ATL_PIT",4205,1,"PIT","run",0.633674080017954
"2026_01_BAL_IND",57,1,"IND","pass",-0.608843558933586
"2026_01_BAL_IND",80,1,"IND","pass",0.181816463824362
"2026_01_BAL_IND",105,1,"IND","pass",2.54589475411922
"2026_01_BAL_IND",130,1,"IND","pass",-0.346080280956812
"2026_01_BAL_IND",162,1,"IND","pass",-0.692298382520676
"2026_01_BAL_IND",185,1,"IND","pass",1.91161233943421
"2026_01_BAL_IND",210,1,"IND","pass",0.84731780650327
"2026_01_BAL_IND",235,1,"IND","run",0.481577324506361
"2026_01_BAL_IND",257,1,"IND","run",0.605533385765739
"2026_01_BAL_IND",325,1,"BAL","pass",3.80610596394399
"2026_01_BAL_IND",374,1,"BAL","run",-0.15128733497113
"2026_01_BAL_IND",396,1,"BAL","run",1.56002811773214
"2026_01_BAL_IND",464,1,"IND","run",-1.02569619007409
"2026_01_BAL_IND",486,1,"IND","pass",-4.8116334649967
"2026_01_BAL_IND",513,1,"BAL","run",0.459082276094705
"2026_01_BAL_IND",535,1,"BAL","run",-0.19891629810445
"2026_01_BAL_IND",590,1,"BAL","run",3.07395097112749
"2026_01_BAL_IND",617,1,"BAL","pass",0.853725885564927
"2026_01_BAL_IND",669,1,"BAL","pass",0.0780366834951565
"2026_01_BAL_IND",694,1,"BAL","run",1.42847378336592
"2026_01_BAL_IND",773,1,"IND","pass",-1.89324726141058
"2026_01_BAL_IND",793,1,"IND","pass",-0.487392249051481
"2026_01_BAL_IND",818,1,"IND","run",-0.402096688514575
"2026_01_BAL_IND",877,1,"BAL","pass",1.1434863912873
"2026_01_BAL_IND",914,1,"BAL","run",-0.349242750788108
"2026_01_BAL_IND",960,1,"BAL","pass",-0.993793326895684
"2026_01_BAL_IND",983,1,"BAL","pass",2.97115420352202
"2026_01_BAL_IND",1028,1,"BAL","run",-0.132671882631257
"2026_01_BAL_IND",1052,1,"BAL","pass",1.70314843778033
"2026_01_BAL_IND",1077,1,"BAL","run",-0.153863396728411
"2026_01_BAL_IND",1136,1,"BAL","pass",-0.756367235560901
"2026_01_BAL_IND",1166,1,"BAL","pass",-0.310201962653082
"2026_01_BAL_IND",1191,1,"BAL","pass",-3.07317646587035
"2026_01_BAL_IND",1214,1,"IND","run",-0.567494734190404
"2026_01_BAL_IND",1243,1,"IND","run",1.2749429969117
"2026_01_BAL_IND",1265,1,"IND","run",-1.174766887445
"2026_01_BAL_IND",1298,1,"IND","pass",-0.648551595397294
"2026_01_BAL_IND",1323,1,"IND","pass",-0.86877649044618
"2026_01_BAL_IND",1372,1,"BAL","run",-0.286203085444868
"2026_01_BAL_IND",1401,1,"BAL","run",-0.913901268737391
"2026_01_BAL_IND",1434,1,"BAL","pass",2.14046726282686
"2026_01_BAL_IND",1447,1,"BAL","run",-0.480823454912752
"2026_01_BAL_IND",1460,1,"BAL","pass",4.95255464687943
"2026_01_BAL_IND",1560,1,"IND","pass",-4.73328272125218
"2026_01_BAL_IND",1601,1,"BAL","run",-0.272897092043422
"2026_01_BAL_IND",1623,1,"BAL","pass",1.17279458750272
"2026_01_BAL_IND",1648,1,"BAL","run",3.10886098764604
"2026_01_BAL_IND",1732,1,"IND","pass",-0.456348417326808
"2026_01_BAL_IND",1755,1,"IND","pass",-0.61307160416618
"2026_01_BAL_IND",1778,1,"IND","pass",-0.98149689193815
"2026_01_BAL_IND",1821,1,"BAL","pass",-6.28063505538739
"2026_01_BAL_IND",1858,1,"IND","run",0.849383730441332
"2026_01_BAL_IND",1880,1,"IND","run",-0.679214248870267
"2026_01_BAL_IND",1902,1,"IND","pass",-0.344812568451744
"2026_01_BAL_IND",1927,1,"IND","run",2.27440776783624
"2026_01_BAL_IND",1988,1,"BAL","run",-0.161254732636735
"2026_01_BAL_IND",2010,1,"BAL","pass",-0.531119885272346
"2026_01_BAL_IND",2076,1,"BAL","pass",-0.636183500988409
"2026_01_BAL_IND",2119,1,"IND","pass",0.0705180091317743
"2026_01_BAL_IND",2144,1,"IND","pass",-0.275607635034248
"2026_01_BAL_IND",2172,1,"IND","run",-0.856617192504928
"2026_01_BAL_IND",2221,1,"BAL","pass",-0.0580226118909195
"2026_01_BAL_IND",2246,1,"BAL","run",0.864100290753413
"2026_01_BAL_IND",2273,1,"BAL","pass",0.00813309487421066
"2026_01_BAL_IND",2298,1,"BAL","run",-0.257807740767021
"2026_01_BAL_IND",2427,1,"BAL","run",-0.504477358423173
"2026_01_BAL_IND",2449,1,"BAL","pass",-0.83109826920554
"2026_01_BAL_IND",2508,1,"BAL","pass",-0.401252658572048
"2026_01_BAL_IND",2552,1,"IND","run",1.08587452652864
"2026_01_BAL_IND",2581,1,"IND","run",-0.58987857052125
"2026_01_BAL_IND",2603,1,"IND","pass",1.3787110960111
"2026_01_BAL_IND",2633,1,"IND","run",0.233496143948287
"2026_01_BAL_IND",2660,1,"IND","run",0.244398751994595
"2026_01_BAL_IND",2684,1,"IND","run",-0.140928441891447
"2026_01_BAL_IND",2706,1,"IND","pass",-0.847336639417335
"2026_01_BAL_IND",2729,1,"IND","pass",-1.75167942097931
"2026_01_BAL_IND",2820,1,"BAL","run",0.80940616549924
"2026_01_BAL_IND",2842,1,"BAL","run",1.36053385166451
"2026_01_BAL_IND",2864,1,"BAL","pass",-1.15747805242427
"2026_01_BAL_IND",2884,1,"BAL","pass",0.179721470922232
"2026_01_BAL_IND",2933,1,"BAL","pass",-1.46933916467242
"2026_01_BAL_IND",2998,1,"IND","run",1.26653221203014
"2026_01_BAL_IND",3027,1,"IND","run",0.747586918994784
"2026_01_BAL_IND",3049,1,"IND","run",-0.17517609661445
"2026_01_BAL_IND",3071,1,"IND","run",-1.00438128574751
"2026_01_BAL_IND",3093,1,"IND","pass",-1.55475062131882
"2026_01_BAL_IND",3147,1,"BAL","run",-0.384148904122412
"2026_01_BAL_IND",3176,1,"BAL","run",-0.390480160713196
"2026_01_BAL_IND",3218,1,"BAL","pass",4.67859981430229
"2026_01_BAL_IND",3248,1,"BAL","run",0.810452744131908
"2026_01_BAL_IND",3281,1,"BAL","run",0.192948475771118
"2026_01_BAL_IND",3303,1,"BAL","run",1.28259417513618
"2026_01_BAL_IND",3405,1,"IND","pass",0.55211981665343
"2026_01_BAL_IND",3430,1,"IND","pass",0.116499652620405
"2026_01_BAL_IND",3455,1,"IND","pass",0.823849535547197
"2026_01_BAL_IND",3485,1,"IND","pass",0.301473329192959
"2026_01_BAL_IND",3510,1,"IND","pass",1.38168518425664
"2026_01_BAL_IND",3535,1,"IND","pass",1.70594426727621
"2026_01_BAL_IND",3609,1,"BAL","run",0.291779573075473
"2026_01_BAL_IND",3631,1,"BAL","run",0.311245278455317
"2026_01_BAL_IND",3653,1,"BAL","run",-0.409333832096308
"2026_01_BAL_IND",3677,1,"BAL","pass",1.45137799088843
"2026_01_BAL_IND",3708,1,"BAL","run",-0.465938992914744
"2026_01_BAL_IND",3730,1,"BAL","pass",1.13617216539569
"2026_01_BAL_IND",3760,1,"BAL","run",0.153726573567837
"2026_01_BAL_IND",3782,1,"BAL","run",-0.662949010787997
"2026_01_BAL_IND",3806,1,"BAL","run",-1.15230193995552
"2026_01_BAL_IND",3885,1,"IND","pass",-0.377492306521162
"2026_01_BAL_IND",3908,1,"IND","pass",-0.334457834833302
"2026_01_BAL_IND",3933,1,"IND","pass",-1.04854254907696
"2026_01_BAL_IND",3983,1,"IND","pass",-3.3747610260034
"2026_01_BAL_IND",4008,1,"BAL","run",0.77156780147925
"2026_01_BAL_IND",4032,1,"BAL","run",0.361972346843686
"2026_01_BUF_HOU",64,1,"BUF","run",0.975067554274574
"2026_01_BUF_HOU",86,1,"BUF","pass",-0.0221989033743739
"2026_01_BUF_HOU",118,1,"BUF","run",0.605064369272441
"2026_01_BUF_HOU",140,1,"BUF","run",-0.150790573563427
"2026_01_BUF_HOU",162,1,"BUF","run",-0.0508575504645705
"2026_01_BUF_HOU",184,1,"BUF","run",-0.805403467267752
"2026_01_BUF_HOU",206,1,"BUF","run",-4.24538333294913
"2026_01_BUF_HOU",228,1,"HOU","run",-0.554518784862012
"2026_01_BUF_HOU",291,1,"HOU","run",-0.766718792263418
"2026_01_BUF_HOU",313,1,"HOU","pass",-4.25079103501048
"2026_01_BUF_HOU",343,1,"BUF","run",-0.0332109038718045
"2026_01_BUF_HOU",365,1,"BUF","pass",-1.84149742522277
"2026_01_BUF_HOU",385,1,"BUF","pass",0.995897284825332
"2026_01_BUF_HOU",505,1,"HOU","run",0.00496517587453127
"2026_01_BUF_HOU",527,1,"HOU","pass",1.04785608919337
"2026_01_BUF_HOU",552,1,"HOU","run",0.327653762185946
"2026_01_BUF_HOU",574,1,"HOU","pass",1.04552066372707
"2026_01_BUF_HOU",599,1,"HOU","run",-0.189729190897197
"2026_01_BUF_HOU",621,1,"HOU","run",0.906610255362466
"2026_01_BUF_HOU",648,1,"HOU","run",-0.342870423337445
"2026_01_BUF_HOU",672,1,"HOU","pass",-0.633843259885907
"2026_01_BUF_HOU",695,1,"HOU","pass",3.03314265829977
"2026_01_BUF_HOU",725,1,"HOU","run",-0.076928932685405
"2026_01_BUF_HOU",747,1,"HOU","run",-0.385273008607328
"2026_01_BUF_HOU",771,1,"HOU","run",1.04833701101597
"2026_01_BUF_HOU",839,1,"BUF","pass",1.15958305762615
"2026_01_BUF_HOU",918,1,"BUF","pass",-0.562897419556975
"2026_01_BUF_HOU",952,1,"BUF","pass",2.12405558989849
"2026_01_BUF_HOU",977,1,"BUF","run",0.372411473130342
"2026_01_BUF_HOU",1009,1,"BUF","run",0.364519265946001
"2026_01_BUF_HOU",1031,1,"BUF","run",2.38049657543888
"2026_01_BUF_HOU",1099,1,"HOU","pass",0.137573771178722
"2026_01_BUF_HOU",1124,1,"HOU","run",0.376127874711528
"2026_01_BUF_HOU",1182,1,"HOU","pass",-0.502286880044267
"2026_01_BUF_HOU",1205,1,"HOU","pass",-1.37441831594333
"2026_01_BUF_HOU",1230,1,"HOU","run",2.59451156179421
"2026_01_BUF_HOU",1252,1,"HOU","run",0.276834164513275
"2026_01_BUF_HOU",1276,1,"HOU","run",-0.107156694633886
"2026_01_BUF_HOU",1298,1,"HOU","run",0.435252070077695
"2026_01_BUF_HOU",1320,1,"HOU","pass",-0.428665965097025
"2026_01_BUF_HOU",1352,1,"HOU","run",1.26841073541436
"2026_01_BUF_HOU",1374,1,"HOU","pass",-0.936578081338666
"2026_01_BUF_HOU",1399,1,"HOU","pass",-0.0528311118832789
"2026_01_BUF_HOU",1458,1,"HOU","run",2.18514031759696
"2026_01_BUF_HOU",1520,1,"BUF","pass",1.26447291718796
"2026_01_BUF_HOU",1579,1,"BUF","pass",-0.220662832201924
"2026_01_BUF_HOU",1602,1,"BUF","run",0.732556495669996
"2026_01_BUF_HOU",1728,1,"HOU","run",-0.0536993719870225
"2026_01_BUF_HOU",1753,1,"HOU","pass",-0.105491205584258
"2026_01_BUF_HOU",1785,1,"HOU","pass",-1.45274111593608
"2026_01_BUF_HOU",1828,1,"BUF","pass",1.93578320846427
"2026_01_BUF_HOU",1853,1,"BUF","pass",0.817286693083588
"2026_01_BUF_HOU",1885,1,"BUF","pass",4.16196589631727
"2026_01_BUF_HOU",1967,1,"HOU","pass",0.319403817295097
"2026_01_BUF_HOU",2026,1,"HOU","pass",0.463905981741846
"2026_01_BUF_HOU",2051,1,"HOU","pass",2.4374918070971
"2026_01_BUF_HOU",2081,1,"HOU","pass",2.21136275987374
"2026_01_BUF_HOU",2156,1,"BUF","pass",-0.0569832127657719
"2026_01_BUF_HOU",2184,1,"BUF","run",-0.0592273413785733
"2026_01_BUF_HOU",2254,1,"HOU","run",0.0920571996830404
"2026_01_BUF_HOU",2276,1,"HOU","run",-0.921365613583475
"2026_01_BUF_HOU",2339,1,"HOU","pass",-1.11832807771862
"2026_01_BUF_HOU",2409,1,"BUF","run",-0.558803942985833
"2026_01_BUF_HOU",2431,1,"BUF","pass",-0.40688157454133
"2026_01_BUF_HOU",2456,1,"BUF","pass",2.25174907548353
"2026_01_BUF_HOU",2486,1,"BUF","run",-0.389451315160841
"2026_01_BUF_HOU",2544,1,"BUF","pass",-0.836344414856285
"2026_01_BUF_HOU",2583,1,"BUF","pass",-0.613627871032804
"2026_01_BUF_HOU",2628,1,"HOU","run",-1.18433724786155
"2026_01_BUF_HOU",2659,1,"HOU","pass",-0.725281605729833
"2026_01_BUF_HOU",2682,1,"HOU","run",-0.46398747083731
"2026_01_BUF_HOU",2740,1,"BUF","run",-0.44787882687524
"2026_01_BUF_HOU",2806,1,"BUF","pass",0.658914154802915
"2026_01_BUF_HOU",2832,1,"BUF","run",-0.184720502700657
"2026_01_BUF_HOU",2854,1,"BUF","pass",-1.42974344972754
"2026_01_BUF_HOU",2874,1,"BUF","pass",-0.660014370031733
"2026_01_BUF_HOU",2949,1,"HOU","pass",-0.573659531772137
"2026_01_BUF_HOU",2972,1,"HOU","pass",0.881033477839082
"2026_01_BUF_HOU",3000,1,"HOU","run",-1.82112119626254
"2026_01_BUF_HOU",3022,1,"HOU","run",2.2437759952154
"2026_01_BUF_HOU",3046,1,"HOU","pass",0.793574140174314
"2026_01_BUF_HOU",3071,1,"HOU","pass",1.05752505420242
"2026_01_BUF_HOU",3096,1,"HOU","pass",-0.468897900427692
"2026_01_BUF_HOU",3119,1,"HOU","pass",0.732843892998062
"2026_01_BUF_HOU",3144,1,"HOU","run",-1.13206328451633
"2026_01_BUF_HOU",3166,1,"HOU","run",1.57787080475828
"2026_01_BUF_HOU",3210,1,"HOU","pass",0.734404760762118
"2026_01_BUF_HOU",3235,1,"HOU","run",-0.508187080558855
"2026_01_BUF_HOU",3259,1,"HOU","pass",1.86232929106336
"2026_01_BUF_HOU",3340,1,"BUF","pass",-0.556460459250957
"2026_01_BUF_HOU",3363,1,"BUF","pass",-0.0533849685452878
"2026_01_BUF_HOU",3388,1,"BUF","pass",3.66817975771846
"2026_01_BUF_HOU",3413,1,"BUF","run",-0.128356271015946
"2026_01_BUF_HOU",3435,1,"BUF","pass",-0.293732432764955
"2026_01_BUF_HOU",3465,1,"BUF","pass",-1.44686218143567
"2026_01_BUF_HOU",3538,1,"HOU","pass",-0.565682287327945
"2026_01_BUF_HOU",3595,1,"HOU","run",-0.00638032192364335
"2026_01_BUF_HOU",3617,1,"HOU","pass",2.57887066830881
"2026_01_BUF_HOU",3647,1,"HOU","run",-0.864730557659641
"2026_01_BUF_HOU",3669,1,"HOU","pass",0.0472479942254722
"2026_01_BUF_HOU",3694,1,"HOU","pass",-1.57428367648465
"2026_01_BUF_HOU",3768,1,"BUF","run",-1.1300212489441
"2026_01_BUF_HOU",3797,1,"BUF","pass",-0.671658266335726
"2026_01_BUF_HOU",3826,1,"BUF","pass",-0.776550712063909
"2026_01_BUF_HOU",3869,1,"HOU","run",-0.454194895224646
"2026_01_BUF_HOU",3891,1,"HOU","run",-0.927646178402938
"2026_01_BUF_HOU",3915,1,"HOU","pass",-1.33837903279345
"2026_01_BUF_HOU",3960,1,"BUF","run",0.765194837702438
"2026_01_BUF_HOU",3998,1,"BUF","pass",0.290546651929617
"2026_01_BUF_HOU",4026,1,"BUF","pass",0.494017930468544
"2026_01_BUF_HOU",4063,1,"BUF","pass",1.99016330408631
"2026_01_BUF_HOU",4100,1,"BUF","run",-0.624800365476403
"2026_01_BUF_HOU",4122,1,"BUF","pass",-0.468293068814091
"2026_01_BUF_HOU",4152,1,"BUF","pass",4.58720196667127
"2026_01_BUF_HOU",4214,1,"HOU","pass",0.857426100701559
"2026_01_BUF_HOU",4239,1,"HOU","pass",0.412810665438883
"2026_01_BUF_HOU",4264,1,"HOU","pass",-0.352616699703503
"2026_01_BUF_HOU",4287,1,"HOU","run",0.957180983386934
"2026_01_BUF_HOU",4344,1,"HOU","pass",-0.275944293942302
"2026_01_BUF_HOU",4367,1,"HOU","pass",0.835655235860031
"2026_01_BUF_HOU",4392,1,"HOU","pass",1.54186982623651
"2026_01_BUF_HOU",4436,1,"HOU","pass",-1.66736963656149
"2026_01_BUF_HOU",4456,1,"HOU","pass",-0.392444927420001
"2026_01_BUF_HOU",4486,1,"HOU","pass",-2.74487120233243
"2026_01_CHI_CAR",57,1,"CHI","run",-0.244124894030392
"2026_01_CHI_CAR",90,1,"CHI","run",-0.109478252474219
"2026_01_CHI_CAR",112,1,"CHI","pass",-3.48948358441703
"2026_01_CHI_CAR",153,1,"CAR","pass",0.762014981475659
"2026_01_CHI_CAR",178,1,"CAR","run",-0.159104589838535
"2026_01_CHI_CAR",200,1,"CAR","pass",2.42146345344372
"2026_01_CHI_CAR",313,1,"CAR","run",0.414845741237514
"2026_01_CHI_CAR",355,1,"CAR","pass",-0.972419932368211
"2026_01_CHI_CAR",378,1,"CAR","pass",2.24663027672796
"2026_01_CHI_CAR",453,1,"CHI","run",-0.0914060329087079
"2026_01_CHI_CAR",475,1,"CHI","run",0.37104358850047
"2026_01_CHI_CAR",535,1,"CHI","pass",2.3126484376844
"2026_01_CHI_CAR",560,1,"CHI","pass",0.461899164598435
"2026_01_CHI_CAR",585,1,"CHI","run",0.509675471577793
"2026_01_CHI_CAR",612,1,"CHI","run",2.07734018465271
"2026_01_CHI_CAR",634,1,"CHI","run",0.123195607389789
"2026_01_CHI_CAR",656,1,"CHI","run",-1.12556497153128
"2026_01_CHI_CAR",678,1,"CHI","run",3.02052390266908
"2026_01_CHI_CAR",752,1,"CAR","pass",-0.492241034517065
"2026_01_CHI_CAR",787,1,"CAR","pass",-0.52282223990187
"2026_01_CHI_CAR",812,1,"CAR","pass",-2.04526100633666
"2026_01_CHI_CAR",851,1,"CHI","pass",0.775408781133592
"2026_01_CHI_CAR",883,1,"CHI","run",-0.356950203422457
"2026_01_CHI_CAR",910,1,"CHI","pass",3.79446661885595
"2026_01_CHI_CAR",943,1,"CHI","pass",-0.539769960800186
"2026_01_CHI_CAR",966,1,"CHI","run",0.639718240126967
"2026_01_CHI_CAR",988,1,"CHI","run",1.31611879711272
"2026_01_CHI_CAR",1072,1,"CAR","run",-0.584757972508669
"2026_01_CHI_CAR",1118,1,"CAR","run",-0.060800192411989
"2026_01_CHI_CAR",1140,1,"CAR","pass",-0.874965039547533
"2026_01_CHI_CAR",1222,1,"CHI","pass",1.33087059354875
"2026_01_CHI_CAR",1247,1,"CHI","pass",2.5657957495423
"2026_01_CHI_CAR",1321,1,"CAR","pass",1.06549709592946
"2026_01_CHI_CAR",1351,1,"CAR","run",0.026684534503147
"2026_01_CHI_CAR",1373,1,"CAR","pass",4.59988325741142
"2026_01_CHI_CAR",1456,1,"CHI","run",-0.552521088626236
"2026_01_CHI_CAR",1478,1,"CHI","run",0.115516871213913
"2026_01_CHI_CAR",1511,1,"CHI","run",-0.879322987049818
"2026_01_CHI_CAR",1533,1,"CHI","run",-3.37895900348667
"2026_01_CHI_CAR",1556,1,"CAR","pass",0.856167581863701
"2026_01_CHI_CAR",1581,1,"CAR","run",0.036307827278506
"2026_01_CHI_CAR",1672,1,"CAR","run",1.59734628512524
"2026_01_CHI_CAR",1745,1,"CHI","pass",-0.525417564902455
"2026_01_CHI_CAR",1768,1,"CHI","run",0.255459626205266
"2026_01_CHI_CAR",1790,1,"CHI","run",-1.75171685498208
"2026_01_CHI_CAR",1842,1,"CHI","run",-0.403753552876879
"2026_01_CHI_CAR",1864,1,"CHI","pass",-0.591479430499021
"2026_01_CHI_CAR",1899,1,"CHI","pass",-0.587873499545732
"2026_01_CHI_CAR",2008,1,"CAR","pass",-0.144433863810264
"2026_01_CHI_CAR",2033,1,"CAR","run",-1.03000853012782
"2026_01_CHI_CAR",2072,1,"CAR","pass",3.42330193513772
"2026_01_CHI_CAR",2097,1,"CAR","pass",-0.436675001285039
"2026_01_CHI_CAR",2120,1,"CAR","pass",-0.501060712733306
"2026_01_CHI_CAR",2143,1,"CAR","pass",-0.842681736319142
"2026_01_CHI_CAR",2209,1,"CHI","pass",-1.05379178840667
"2026_01_CHI_CAR",2229,1,"CHI","pass",0.313038848107681
"2026_01_CHI_CAR",2261,1,"CHI","pass",1.63598218734842
"2026_01_CHI_CAR",2286,1,"CHI","pass",0.134728873497806
"2026_01_CHI_CAR",2342,1,"CHI","pass",1.77028005255852
"2026_01_CHI_CAR",2367,1,"CHI","run",3.95534041535575
"2026_01_CHI_CAR",2435,1,"CAR","pass",0.15299413347384
"2026_01_CHI_CAR",2460,1,"CAR","pass",-0.445732077525463
"2026_01_CHI_CAR",2497,1,"CHI","pass",-0.0904375786194578
"2026_01_CHI_CAR",2570,1,"CAR","run",-0.220623570960015
"2026_01_CHI_CAR",2592,1,"CAR","run",-0.19875454576686
"2026_01_CHI_CAR",2614,1,"CAR","pass",-1.91047485917807
"2026_01_CHI_CAR",2655,1,"CHI","pass",-0.594080437440425
"2026_01_CHI_CAR",2685,1,"CHI","run",-0.575817164033651
"2026_01_CHI_CAR",2707,1,"CHI","pass",-1.43616718379781
"2026_01_CHI_CAR",2765,1,"CAR","pass",1.08525026962161
"2026_01_CHI_CAR",2802,1,"CAR","run",0.472574488492683
"2026_01_CHI_CAR",2824,1,"CAR","pass",-0.656601552036591
"2026_01_CHI_CAR",2852,1,"CAR","pass",1.39535137219355
"2026_01_CHI_CAR",2880,1,"CAR","run",0.452546205720864
"2026_01_CHI_CAR",2914,1,"CAR","pass",0.949427240411751
"2026_01_CHI_CAR",2942,1,"CAR","run",0.785957040148787
"2026_01_CHI_CAR",3012,1,"CHI","pass",-0.541798065416515
"2026_01_CHI_CAR",3035,1,"CHI","run",-0.150524648372084
"2026_01_CHI_CAR",3057,1,"CHI","pass",1.90828498732299
"2026_01_CHI_CAR",3082,1,"CHI","pass",0.739021006971598
"2026_01_CHI_CAR",3107,1,"CHI","run",0.73666659113951
"2026_01_CHI_CAR",3129,1,"CHI","run",0.296281430288218
"2026_01_CHI_CAR",3159,1,"CHI","pass",0.164506219909526
"2026_01_CHI_CAR",3184,1,"CHI","pass",-0.696851003158372
"2026_01_CHI_CAR",3207,1,"CHI","pass",1.14225344033912
"2026_01_CHI_CAR",3240,1,"CHI","pass",-0.471813989744987
"2026_01_CHI_CAR",3337,1,"CHI","run",0.328905635804404
"2026_01_CHI_CAR",3359,1,"CHI","run",1.04633064899826
"2026_01_CHI_CAR",3381,1,"CHI","run",0.616799119568896
"2026_01_CHI_CAR",3451,1,"CAR","pass",-0.490618927637115
"2026_01_CHI_CAR",3474,1,"CAR","pass",1.35375429061241
"2026_01_CHI_CAR",3523,1,"CAR","run",0.0375552729237825
"2026_01_CHI_CAR",3545,1,"CAR","pass",-0.0773146119900048
"2026_01_CHI_CAR",3570,1,"CAR","pass",-1.87520739273168
"2026_01_CHI_CAR",3593,1,"CAR","pass",-2.4978598584421
"2026_01_CHI_CAR",3621,1,"CHI","run",5.21245094458573
"2026_01_CHI_CAR",3685,1,"CAR","run",-0.141297838650644
"2026_01_CHI_CAR",3707,1,"CAR","pass",0.800247930921614
"2026_01_CHI_CAR",3752,1,"CAR","pass",-3.80316246440634
"2026_01_CHI_CAR",3841,1,"CHI","run",-0.505863729398698
"2026_01_CHI_CAR",3875,1,"CHI","run",-0.37239379924722
"2026_01_CHI_CAR",3897,1,"CHI","pass",1.70090917614289
"2026_01_CHI_CAR",3957,1,"CHI","run",-0.414579647826031
"2026_01_CHI_CAR",3979,1,"CHI","pass",0.784561273176223
"2026_01_CHI_CAR",4004,1,"CHI","pass",1.60477945127059
"2026_01_CHI_CAR",4029,1,"CHI","run",-0.384473507525399
"2026_01_CHI_CAR",4051,1,"CHI","pass",0.0288808497716673
"2026_01_CHI_CAR",4076,1,"CHI","run",1.61254251009086
"2026_01_CHI_CAR",4098,1,"CHI","run",0.74517057382036
"2026_01_CHI_CAR",4158,1,"CHI","run",-0.469916503527202
"2026_01_CHI_CAR",4180,1,"CHI","pass",1.37591298378538
"2026_01_CHI_CAR",4256,1,"CAR","pass",-0.491485330741853
"2026_01_CHI_CAR",4279,1,"CAR","pass",1.36424045986496
"2026_01_CHI_CAR",4304,1,"CAR","pass",-0.436080298619345
"2026_01_CHI_CAR",4327,1,"CAR","pass",-0.661811922909692
"2026_01_CHI_CAR",4350,1,"CAR","pass",2.95078533218475
"2026_01_CHI_CAR",4375,1,"CAR","pass",-0.434049400209915
"2026_01_CHI_CAR",4398,1,"CAR","pass",1.40303302748362
"2026_01_CHI_CAR",4428,1,"CAR","pass",1.88834864896489
"2026_01_CHI_CAR",4495,1,"CAR","run",0.0909794405451976
"2026_01_CHI_CAR",4523,1,"CAR","pass",2.31804566731444
"2026_01_CHI_CAR",4588,1,"CHI","run",-0.0256921366672032
"2026_01_CHI_CAR",4610,1,"CHI","run",-0.521745470003225
"2026_01_CHI_CAR",4670,1,"CHI","run",-0.439101675583515
"2026_01_CHI_CAR",4692,1,"CHI","run",4.50627999665448
"2026_01_CHI_CAR",4754,1,"CAR","run",0.429599137161858
"2026_01_CHI_CAR",4776,1,"CAR","run",0.789391792728566
"2026_01_CHI_CAR",4798,1,"CAR","run",-0.137197252362967
"2026_01_CHI_CAR",4820,1,"CAR","pass",-0.381134943338111
"2026_01_CHI_CAR",4850,1,"CAR","run",1.67775175964925
"2026_01_CHI_CAR",4872,1,"CAR","run",-0.19657052133698
"2026_01_CHI_CAR",4894,1,"CAR","run",-2.86954482109286
"2026_01_CLE_JAX",63,1,"CLE","pass",1.04551065270789
"2026_01_CLE_JAX",88,1,"CLE","run",-0.188412868184969
"2026_01_CLE_JAX",110,1,"CLE","pass",1.12737767898943
"2026_01_CLE_JAX",135,1,"CLE","run",0.179087188094854
"2026_01_CLE_JAX",157,1,"CLE","pass",-6.36176570842508
"2026_01_CLE_JAX",184,1,"JAX","run",-0.227512951241806
"2026_01_CLE_JAX",213,1,"JAX","run",0.44753257301636
"2026_01_CLE_JAX",235,1,"JAX","run",0.404034327017143
"2026_01_CLE_JAX",257,1,"JAX","run",-0.207324431277812
"2026_01_CLE_JAX",279,1,"JAX","pass",1.09801980515476
"2026_01_CLE_JAX",304,1,"JAX","run",-0.203287501819432
"2026_01_CLE_JAX",326,1,"JAX","pass",-0.722639906569384
"2026_01_CLE_JAX",349,1,"JAX","pass",3.94280672585592
"2026_01_CLE_JAX",431,1,"CLE","run",-0.194974123500288
"2026_01_CLE_JAX",453,1,"CLE","run",-0.793463407084346
"2026_01_CLE_JAX",475,1,"CLE","pass",-1.31390058994293
"2026_01_CLE_JAX",524,1,"JAX","pass",-0.567837743088603
"2026_01_CLE_JAX",554,1,"JAX","pass",1.31449349969625
"2026_01_CLE_JAX",584,1,"JAX","pass",0.14915038482286
"2026_01_CLE_JAX",643,1,"JAX","pass",0.688512726221234
"2026_01_CLE_JAX",708,1,"JAX","run",-0.754295246908441
"2026_01_CLE_JAX",751,1,"JAX","pass",2.339677444892
"2026_01_CLE_JAX",791,1,"JAX","pass",0.974142090068199
"2026_01_CLE_JAX",816,1,"JAX","run",0.315187053987756
"2026_01_CLE_JAX",838,1,"JAX","pass",1.32747722032946
"2026_01_CLE_JAX",912,1,"CLE","pass",-0.693320145364851
"2026_01_CLE_JAX",932,1,"CLE","pass",-0.618517454713583
"2026_01_CLE_JAX",962,1,"CLE","pass",-1.78555060969666
"2026_01_CLE_JAX",1037,1,"JAX","pass",0.931658236077055
"2026_01_CLE_JAX",1067,1,"JAX","pass",-0.56853772350587
"2026_01_CLE_JAX",1090,1,"JAX","run",0.406401398591697
"2026_01_CLE_JAX",1116,1,"JAX","run",-0.270126612391323
"2026_01_CLE_JAX",1138,1,"JAX","pass",0.944754002382979
"2026_01_CLE_JAX",1163,1,"JAX","run",-0.0159434324596077
"2026_01_CLE_JAX",1185,1,"JAX","run",0.777084566070698
"2026_01_CLE_JAX",1207,1,"JAX","pass",-0.527358944877051
"2026_01_CLE_JAX",1230,1,"JAX","pass",0.334312981576659
"2026_01_CLE_JAX",1255,1,"JAX","run",-1.67306082612277
"2026_01_CLE_JAX",1327,1,"CLE","run",-0.487849026918411
"2026_01_CLE_JAX",1352,1,"CLE","pass",-4.29535513045266
"2026_01_CLE_JAX",1405,1,"JAX","run",0.787544854567386
"2026_01_CLE_JAX",1427,1,"JAX","run",-0.0805895534576848
"2026_01_CLE_JAX",1449,1,"JAX","pass",-0.589464889431838
"2026_01_CLE_JAX",1472,1,"JAX","pass",1.8011950419168
"2026_01_CLE_JAX",1502,1,"JAX","pass",2.12886040459853
"2026_01_CLE_JAX",1573,1,"CLE","run",0.584061073837802
"2026_01_CLE_JAX",1595,1,"CLE","run",0.0982184635940939
"2026_01_CLE_JAX",1620,1,"CLE","pass",-0.809338915976696
"2026_01_CLE_JAX",1643,1,"CLE","pass",-0.696915322216228
"2026_01_CLE_JAX",1673,1,"CLE","run",-1.01473447796889
"2026_01_CLE_JAX",1715,1,"JAX","run",0.511553554795682
"2026_01_CLE_JAX",1744,1,"JAX","run",0.679155800957233
"2026_01_CLE_JAX",1766,1,"JAX","run",-0.452123629744165
"2026_01_CLE_JAX",1788,1,"JAX","pass",-2.00174262234941
"2026_01_CLE_JAX",1851,1,"CLE","pass",0.808282524114475
"2026_01_CLE_JAX",1876,1,"CLE","pass",0.496843194880057
"2026_01_CLE_JAX",1983,1,"CLE","pass",0.162984081194736
"2026_01_CLE_JAX",2046,1,"CLE","pass",-0.149196367536206
"2026_01_CLE_JAX",2071,1,"CLE","pass",-0.260196085029747
"2026_01_CLE_JAX",2142,1,"JAX","run",0.649881262565032
"2026_01_CLE_JAX",2188,1,"JAX","pass",1.26137215935159
"2026_01_CLE_JAX",2223,1,"JAX","run",-1.26055192155764
"2026_01_CLE_JAX",2269,1,"JAX","pass",3.79799138440285
"2026_01_CLE_JAX",2340,1,"CLE","run",-0.773887379211374
"2026_01_CLE_JAX",2362,1,"CLE","pass",-0.192897362401709
"2026_01_CLE_JAX",2387,1,"CLE","run",1.49916485988069
"2026_01_CLE_JAX",2419,1,"CLE","run",0.346276905678678
"2026_01_CLE_JAX",2441,1,"CLE","run",-0.388773373677395
"2026_01_CLE_JAX",2487,1,"CLE","pass",-1.14963255461113
"2026_01_CLE_JAX",2560,1,"JAX","pass",0.843987883301452
"2026_01_CLE_JAX",2585,1,"JAX","run",-0.589073500595987
"2026_01_CLE_JAX",2607,1,"JAX","run",0.35525253880769
"2026_01_CLE_JAX",2631,1,"JAX","run",0.597656201571226
"2026_01_CLE_JAX",2653,1,"JAX","pass",0.86816824041307
"2026_01_CLE_JAX",2683,1,"JAX","run",0.850516293663532
"2026_01_CLE_JAX",2705,1,"JAX","run",-0.759326310362667
"2026_01_CLE_JAX",2760,1,"JAX","pass",-0.747522654477507
"2026_01_CLE_JAX",2785,1,"JAX","run",0.281220775758648
"2026_01_CLE_JAX",2868,1,"CLE","pass",0.48203304503113
"2026_01_CLE_JAX",2893,1,"CLE","pass",0.647955679800361
"2026_01_CLE_JAX",2925,1,"CLE","pass",-1.08252678439021
"2026_01_CLE_JAX",2965,1,"CLE","pass",2.36632050783373
"2026_01_CLE_JAX",2990,1,"CLE","run",-0.984393395250663
"2026_01_CLE_JAX",3012,1,"CLE","pass",1.83520619338378
"2026_01_CLE_JAX",3037,1,"CLE","run",-0.193078032461926
"2026_01_CLE_JAX",3059,1,"CLE","pass",0.163808235432953
"2026_01_CLE_JAX",3084,1,"CLE","run",-0.754164027050138
"2026_01_CLE_JAX",3130,1,"CLE","run",2.58947864500806
"2026_01_CLE_JAX",3168,1,"CLE","run",-0.103200002107769
"2026_01_CLE_JAX",3240,1,"CLE","run",-0.219572487636469
"2026_01_CLE_JAX",3262,1,"CLE","pass",-1.38391352805775
"2026_01_CLE_JAX",3282,1,"CLE","pass",-3.67466900742147
"2026_01_CLE_JAX",3302,1,"JAX","run",0.508507466409355
"2026_01_CLE_JAX",3355,1,"JAX","run",0.250439477618784
"2026_01_CLE_JAX",3377,1,"JAX","run",-0.994643497979268
"2026_01_CLE_JAX",3399,1,"JAX","run",-1.43269248772413
"2026_01_CLE_JAX",3441,1,"CLE","run",0.479007733054459
"2026_01_CLE_JAX",3470,1,"CLE","run",0.689980122609995
"2026_01_CLE_JAX",3492,1,"CLE","run",0.227377378963865
"2026_01_CLE_JAX",3514,1,"CLE","pass",0.751890880346764
"2026_01_CLE_JAX",3544,1,"CLE","run",0.20962748513557
"2026_01_CLE_JAX",3566,1,"CLE","pass",4.74445131182438
"2026_01_DAL_NYG",62,1,"DAL","run",-0.374430892523378
"2026_01_DAL_NYG",84,1,"DAL","pass",-0.785034757573158
"2026_01_DAL_NYG",107,1,"DAL","pass",-0.292976391036063
"2026_01_DAL_NYG",180,1,"NYG","run",-0.251698657404631
"2026_01_DAL_NYG",202,1,"NYG","run",0.504360663238913
"2026_01_DAL_NYG",224,1,"NYG","run",0.402599351014942
"2026_01_DAL_NYG",246,1,"NYG","pass",0.890161223243922
"2026_01_DAL_NYG",304,1,"NYG","pass",-0.495520856464282
"2026_01_DAL_NYG",327,1,"NYG","run",2.88190243497957
"2026_01_DAL_NYG",370,1,"NYG","run",-0.311105340369977
"2026_01_DAL_NYG",392,1,"NYG","run",-0.303135802561883
"2026_01_DAL_NYG",414,1,"NYG","pass",2.03687417370384
"2026_01_DAL_NYG",446,1,"NYG","run",0.77871419096482
"2026_01_DAL_NYG",525,1,"DAL","run",0.0347556876949966
"2026_01_DAL_NYG",547,1,"DAL","run",-0.837553194956854
"2026_01_DAL_NYG",571,1,"DAL","pass",1.82639997452497
"2026_01_DAL_NYG",596,1,"DAL","pass",0.573565342463553
"2026_01_DAL_NYG",626,1,"DAL","run",-0.75456172390841
"2026_01_DAL_NYG",648,1,"DAL","run",0.927398849278688
"2026_01_DAL_NYG",670,1,"DAL","pass",-0.483083699829876
"2026_01_DAL_NYG",693,1,"DAL","pass",-0.0567021742463112
"2026_01_DAL_NYG",718,1,"DAL","pass",-1.59337751381099
"2026_01_DAL_NYG",772,1,"NYG","run",0.0341301555745304
"2026_01_DAL_NYG",801,1,"NYG","run",0.493690176634118
"2026_01_DAL_NYG",823,1,"NYG","pass",-0.566684918943793
"2026_01_DAL_NYG",846,1,"NYG","pass",0.946799297584221
"2026_01_DAL_NYG",931,1,"NYG","run",-0.599751976551488
"2026_01_DAL_NYG",953,1,"NYG","pass",0.295584771316499
"2026_01_DAL_NYG",978,1,"NYG","run",-1.69664131850004
"2026_01_DAL_NYG",1044,1,"DAL","run",0.706845054635778
"2026_01_DAL_NYG",1073,1,"DAL","run",0.0193192556034774
"2026_01_DAL_NYG",1097,1,"DAL","run",0.229691688669845
"2026_01_DAL_NYG",1186,1,"DAL","run",-0.283941407804377
"2026_01_DAL_NYG",1208,1,"DAL","pass",0.933485899469815
"2026_01_DAL_NYG",1233,1,"DAL","run",-0.0780851292656735
"2026_01_DAL_NYG",1291,1,"DAL","pass",0.869711147621274
"2026_01_DAL_NYG",1350,1,"DAL","run",-0.046305185649544
"2026_01_DAL_NYG",1372,1,"DAL","run",-0.391934891988058
"2026_01_DAL_NYG",1422,1,"DAL","pass",1.24799629399786
"2026_01_DAL_NYG",1504,1,"NYG","run",1.01554440497421
"2026_01_DAL_NYG",1531,1,"NYG","pass",-0.36937293887604
"2026_01_DAL_NYG",1553,1,"NYG","pass",-0.614028684096411
"2026_01_DAL_NYG",1576,1,"NYG","pass",2.04090598813491
"2026_01_DAL_NYG",1606,1,"NYG","run",-0.13254378491547
"2026_01_DAL_NYG",1628,1,"NYG","pass",1.4869617796503
"2026_01_DAL_NYG",1658,1,"NYG","pass",-0.55620632407954
"2026_01_DAL_NYG",1688,1,"NYG","run",-3.18313819996547
"2026_01_DAL_NYG",1733,1,"DAL","run",0.269170408369973
"2026_01_DAL_NYG",1769,1,"DAL","pass",-0.272685002768412
"2026_01_DAL_NYG",1793,1,"DAL","pass",0.670236457255669
"2026_01_DAL_NYG",1823,1,"DAL","pass",-0.139219211647287
"2026_01_DAL_NYG",1846,1,"DAL","pass",-0.161240986082703
"2026_01_DAL_NYG",1871,1,"DAL","pass",-1.9749853774556
"2026_01_DAL_NYG",1910,1,"NYG","pass",-0.182106687163468
"2026_01_DAL_NYG",1940,1,"NYG","pass",0.183319094823673
"2026_01_DAL_NYG",1996,1,"NYG","pass",1.67429933114909
"2026_01_DAL_NYG",2026,1,"NYG","pass",1.29534606775269
"2026_01_DAL_NYG",2056,1,"NYG","pass",0.168738031119574
"2026_01_DAL_NYG",2086,1,"NYG","pass",2.99206600856269
"2026_01_DAL_NYG",2150,1,"DAL","pass",0.0526059701514896
"2026_01_DAL_NYG",2183,1,"DAL","pass",-0.0681919342896435
"2026_01_DAL_NYG",2213,1,"DAL","run",-0.0715115060447715
"2026_01_DAL_NYG",2278,1,"NYG","run",0.046939617022872
"2026_01_DAL_NYG",2300,1,"NYG","run",0.766314896987751
"2026_01_DAL_NYG",2335,1,"NYG","pass",0.858728714752942
"2026_01_DAL_NYG",2361,1,"NYG","run",0.0854614733252674
"2026_01_DAL_NYG",2383,1,"NYG","run",-0.500728812301531
"2026_01_DAL_NYG",2405,1,"NYG","pass",1.52050329605117
"2026_01_DAL_NYG",2430,1,"NYG","run",-0.376134125632234
"2026_01_DAL_NYG",2452,1,"NYG","pass",1.13780689804116
"2026_01_DAL_NYG",2477,1,"NYG","run",-0.469114383507986
"2026_01_DAL_NYG",2506,1,"NYG","pass",1.53485097707016
"2026_01_DAL_NYG",2531,1,"NYG","run",-0.0590560401324183
"2026_01_DAL_NYG",2553,1,"NYG","pass",0.941436075314414
"2026_01_DAL_NYG",2624,1,"DAL","pass",-0.573022356722504
"2026_01_DAL_NYG",2647,1,"DAL","pass",1.38239621068351
"2026_01_DAL_NYG",2672,1,"DAL","pass",-0.53010086202994
"2026_01_DAL_NYG",2695,1,"DAL","pass",1.40756565704942
"2026_01_DAL_NYG",2720,1,"DAL","run",0.346985158743337
"2026_01_DAL_NYG",2742,1,"DAL","pass",0.832148749264888
"2026_01_DAL_NYG",2767,1,"DAL","run",0.715240965713747
"2026_01_DAL_NYG",2823,1,"DAL","run",-0.24225923063932
"2026_01_DAL_NYG",2847,1,"DAL","pass",-1.36649292689981
"2026_01_DAL_NYG",2872,1,"DAL","pass",3.0064836172387
"2026_01_DAL_NYG",2931,1,"DAL","pass",-0.26308359374525
"2026_01_DAL_NYG",2956,1,"DAL","run",0.925116025144234
"2026_01_DAL_NYG",3018,1,"NYG","run",-0.340864048339427
"2026_01_DAL_NYG",3089,1,"NYG","run",0.506391732487828
"2026_01_DAL_NYG",3111,1,"NYG","run",0.492241881554946
"2026_01_DAL_NYG",3133,1,"NYG","run",0.440933396108449
"2026_01_DAL_NYG",3155,1,"NYG","run",0.388754755374976
"2026_01_DAL_NYG",3177,1,"NYG","pass",-0.526500353706069
"2026_01_DAL_NYG",3200,1,"NYG","run",1.07048404403031
"2026_01_DAL_NYG",3241,1,"NYG","pass",-1.36352146300487
"2026_01_DAL_NYG",3273,1,"NYG","pass",0.371264695189893
"2026_01_DAL_NYG",3298,1,"NYG","pass",1.80427839921322
"2026_01_DAL_NYG",3352,1,"NYG","run",-0.218769080587663
"2026_01_DAL_NYG",3374,1,"NYG","pass",0.192003584292252
"2026_01_DAL_NYG",3399,1,"NYG","pass",2.83665788773214
"2026_01_DAL_NYG",3475,1,"DAL","pass",-0.463546012062579
"2026_01_DAL_NYG",3498,1,"DAL","pass",-0.150749936932698
"2026_01_DAL_NYG",3531,1,"DAL","pass",1.27091704052873
"2026_01_DAL_NYG",3578,1,"DAL","pass",-0.137310728663579
"2026_01_DAL_NYG",3603,1,"DAL","pass",1.01892146444879
"2026_01_DAL_NYG",3633,1,"DAL","pass",-0.456189182586968
"2026_01_DAL_NYG",3656,1,"DAL","pass",-0.736174438614398
"2026_01_DAL_NYG",3679,1,"DAL","pass",3.33088438917184
"2026_01_DAL_NYG",3720,1,"DAL","pass",2.4617516376893
"2026_01_DAL_NYG",3810,1,"NYG","run",-0.314862828236073
"2026_01_DAL_NYG",3832,1,"NYG","pass",-0.524495939142071
"2026_01_DAL_NYG",3855,1,"NYG","pass",1.53995987412054
"2026_01_DAL_NYG",3880,1,"NYG","run",-0.610445418744348
"2026_01_DAL_NYG",3926,1,"NYG","run",0.78997295408044
"2026_01_DAL_NYG",3948,1,"NYG","pass",0.36234384495765
"2026_01_DAL_NYG",3973,1,"NYG","run",1.03542615217157
"2026_01_DAL_NYG",4015,1,"NYG","run",-0.180681344761979
"2026_01_DAL_NYG",4037,1,"NYG","run",-0.120494260452688
"2026_01_DEN_KC",57,1,"DEN","pass",-0.852735723834485
"2026_01_DEN_KC",77,1,"DEN","run",-0.620761464815587
"2026_01_DEN_KC",99,1,"DEN","pass",-3.11043360037729
"2026_01_DEN_KC",126,1,"KC","run",-0.449888577917591
"2026_01_DEN_KC",148,1,"KC","run",-0.0477456350345165
"2026_01_DEN_KC",170,1,"KC","run",-1.67405246198177
"2026_01_DEN_KC",192,1,"KC","run",2.77358435874339
"2026_01_DEN_KC",220,1,"KC","pass",-0.50911909120623
"2026_01_DEN_KC",243,1,"KC","pass",0.642763306968845
"2026_01_DEN_KC",273,1,"KC","run",0.815076339931693
"2026_01_DEN_KC",301,1,"KC","run",0.70095880079316
"2026_01_DEN_KC",323,1,"KC","run",-0.0398948715301231
"2026_01_DEN_KC",379,1,"KC","run",2.81456529698335
"2026_01_DEN_KC",451,1,"DEN","run",0.327119049150497
"2026_01_DEN_KC",516,1,"DEN","pass",0.786507390905172
"2026_01_DEN_KC",541,1,"DEN","run",-0.451114709489048
"2026_01_DEN_KC",563,1,"DEN","pass",-0.27965594176203
"2026_01_DEN_KC",593,1,"DEN","pass",1.70698523381725
"2026_01_DEN_KC",618,1,"DEN","pass",0.723652808985207
"2026_01_DEN_KC",648,1,"DEN","pass",2.41528588504298
"2026_01_DEN_KC",719,1,"KC","pass",-0.531696551013738
"2026_01_DEN_KC",742,1,"KC","run",-0.530244124820456
"2026_01_DEN_KC",764,1,"KC","pass",-1.43692159838974
"2026_01_DEN_KC",807,1,"DEN","pass",-0.598074830137193
"2026_01_DEN_KC",837,1,"DEN","pass",0.741593949962407
"2026_01_DEN_KC",874,1,"DEN","run",0.797855616547167
"2026_01_DEN_KC",929,1,"DEN","pass",-0.604387130588293
"2026_01_DEN_KC",974,1,"DEN","run",-0.502447178587317
"2026_01_DEN_KC",996,1,"DEN","pass",0.0615143980830908
"2026_01_DEN_KC",1047,1,"KC","run",0.74920791038312
"2026_01_DEN_KC",1069,1,"KC","pass",-0.561907757772133
"2026_01_DEN_KC",1092,1,"KC","run",0.550588079961017
"2026_01_DEN_KC",1118,1,"KC","pass",0.0965901676099747
"2026_01_DEN_KC",1143,1,"KC","pass",-0.847028278978541
"2026_01_DEN_KC",1187,1,"KC","pass",-1.60270352917723
"2026_01_DEN_KC",1230,1,"DEN","pass",0.212513482198119
"2026_01_DEN_KC",1262,1,"DEN","pass",-0.715763691812754
"2026_01_DEN_KC",1301,1,"DEN","pass",-1.01100282464176
"2026_01_DEN_KC",1346,1,"KC","run",-0.486899975687265
"2026_01_DEN_KC",1375,1,"KC","pass",-0.641054221894592
"2026_01_DEN_KC",1398,1,"KC","run",1.62746754405089
"2026_01_DEN_KC",1420,1,"KC","run",0.464054929325357
"2026_01_DEN_KC",1442,1,"KC","run",-0.468686671927571
"2026_01_DEN_KC",1467,1,"KC","pass",-1.70398776978254
"2026_01_DEN_KC",1547,1,"DEN","run",-0.158298062626272
"2026_01_DEN_KC",1576,1,"DEN","pass",0.442333024693653
"2026_01_DEN_KC",1601,1,"DEN","pass",-1.49480864242651
"2026_01_DEN_KC",1642,1,"KC","pass",-0.495107494527474
"2026_01_DEN_KC",1665,1,"KC","pass",-0.604036607779562
"2026_01_DEN_KC",1688,1,"KC","pass",1.82104722911026
"2026_01_DEN_KC",1725,1,"KC","run",1.60577661986463
"2026_01_DEN_KC",1752,1,"KC","run",-0.152585272677243
"2026_01_DEN_KC",1774,1,"KC","pass",0.435155155893881
"2026_01_DEN_KC",1799,1,"KC","run",0.662532783811912
"2026_01_DEN_KC",1821,1,"KC","pass",0.793193971767323
"2026_01_DEN_KC",1865,1,"KC","pass",-0.15648224906181
"2026_01_DEN_KC",1897,1,"KC","pass",2.52701978973346
"2026_01_DEN_KC",1978,1,"DEN","pass",-0.822154125664383
"2026_01_DEN_KC",1998,1,"DEN","pass",0.343794910237193
"2026_01_DEN_KC",2030,1,"DEN","pass",-0.750243244692683
"2026_01_DEN_KC",2084,1,"KC","pass",0.0122559278970584
"2026_01_DEN_KC",2113,1,"KC","run",-0.052620135131292
"2026_01_DEN_KC",2183,1,"KC","run",-0.524777852231637
"2026_01_DEN_KC",2205,1,"KC","run",-0.530327228829265
"2026_01_DEN_KC",2227,1,"KC","pass",-0.401201820466667
"2026_01_DEN_KC",2252,1,"KC","run",6.60787701187655
"2026_01_DEN_KC",2326,1,"DEN","run",1.15838358062319
"2026_01_DEN_KC",2353,1,"DEN","run",-0.304606373654678
"2026_01_DEN_KC",2375,1,"DEN","run",-0.028718214482069
"2026_01_DEN_KC",2430,1,"DEN","pass",-1.77015203563496
"2026_01_DEN_KC",2531,1,"KC","pass",-5.77821873407811
"2026_01_DEN_KC",2603,1,"DEN","pass",0.0690576676279306
"2026_01_DEN_KC",2628,1,"DEN","pass",-1.48931231722236
"2026_01_DEN_KC",2673,1,"DEN","run",-0.235494835656302
"2026_01_DEN_KC",2750,1,"KC","run",-0.525277602253482
"2026_01_DEN_KC",2772,1,"KC","run",-0.434654763434082
"2026_01_DEN_KC",2794,1,"KC","pass",5.10351762815844
"2026_01_DEN_KC",2819,1,"KC","run",-0.81326201785123
"2026_01_DEN_KC",2841,1,"KC","run",-0.740601955389138
"2026_01_DEN_KC",2870,1,"KC","pass",-1.63753837951517
"2026_01_DEN_KC",2945,1,"DEN","run",-0.334384886082262
"2026_01_DEN_KC",2967,1,"DEN","pass",1.06169728375971
"2026_01_DEN_KC",2997,1,"DEN","run",-0.0454826604109257
"2026_01_DEN_KC",3055,1,"DEN","pass",-0.826825960539281
"2026_01_DEN_KC",3078,1,"DEN","pass",-3.49257845466491
"2026_01_DEN_KC",3115,1,"KC","pass",-0.493152404902503
"2026_01_DEN_KC",3138,1,"KC","pass",-0.0157360857119784
"2026_01_DEN_KC",3183,1,"KC","pass",3.11270825273823
"2026_01_DEN_KC",3219,1,"KC","pass",0.670812402735464
"2026_01_DEN_KC",3290,1,"DEN","pass",-0.555383335333318
"2026_01_DEN_KC",3313,1,"DEN","pass",-0.459340706467628
"2026_01_DEN_KC",3338,1,"DEN","pass",-1.22084597079083
"2026_01_DEN_KC",3405,1,"KC","run",-0.575853992719203
"2026_01_DEN_KC",3434,1,"KC","run",1.29388328059576
"2026_01_DEN_KC",3456,1,"KC","run",-0.521450520027429
"2026_01_DEN_KC",3478,1,"KC","run",0.441469001583755
"2026_01_DEN_KC",3500,1,"KC","pass",0.854638594668359
"2026_01_DEN_KC",3558,1,"KC","pass",1.20665700361133
"2026_01_DEN_KC",3583,1,"KC","run",-0.259373355191201
"2026_01_DEN_KC",3605,1,"KC","pass",-2.16229825140908
"2026_01_DEN_KC",3667,1,"DEN","run",0.0352387560997158
"2026_01_DEN_KC",3696,1,"DEN","pass",0.475962647469714
"2026_01_DEN_KC",3721,1,"DEN","run",-1.07315548765473
"2026_01_DEN_KC",3748,1,"DEN","pass",-0.640405292157084
"2026_01_DEN_KC",3815,1,"DEN","pass",0.0201174358371645
"2026_01_DEN_KC",3845,1,"DEN","pass",-2.74830406502588
"2026_01_DEN_KC",3920,1,"KC","run",0.264895157830324
"2026_01_DEN_KC",3942,1,"KC","run",-0.420000679907389
"2026_01_DEN_KC",3964,1,"KC","run",0.802671776938951
"2026_01_DEN_KC",3992,1,"KC","run",-0.101230016472982
"2026_01_GB_MIN",56,1,"MIN","run",-0.773745886050165
"2026_01_GB_MIN",78,1,"MIN","pass",-4.07392876828089
"2026_01_GB_MIN",105,1,"GB","pass",-0.569342168513685
"2026_01_GB_MIN",128,1,"GB","run",1.56907449406572
"2026_01_GB_MIN",174,1,"GB","run",-0.260290032252669
"2026_01_GB_MIN",196,1,"GB","pass",-1.01994917262346
"2026_01_GB_MIN",219,1,"GB","pass",-1.12589277004413
"2026_01_GB_MIN",292,1,"MIN","pass",-0.588620446622372
"2026_01_GB_MIN",315,1,"MIN","run",-0.121736325323582
"2026_01_GB_MIN",337,1,"MIN","pass",1.526659731986
"2026_01_GB_MIN",362,1,"MIN","run",-1.19763249135576
"2026_01_GB_MIN",384,1,"MIN","run",-0.00386520405299962
"2026_01_GB_MIN",454,1,"MIN","pass",-0.768326666671783
"2026_01_GB_MIN",499,1,"GB","pass",-0.652302502188832
"2026_01_GB_MIN",531,1,"GB","pass",7.04944831971079
"2026_01_GB_MIN",658,1,"MIN","run",-0.552936323452741
"2026_01_GB_MIN",680,1,"MIN","pass",-0.564078697469085
"2026_01_GB_MIN",705,1,"MIN","run",2.29486302798614
"2026_01_GB_MIN",741,1,"MIN","run",-0.229418505914509
"2026_01_GB_MIN",770,1,"MIN","pass",-0.867967612342909
"2026_01_GB_MIN",793,1,"MIN","pass",1.83518259203993
"2026_01_GB_MIN",818,1,"MIN","run",0.484389052959159
"2026_01_GB_MIN",845,1,"MIN","run",0.282635494251736
"2026_01_GB_MIN",867,1,"MIN","run",-0.120884282980114
"2026_01_GB_MIN",889,1,"MIN","run",-0.479078603675589
"2026_01_GB_MIN",911,1,"MIN","pass",-1.61959420291934
"2026_01_GB_MIN",977,1,"GB","run",0.0287288471590728
"2026_01_GB_MIN",1001,1,"GB","run",-1.22596730710939
"2026_01_GB_MIN",1026,1,"GB","pass",2.11620021949057
"2026_01_GB_MIN",1051,1,"GB","pass",-0.476446980377659
"2026_01_GB_MIN",1074,1,"GB","run",-0.619291064795107
"2026_01_GB_MIN",1116,1,"GB","pass",-0.687864248058759
"2026_01_GB_MIN",1213,1,"MIN","run",0.562779656611383
"2026_01_GB_MIN",1235,1,"MIN","run",-0.448771446710452
"2026_01_GB_MIN",1257,1,"MIN","run",0.52447288366966
"2026_01_GB_MIN",1279,1,"MIN","run",-0.517052591778338
"2026_01_GB_MIN",1301,1,"MIN","pass",-0.883685847977176
"2026_01_GB_MIN",1324,1,"MIN","pass",-1.62547256168909
"2026_01_GB_MIN",1369,1,"GB","pass",1.85787334199995
"2026_01_GB_MIN",1401,1,"GB","run",-0.427549756132066
"2026_01_GB_MIN",1423,1,"GB","pass",-0.826491662068292
"2026_01_GB_MIN",1446,1,"GB","pass",-1.01500061713159
"2026_01_GB_MIN",1491,1,"MIN","run",0.273635498713702
"2026_01_GB_MIN",1522,1,"MIN","run",-0.904232318047434
"2026_01_GB_MIN",1544,1,"MIN","pass",-1.63959313137457
"2026_01_GB_MIN",1618,1,"GB","pass",-0.522873912006617
"2026_01_GB_MIN",1674,1,"GB","pass",-0.90747296763584
"2026_01_GB_MIN",1697,1,"GB","pass",-0.982061370508745
"2026_01_GB_MIN",1751,1,"MIN","pass",-1.37817230494693
"2026_01_GB_MIN",1802,1,"MIN","pass",-0.180729320738465
"2026_01_GB_MIN",1827,1,"MIN","pass",3.11711949680466
"2026_01_GB_MIN",1863,1,"MIN","run",-0.084097339946311
"2026_01_GB_MIN",1885,1,"MIN","pass",-0.609338851820212
"2026_01_GB_MIN",1908,1,"MIN","pass",1.50508722208906
"2026_01_GB_MIN",1933,1,"MIN","pass",3.79709144320805
"2026_01_GB_MIN",2026,1,"GB","run",-0.221839355072007
"2026_01_GB_MIN",2048,1,"GB","pass",1.39562072529225
"2026_01_GB_MIN",2073,1,"GB","pass",-0.262721083650831
"2026_01_GB_MIN",2096,1,"GB","pass",0.996042763523292
"2026_01_GB_MIN",2121,1,"GB","pass",2.31143407570198
"2026_01_GB_MIN",2162,1,"GB","run",0.275851127080387
"2026_01_GB_MIN",2184,1,"GB","pass",1.59940832745633
"2026_01_GB_MIN",2326,1,"GB","run",0.890389798209071
"2026_01_GB_MIN",2348,1,"GB","pass",0.770173053722829
"2026_01_GB_MIN",2373,1,"GB","run",-0.796998325269669
"2026_01_GB_MIN",2395,1,"GB","pass",-0.907289751805365
"2026_01_GB_MIN",2418,1,"GB","run",-1.21902185445651
"2026_01_GB_MIN",2459,1,"MIN","pass",-0.541794462827966
"2026_01_GB_MIN",2499,1,"MIN","run",-0.51403801003471
"2026_01_GB_MIN",2521,1,"MIN","pass",-1.65761630889028
"2026_01_GB_MIN",2570,1,"GB","pass",0.891466982197016
"2026_01_GB_MIN",2607,1,"GB","run",0.259974983055145
"2026_01_GB_MIN",2629,1,"GB","run",0.402413717936724
"2026_01_GB_MIN",2651,1,"GB","run",-0.556534922216088
"2026_01_GB_MIN",2673,1,"GB","run",-0.163752920459956
"2026_01_GB_MIN",2695,1,"GB","pass",1.51211953093298
"2026_01_GB_MIN",2720,1,"GB","run",-0.4728655773215
"2026_01_GB_MIN",2742,1,"GB","pass",3.48335477989167
"2026_01_GB_MIN",2767,1,"GB","run",-0.691507459268905
"2026_01_GB_MIN",2789,1,"GB","pass",-0.715094108134508
"2026_01_GB_MIN",2812,1,"GB","pass",-1.2158560215365
"2026_01_GB_MIN",2892,1,"MIN","pass",0.690871158847585
"2026_01_GB_MIN",2917,1,"MIN","run",-0.515266800881363
"2026_01_GB_MIN",2939,1,"MIN","run",0.542821971932426
"2026_01_GB_MIN",2961,1,"MIN","pass",-0.48007119866088
"2026_01_GB_MIN",2984,1,"MIN","run",-0.754646645858884
"2026_01_GB_MIN",3006,1,"MIN","pass",3.09579677961301
"2026_01_GB_MIN",3072,1,"GB","run",0.0585524037014693
"2026_01_GB_MIN",3094,1,"GB","pass",0.629595441510901
"2026_01_GB_MIN",3119,1,"GB","pass",-1.44252931443043
"2026_01_GB_MIN",3164,1,"GB","pass",3.49045452952851
"2026_01_GB_MIN",3189,1,"GB","run",-0.156281309900805
"2026_01_GB_MIN",3213,1,"GB","pass",-0.636389682651497
"2026_01_GB_MIN",3236,1,"GB","pass",-1.21714895660989
"2026_01_GB_MIN",3290,1,"GB","run",-4.35180443932768
"2026_01_GB_MIN",3344,1,"MIN","pass",0.430680156685412
"2026_01_GB_MIN",3369,1,"MIN","run",-0.00718549801968038
"2026_01_GB_MIN",3391,1,"MIN","pass",-1.65853106044233
"2026_01_GB_MIN",3442,1,"MIN","run",-0.0693595197517425
"2026_01_GB_MIN",3464,1,"MIN","pass",-0.53091444936581
"2026_01_GB_MIN",3523,1,"MIN","run",1.67413893132471
"2026_01_GB_MIN",3545,1,"MIN","pass",0.190456180484034
"2026_01_GB_MIN",3570,1,"MIN","run",-0.963128703238908
"2026_01_GB_MIN",3630,1,"MIN","run",0.91157144337194
"2026_01_GB_MIN",3697,1,"GB","run",-1.33095537917688
"2026_01_GB_MIN",3724,1,"GB","pass",-1.00918606808409
"2026_01_GB_MIN",3754,1,"GB","pass",-5.84355550506734
"2026_01_GB_MIN",3784,1,"MIN","run",0.56244787023752
"2026_01_GB_MIN",3852,1,"GB","pass",0.470721763093024
"2026_01_GB_MIN",3877,1,"GB","pass",-6.60902274830732
"2026_01_GB_MIN",3909,1,"MIN","run",-0.465852112683933
"2026_01_GB_MIN",3934,1,"MIN","run",-0.427355727995746
"2026_01_GB_MIN",3963,1,"MIN","pass",2.94530789501732
"2026_01_GB_MIN",4023,1,"GB","pass",-0.534662779071368
"2026_01_GB_MIN",4046,1,"GB","pass",1.36536495515611
"2026_01_GB_MIN",4071,1,"GB","pass",-1.09250039490871
"2026_01_GB_MIN",4110,1,"GB","pass",1.87004261510447
"2026_01_GB_MIN",4135,1,"GB","pass",-0.468834761180915
"2026_01_GB_MIN",4158,1,"GB","pass",0.305595368496142
"2026_01_GB_MIN",4183,1,"GB","pass",1.13192783255363
"2026_01_GB_MIN",4208,1,"GB","pass",-0.51332720508799
"2026_01_GB_MIN",4238,1,"GB","pass",0.545924122503493
"2026_01_GB_MIN",4263,1,"GB","pass",-1.58187881822232
"2026_01_GB_MIN",4286,1,"GB","pass",-3.66071927163284
"2026_01_GB_MIN",4309,1,"MIN","run",-0.63855187734589
"2026_01_MIA_LV",62,1,"MIA","run",-0.0759375486522913
"2026_01_MIA_LV",84,1,"MIA","run",0.817078109364957
"2026_01_MIA_LV",111,1,"MIA","run",-1.01505767926574
"2026_01_MIA_LV",133,1,"MIA","pass",0.120382512919605
"2026_01_MIA_LV",158,1,"MIA","pass",2.14040739787742
"2026_01_MIA_LV",183,1,"MIA","run",-0.565376506885514
"2026_01_MIA_LV",205,1,"MIA","pass",-0.884799868799746
"2026_01_MIA_LV",252,1,"MIA","run",-0.970811216160655
"2026_01_MIA_LV",315,1,"LV","run",0.742575965588912
"2026_01_MIA_LV",337,1,"LV","run",-0.173145203851163
"2026_01_MIA_LV",359,1,"LV","run",-0.993756381329149
"2026_01_MIA_LV",381,1,"LV","pass",2.02357515785843
"2026_01_MIA_LV",411,1,"LV","pass",0.181956221349537
"2026_01_MIA_LV",436,1,"LV","pass",0.54096750356257
"2026_01_MIA_LV",461,1,"LV","pass",0.707098898477852
"2026_01_MIA_LV",486,1,"LV","pass",-0.525498485658318
"2026_01_MIA_LV",516,1,"LV","pass",-0.0335369072854519
"2026_01_MIA_LV",546,1,"LV","run",-0.637159452075139
"2026_01_MIA_LV",568,1,"LV","run",1.84822383732535
"2026_01_MIA_LV",590,1,"LV","pass",0.127842547022738
"2026_01_MIA_LV",647,1,"LV","run",0.72346463194117
"2026_01_MIA_LV",669,1,"LV","run",-0.166499845334329
"2026_01_MIA_LV",696,1,"LV","pass",-0.335354156210087
"2026_01_MIA_LV",721,1,"LV","pass",2.55880875175353
"2026_01_MIA_LV",792,1,"MIA","run",-0.319245357066393
"2026_01_MIA_LV",814,1,"MIA","pass",-1.76514787459746
"2026_01_MIA_LV",854,1,"MIA","pass",0.151007911190391
"2026_01_MIA_LV",905,1,"LV","run",-1.40319908829406
"2026_01_MIA_LV",934,1,"LV","pass",-0.520057792309672
"2026_01_MIA_LV",959,1,"LV","pass",2.57617446733639
"2026_01_MIA_LV",998,1,"LV","run",0.52143437974155
"2026_01_MIA_LV",1020,1,"LV","run",0.584108476992697
"2026_01_MIA_LV",1042,1,"LV","run",-0.329621064011008
"2026_01_MIA_LV",1064,1,"LV","pass",-0.750253529055044
"2026_01_MIA_LV",1087,1,"LV","pass",-0.871700898209834
"2026_01_MIA_LV",1217,1,"MIA","pass",-0.540670725982636
"2026_01_MIA_LV",1240,1,"MIA","run",1.19760842365213
"2026_01_MIA_LV",1262,1,"MIA","pass",0.327275566756725
"2026_01_MIA_LV",1287,1,"MIA","run",0.339528626995161
"2026_01_MIA_LV",1309,1,"MIA","run",-0.425150627270341
"2026_01_MIA_LV",1331,1,"MIA","pass",1.31337607791647
"2026_01_MIA_LV",1457,1,"MIA","pass",-0.589103923877701
"2026_01_MIA_LV",1489,1,"MIA","pass",2.10375586827286
"2026_01_MIA_LV",1519,1,"MIA","run",-1.899617470162
"2026_01_MIA_LV",1606,1,"LV","run",0.484832663845737
"2026_01_MIA_LV",1628,1,"LV","run",0.948803893465083
"2026_01_MIA_LV",1650,1,"LV","run",0.514467785542365
"2026_01_MIA_LV",1672,1,"LV","pass",0.483235879917629
"2026_01_MIA_LV",1704,1,"LV","pass",-0.453797545807902
"2026_01_MIA_LV",1727,1,"LV","pass",-0.549570429953746
"2026_01_MIA_LV",1752,1,"LV","pass",3.25431277311873
"2026_01_MIA_LV",1830,1,"MIA","pass",-0.28074141649995
"2026_01_MIA_LV",1853,1,"MIA","run",-0.13926034088945
"2026_01_MIA_LV",1875,1,"MIA","pass",0.948792113747913
"2026_01_MIA_LV",1912,1,"MIA","pass",-0.451402913837228
"2026_01_MIA_LV",1935,1,"MIA","pass",1.55094302610421
"2026_01_MIA_LV",2029,1,"LV","run",-0.260353579651564
"2026_01_MIA_LV",2051,1,"LV","pass",-4.65861296537332
"2026_01_MIA_LV",2078,1,"MIA","pass",1.7601014347747
"2026_01_MIA_LV",2108,1,"MIA","pass",0.760169485933147
"2026_01_MIA_LV",2205,1,"MIA","run",0.302749629248865
"2026_01_MIA_LV",2227,1,"MIA","run",2.31495147501118
"2026_01_MIA_LV",2310,1,"LV","run",-0.0497426837682724
"2026_01_MIA_LV",2332,1,"LV","pass",1.72546495997813
"2026_01_MIA_LV",2357,1,"LV","run",0.372103694593534
"2026_01_MIA_LV",2384,1,"LV","run",0.13010935659986
"2026_01_MIA_LV",2406,1,"LV","pass",1.58040107041597
"2026_01_MIA_LV",2477,1,"MIA","pass",-0.635939047206193
"2026_01_MIA_LV",2500,1,"MIA","pass",-2.29624688462354
"2026_01_MIA_LV",2527,1,"LV","run",-0.00881548807956278
"2026_01_MIA_LV",2556,1,"LV","run",0.681598073337227
"2026_01_MIA_LV",2578,1,"LV","pass",-0.514124996960163
"2026_01_MIA_LV",2601,1,"LV","run",1.40122106228955
"2026_01_MIA_LV",2623,1,"LV","run",-0.205942515749484
"2026_01_MIA_LV",2645,1,"LV","pass",1.31249439553358
"2026_01_MIA_LV",2670,1,"LV","run",0.289482931839302
"2026_01_MIA_LV",2692,1,"LV","run",-0.689657585229725
"2026_01_MIA_LV",2714,1,"LV","run",0.962771285208873
"2026_01_MIA_LV",2736,1,"LV","pass",-0.470125098130666
"2026_01_MIA_LV",2759,1,"LV","run",-1.10499422333669
"2026_01_MIA_LV",2781,1,"LV","pass",-0.880629888328258
"2026_01_MIA_LV",2897,1,"MIA","run",-0.23421199421864
"2026_01_MIA_LV",2919,1,"MIA","run",-0.44099357468076
"2026_01_MIA_LV",2941,1,"MIA","pass",-2.01400775288977
"2026_01_MIA_LV",2982,1,"LV","pass",-0.569286547601223
"2026_01_MIA_LV",3032,1,"LV","pass",-0.812992285937071
"2026_01_MIA_LV",3055,1,"LV","pass",-0.773553832899779
"2026_01_MIA_LV",3098,1,"MIA","pass",-0.229087608866394
"2026_01_MIA_LV",3123,1,"MIA","pass",-0.795324773527682
"2026_01_MIA_LV",3146,1,"MIA","pass",-1.63198340963572
"2026_01_MIA_LV",3257,1,"LV","run",-1.21291116415523
"2026_01_MIA_LV",3279,1,"LV","pass",-4.65061908168718
"2026_01_MIA_LV",3318,1,"MIA","pass",-0.517660136101767
"2026_01_MIA_LV",3348,1,"MIA","pass",-0.850149285513908
"2026_01_MIA_LV",3371,1,"MIA","pass",-2.23234087787569
"2026_01_MIA_LV",3411,1,"LV","run",-0.588022513315082
"2026_01_MIA_LV",3440,1,"LV","run",-0.453464101999998
"2026_01_MIA_LV",3467,1,"LV","pass",1.74411920690909
"2026_01_MIA_LV",3504,1,"LV","run",-0.249290024163201
"2026_01_MIA_LV",3526,1,"LV","pass",-1.05354272946715
"2026_01_MIA_LV",3551,1,"LV","run",-1.52180895698257
"2026_01_MIA_LV",3645,1,"MIA","run",-0.900913973804563
"2026_01_MIA_LV",3667,1,"MIA","pass",2.7159631276736
"2026_01_MIA_LV",3692,1,"MIA","pass",-0.457319156674203
"2026_01_MIA_LV",3718,1,"MIA","run",-0.664369888894726
"2026_01_MIA_LV",3740,1,"MIA","pass",-1.63460562098771
"2026_01_MIA_LV",3787,1,"MIA","pass",-2.51775978785008
"2026_01_MIA_LV",3810,1,"LV","run",-0.456410652957857
"2026_01_MIA_LV",3832,1,"LV","run",-1.36131448077504
"2026_01_MIA_LV",3861,1,"LV","run",-1.23782874969766
"2026_01_MIA_LV",3950,1,"MIA","pass",-0.0846436445135623
"2026_01_MIA_LV",4050,1,"MIA","pass",-0.8747193479212
"2026_01_MIA_LV",4070,1,"MIA","run",0.114422243088484
"2026_01_MIA_LV",4097,1,"MIA","pass",-1.83840708923526
"2026_01_NE_SEA",64,1,"SEA","run",1.11155571811832
"2026_01_NE_SEA",86,1,"SEA","pass",0.825319406343624
"2026_01_NE_SEA",135,1,"SEA","run",0.277094580931589
"2026_01_NE_SEA",157,1,"SEA","pass",-0.849787754705176
"2026_01_NE_SEA",180,1,"SEA","pass",-2.05167769873515
"2026_01_NE_SEA",227,1,"NE","run",-0.198198371334001
"2026_01_NE_SEA",249,1,"NE","run",1.06336008245125
"2026_01_NE_SEA",271,1,"NE","run",-0.49378530215472
"2026_01_NE_SEA",298,1,"NE","run",-0.173502600751817
"2026_01_NE_SEA",320,1,"NE","run",2.1500509204343
"2026_01_NE_SEA",358,1,"NE","run",0.407657362520695
"2026_01_NE_SEA",385,1,"NE","run",-1.4977269123774
"2026_01_NE_SEA",407,1,"NE","pass",-1.54113255278207
"2026_01_NE_SEA",460,1,"SEA","run",-0.24861858645454
"2026_01_NE_SEA",482,1,"SEA","run",0.865844305139035
"2026_01_NE_SEA",505,1,"SEA","pass",0.857515569310635
"2026_01_NE_SEA",535,1,"SEA","run",-0.732435729820281
"2026_01_NE_SEA",557,1,"SEA","run",-1.36344748083502
"2026_01_NE_SEA",613,1,"NE","pass",0.948128363117576
"2026_01_NE_SEA",638,1,"NE","run",-0.058844109531492
"2026_01_NE_SEA",660,1,"NE","pass",0.330379623221233
"2026_01_NE_SEA",690,1,"NE","run",-0.131486904108897
"2026_01_NE_SEA",712,1,"NE","run",-2.11557504395023
"2026_01_NE_SEA",761,1,"SEA","run",0.822044737637043
"2026_01_NE_SEA",788,1,"SEA","run",-0.506458680611104
"2026_01_NE_SEA",813,1,"SEA","run",-0.310742969159037
"2026_01_NE_SEA",855,1,"SEA","pass",-1.39599607512355
"2026_01_NE_SEA",898,1,"NE","run",0.495923278387636
"2026_01_NE_SEA",920,1,"NE","run",-0.811958865262568
"2026_01_NE_SEA",942,1,"NE","pass",1.16022339463234
"2026_01_NE_SEA",972,1,"NE","pass",0.7008348449599
"2026_01_NE_SEA",997,1,"NE","run",-0.452754139201716
"2026_01_NE_SEA",1019,1,"NE","run",-0.0390160935930908
"2026_01_NE_SEA",1046,1,"NE","pass",1.21092817746103
"2026_01_NE_SEA",1071,1,"NE","run",-0.201182584976777
"2026_01_NE_SEA",1093,1,"NE","pass",0.143076170468703
"2026_01_NE_SEA",1152,1,"NE","pass",0.840626145160059
"2026_01_NE_SEA",1225,1,"SEA","pass",0.330518778879195
"2026_01_NE_SEA",1255,1,"SEA","run",0.639518844429404
"2026_01_NE_SEA",1277,1,"SEA","pass",-1.30798680661246
"2026_01_NE_SEA",1321,1,"SEA","pass",-0.495698593556881
"2026_01_NE_SEA",1370,1,"SEA","pass",1.10187805688474
"2026_01_NE_SEA",1450,1,"NE","run",-0.184078906429932
"2026_01_NE_SEA",1479,1,"NE","pass",-0.115717191016302
"2026_01_NE_SEA",1504,1,"NE","pass",1.57226175477263
"2026_01_NE_SEA",1529,1,"NE","run",-0.49678151414264
"2026_01_NE_SEA",1551,1,"NE","run",1.20853252557572
"2026_01_NE_SEA",1585,1,"NE","pass",-0.365672100102529
"2026_01_NE_SEA",1611,1,"NE","pass",0.148507287842222
"2026_01_NE_SEA",1636,1,"NE","run",-1.06506459962111
"2026_01_NE_SEA",1685,1,"SEA","run",-0.0167272030957974
"2026_01_NE_SEA",1714,1,"SEA","run",-0.108457126363646
"2026_01_NE_SEA",1755,1,"SEA","pass",0.368728844914585
"2026_01_NE_SEA",1780,1,"SEA","pass",-0.116012300073635
"2026_01_NE_SEA",1812,1,"SEA","pass",-0.0342817474738695
"2026_01_NE_SEA",1859,1,"SEA","run",-0.0417848749202676
"2026_01_NE_SEA",1934,1,"NE","pass",0.817019200883806
"2026_01_NE_SEA",1959,1,"NE","pass",-0.525732577312738
"2026_01_NE_SEA",1987,1,"NE","run",0.0137322687078267
"2026_01_NE_SEA",2009,1,"NE","pass",-1.86249101976864
"2026_01_NE_SEA",2073,1,"NE","run",-0.568323701387271
"2026_01_NE_SEA",2095,1,"NE","pass",-0.845830118283629
"2026_01_NE_SEA",2120,1,"NE","pass",-0.68645065406419
"2026_01_NE_SEA",2213,1,"SEA","pass",0.749239580938593
"2026_01_NE_SEA",2238,1,"SEA","run",-1.03444892261177
"2026_01_NE_SEA",2260,1,"SEA","pass",-0.986895714886487
"2026_01_NE_SEA",2307,1,"SEA","pass",-1.06091902474873
"2026_01_NE_SEA",2359,1,"NE","run",-1.19269788009115
"2026_01_NE_SEA",2381,1,"NE","pass",-0.402597767766565
"2026_01_NE_SEA",2406,1,"NE","pass",-0.495809633750468
"2026_01_NE_SEA",2488,1,"SEA","pass",-0.280626444728114
"2026_01_NE_SEA",2513,1,"SEA","pass",-0.416528925881721
"2026_01_NE_SEA",2550,1,"SEA","pass",2.55324692372233
"2026_01_NE_SEA",2575,1,"SEA","run",-0.451220426766668
"2026_01_NE_SEA",2597,1,"SEA","run",-0.192708835646044
"2026_01_NE_SEA",2656,1,"SEA","pass",-1.07759076844072
"2026_01_NE_SEA",2753,1,"NE","pass",1.47770877624862
"2026_01_NE_SEA",2783,1,"NE","run",-0.516885265242308
"2026_01_NE_SEA",2838,1,"NE","pass",0.300744827836752
"2026_01_NE_SEA",2863,1,"NE","pass",1.82441800227389
"2026_01_NE_SEA",2908,1,"NE","run",-0.518535734852776
"2026_01_NE_SEA",2945,1,"NE","pass",-3.89244564413093
"2026_01_NE_SEA",2972,1,"SEA","pass",0.918906453298405
"2026_01_NE_SEA",3002,1,"SEA","run",-0.0690499433549121
"2026_01_NE_SEA",3024,1,"SEA","run",0.175180873484351
"2026_01_NE_SEA",3046,1,"SEA","run",-1.58832101826556
"2026_01_NE_SEA",3070,1,"SEA","pass",6.13608333515003
"2026_01_NE_SEA",3152,1,"NE","run",0.372621412621811
"2026_01_NE_SEA",3174,1,"NE","run",0.472898597130552
"2026_01_NE_SEA",3196,1,"NE","run",-1.26268016616814
"2026_01_NE_SEA",3218,1,"NE","pass",-0.756474453490227
"2026_01_NE_SEA",3241,1,"NE","pass",-1.91700228874106
"2026_01_NE_SEA",3273,1,"SEA","run",-0.245866484707221
"2026_01_NE_SEA",3300,1,"SEA","pass",0.993143794359639
"2026_01_NE_SEA",3330,1,"SEA","pass",0.884397905087098
"2026_01_NE_SEA",3360,1,"SEA","pass",0.565966888796538
"2026_01_NE_SEA",3409,1,"SEA","run",1.73395041114418
"2026_01_NE_SEA",3460,1,"SEA","pass",-0.796233873697929
"2026_01_NE_SEA",3483,1,"SEA","pass",-1.04626090595221
"2026_01_NE_SEA",3589,1,"NE","pass",-0.506427427520975
"2026_01_NE_SEA",3609,1,"NE","pass",1.45118588826153
"2026_01_NE_SEA",3634,1,"NE","pass",-1.32093957613688
"2026_01_NE_SEA",3657,1,"NE","run",2.00023593788501
"2026_01_NE_SEA",3684,1,"NE","run",0.815812118991744
"2026_01_NE_SEA",3740,1,"NE","pass",-0.624519902630709
"2026_01_NE_SEA",3765,1,"NE","pass",-0.656519694835879
"2026_01_NE_SEA",3785,1,"NE","pass",-0.603564326069318
"2026_01_NE_SEA",3810,1,"NE","pass",2.42490030504996
"2026_01_NE_SEA",3854,1,"NE","run",-0.733056870638393
"2026_01_NE_SEA",3883,1,"NE","pass",0.0687830519163981
"2026_01_NE_SEA",3908,1,"NE","run",0.987571089877747
"2026_01_NE_SEA",3944,1,"NE","pass",-0.885519482893869
"2026_01_NE_SEA",3964,1,"NE","pass",0.630582676327322
"2026_01_NE_SEA",4006,1,"NE","pass",-2.66681623412296
"2026_01_NO_DET",66,1,"DET","run",-0.315992350690067
"2026_01_NO_DET",88,1,"DET","pass",0.652588262222707
"2026_01_NO_DET",127,1,"DET","run",-2.82510716514662
"2026_01_NO_DET",175,1,"NO","run",-0.652344696689397
"2026_01_NO_DET",197,1,"NO","pass",1.0503938831389
"2026_01_NO_DET",227,1,"NO","run",0.378751775249839
"2026_01_NO_DET",249,1,"NO","pass",0.281748224515468
"2026_01_NO_DET",279,1,"NO","run",-0.483457307796925
"2026_01_NO_DET",301,1,"NO","pass",-1.90068854391575
"2026_01_NO_DET",353,1,"DET","run",-0.438515551388264
"2026_01_NO_DET",382,1,"DET","run",-0.475648881867528
"2026_01_NO_DET",404,1,"DET","pass",1.53676726482809
"2026_01_NO_DET",429,1,"DET","pass",0.830891897436231
"2026_01_NO_DET",454,1,"DET","pass",-0.571687055751681
"2026_01_NO_DET",501,1,"DET","pass",2.05485660163686
"2026_01_NO_DET",526,1,"DET","run",0.163897797698155
"2026_01_NO_DET",548,1,"DET","run",1.58340219245292
"2026_01_NO_DET",573,1,"DET","run",0.541965799522586
"2026_01_NO_DET",602,1,"DET","run",-0.467260011704639
"2026_01_NO_DET",624,1,"DET","pass",-0.795998645480722
"2026_01_NO_DET",647,1,"DET","pass",2.43639869539766
"2026_01_NO_DET",672,1,"DET","run",0.444613897183444
"2026_01_NO_DET",742,1,"NO","pass",-0.609788088593632
"2026_01_NO_DET",765,1,"NO","run",-0.485397190321237
"2026_01_NO_DET",787,1,"NO","pass",-1.40104500390589
"2026_01_NO_DET",845,1,"DET","run",-0.24858562881127
"2026_01_NO_DET",876,1,"DET","pass",0.904680407373235
"2026_01_NO_DET",901,1,"DET","pass",-0.556292794412002
"2026_01_NO_DET",924,1,"DET","run",-0.484399437438697
"2026_01_NO_DET",946,1,"DET","pass",1.54425203963183
"2026_01_NO_DET",1024,1,"DET","pass",-0.350750243291259
"2026_01_NO_DET",1049,1,"DET","pass",-0.976098292972893
"2026_01_NO_DET",1072,1,"DET","pass",-1.26355231739581
"2026_01_NO_DET",1115,1,"NO","run",-0.296891707926989
"2026_01_NO_DET",1144,1,"NO","pass",1.81378712621517
"2026_01_NO_DET",1169,1,"NO","pass",-0.531027740333229
"2026_01_NO_DET",1194,1,"NO","pass",-0.851939876098186
"2026_01_NO_DET",1249,1,"NO","pass",-1.37810887652449
"2026_01_NO_DET",1363,1,"DET","pass",0.264035437721759
"2026_01_NO_DET",1388,1,"DET","run",0.417640500469133
"2026_01_NO_DET",1412,1,"DET","run",-1.26464901794679
"2026_01_NO_DET",1447,1,"DET","pass",-0.976443805731833
"2026_01_NO_DET",1472,1,"DET","pass",-0.988827145658433
"2026_01_NO_DET",1569,1,"NO","run",-0.541719700209796
"2026_01_NO_DET",1598,1,"NO","pass",-0.689589449204504
"2026_01_NO_DET",1621,1,"NO","pass",2.1140991221182
"2026_01_NO_DET",1646,1,"NO","pass",-0.501742153894156
"2026_01_NO_DET",1669,1,"NO","pass",-0.877286041388288
"2026_01_NO_DET",1692,1,"NO","pass",-2.30652218381874
"2026_01_NO_DET",1760,1,"DET","pass",-5.2399834820535
"2026_01_NO_DET",1798,1,"NO","run",-0.12537179957144
"2026_01_NO_DET",1866,1,"NO","run",-0.0728954819496721
"2026_01_NO_DET",1888,1,"NO","run",1.1909256625222
"2026_01_NO_DET",1910,1,"NO","run",-0.0523754376918077
"2026_01_NO_DET",1937,1,"NO","pass",-4.89121058804449
"2026_01_NO_DET",1964,1,"DET","run",-0.617359945666976
"2026_01_NO_DET",1988,1,"DET","run",-0.981270030955784
"2026_01_NO_DET",2010,1,"DET","pass",-0.419799910392612
"2026_01_NO_DET",2087,1,"NO","run",-0.376943009439856
"2026_01_NO_DET",2118,1,"NO","pass",-0.292161702411249
"2026_01_NO_DET",2143,1,"NO","pass",1.25175916054286
"2026_01_NO_DET",2175,1,"NO","pass",-0.272311547538266
"2026_01_NO_DET",2198,1,"NO","pass",-0.14163035643287
"2026_01_NO_DET",2264,1,"NO","pass",1.35380930633983
"2026_01_NO_DET",2289,1,"NO","pass",-0.784540268476121
"2026_01_NO_DET",2314,1,"NO","pass",0.16329413902713
"2026_01_NO_DET",2339,1,"NO","pass",-1.65013687836472
"2026_01_NO_DET",2393,1,"DET","pass",-0.0912095579551533
"2026_01_NO_DET",2423,1,"DET","run",-0.0658724005916156
"2026_01_NO_DET",2504,1,"NO","pass",-5.67019338184036
"2026_01_NO_DET",2541,1,"DET","pass",0.628779410733841
"2026_01_NO_DET",2566,1,"DET","run",1.02981595962774
"2026_01_NO_DET",2588,1,"DET","run",-0.466554610873573
"2026_01_NO_DET",2610,1,"DET","pass",0.803464664146304
"2026_01_NO_DET",2640,1,"DET","run",0.774853125854861
"2026_01_NO_DET",2664,1,"DET","pass",-0.19872221321566
"2026_01_NO_DET",2689,1,"DET","run",0.623128737672232
"2026_01_NO_DET",2751,1,"NO","run",-0.404661229345948
"2026_01_NO_DET",2773,1,"NO","pass",-1.62314481334761
"2026_01_NO_DET",2793,1,"NO","pass",-4.28161043673754
"2026_01_NO_DET",2823,1,"DET","pass",-0.474866451811977
"2026_01_NO_DET",2846,1,"DET","pass",-0.0387494347523898
"2026_01_NO_DET",2871,1,"DET","pass",2.80531271768268
"2026_01_NO_DET",2945,1,"NO","pass",3.23698448482901
"2026_01_NO_DET",2970,1,"NO","pass",0.806469863862731
"2026_01_NO_DET",3000,1,"NO","run",-0.510451122769155
"2026_01_NO_DET",3022,1,"NO","run",0.487131982110441
"2026_01_NO_DET",3044,1,"NO","pass",-0.498707385151647
"2026_01_NO_DET",3067,1,"NO","run",0.197018842794932
"2026_01_NO_DET",3089,1,"NO","pass",1.15363947837614
"2026_01_NO_DET",3114,1,"NO","run",-0.69155195588246
"2026_01_NO_DET",3136,1,"NO","run",2.12295068474486
"2026_01_NO_DET",3198,1,"DET","pass",-0.626604184042662
"2026_01_NO_DET",3221,1,"DET","pass",-0.199289370793849
"2026_01_NO_DET",3246,1,"DET","pass",-1.66520581720397
"2026_01_NO_DET",3295,1,"NO","pass",-0.55983040924184
"2026_01_NO_DET",3327,1,"NO","pass",1.15343473828398
"2026_01_NO_DET",3352,1,"NO","pass",-0.0756349982693791
"2026_01_NO_DET",3382,1,"NO","pass",1.61002427339554
"2026_01_NO_DET",3407,1,"NO","run",-0.447592377429828
"2026_01_NO_DET",3429,1,"NO","pass",-0.627883037668653
"2026_01_NO_DET",3486,1,"NO","pass",0.532917888252996
"2026_01_NO_DET",3550,1,"DET","run",0.169305296149105
"2026_01_NO_DET",3592,1,"DET","run",0.348955671070144
"2026_01_NO_DET",3614,1,"DET","run",-0.492004683241248
"2026_01_NO_DET",3636,1,"DET","pass",-0.0412843823432922
"2026_01_NO_DET",3661,1,"DET","pass",-1.82621775311418
"2026_01_NO_DET",3704,1,"NO","run",0.882806237321347
"2026_01_NO_DET",3726,1,"NO","pass",-0.431393306236714
"2026_01_NO_DET",3751,1,"NO","pass",0.674209954915568
"2026_01_NO_DET",3776,1,"NO","run",0.538109548157081
"2026_01_NO_DET",3798,1,"NO","pass",-0.509327511535957
"2026_01_NO_DET",3821,1,"NO","pass",-0.281098055886105
"2026_01_NO_DET",3846,1,"NO","pass",3.00189484085422
"2026_01_NO_DET",3878,1,"NO","run",-0.416895405272953
"2026_01_NO_DET",3929,1,"NO","pass",0.50722884084098
"2026_01_NO_DET",3954,1,"NO","pass",-1.27518978419497
"2026_01_NO_DET",4045,1,"DET","run",0.83949924306944
"2026_01_NO_DET",4072,1,"DET","pass",1.3916745375609
"2026_01_NO_DET",4113,1,"DET","run",0.586436703044455
"2026_01_NO_DET",4135,1,"DET","run",0.634770859731361
"2026_01_NO_DET",4225,1,"DET","pass",-0.53345777024515
"2026_01_NO_DET",4255,1,"DET","run",-0.394907044130377
"2026_01_NO_DET",4279,1,"DET","pass",-0.819806033453724
"2026_01_NO_DET",4347,1,"NO","pass",0.531848521321081
"2026_01_NO_DET",4377,1,"NO","pass",-1.94090386375319
"2026_01_NO_DET",4397,1,"NO","pass",-1.05666138068773
"2026_01_NO_DET",4427,1,"NO","pass",2.94056102680042
"2026_01_NO_DET",4452,1,"NO","pass",0.875174386892468
"2026_01_NO_DET",4484,1,"NO","pass",-0.503577574854717
"2026_01_NO_DET",4507,1,"NO","pass",2.8795612580725
"2026_01_NO_DET",4544,1,"NO","pass",2.18347488733707
"2026_01_NO_DET",4612,1,"DET","run",-0.237578940344974
"2026_01_NO_DET",4639,1,"DET","pass",0.146685351850465
"2026_01_NO_DET",4664,1,"DET","pass",-0.936831303755753
"2026_01_NO_DET",4705,1,"NO","run",0.116378293547314
"2026_01_NO_DET",4727,1,"NO","pass",0.384609036322217
"2026_01_NO_DET",4782,1,"NO","pass",0.367392566718999
"2026_01_NO_DET",4879,1,"DET","pass",0.660715681733564
"2026_01_NO_DET",4904,1,"DET","run",0.399980389629491
"2026_01_NO_DET",4926,1,"DET","pass",0.223212492419407
"2026_01_NO_DET",4951,1,"DET","run",0.543709352728911
"2026_01_NO_DET",4973,1,"DET","pass",-0.430402872851118
"2026_01_NO_DET",4996,1,"DET","run",1.04153219796717
"2026_01_NO_DET",5018,1,"DET","run",-0.838591614214238
"2026_01_NO_DET",5045,1,"DET","pass",2.34777308977209
"2026_01_NO_DET",5075,1,"DET","run",-0.236417616833933
"2026_01_NO_DET",5097,1,"DET","pass",1.52711686125258
"2026_01_NO_DET",5164,1,"NO","pass",-0.962158642243594
"2026_01_NO_DET",5184,1,"NO","pass",0.458389702253044
"2026_01_NO_DET",5212,1,"NO","run",-1.17862559272908
"2026_01_NO_DET",5239,1,"NO","pass",3.28852539340733
"2026_01_NO_DET",5270,1,"NO","run",-0.461688184470404
"2026_01_NO_DET",5292,1,"NO","pass",1.07765777752502
"2026_01_NO_DET",5325,1,"NO","run",-0.371448238031007
"2026_01_NO_DET",5377,1,"NO","pass",1.90439500450157
"2026_01_NO_DET",5419,1,"NO","pass",-0.535242085519712
"2026_01_NO_DET",5442,1,"NO","pass",2.28001487773145
"2026_01_NYJ_TEN",67,1,"NYJ","run",0.0529459528625011
"2026_01_NYJ_TEN",123,1,"NYJ","pass",0.369248094968498
"2026_01_NYJ_TEN",148,1,"NYJ","run",0.43517447495833
"2026_01_NYJ_TEN",170,1,"NYJ","pass",-0.525966144283302
"2026_01_NYJ_TEN",229,1,"NYJ","run",0.0301949200220406
"2026_01_NYJ_TEN",251,1,"NYJ","pass",3.58215110830497
"2026_01_NYJ_TEN",276,1,"NYJ","run",-0.128531332360581
"2026_01_NYJ_TEN",298,1,"NYJ","run",1.23996148013975
"2026_01_NYJ_TEN",367,1,"TEN","run",-0.372239406919107
"2026_01_NYJ_TEN",389,1,"TEN","run",-0.097980193560943
"2026_01_NYJ_TEN",411,1,"TEN","run",1.35115782544017
"2026_01_NYJ_TEN",438,1,"TEN","pass",0.292017281404696
"2026_01_NYJ_TEN",468,1,"TEN","pass",-0.815308339544572
"2026_01_NYJ_TEN",491,1,"TEN","run",1.19649015192408
"2026_01_NYJ_TEN",513,1,"TEN","run",0.0438484762562439
"2026_01_NYJ_TEN",583,1,"TEN","pass",0.813125262502581
"2026_01_NYJ_TEN",637,1,"TEN","pass",-0.761800046311691
"2026_01_NYJ_TEN",666,1,"TEN","pass",-0.752083513769321
"2026_01_NYJ_TEN",694,1,"TEN","pass",-0.36864963174626
"2026_01_NYJ_TEN",790,1,"NYJ","pass",-0.606143292505294
"2026_01_NYJ_TEN",886,1,"NYJ","pass",-0.382922981865704
"2026_01_NYJ_TEN",918,1,"NYJ","run",-2.02492296253331
"2026_01_NYJ_TEN",974,1,"TEN","run",-0.511417088331655
"2026_01_NYJ_TEN",1006,1,"TEN","pass",-0.833038239972666
"2026_01_NYJ_TEN",1029,1,"TEN","pass",-1.34163484326564
"2026_01_NYJ_TEN",1074,1,"NYJ","run",-0.064629212487489
"2026_01_NYJ_TEN",1096,1,"NYJ","run",0.192973733181134
"2026_01_NYJ_TEN",1118,1,"NYJ","run",0.472735464572906
"2026_01_NYJ_TEN",1160,1,"NYJ","run",0.385294519364834
"2026_01_NYJ_TEN",1182,1,"NYJ","run",0.682366216555238
"2026_01_NYJ_TEN",1204,1,"NYJ","run",0.55490810982883
"2026_01_NYJ_TEN",1226,1,"NYJ","run",0.139631040859967
"2026_01_NYJ_TEN",1248,1,"NYJ","run",-0.531032281229272
"2026_01_NYJ_TEN",1270,1,"NYJ","run",-0.354993030196056
"2026_01_NYJ_TEN",1292,1,"NYJ","run",-1.20558754913509
"2026_01_NYJ_TEN",1319,1,"NYJ","pass",2.81590366153978
"2026_01_NYJ_TEN",1351,1,"NYJ","pass",0.631018318817951
"2026_01_NYJ_TEN",1376,1,"NYJ","run",-0.358706980012357
"2026_01_NYJ_TEN",1398,1,"NYJ","run",-1.10349134833086
"2026_01_NYJ_TEN",1420,1,"NYJ","run",1.5687720758724
"2026_01_NYJ_TEN",1442,1,"NYJ","run",-0.0580045359674841
"2026_01_NYJ_TEN",1464,1,"NYJ","run",0.310679426474962
"2026_01_NYJ_TEN",1510,1,"NYJ","pass",-0.970727254496469
"2026_01_NYJ_TEN",1599,1,"NYJ","run",-0.384728011384141
"2026_01_NYJ_TEN",1621,1,"NYJ","pass",-1.74387600860791
"2026_01_NYJ_TEN",1649,1,"NYJ","pass",0.111347603987754
"2026_01_NYJ_TEN",1695,1,"TEN","run",-0.369936520699412
"2026_01_NYJ_TEN",1724,1,"TEN","pass",0.150577254709788
"2026_01_NYJ_TEN",1766,1,"TEN","pass",-1.03448542638216
"2026_01_NYJ_TEN",1807,1,"NYJ","pass",-0.0323875255417079
"2026_01_NYJ_TEN",1837,1,"NYJ","pass",0.214310623181518
"2026_01_NYJ_TEN",1862,1,"NYJ","pass",-0.159467294753995
"2026_01_NYJ_TEN",1892,1,"NYJ","pass",0.733847491792403
"2026_01_NYJ_TEN",1922,1,"NYJ","pass",-0.360833228332922
"2026_01_NYJ_TEN",2071,1,"TEN","pass",0.132369214901701
"2026_01_NYJ_TEN",2111,1,"TEN","pass",0.840747071895748
"2026_01_NYJ_TEN",2136,1,"TEN","pass",0.248229663120583
"2026_01_NYJ_TEN",2166,1,"TEN","pass",-0.823514685500413
"2026_01_NYJ_TEN",2191,1,"TEN","pass",-1.71617606910877
"2026_01_NYJ_TEN",2232,1,"NYJ","pass",0.611694612540305
"2026_01_NYJ_TEN",2264,1,"NYJ","pass",2.11899432330392
"2026_01_NYJ_TEN",2327,1,"NYJ","pass",2.7204505399568
"2026_01_NYJ_TEN",2352,1,"NYJ","run",0.553999349009246
"2026_01_NYJ_TEN",2374,1,"NYJ","run",1.45034848956857
"2026_01_NYJ_TEN",2463,1,"TEN","pass",-0.547768799122423
"2026_01_NYJ_TEN",2486,1,"TEN","run",0.0142256370745599
"2026_01_NYJ_TEN",2516,1,"TEN","pass",-1.64878577739
"2026_01_NYJ_TEN",2565,1,"NYJ","run",0.941912525333464
"2026_01_NYJ_TEN",2599,1,"NYJ","run",0.890468208817765
"2026_01_NYJ_TEN",2621,1,"NYJ","pass",1.46025613474194
"2026_01_NYJ_TEN",2687,1,"NYJ","pass",-0.597929609240964
"2026_01_NYJ_TEN",2710,1,"NYJ","pass",0.458804646856152
"2026_01_NYJ_TEN",2735,1,"NYJ","pass",-0.108391592861153
"2026_01_NYJ_TEN",2859,1,"TEN","run",0.225492581259459
"2026_01_NYJ_TEN",2881,1,"TEN","pass",-0.812766923569143
"2026_01_NYJ_TEN",2904,1,"TEN","pass",1.61209010495804
"2026_01_NYJ_TEN",2929,1,"TEN","run",0.708238100865856
"2026_01_NYJ_TEN",2956,1,"TEN","run",-0.624966423842125
"2026_01_NYJ_TEN",2978,1,"TEN","pass",-0.862886072020046
"2026_01_NYJ_TEN",3008,1,"TEN","pass",-1.78508882550523
"2026_01_NYJ_TEN",3046,1,"NYJ","pass",-0.26420405972749
"2026_01_NYJ_TEN",3071,1,"NYJ","run",-0.19767435407266
"2026_01_NYJ_TEN",3113,1,"NYJ","run",-0.873559897532687
"2026_01_NYJ_TEN",3161,1,"TEN","run",-0.476484031882137
"2026_01_NYJ_TEN",3207,1,"TEN","pass",-1.65502188215032
"2026_01_NYJ_TEN",3227,1,"TEN","pass",0.119217885192484
"2026_01_NYJ_TEN",3271,1,"NYJ","run",-0.178864444373176
"2026_01_NYJ_TEN",3300,1,"NYJ","run",-0.869285305263475
"2026_01_NYJ_TEN",3322,1,"NYJ","pass",-0.320326063316315
"2026_01_NYJ_TEN",3391,1,"TEN","run",-0.0629001138731837
"2026_01_NYJ_TEN",3434,1,"TEN","pass",0.618327535223216
"2026_01_NYJ_TEN",3459,1,"TEN","pass",0.106186201097444
"2026_01_NYJ_TEN",3484,1,"TEN","pass",-0.7517105252482
"2026_01_NYJ_TEN",3507,1,"TEN","pass",-0.994752728147432
"2026_01_NYJ_TEN",3556,1,"NYJ","run",0.818729180260561
"2026_01_NYJ_TEN",3583,1,"NYJ","run",-0.4444996684324
"2026_01_NYJ_TEN",3615,1,"NYJ","run",-0.640357534517534
"2026_01_NYJ_TEN",3637,1,"NYJ","run",-1.10583438174978
"2026_01_NYJ_TEN",3712,1,"TEN","pass",0.559079581522383
"2026_01_NYJ_TEN",3737,1,"TEN","pass",0.896084851468913
"2026_01_NYJ_TEN",3762,1,"TEN","pass",-0.167278546374291
"2026_01_NYJ_TEN",3787,1,"TEN","pass",0.95666548225563
"2026_01_NYJ_TEN",3817,1,"TEN","pass",0.72069849120453
"2026_01_NYJ_TEN",3842,1,"TEN","run",0.515159805916483
"2026_01_NYJ_TEN",3864,1,"TEN","pass",-0.459346584248124
"2026_01_NYJ_TEN",3887,1,"TEN","pass",-0.702047761413269
"2026_01_NYJ_TEN",3910,1,"TEN","pass",3.41747559380019
"2026_01_NYJ_TEN",3974,1,"NYJ","run",-0.435041868709959
"2026_01_NYJ_TEN",3996,1,"NYJ","run",0.584804048063233
"2026_01_SF_LA",63,1,"LA","pass",-0.648500078357756
"2026_01_SF_LA",86,1,"LA","run",-0.339741055388004
"2026_01_SF_LA",108,1,"LA","pass",-0.714586923830211
"2026_01_SF_LA",164,1,"SF","run",0.236048907507211
"2026_01_SF_LA",186,1,"SF","pass",-0.920205037575215
"2026_01_SF_LA",221,1,"SF","pass",1.58273472776636
"2026_01_SF_LA",246,1,"SF","pass",0.167279719607905
"2026_01_SF_LA",271,1,"SF","pass",0.779545123688877
"2026_01_SF_LA",305,1,"SF","run",-0.621228995500132
"2026_01_SF_LA",327,1,"SF","pass",0.179298444883898
"2026_01_SF_LA",352,1,"SF","pass",1.4030419671908
"2026_01_SF_LA",377,1,"SF","pass",-0.484734788886271
"2026_01_SF_LA",400,1,"SF","pass",0.437154067447409
"2026_01_SF_LA",425,1,"SF","pass",0.851502589182928
"2026_01_SF_LA",450,1,"SF","pass",-0.312918658717535
"2026_01_SF_LA",475,1,"SF","pass",0.230917570530437
"2026_01_SF_LA",500,1,"SF","pass",-2.12971984002224
"2026_01_SF_LA",573,1,"LA","run",0.736590838991106
"2026_01_SF_LA",595,1,"LA","run",-0.999216947238892
"2026_01_SF_LA",617,1,"LA","run",0.95485233864747
"2026_01_SF_LA",640,1,"LA","pass",-0.561917589744553
"2026_01_SF_LA",663,1,"LA","pass",-0.523124467814341
"2026_01_SF_LA",688,1,"LA","pass",-1.48936485429294
"2026_01_SF_LA",731,1,"SF","pass",-0.127728302031755
"2026_01_SF_LA",763,1,"SF","run",0.0184284821152687
"2026_01_SF_LA",785,1,"SF","pass",-1.82164002768695
"2026_01_SF_LA",834,1,"LA","run",0.544944852823392
"2026_01_SF_LA",863,1,"LA","pass",2.72263719257899
"2026_01_SF_LA",888,1,"LA","run",-0.0725198453292251
"2026_01_SF_LA",930,1,"LA","run",1.58292883774266
"2026_01_SF_LA",1003,1,"SF","pass",-0.569705520290881
"2026_01_SF_LA",1026,1,"SF","pass",1.34324990282767
"2026_01_SF_LA",1051,1,"SF","run",-0.0931531931273639
"2026_01_SF_LA",1073,1,"SF","pass",0.0101381277199835
"2026_01_SF_LA",1101,1,"SF","run",0.653212656965479
"2026_01_SF_LA",1130,1,"SF","pass",-4.57409330527298
"2026_01_SF_LA",1157,1,"LA","run",0.13684707833454
"2026_01_SF_LA",1186,1,"LA","run",0.892444507451728
"2026_01_SF_LA",1208,1,"LA","run",0.16471235267818
"2026_01_SF_LA",1230,1,"LA","run",0.838355717016384
"2026_01_SF_LA",1252,1,"LA","run",-0.450075334520079
"2026_01_SF_LA",1274,1,"LA","pass",-0.749181200400926
"2026_01_SF_LA",1297,1,"LA","pass",-2.98322040750645
"2026_01_SF_LA",1334,1,"SF","run",0.156463462626562
"2026_01_SF_LA",1363,1,"SF","run",0.814796606311575
"2026_01_SF_LA",1385,1,"SF","pass",-0.444575506495312
"2026_01_SF_LA",1413,1,"SF","pass",-0.715180520666763
"2026_01_SF_LA",1443,1,"SF","pass",2.04843191755936
"2026_01_SF_LA",1468,1,"SF","run",0.75160554505419
"2026_01_SF_LA",1495,1,"SF","run",0.0765907263848931
"2026_01_SF_LA",1517,1,"SF","run",-0.108996642928105
"2026_01_SF_LA",1539,1,"SF","pass",4.05608121358091
"2026_01_SF_LA",1606,1,"LA","pass",1.01411543274298
"2026_01_SF_LA",1631,1,"LA","run",0.211734797630925
"2026_01_SF_LA",1687,1,"LA","pass",-0.730439235921949
"2026_01_SF_LA",1710,1,"LA","pass",-1.22009477508254
"2026_01_SF_LA",1759,1,"SF","run",0.380924516823143
"2026_01_SF_LA",1784,1,"SF","run",0.194248134503141
"2026_01_SF_LA",1847,1,"SF","pass",-0.63216646166984
"2026_01_SF_LA",1872,1,"SF","pass",0.327254613046534
"2026_01_SF_LA",1897,1,"SF","pass",-1.06852931517642
"2026_01_SF_LA",2015,1,"SF","run",1.02458056272008
"2026_01_SF_LA",2042,1,"SF","run",1.09339094627649
"2026_01_SF_LA",2064,1,"SF","run",-0.0273557351902127
"2026_01_SF_LA",2086,1,"SF","pass",1.02701339148916
"2026_01_SF_LA",2116,1,"SF","run",-0.384030066546984
"2026_01_SF_LA",2138,1,"SF","pass",-0.317994622746482
"2026_01_SF_LA",2170,1,"SF","pass",2.02476050436962
"2026_01_SF_LA",2241,1,"LA","run",-0.940268617123365
"2026_01_SF_LA",2297,1,"LA","run",0.603680297033861
"2026_01_SF_LA",2319,1,"LA","run",-0.405698464252055
"2026_01_SF_LA",2341,1,"LA","pass",1.19796585571021
"2026_01_SF_LA",2371,1,"LA","run",-0.0736919674091041
"2026_01_SF_LA",2413,1,"LA","pass",1.7707871159073
"2026_01_SF_LA",2462,1,"LA","pass",1.13822323468048
"2026_01_SF_LA",2487,1,"LA","run",0.0107131983386353
"2026_01_SF_LA",2509,1,"LA","pass",0.471664179814979
"2026_01_SF_LA",2539,1,"LA","run",-0.6364902270725
"2026_01_SF_LA",2561,1,"LA","pass",-0.492917772033252
"2026_01_SF_LA",2586,1,"LA","run",-3.81403467035852
"2026_01_SF_LA",2608,1,"SF","run",-0.552593195810914
"2026_01_SF_LA",2676,1,"SF","pass",1.65257279551588
"2026_01_SF_LA",2711,1,"SF","run",0.807462390512228
"2026_01_SF_LA",2733,1,"SF","pass",0.608648109948263
"2026_01_SF_LA",2763,1,"SF","run",1.00507994624786
"2026_01_SF_LA",2790,1,"SF","run",-0.587256060447544
"2026_01_SF_LA",2812,1,"SF","run",1.86876320966985
"2026_01_SF_LA",2854,1,"SF","pass",0.229788716649637
"2026_01_SF_LA",2879,1,"SF","run",0.782775520463474
"2026_01_SF_LA",2906,1,"SF","run",-0.401369306026027
"2026_01_SF_LA",2928,1,"SF","pass",2.50436988845468
"2026_01_SF_LA",3004,1,"LA","pass",-0.281331535428762
"2026_01_SF_LA",3073,1,"LA","run",-0.590328347869217
"2026_01_SF_LA",3129,1,"LA","pass",0.619778599822894
"2026_01_SF_LA",3154,1,"LA","pass",-5.35220291907899
"2026_01_SF_LA",3207,1,"SF","run",-0.0568653042428195
"2026_01_SF_LA",3236,1,"SF","run",-0.600444021401927
"2026_01_SF_LA",3258,1,"SF","pass",-1.3075290655676
"2026_01_SF_LA",3331,1,"LA","pass",-0.0765867752488703
"2026_01_SF_LA",3356,1,"LA","pass",0.967614771798253
"2026_01_SF_LA",3381,1,"LA","pass",-0.518293417757377
"2026_01_SF_LA",3404,1,"LA","pass",-0.81977593107149
"2026_01_SF_LA",3427,1,"LA","pass",-1.18124169367366
"2026_01_SF_LA",3452,1,"LA","pass",-2.77673818939365
"2026_01_SF_LA",3475,1,"SF","run",0.392676285002381
"2026_01_SF_LA",3504,1,"SF","run",-0.130244279629551
"2026_01_SF_LA",3526,1,"SF","run",0.47029235959053
"2026_01_SF_LA",3548,1,"SF","run",-0.35713948099874
"2026_01_SF_LA",3570,1,"SF","run",-0.191167580953334
"2026_01_SF_LA",3592,1,"SF","pass",-1.21143488277313
"2026_01_SF_LA",3655,1,"LA","run",-0.241644385969266
"2026_01_SF_LA",3677,1,"LA","run",0.831906788866036
"2026_01_SF_LA",3710,1,"LA","run",0.365019942459185
"2026_01_SF_LA",3732,1,"LA","pass",-0.568224496557377
"2026_01_SF_LA",3758,1,"LA","run",-1.20658269029809
"2026_01_SF_LA",3780,1,"LA","run",2.39137623639544
"2026_01_SF_LA",3809,1,"LA","pass",0.320402403129265
"2026_01_SF_LA",3837,1,"LA","pass",0.436692280520219
"2026_01_SF_LA",3862,1,"LA","run",-0.779173868475482
"2026_01_SF_LA",3894,1,"LA","run",-3.50855987460818
"2026_01_TB_CIN",68,1,"TB","run",1.02539250231348
"2026_01_TB_CIN",90,1,"TB","pass",-1.09455561661161
"2026_01_TB_CIN",113,1,"TB","pass",1.6367830587551
"2026_01_TB_CIN",179,1,"TB","run",0.450295262504369
"2026_01_TB_CIN",201,1,"TB","run",-1.22356549976394
"2026_01_TB_CIN",223,1,"TB","pass",0.893757302430458
"2026_01_TB_CIN",248,1,"TB","pass",1.10514666768722
"2026_01_TB_CIN",273,1,"TB","run",-0.46070086810505
"2026_01_TB_CIN",295,1,"TB","run",-0.108283406298142
"2026_01_TB_CIN",317,1,"TB","pass",-1.03473217600922
"2026_01_TB_CIN",390,1,"CIN","run",-0.187323916237801
"2026_01_TB_CIN",412,1,"CIN","pass",-0.676150064449757
"2026_01_TB_CIN",437,1,"CIN","pass",-1.46073250332847
"2026_01_TB_CIN",491,1,"TB","run",-0.537857160903513
"2026_01_TB_CIN",520,1,"TB","pass",-0.820438222959638
"2026_01_TB_CIN",545,1,"TB","pass",-6.56918739201501
"2026_01_TB_CIN",625,1,"TB","pass",-1.17733521899208
"2026_01_TB_CIN",656,1,"TB","pass",-0.81863190094009
"2026_01_TB_CIN",679,1,"TB","pass",-2.81523446773645
"2026_01_TB_CIN",720,1,"CIN","pass",0.762168635381386
"2026_01_TB_CIN",745,1,"CIN","run",-0.12708538089646
"2026_01_TB_CIN",767,1,"CIN","pass",-0.727355744864326
"2026_01_TB_CIN",790,1,"CIN","run",1.29250294435769
"2026_01_TB_CIN",817,1,"CIN","run",0.690847987425514
"2026_01_TB_CIN",839,1,"CIN","run",-0.23410590540152
"2026_01_TB_CIN",861,1,"CIN","pass",1.25474308663979
"2026_01_TB_CIN",932,1,"TB","pass",-0.0199704158585519
"2026_01_TB_CIN",962,1,"TB","run",0.848042267141864
"2026_01_TB_CIN",984,1,"TB","pass",0.873240759829059
"2026_01_TB_CIN",1065,1,"TB","pass",-0.392871659016237
"2026_01_TB_CIN",1090,1,"TB","pass",1.77694187464658
"2026_01_TB_CIN",1115,1,"TB","run",-0.131124019389972
"2026_01_TB_CIN",1213,1,"TB","run",-6.10711980116321
"2026_01_TB_CIN",1252,1,"CIN","pass",-0.516359200701118
"2026_01_TB_CIN",1282,1,"CIN","run",-0.567399786319584
"2026_01_TB_CIN",1304,1,"CIN","pass",1.87220855918713
"2026_01_TB_CIN",1329,1,"CIN","pass",0.696917664958164
"2026_01_TB_CIN",1354,1,"CIN","run",-0.0717154496815056
"2026_01_TB_CIN",1376,1,"CIN","pass",0.894530403777026
"2026_01_TB_CIN",1406,1,"CIN","pass",-0.372506230021827
"2026_01_TB_CIN",1431,1,"CIN","pass",0.4813596814638
"2026_01_TB_CIN",1456,1,"CIN","run",0.475737439235672
"2026_01_TB_CIN",1478,1,"CIN","pass",0.696412933699321
"2026_01_TB_CIN",1506,1,"CIN","pass",1.00153548084199
"2026_01_TB_CIN",1543,1,"CIN","run",1.32752440305194
"2026_01_TB_CIN",1611,1,"TB","pass",-0.98708959040232
"2026_01_TB_CIN",1641,1,"TB","pass",0.80474276188761
"2026_01_TB_CIN",1666,1,"TB","pass",2.4206758539076
"2026_01_TB_CIN",1726,1,"TB","pass",0.734051190316677
"2026_01_TB_CIN",1751,1,"TB","pass",0.503069607773796
"2026_01_TB_CIN",1788,1,"TB","run",2.33257431659149
"2026_01_TB_CIN",1849,1,"CIN","pass",-0.21527606761083
"2026_01_TB_CIN",1872,1,"CIN","pass",0.961041777394712
"2026_01_TB_CIN",1897,1,"CIN","pass",-0.260093026445247
"2026_01_TB_CIN",1920,1,"CIN","pass",0.90434543590527
"2026_01_TB_CIN",1945,1,"CIN","pass",1.61762968322728
"2026_01_TB_CIN",1970,1,"CIN","run",1.62882156579872
"2026_01_TB_CIN",2010,1,"CIN","run",-0.227442524279468
"2026_01_TB_CIN",2032,1,"CIN","pass",-0.796970541123301
"2026_01_TB_CIN",2062,1,"CIN","pass",-1.63700619967426
"2026_01_TB_CIN",2209,1,"CIN","run",-0.121707368642092
"2026_01_TB_CIN",2231,1,"CIN","pass",-1.24359706277028
"2026_01_TB_CIN",2256,1,"CIN","pass",2.96075949259102
"2026_01_TB_CIN",2286,1,"CIN","run",0.893591914442368
"2026_01_TB_CIN",2325,1,"CIN","run",-0.820499603869393
"2026_01_TB_CIN",2352,1,"CIN","pass",-0.059483043034561
"2026_01_TB_CIN",2377,1,"CIN","pass",-2.75944509692829
"2026_01_TB_CIN",2447,1,"TB","run",-0.531681940658018
"2026_01_TB_CIN",2469,1,"TB","run",0.0306730014272034
"2026_01_TB_CIN",2496,1,"TB","pass",2.26377231162041
"2026_01_TB_CIN",2530,1,"TB","pass",0.319119805237278
"2026_01_TB_CIN",2555,1,"TB","run",-0.208526817383245
"2026_01_TB_CIN",2577,1,"TB","run",-1.23478116374463
"2026_01_TB_CIN",2640,1,"TB","run",-0.0615189631935209
"2026_01_TB_CIN",2662,1,"TB","pass",-0.603989993804134
"2026_01_TB_CIN",2685,1,"TB","pass",-2.48065054297339
"2026_01_TB_CIN",2758,1,"CIN","pass",-0.540367758832872
"2026_01_TB_CIN",2783,1,"CIN","run",-0.384342240169644
"2026_01_TB_CIN",2805,1,"CIN","pass",-7.48411461478099
"2026_01_TB_CIN",2935,1,"CIN","pass",-0.559143487364054
"2026_01_TB_CIN",2960,1,"CIN","pass",-0.821858471725136
"2026_01_TB_CIN",3023,1,"CIN","pass",3.13339710468426
"2026_01_TB_CIN",3048,1,"CIN","run",0.480721483821981
"2026_01_TB_CIN",3070,1,"CIN","pass",0.565583827439696
"2026_01_TB_CIN",3120,1,"CIN","run",-1.50711893464904
"2026_01_TB_CIN",3142,1,"CIN","pass",-1.9961208316064
"2026_01_TB_CIN",3222,1,"TB","pass",-0.152118069352582
"2026_01_TB_CIN",3247,1,"TB","run",0.879072000039741
"2026_01_TB_CIN",3269,1,"TB","run",0.0461045983247459
"2026_01_TB_CIN",3291,1,"TB","pass",-0.63668297836557
"2026_01_TB_CIN",3345,1,"TB","pass",1.89295296883211
"2026_01_TB_CIN",3399,1,"TB","pass",-5.20812350639608
"2026_01_TB_CIN",3429,1,"CIN","pass",0.252255709143355
"2026_01_TB_CIN",3461,1,"CIN","run",-0.377614268334582
"2026_01_TB_CIN",3483,1,"CIN","run",1.0585668644635
"2026_01_TB_CIN",3505,1,"CIN","run",0.738739781663753
"2026_01_TB_CIN",3527,1,"CIN","run",-0.354425355966669
"2026_01_TB_CIN",3549,1,"CIN","run",-0.289926510071382
"2026_01_TB_CIN",3571,1,"CIN","pass",-0.924888471548911
"2026_01_TB_CIN",3699,1,"TB","pass",1.2115438595647
"2026_01_TB_CIN",3729,1,"TB","pass",0.485989528067876
"2026_01_TB_CIN",3754,1,"TB","pass",0.61988654662855
"2026_01_TB_CIN",3779,1,"TB","run",0.728324477619026
"2026_01_TB_CIN",3806,1,"TB","pass",-0.0427275418187492
"2026_01_TB_CIN",3831,1,"TB","pass",-0.599597594409715
"2026_01_TB_CIN",3854,1,"TB","run",2.73103673022706
"2026_01_TB_CIN",3941,1,"CIN","pass",1.03430245193886
"2026_01_TB_CIN",3966,1,"CIN","pass",0.762321571761277
"2026_01_TB_CIN",3991,1,"CIN","run",-0.899928730912507
"2026_01_TB_CIN",4020,1,"CIN","pass",0.573001854354516
"2026_01_TB_CIN",4052,1,"CIN","run",-0.506092203373555
"2026_01_TB_CIN",4114,1,"CIN","run",0.345915440178942
"2026_01_TB_CIN",4136,1,"CIN","run",0.273980831319932
"2026_01_WAS_PHI",62,1,"WAS","run",0.789821512531489
"2026_01_WAS_PHI",84,1,"WAS","run",-0.490735299652442
"2026_01_WAS_PHI",106,1,"WAS","pass",-0.904342998284847
"2026_01_WAS_PHI",131,1,"WAS","pass",2.34013134194538
"2026_01_WAS_PHI",180,1,"WAS","pass",-0.566083805868402
"2026_01_WAS_PHI",203,1,"WAS","run",-0.86365701071918
"2026_01_WAS_PHI",225,1,"WAS","run",-1.24215332279964
"2026_01_WAS_PHI",286,1,"PHI","pass",-0.5467571222689
"2026_01_WAS_PHI",309,1,"PHI","run",-0.246078847674653
"2026_01_WAS_PHI",331,1,"PHI","run",1.57692843442783
"2026_01_WAS_PHI",358,1,"PHI","run",-0.813657256541774
"2026_01_WAS_PHI",380,1,"PHI","pass",-0.499943060567603
"2026_01_WAS_PHI",410,1,"PHI","pass",-1.60603993549012
"2026_01_WAS_PHI",452,1,"WAS","run",-0.614069192204624
"2026_01_WAS_PHI",474,1,"WAS","pass",-0.672716805012897
"2026_01_WAS_PHI",497,1,"WAS","pass",-1.13333140616305
"2026_01_WAS_PHI",546,1,"PHI","run",-0.842250477522612
"2026_01_WAS_PHI",579,1,"PHI","pass",-1.09684042353183
"2026_01_WAS_PHI",604,1,"PHI","pass",0.102225888520479
"2026_01_WAS_PHI",629,1,"PHI","pass",-1.65311141032726
"2026_01_WAS_PHI",675,1,"WAS","run",0.06198865827173
"2026_01_WAS_PHI",697,1,"WAS","pass",0.31649539526552
"2026_01_WAS_PHI",722,1,"WAS","run",-1.64431489957497
"2026_01_WAS_PHI",772,1,"PHI","run",0.463630568701774
"2026_01_WAS_PHI",801,1,"PHI","pass",4.17429588356754
"2026_01_WAS_PHI",866,1,"PHI","run",-0.699284374248236
"2026_01_WAS_PHI",908,1,"PHI","run",-0.620281526877079
"2026_01_WAS_PHI",930,1,"PHI","pass",3.92568318493431
"2026_01_WAS_PHI",1001,1,"WAS","pass",-0.503693870501593
"2026_01_WAS_PHI",1026,1,"WAS","pass",-0.715304277371615
"2026_01_WAS_PHI",1049,1,"WAS","pass",-1.3113966549281
"2026_01_WAS_PHI",1112,1,"PHI","run",-0.139051167294383
"2026_01_WAS_PHI",1141,1,"PHI","pass",-0.784780157031491
"2026_01_WAS_PHI",1164,1,"PHI","pass",-1.23962287814356
"2026_01_WAS_PHI",1222,1,"WAS","run",-0.483002955792472
"2026_01_WAS_PHI",1256,1,"WAS","run",1.20209529600106
"2026_01_WAS_PHI",1311,1,"WAS","pass",-0.562156515428796
"2026_01_WAS_PHI",1334,1,"WAS","pass",-1.34161964408122
"2026_01_WAS_PHI",1359,1,"WAS","run",-0.131694914307445
"2026_01_WAS_PHI",1407,1,"PHI","pass",-0.479371538385749
"2026_01_WAS_PHI",1437,1,"PHI","run",0.392742924392223
"2026_01_WAS_PHI",1466,1,"PHI","run",3.33232641412178
"2026_01_WAS_PHI",1488,1,"PHI","run",-0.317280971154105
"2026_01_WAS_PHI",1510,1,"PHI","pass",2.43083880876657
"2026_01_WAS_PHI",1581,1,"WAS","run",0.668864293256775
"2026_01_WAS_PHI",1603,1,"WAS","pass",1.01414980727714
"2026_01_WAS_PHI",1628,1,"WAS","pass",-0.437083935248666
"2026_01_WAS_PHI",1675,1,"WAS","pass",-0.865498884348199
"2026_01_WAS_PHI",1698,1,"WAS","run",1.04176444088807
"2026_01_WAS_PHI",1725,1,"WAS","run",1.57977931248024
"2026_01_WAS_PHI",1747,1,"WAS","run",0.668349412386306
"2026_01_WAS_PHI",1769,1,"WAS","run",-0.596637155977078
"2026_01_WAS_PHI",1791,1,"WAS","run",0.591778950823937
"2026_01_WAS_PHI",1813,1,"WAS","pass",-0.425585386808962
"2026_01_WAS_PHI",1836,1,"WAS","pass",2.23504710954148
"2026_01_WAS_PHI",1861,1,"WAS","run",0.650273242616095
"2026_01_WAS_PHI",1941,1,"PHI","run",-0.0939985696459189
"2026_01_WAS_PHI",1963,1,"PHI","pass",0.52743626839947
"2026_01_WAS_PHI",1988,1,"PHI","pass",0.378289063926786
"2026_01_WAS_PHI",2018,1,"PHI","pass",-0.504061647225171
"2026_01_WAS_PHI",2041,1,"PHI","pass",-1.02362494112458
"2026_01_WAS_PHI",2084,1,"WAS","run",0.0874708433984779
"2026_01_WAS_PHI",2161,1,"PHI","run",-0.834452748531476
"2026_01_WAS_PHI",2188,1,"PHI","pass",-1.5036211675033
"2026_01_WAS_PHI",2213,1,"PHI","pass",0.528570122085512
"2026_01_WAS_PHI",2269,1,"WAS","run",-0.215656015090644
"2026_01_WAS_PHI",2298,1,"WAS","pass",-0.885495346738026
"2026_01_WAS_PHI",2321,1,"WAS","pass",-1.14123423723504
"2026_01_WAS_PHI",2364,1,"PHI","pass",-1.49359102034941
"2026_01_WAS_PHI",2391,1,"PHI","pass",0.754737352952361
"2026_01_WAS_PHI",2416,1,"PHI","pass",-1.45453642262146
"2026_01_WAS_PHI",2503,1,"WAS","run",-0.327985114883631
"2026_01_WAS_PHI",2525,1,"WAS","pass",1.86886973492801
"2026_01_WAS_PHI",2550,1,"WAS","run",-0.468636211240664
"2026_01_WAS_PHI",2606,1,"WAS","run",-0.515563926193863
"2026_01_WAS_PHI",2628,1,"WAS","pass",-0.814715652726591
"2026_01_WAS_PHI",2651,1,"WAS","pass",-0.908793588497877
"2026_01_WAS_PHI",2695,1,"PHI","run",-0.258331281365827
"2026_01_WAS_PHI",2724,1,"PHI","run",-1.05658956477419
"2026_01_WAS_PHI",2755,1,"PHI","pass",-1.95597949833609
"2026_01_WAS_PHI",2817,1,"WAS","run",0.147122731432319
"2026_01_WAS_PHI",2846,1,"WAS","pass",-0.819512327201664
"2026_01_WAS_PHI",2893,1,"WAS","pass",-0.79734163871035
"2026_01_WAS_PHI",2986,1,"PHI","run",0.740145381307229
"2026_01_WAS_PHI",3008,1,"PHI","run",-0.744710355531424
"2026_01_WAS_PHI",3030,1,"PHI","pass",2.94266255537514
"2026_01_WAS_PHI",3060,1,"PHI","pass",-0.412417097017169
"2026_01_WAS_PHI",3083,1,"PHI","run",-0.0130256724660285
"2026_01_WAS_PHI",3105,1,"PHI","pass",-1.66414265522339
"2026_01_WAS_PHI",3179,1,"WAS","run",0.955880069639534
"2026_01_WAS_PHI",3228,1,"WAS","pass",0.531902374466881
"2026_01_WAS_PHI",3253,1,"WAS","run",0.034872125601396
"2026_01_WAS_PHI",3275,1,"WAS","run",-0.267035842640325
"2026_01_WAS_PHI",3302,1,"WAS","pass",-1.01060852082446
"2026_01_WAS_PHI",3346,1,"WAS","pass",4.12814564513974
"2026_01_WAS_PHI",3376,1,"WAS","run",-0.416879719356075
"2026_01_WAS_PHI",3398,1,"WAS","pass",-0.536756315035746
"2026_01_WAS_PHI",3423,1,"WAS","pass",3.18522408325225
"2026_01_WAS_PHI",3505,1,"PHI","run",0.160796352662146
"2026_01_WAS_PHI",3527,1,"PHI","run",0.509134819963947
"2026_01_WAS_PHI",3549,1,"PHI","pass",-0.810519919963554
"2026_01_WAS_PHI",3597,1,"PHI","pass",-0.74269653391093
"2026_01_WAS_PHI",3620,1,"PHI","run",2.72039051470347
"2026_01_WAS_PHI",3642,1,"PHI","run",-0.385840819450095
"2026_01_WAS_PHI",3672,1,"PHI","run",-0.482803907478228
"2026_01_WAS_PHI",3694,1,"PHI","pass",4.98029462830164
"2026_01_WAS_PHI",3765,1,"WAS","pass",0.962487386539578
"2026_01_WAS_PHI",3795,1,"WAS","run",-0.28268320299685
"2026_01_WAS_PHI",3817,1,"WAS","pass",1.45954772288678
"2026_01_WAS_PHI",3847,1,"WAS","pass",0.630139909044374
"2026_01_WAS_PHI",3872,1,"WAS","run",0.22502102603903
"2026_01_WAS_PHI",3910,1,"WAS","run",-0.214325957000256
"2026_01_WAS_PHI",3932,1,"WAS","run",0.088623546413146
"2026_01_WAS_PHI",3954,1,"WAS","pass",-1.53847100684652
"2026_01_WAS_PHI",3977,1,"WAS","pass",2.96007997880224
"2026_01_WAS_PHI",4019,1,"WAS","run",0.148471634602174
"2026_01_WAS_PHI",4048,1,"WAS","pass",-0.368663546047173
"2026_01_WAS_PHI",4071,1,"WAS","pass",1.48102132999338
"2026_02_CAR_ATL",57,2,"ATL","run",-4.77208358771168
"2026_02_CAR_ATL",137,2,"CAR","pass",0.675859242095612
"2026_02_CAR_ATL",162,2,"CAR","run",0.29932956257835
"2026_02_CAR_ATL",208,2,"CAR","pass",0.504845077171922
"2026_02_CAR_ATL",273,2,"CAR","pass",3.27248566085473
"2026_02_CAR_ATL",309,2,"CAR","pass",-0.377866671304218
"2026_02_CAR_ATL",366,2,"CAR","run",-0.306401712063234
"2026_02_CAR_ATL",388,2,"CAR","pass",-1.72812688606791
"2026_02_CAR_ATL",411,2,"CAR","pass",3.95783061452676
"2026_02_CAR_ATL",475,2,"ATL","pass",0.790988185908645
"2026_02_CAR_ATL",505,2,"ATL","run",-0.121131601976231
"2026_02_CAR_ATL",527,2,"ATL","run",-0.743026995798573
"2026_02_CAR_ATL",549,2,"ATL","pass",-3.9450910622254
"2026_02_CAR_ATL",607,2,"CAR","pass",-0.575858236290514
"2026_02_CAR_ATL",630,2,"CAR","pass",-0.955528968945146
"2026_02_CAR_ATL",658,2,"CAR","pass",-1.14767972333357
"2026_02_CAR_ATL",701,2,"ATL","run",-0.428060958627611
"2026_02_CAR_ATL",730,2,"ATL","run",-0.57576334150508
"2026_02_CAR_ATL",752,2,"ATL","pass",-1.55961974291131
"2026_02_CAR_ATL",817,2,"CAR","pass",0.692513080663048
"2026_02_CAR_ATL",842,2,"CAR","pass",-0.523658435442485
"2026_02_CAR_ATL",865,2,"CAR","run",0.619677406793926
"2026_02_CAR_ATL",889,2,"CAR","run",-0.222842992166989
"2026_02_CAR_ATL",911,2,"CAR","pass",-1.4787289230735
"2026_02_CAR_ATL",936,2,"CAR","pass",-0.694547481937664
"2026_02_CAR_ATL",1012,2,"ATL","pass",0.845117094460875
"2026_02_CAR_ATL",1042,2,"ATL","run",0.781284671742469
"2026_02_CAR_ATL",1064,2,"ATL","run",0.176167477853596
"2026_02_CAR_ATL",1086,2,"ATL","pass",-0.284527192008682
"2026_02_CAR_ATL",1111,2,"ATL","run",0.218580164480954
"2026_02_CAR_ATL",1133,2,"ATL","run",-1.00391794973984
"2026_02_CAR_ATL",1155,2,"ATL","run",-4.0876256324118
"2026_02_CAR_ATL",1177,2,"CAR","pass",0.527031256118789
"2026_02_CAR_ATL",1255,2,"CAR","pass",-1.54718299070373
"2026_02_CAR_ATL",1275,2,"CAR","run",-0.602843987289816
"2026_02_CAR_ATL",1317,2,"ATL","run",-0.473759792279452
"2026_02_CAR_ATL",1346,2,"ATL","pass",1.21919336495921
"2026_02_CAR_ATL",1371,2,"ATL","run",-0.530449482146651
"2026_02_CAR_ATL",1393,2,"ATL","pass",-0.42198176169768
"2026_02_CAR_ATL",1418,2,"ATL","pass",-1.71746974391863
"2026_02_CAR_ATL",1469,2,"CAR","run",0.0650134142488241
"2026_02_CAR_ATL",1503,2,"CAR","pass",-0.788020060397685
"2026_02_CAR_ATL",1526,2,"CAR","pass",1.78129288880154
"2026_02_CAR_ATL",1551,2,"CAR","pass",1.72172262019012
"2026_02_CAR_ATL",1576,2,"CAR","pass",1.43774467072217
"2026_02_CAR_ATL",1601,2,"CAR","pass",-0.0959359418484382
"2026_02_CAR_ATL",1626,2,"CAR","run",-0.827708076511044
"2026_02_CAR_ATL",1648,2,"CAR","pass",-1.25523243260627
"2026_02_CAR_ATL",1785,2,"ATL","run",0.263575273798779
"2026_02_CAR_ATL",1807,2,"ATL","pass",-0.631134779425338
"2026_02_CAR_ATL",1830,2,"ATL","run",1.78592603770085
"2026_02_CAR_ATL",1881,2,"ATL","pass",1.29695716744754
"2026_02_CAR_ATL",1911,2,"ATL","run",0.344112079590559
"2026_02_CAR_ATL",1933,2,"ATL","pass",-0.550610213540494
"2026_02_CAR_ATL",1961,2,"ATL","pass",1.62450567696942
"2026_02_CAR_ATL",1986,2,"ATL","run",-0.337967114523053
"2026_02_CAR_ATL",2008,2,"ATL","run",1.10959665937116
"2026_02_CAR_ATL",2052,2,"ATL","pass",-0.320850386982784
"2026_02_CAR_ATL",2087,2,"ATL","pass",0.177994047058746
"2026_02_CAR_ATL",2117,2,"ATL","pass",-1.24396616599902
"2026_02_CAR_ATL",2253,2,"CAR","pass",0.872146542882547
"2026_02_CAR_ATL",2289,2,"CAR","pass",-1.12694280128926
"2026_02_CAR_ATL",2327,2,"CAR","pass",4.21978971612407
"2026_02_CAR_ATL",2352,2,"CAR","pass",-0.400472070090473
"2026_02_CAR_ATL",2382,2,"CAR","pass",-0.321022900461685
"2026_02_CAR_ATL",2407,2,"CAR","pass",2.89518122596201
"2026_02_CAR_ATL",2478,2,"ATL","pass",-0.0170004828833044
"2026_02_CAR_ATL",2501,2,"ATL","run",-0.0639777022297494
"2026_02_CAR_ATL",2566,2,"CAR","run",-0.58839027909562
"2026_02_CAR_ATL",2621,2,"CAR","pass",-0.113264324143529
"2026_02_CAR_ATL",2646,2,"CAR","pass",2.45726712979376
"2026_02_CAR_ATL",2671,2,"CAR","run",0.789519568905234
"2026_02_CAR_ATL",2723,2,"CAR","run",-0.787690365919843
"2026_02_CAR_ATL",2745,2,"CAR","pass",2.7961667124182
"2026_02_CAR_ATL",2785,2,"CAR","pass",-0.29241901403293
"2026_02_CAR_ATL",2815,2,"CAR","run",-0.157398032315541
"2026_02_CAR_ATL",2837,2,"CAR","run",1.07953948574141
"2026_02_CAR_ATL",2859,2,"CAR","pass",1.80190620111534
"2026_02_CAR_ATL",2924,2,"ATL","run",0.265827188501135
"2026_02_CAR_ATL",2946,2,"ATL","pass",0.594278265023604
"2026_02_CAR_ATL",2971,2,"ATL","run",0.58109608781524
"2026_02_CAR_ATL",2998,2,"ATL","run",-0.171566096600145
"2026_02_CAR_ATL",3020,2,"ATL","pass",-8.04785833577625
"2026_02_CAR_ATL",3047,2,"CAR","run",0.426931533555035
"2026_02_CAR_ATL",3069,2,"CAR","pass",-0.692873910535127
"2026_02_CAR_ATL",3092,2,"CAR","pass",0.749512755719479
"2026_02_CAR_ATL",3117,2,"CAR","run",-0.142034182150383
"2026_02_CAR_ATL",3139,2,"CAR","pass",-0.849645254027564
"2026_02_CAR_ATL",3162,2,"CAR","pass",-0.996358617790975
"2026_02_CAR_ATL",3187,2,"CAR","pass",-3.35269431374036
"2026_02_CAR_ATL",3210,2,"ATL","run",-0.282477833796293
"2026_02_CAR_ATL",3239,2,"ATL","run",-0.0785137249622494
"2026_02_CAR_ATL",3261,2,"ATL","pass",-6.77454480412416
"2026_02_CAR_ATL",3333,2,"ATL","pass",-0.551501363748685
"2026_02_CAR_ATL",3356,2,"ATL","run",-0.491457044612616
"2026_02_CAR_ATL",3378,2,"ATL","pass",2.0341117514763
"2026_02_CAR_ATL",3403,2,"ATL","run",-0.278849879978225
"2026_02_CAR_ATL",3425,2,"ATL","pass",-1.67138477554545
"2026_02_CAR_ATL",3445,2,"ATL","pass",-0.926476665074006
"2026_02_CAR_ATL",3514,2,"CAR","run",0.597614106489345
"2026_02_CAR_ATL",3536,2,"CAR","run",0.090604251716286
"2026_02_CAR_ATL",3596,2,"CAR","run",0.190120073501021
"2026_02_CAR_ATL",3694,2,"CAR","run",-0.104325228836387
"2026_02_CAR_ATL",3721,2,"CAR","pass",0.0207993627991527
"2026_02_CAR_ATL",3772,2,"ATL","pass",0.665695324307308
"2026_02_CAR_ATL",3804,2,"ATL","run",-0.094579204916954
"2026_02_CAR_ATL",3826,2,"ATL","run",0.827360542025417
"2026_02_CAR_ATL",3853,2,"ATL","pass",-0.209267429658212
"2026_02_CAR_ATL",3878,2,"ATL","run",-0.138607208384201
"2026_02_CAR_ATL",3910,2,"ATL","run",1.03945523692528
"2026_02_CAR_ATL",3932,2,"ATL","pass",-0.385761852841824
"2026_02_CAR_ATL",3955,2,"ATL","pass",-0.423350902390666
"2026_02_CAR_ATL",3985,2,"ATL","pass",-1.13696267758496
"2026_02_CAR_ATL",4067,2,"CAR","run",-0.635092889657244
"2026_02_CAR_ATL",4096,2,"CAR","run",-1.26325379079208
"2026_02_CAR_ATL",4118,2,"CAR","run",-1.20655036717653
"2026_02_CAR_ATL",4163,2,"ATL","run",0.106544406618923
"2026_02_CAR_ATL",4188,2,"ATL","run",0.65208092215471
"2026_02_CAR_ATL",4215,2,"ATL","run",-0.142930756672285
"2026_02_CAR_ATL",4237,2,"ATL","pass",0.800823506200686
"2026_02_CAR_ATL",4274,2,"ATL","pass",-0.373913242132403
"2026_02_CAR_ATL",4297,2,"ATL","pass",-0.492394334403798
"2026_02_CAR_ATL",4320,2,"ATL","pass",-0.830679437960498
"2026_02_CAR_ATL",4345,2,"ATL","pass",2.41782826086273
"2026_02_CAR_ATL",4370,2,"ATL","pass",-0.387547717080452
"2026_02_CAR_ATL",4398,2,"ATL","pass",-4.61428622278618
"2026_02_CIN_HOU",63,2,"CIN","pass",-0.5693389903754
"2026_02_CIN_HOU",86,2,"CIN","pass",-0.0178168877027929
"2026_02_CIN_HOU",111,2,"CIN","pass",-1.89479476748966
"2026_02_CIN_HOU",207,2,"HOU","run",-0.452081368304789
"2026_02_CIN_HOU",229,2,"HOU","pass",-0.794490570668131
"2026_02_CIN_HOU",252,2,"HOU","pass",-1.42573119001463
"2026_02_CIN_HOU",307,2,"CIN","run",-0.461901234230027
"2026_02_CIN_HOU",336,2,"CIN","pass",1.03091531642713
"2026_02_CIN_HOU",385,2,"CIN","run",-0.200318294111639
"2026_02_CIN_HOU",407,2,"CIN","pass",-0.956826205132529
"2026_02_CIN_HOU",430,2,"CIN","pass",-1.95519395940937
"2026_02_CIN_HOU",470,2,"HOU","run",-0.125137076480314
"2026_02_CIN_HOU",499,2,"HOU","run",-0.763969704974443
"2026_02_CIN_HOU",521,2,"HOU","pass",-1.44722933648154
"2026_02_CIN_HOU",575,2,"CIN","run",0.126920157345012
"2026_02_CIN_HOU",597,2,"CIN","run",0.959477887721732
"2026_02_CIN_HOU",667,2,"CIN","pass",-0.205102376174182
"2026_02_CIN_HOU",692,2,"CIN","pass",-0.713506711414084
"2026_02_CIN_HOU",724,2,"CIN","pass",-0.885861687362194
"2026_02_CIN_HOU",809,2,"HOU","pass",-0.600841677747667
"2026_02_CIN_HOU",848,2,"HOU","pass",0.0904026727657765
"2026_02_CIN_HOU",873,2,"HOU","pass",3.23812253004871
"2026_02_CIN_HOU",936,2,"HOU","pass",0.925997754558921
"2026_02_CIN_HOU",961,2,"HOU","run",1.12176272831857
"2026_02_CIN_HOU",983,2,"HOU","run",-1.08869826293085
"2026_02_CIN_HOU",1005,2,"HOU","pass",-0.797950717504136
"2026_02_CIN_HOU",1028,2,"HOU","pass",2.54788530670339
"2026_02_CIN_HOU",1073,2,"HOU","run",-0.492660848831292
"2026_02_CIN_HOU",1095,2,"HOU","run",-0.647818633296993
"2026_02_CIN_HOU",1117,2,"HOU","pass",-0.873025928274728
"2026_02_CIN_HOU",1153,2,"HOU","pass",-3.30416089302162
"2026_02_CIN_HOU",1206,2,"CIN","run",0.256841462105513
"2026_02_CIN_HOU",1235,2,"CIN","pass",1.47330470778979
"2026_02_CIN_HOU",1260,2,"CIN","pass",-0.455338505562395
"2026_02_CIN_HOU",1307,2,"CIN","pass",-1.21087110042572
"2026_02_CIN_HOU",1351,2,"CIN","pass",-0.593533507082611
"2026_02_CIN_HOU",1395,2,"HOU","pass",1.46270351368003
"2026_02_CIN_HOU",1427,2,"HOU","run",-0.0737943756394088
"2026_02_CIN_HOU",1449,2,"HOU","pass",1.09402770432644
"2026_02_CIN_HOU",1474,2,"HOU","pass",-0.426416395464912
"2026_02_CIN_HOU",1499,2,"HOU","run",-0.628608253318816
"2026_02_CIN_HOU",1521,2,"HOU","pass",0.252128800842911
"2026_02_CIN_HOU",1547,2,"HOU","run",-4.35007447074167
"2026_02_CIN_HOU",1571,2,"CIN","run",-0.161373127251863
"2026_02_CIN_HOU",1600,2,"CIN","pass",-1.13250142312609
"2026_02_CIN_HOU",1625,2,"CIN","pass",2.38089860905893
"2026_02_CIN_HOU",1653,2,"CIN","run",0.222117324825376
"2026_02_CIN_HOU",1675,2,"CIN","pass",-0.749201868078671
"2026_02_CIN_HOU",1698,2,"CIN","pass",2.3122945461655
"2026_02_CIN_HOU",1723,2,"CIN","pass",3.29349508485757
"2026_02_CIN_HOU",1800,2,"HOU","pass",0.768894226755947
"2026_02_CIN_HOU",1825,2,"HOU","pass",0.947918107907753
"2026_02_CIN_HOU",1850,2,"HOU","pass",0.343202503514476
"2026_02_CIN_HOU",1875,2,"HOU","pass",-0.64215984812472
"2026_02_CIN_HOU",1939,2,"HOU","pass",1.23346729774494
"2026_02_CIN_HOU",1969,2,"HOU","run",-0.0896906409179792
"2026_02_CIN_HOU",1991,2,"HOU","pass",-1.59014681592816
"2026_02_CIN_HOU",2023,2,"HOU","pass",-0.383840326962126
"2026_02_CIN_HOU",2107,2,"CIN","pass",-0.114913830417208
"2026_02_CIN_HOU",2130,2,"CIN","pass",0.152160295750946
"2026_02_CIN_HOU",2155,2,"CIN","pass",-0.121649731067009
"2026_02_CIN_HOU",2178,2,"CIN","pass",-0.345158253971022
"2026_02_CIN_HOU",2198,2,"CIN","run",-0.201849749137182
"2026_02_CIN_HOU",2260,2,"HOU","pass",0.176068099215627
"2026_02_CIN_HOU",2329,2,"HOU","pass",-0.0937308354768902
"2026_02_CIN_HOU",2352,2,"HOU","pass",-0.320588080037851
"2026_02_CIN_HOU",2421,2,"HOU","pass",-0.497101612854749
"2026_02_CIN_HOU",2444,2,"HOU","pass",-0.857932165265083
"2026_02_CIN_HOU",2467,2,"HOU","pass",-1.54562424030155
"2026_02_CIN_HOU",2532,2,"CIN","pass",0.0105687874602154
"2026_02_CIN_HOU",2564,2,"CIN","run",-1.41080277145375
"2026_02_CIN_HOU",2586,2,"CIN","pass",-0.314184204386307
"2026_02_CIN_HOU",2661,2,"HOU","run",-0.288096274714917
"2026_02_CIN_HOU",2683,2,"HOU","pass",1.02718524890952
"2026_02_CIN_HOU",2732,2,"HOU","run",1.37838225835003
"2026_02_CIN_HOU",2754,2,"HOU","run",-0.114168746164069
"2026_02_CIN_HOU",2776,2,"HOU","pass",0.719116526306607
"2026_02_CIN_HOU",2801,2,"HOU","pass",-0.590335178538226
"2026_02_CIN_HOU",2824,2,"HOU","run",-2.7299532265742
"2026_02_CIN_HOU",2867,2,"CIN","pass",-0.189625625731423
"2026_02_CIN_HOU",2923,2,"CIN","run",-0.452169361058623
"2026_02_CIN_HOU",2945,2,"CIN","pass",2.52036335400771
"2026_02_CIN_HOU",2970,2,"CIN","pass",-0.440111203119159
"2026_02_CIN_HOU",2993,2,"CIN","run",1.27739740023389
"2026_02_CIN_HOU",3015,2,"CIN","run",-0.48706804739777
"2026_02_CIN_HOU",3037,2,"CIN","run",-0.302955741353799
"2026_02_CIN_HOU",3064,2,"CIN","pass",3.15901060850592
"2026_02_CIN_HOU",3135,2,"HOU","run",1.0399814422708
"2026_02_CIN_HOU",3173,2,"HOU","pass",0.178055699681863
"2026_02_CIN_HOU",3198,2,"HOU","pass",1.55055086803623
"2026_02_CIN_HOU",3223,2,"HOU","run",-0.180968896485865
"2026_02_CIN_HOU",3245,2,"HOU","pass",-0.621198217268102
"2026_02_CIN_HOU",3292,2,"HOU","pass",-1.0534092012478
"2026_02_CIN_HOU",3369,2,"CIN","run",0.0613925443030894
"2026_02_CIN_HOU",3411,2,"CIN","pass",-0.848608259111643
"2026_02_CIN_HOU",3431,2,"CIN","pass",2.5533794601215
"2026_02_CIN_HOU",3461,2,"CIN","run",-0.444801530567929
"2026_02_CIN_HOU",3483,2,"CIN","run",-0.33588430704549
"2026_02_CIN_HOU",3505,2,"CIN","pass",-1.36457574286748
"2026_02_CIN_HOU",3572,2,"HOU","pass",1.87893308605999
"2026_02_CIN_HOU",3602,2,"HOU","pass",-0.4935912869405
"2026_02_CIN_HOU",3625,2,"HOU","run",-1.20364245190285
"2026_02_CIN_HOU",3647,2,"HOU","pass",-1.99776300322264
"2026_02_CIN_HOU",3707,2,"CIN","pass",-0.0241412995383143
"2026_02_CIN_HOU",3744,2,"CIN","pass",-0.80325392074883
"2026_02_CIN_HOU",3779,2,"CIN","pass",-1.35162795661017
"2026_02_CIN_HOU",3845,2,"HOU","pass",0.35743420268409
"2026_02_CIN_HOU",3870,2,"HOU","pass",-1.58834044239484
"2026_02_CIN_HOU",3890,2,"HOU","pass",-1.23593262396753
"2026_02_CIN_HOU",3933,2,"CIN","run",0.550417793914676
"2026_02_CIN_HOU",3967,2,"CIN","run",0.248903455678374
"2026_02_CIN_HOU",3989,2,"CIN","pass",-0.538190800696611
"2026_02_CIN_HOU",4014,2,"CIN","run",-0.848483875859529
"2026_02_CIN_HOU",4036,2,"CIN","pass",-1.63818754418753
"2026_02_CIN_HOU",4107,2,"HOU","pass",0.798668960575014
"2026_02_CIN_HOU",4132,2,"HOU","pass",-0.0363268787041306
"2026_02_CIN_HOU",4181,2,"HOU","pass",-0.0231188628822565
"2026_02_CIN_HOU",4206,2,"HOU","pass",-1.65638894529548
"2026_02_CIN_HOU",4226,2,"HOU","pass",-0.359853258589283
"2026_02_CIN_HOU",4251,2,"HOU","pass",-3.0756731419242
"2026_02_CIN_HOU",4274,2,"CIN","run",-1.00336325430544
"2026_02_CIN_HOU",4296,2,"CIN","run",-1.54315685539041
"2026_02_CIN_HOU",4325,2,"CIN","run",-0.63313806115184
"2026_02_CIN_HOU",4407,2,"HOU","pass",-0.306258503347635
"2026_02_CIN_HOU",4430,2,"HOU","pass",-0.0384746072813869
"2026_02_CIN_HOU",4455,2,"HOU","pass",0.8926716146525
"2026_02_CIN_HOU",4510,2,"HOU","pass",-0.375760817318223
"2026_02_CIN_HOU",4535,2,"HOU","pass",1.90579856181284
"2026_02_CIN_HOU",4583,2,"HOU","pass",-0.400461845158134
"2026_02_CIN_HOU",4606,2,"HOU","pass",2.66414646408521
"2026_02_CIN_HOU",4642,2,"HOU","pass",-0.378715987899341
"2026_02_CIN_HOU",4665,2,"HOU","pass",-1.47872750140959
"2026_02_CIN_HOU",4685,2,"HOU","pass",-0.425340787682217
"2026_02_CIN_HOU",4708,2,"HOU","pass",-2.42520658363355
"2026_02_CLE_TB",63,2,"CLE","pass",0.867623769445345
"2026_02_CLE_TB",88,2,"CLE","run",-1.91949546919204
"2026_02_CLE_TB",110,2,"CLE","run",-1.27920976001769
"2026_02_CLE_TB",213,2,"TB","run",0.47688365355134
"2026_02_CLE_TB",235,2,"TB","pass",-0.507295354269445
"2026_02_CLE_TB",258,2,"TB","run",-1.62271137186326
"2026_02_CLE_TB",285,2,"TB","pass",-1.56585933395819
"2026_02_CLE_TB",360,2,"CLE","run",0.89424049668014
"2026_02_CLE_TB",382,2,"CLE","run",0.170333710499108
"2026_02_CLE_TB",404,2,"CLE","pass",1.42917350737844
"2026_02_CLE_TB",434,2,"CLE","run",-0.493035845458508
"2026_02_CLE_TB",456,2,"CLE","pass",-0.712840045569465
"2026_02_CLE_TB",481,2,"CLE","pass",0.183977598673664
"2026_02_CLE_TB",580,2,"TB","run",-0.075739333871752
"2026_02_CLE_TB",602,2,"TB","run",2.63673418026883
"2026_02_CLE_TB",624,2,"TB","pass",-0.214677289011888
"2026_02_CLE_TB",649,2,"TB","run",-0.186316956882365
"2026_02_CLE_TB",671,2,"TB","pass",-1.74451800613788
"2026_02_CLE_TB",744,2,"CLE","run",-0.518983809743077
"2026_02_CLE_TB",766,2,"CLE","run",-1.23986781435087
"2026_02_CLE_TB",788,2,"CLE","pass",-1.04957001842558
"2026_02_CLE_TB",842,2,"TB","pass",-0.602699728682637
"2026_02_CLE_TB",888,2,"TB","pass",-0.767871154006571
"2026_02_CLE_TB",911,2,"TB","run",2.71104697068222
"2026_02_CLE_TB",944,2,"TB","pass",-6.17161309742369
"2026_02_CLE_TB",971,2,"CLE","pass",0.940358339808881
"2026_02_CLE_TB",1012,2,"CLE","run",-1.12273825437296
"2026_02_CLE_TB",1045,2,"CLE","pass",-0.495248589315452
"2026_02_CLE_TB",1068,2,"CLE","pass",0.107845180784352
"2026_02_CLE_TB",1113,2,"CLE","pass",-1.08029785664985
"2026_02_CLE_TB",1205,2,"TB","run",-0.0640268814750016
"2026_02_CLE_TB",1227,2,"TB","pass",-1.12139269104227
"2026_02_CLE_TB",1288,2,"TB","pass",3.15180347836576
"2026_02_CLE_TB",1313,2,"TB","run",-0.0977185373194516
"2026_02_CLE_TB",1335,2,"TB","run",-1.00809561135247
"2026_02_CLE_TB",1368,2,"TB","pass",-1.46556241833605
"2026_02_CLE_TB",1446,2,"CLE","run",-0.34069875231944
"2026_02_CLE_TB",1468,2,"CLE","pass",-1.13179123215377
"2026_02_CLE_TB",1488,2,"CLE","run",-0.471418300643563
"2026_02_CLE_TB",1536,2,"TB","pass",-0.316276862518862
"2026_02_CLE_TB",1573,2,"TB","pass",-0.373910180758685
"2026_02_CLE_TB",1701,2,"TB","pass",-0.95334227848798
"2026_02_CLE_TB",1748,2,"CLE","run",-0.339455384062603
"2026_02_CLE_TB",1770,2,"CLE","run",-0.460283858934417
"2026_02_CLE_TB",1792,2,"CLE","pass",-0.155899761244655
"2026_02_CLE_TB",1817,2,"CLE","run",-2.87927648401819
"2026_02_CLE_TB",1839,2,"TB","run",-0.284338691737503
"2026_02_CLE_TB",1868,2,"TB","pass",0.43931494577555
"2026_02_CLE_TB",1905,2,"TB","run",0.81872746499721
"2026_02_CLE_TB",1927,2,"TB","pass",0.164532951632282
"2026_02_CLE_TB",1952,2,"TB","run",0.331579452875303
"2026_02_CLE_TB",1974,2,"TB","pass",-0.805175333865918
"2026_02_CLE_TB",2006,2,"TB","pass",-0.773126902175136
"2026_02_CLE_TB",2036,2,"TB","pass",-0.13279884919692
"2026_02_CLE_TB",2173,2,"TB","pass",1.5801470358856
"2026_02_CLE_TB",2203,2,"TB","run",0.873208115110174
"2026_02_CLE_TB",2225,2,"TB","run",-0.405650842003524
"2026_02_CLE_TB",2247,2,"TB","pass",0.660671096527949
"2026_02_CLE_TB",2272,2,"TB","run",0.464605291665066
"2026_02_CLE_TB",2294,2,"TB","run",-0.253652082756162
"2026_02_CLE_TB",2319,2,"TB","pass",-1.03586811461719
"2026_02_CLE_TB",2344,2,"TB","run",2.03433886123821
"2026_02_CLE_TB",2371,2,"TB","pass",1.04574704077095
"2026_02_CLE_TB",2442,2,"CLE","run",-0.512661851011217
"2026_02_CLE_TB",2464,2,"CLE","pass",-0.346233342774212
"2026_02_CLE_TB",2489,2,"CLE","run",1.43858003825881
"2026_02_CLE_TB",2518,2,"CLE","pass",1.11931710178033
"2026_02_CLE_TB",2548,2,"CLE","run",0.0898054877761751
"2026_02_CLE_TB",2570,2,"CLE","pass",0.964688153006136
"2026_02_CLE_TB",2600,2,"CLE","pass",0.71602430823259
"2026_02_CLE_TB",2630,2,"CLE","pass",0.373263057670556
"2026_02_CLE_TB",2655,2,"CLE","pass",-1.11732727487106
"2026_02_CLE_TB",2685,2,"CLE","pass",-0.866094913601508
"2026_02_CLE_TB",2770,2,"TB","pass",0.718166537582874
"2026_02_CLE_TB",2793,2,"TB","run",-1.1097923326306
"2026_02_CLE_TB",2862,2,"TB","pass",-0.911154195666313
"2026_02_CLE_TB",2885,2,"TB","pass",-1.16029109526426
"2026_02_CLE_TB",2928,2,"CLE","pass",0.84870919585228
"2026_02_CLE_TB",2960,2,"CLE","pass",-0.544464975129813
"2026_02_CLE_TB",3017,2,"CLE","pass",5.18301439657807
"2026_02_CLE_TB",3081,2,"TB","run",-0.625735762994736
"2026_02_CLE_TB",3103,2,"TB","run",-0.730747634544969
"2026_02_CLE_TB",3145,2,"TB","pass",-1.34128618938848
"2026_02_CLE_TB",3187,2,"CLE","pass",0.863562722923234
"2026_02_CLE_TB",3217,2,"CLE","run",-0.969814147567376
"2026_02_CLE_TB",3239,2,"CLE","pass",-0.893932536710054
"2026_02_CLE_TB",3262,2,"CLE","run",-0.598518111277372
"2026_02_CLE_TB",3309,2,"TB","pass",-0.572678621392697
"2026_02_CLE_TB",3344,2,"TB","pass",1.42641648114659
"2026_02_CLE_TB",3369,2,"TB","pass",2.84141211188398
"2026_02_CLE_TB",3394,2,"TB","pass",-0.101794176851399
"2026_02_CLE_TB",3424,2,"TB","pass",0.0534682492143475
"2026_02_CLE_TB",3449,2,"TB","pass",-1.73694353138935
"2026_02_CLE_TB",3525,2,"CLE","pass",-0.451227106386796
"2026_02_CLE_TB",3550,2,"CLE","run",-0.121203893329948
"2026_02_CLE_TB",3572,2,"CLE","run",1.30437973677181
"2026_02_CLE_TB",3640,2,"CLE","pass",0.183953583240509
"2026_02_CLE_TB",3665,2,"CLE","pass",-0.418780525447801
"2026_02_CLE_TB",3695,2,"CLE","pass",1.39323731849436
"2026_02_CLE_TB",3725,2,"CLE","pass",0.578325648908503
"2026_02_CLE_TB",3750,2,"CLE","run",-0.50803926307708
"2026_02_CLE_TB",3772,2,"CLE","pass",0.686207498714793
"2026_02_CLE_TB",3804,2,"CLE","pass",-0.412490890477784
"2026_02_CLE_TB",3827,2,"CLE","pass",0.551888593996409
"2026_02_CLE_TB",3857,2,"CLE","pass",3.05883939052001
"2026_02_CLE_TB",3931,2,"TB","pass",-0.125966991938185
"2026_02_CLE_TB",3956,2,"TB","run",0.118225696904119
"2026_02_CLE_TB",3985,2,"TB","pass",0.893668231321499
"2026_02_CLE_TB",4015,2,"TB","run",0.359562857367564
"2026_02_CLE_TB",4084,2,"TB","run",0.0156028902856633
"2026_02_CLE_TB",4106,2,"TB","run",0.699543815397192
"2026_02_CLE_TB",4131,2,"TB","pass",0.429665034840582
"2026_02_CLE_TB",4197,2,"TB","pass",-0.267111861146986
"2026_02_CLE_TB",4220,2,"TB","run",-0.569742101593874
"2026_02_CLE_TB",4242,2,"TB","pass",-2.19639019656461
"2026_02_DET_BUF",74,2,"BUF","pass",0.840315403416753
"2026_02_DET_BUF",99,2,"BUF","run",0.750785159645602
"2026_02_DET_BUF",121,2,"BUF","pass",-1.26149320672266
"2026_02_DET_BUF",156,2,"BUF","run",1.97843579249457
"2026_02_DET_BUF",194,2,"BUF","run",-0.481281091226265
"2026_02_DET_BUF",216,2,"BUF","run",1.23665190907195
"2026_02_DET_BUF",243,2,"BUF","pass",0.799659972195514
"2026_02_DET_BUF",273,2,"BUF","run",0.618453331640922
"2026_02_DET_BUF",295,2,"BUF","run",1.34405003258144
"2026_02_DET_BUF",317,2,"BUF","run",0.480697234364925
"2026_02_DET_BUF",379,2,"DET","pass",-0.320666559971869
"2026_02_DET_BUF",404,2,"DET","run",-0.806925685610622
"2026_02_DET_BUF",426,2,"DET","pass",-1.81513536907732
"2026_02_DET_BUF",466,2,"BUF","pass",-0.57222845684737
"2026_02_DET_BUF",496,2,"BUF","run",-0.196909850463271
"2026_02_DET_BUF",518,2,"BUF","pass",1.7437137234956
"2026_02_DET_BUF",548,2,"BUF","run",-0.538488219957799
"2026_02_DET_BUF",570,2,"BUF","pass",2.04405180900358
"2026_02_DET_BUF",595,2,"BUF","run",-0.935742837842554
"2026_02_DET_BUF",617,2,"BUF","pass",-0.943664228543639
"2026_02_DET_BUF",640,2,"BUF","pass",5.45920728496276
"2026_02_DET_BUF",711,2,"DET","run",1.12487458088435
"2026_02_DET_BUF",733,2,"DET","run",0.76085520349443
"2026_02_DET_BUF",760,2,"DET","pass",-2.47064170450903
"2026_02_DET_BUF",790,2,"DET","run",-1.7784634064883
"2026_02_DET_BUF",848,2,"BUF","run",0.68198282760568
"2026_02_DET_BUF",877,2,"BUF","pass",-0.584918130422011
"2026_02_DET_BUF",900,2,"BUF","run",0.442786635132506
"2026_02_DET_BUF",942,2,"BUF","pass",0.708766983589157
"2026_02_DET_BUF",972,2,"BUF","pass",1.41456175770145
"2026_02_DET_BUF",997,2,"BUF","pass",-0.278388724196702
"2026_02_DET_BUF",1022,2,"BUF","pass",-0.757376439345535
"2026_02_DET_BUF",1117,2,"BUF","run",-0.119117654685397
"2026_02_DET_BUF",1146,2,"BUF","pass",0.812524442677386
"2026_02_DET_BUF",1225,2,"DET","run",-0.28353565139696
"2026_02_DET_BUF",1247,2,"DET","pass",1.24786415952258
"2026_02_DET_BUF",1310,2,"DET","run",-0.616160594858229
"2026_02_DET_BUF",1332,2,"DET","pass",0.563216327456757
"2026_02_DET_BUF",1357,2,"DET","run",1.74323105462827
"2026_02_DET_BUF",1379,2,"DET","run",-0.799825621536002
"2026_02_DET_BUF",1401,2,"DET","run",0.509084439836442
"2026_02_DET_BUF",1423,2,"DET","pass",1.23949480388546
"2026_02_DET_BUF",1448,2,"DET","pass",-0.381068670772947
"2026_02_DET_BUF",1471,2,"DET","pass",1.07817999721738
"2026_02_DET_BUF",1501,2,"DET","run",0.237707084917929
"2026_02_DET_BUF",1523,2,"DET","pass",2.13297941588098
"2026_02_DET_BUF",1594,2,"BUF","run",1.23144103138475
"2026_02_DET_BUF",1626,2,"BUF","run",2.29125633178046
"2026_02_DET_BUF",1653,2,"BUF","run",0.479268254624913
"2026_02_DET_BUF",1712,2,"BUF","pass",3.28183248295682
"2026_02_DET_BUF",1786,2,"DET","pass",0.655713029555045
"2026_02_DET_BUF",1811,2,"DET","pass",-0.400394327240065
"2026_02_DET_BUF",1834,2,"DET","pass",0.613515531062149
"2026_02_DET_BUF",1904,2,"DET","pass",-2.07975310401525
"2026_02_DET_BUF",1957,2,"BUF","pass",0.20039944013115
"2026_02_DET_BUF",1985,2,"BUF","pass",-0.0470979411620647
"2026_02_DET_BUF",2051,2,"BUF","pass",-0.27436665201094
"2026_02_DET_BUF",2074,2,"BUF","pass",-0.364754877868108
"2026_02_DET_BUF",2100,2,"BUF","pass",-0.589521365123801
"2026_02_DET_BUF",2143,2,"DET","pass",-0.0647719356347807
"2026_02_DET_BUF",2166,2,"DET","pass",0.316659734991845
"2026_02_DET_BUF",2191,2,"DET","pass",0.935210043680854
"2026_02_DET_BUF",2223,2,"DET","pass",-0.246132195810787
"2026_02_DET_BUF",2277,2,"DET","pass",1.10271882556845
"2026_02_DET_BUF",2302,2,"DET","pass",-0.102479309949558
"2026_02_DET_BUF",2330,2,"DET","run",1.0173748745812
"2026_02_DET_BUF",2431,2,"DET","run",-0.526384663302451
"2026_02_DET_BUF",2453,2,"DET","pass",0.37619386985898
"2026_02_DET_BUF",2483,2,"DET","pass",2.20294457022101
"2026_02_DET_BUF",2523,2,"DET","pass",-0.523073508637026
"2026_02_DET_BUF",2551,2,"DET","run",-0.865217188606039
"2026_02_DET_BUF",2573,2,"DET","pass",-1.30702245468274
"2026_02_DET_BUF",2598,2,"DET","pass",4.3018198616337
"2026_02_DET_BUF",2623,2,"DET","run",-0.501106991199777
"2026_02_DET_BUF",2645,2,"DET","pass",0.986692480044439
"2026_02_DET_BUF",2681,2,"DET","pass",1.02023539476795
"2026_02_DET_BUF",2706,2,"DET","pass",0.990549703652505
"2026_02_DET_BUF",2777,2,"BUF","run",0.582844260148704
"2026_02_DET_BUF",2799,2,"BUF","run",-0.253671394195408
"2026_02_DET_BUF",2821,2,"BUF","run",0.469470292329788
"2026_02_DET_BUF",2843,2,"BUF","run",-0.16631629341282
"2026_02_DET_BUF",2865,2,"BUF","pass",-0.0453445117454976
"2026_02_DET_BUF",2890,2,"BUF","pass",0.956495025195181
"2026_02_DET_BUF",2917,2,"BUF","pass",-0.513779841829091
"2026_02_DET_BUF",2937,2,"BUF","pass",0.540153931127861
"2026_02_DET_BUF",2962,2,"BUF","run",0.587567365961149
"2026_02_DET_BUF",2986,2,"BUF","pass",-0.356923944316804
"2026_02_DET_BUF",3009,2,"BUF","run",0.544874299550429
"2026_02_DET_BUF",3050,2,"BUF","run",0.555736997979693
"2026_02_DET_BUF",3072,2,"BUF","pass",1.47834973101271
"2026_02_DET_BUF",3102,2,"BUF","run",0.594134526705602
"2026_02_DET_BUF",3135,2,"BUF","run",0.621177108288975
"2026_02_DET_BUF",3203,2,"DET","run",-0.528044220292941
"2026_02_DET_BUF",3230,2,"DET","pass",2.96885462803766
"2026_02_DET_BUF",3280,2,"DET","pass",-0.42648470052518
"2026_02_DET_BUF",3310,2,"DET","run",-0.618188460590318
"2026_02_DET_BUF",3332,2,"DET","pass",1.93380956008332
"2026_02_DET_BUF",3357,2,"DET","pass",0.416881610581186
"2026_02_DET_BUF",3387,2,"DET","run",-0.701039881678298
"2026_02_DET_BUF",3409,2,"DET","pass",-1.34125246759504
"2026_02_DET_BUF",3490,2,"DET","run",-0.0914657616522163
"2026_02_DET_BUF",3517,2,"DET","run",-0.95888464449672
"2026_02_DET_BUF",3573,2,"DET","pass",0.690708421519957
"2026_02_DET_BUF",3639,2,"BUF","pass",-0.518307485152036
"2026_02_DET_BUF",3662,2,"BUF","pass",0.110073855612427
"2026_02_DET_BUF",3687,2,"BUF","run",1.12858189200051
"2026_02_DET_BUF",3709,2,"BUF","run",-0.433424841146916
"2026_02_DET_BUF",3731,2,"BUF","pass",-0.752904738532379
"2026_02_DET_BUF",3754,2,"BUF","pass",-1.43350087245926
"2026_02_DET_BUF",3797,2,"DET","pass",-0.493849637219682
"2026_02_DET_BUF",3827,2,"DET","run",-0.484677445841953
"2026_02_DET_BUF",3849,2,"DET","pass",-0.950629340019077
"2026_02_DET_BUF",3903,2,"BUF","run",-0.511636911891401
"2026_02_DET_BUF",3932,2,"BUF","run",-0.518935606116429
"2026_02_DET_BUF",3954,2,"BUF","pass",1.55934115638956
"2026_02_DET_BUF",3987,2,"BUF","run",-1.00817830231972
"2026_02_DET_BUF",4014,2,"BUF","pass",1.50517928425688
"2026_02_DET_BUF",4038,2,"BUF","pass",0.888753168692347
"2026_02_DET_BUF",4071,2,"BUF","run",2.26973179768538
"2026_02_DET_BUF",4101,2,"BUF","run",0.64021477359347
"2026_02_DET_BUF",4174,2,"DET","pass",-0.420173490187153
"2026_02_DET_BUF",4197,2,"DET","pass",-1.30298077967018
"2026_02_DET_BUF",4217,2,"DET","pass",-0.713310580234975
"2026_02_DET_BUF",4240,2,"DET","pass",2.93365423346404
"2026_02_DET_BUF",4270,2,"DET","pass",0.694944191724062
"2026_02_DET_BUF",4295,2,"DET","pass",1.04063849913655
"2026_02_DET_BUF",4330,2,"DET","pass",3.49262798757991
"2026_02_DET_BUF",4402,2,"BUF","run",-0.729113866400439
"2026_02_GB_NYJ",63,2,"GB","pass",-0.948462659493089
"2026_02_GB_NYJ",92,2,"GB","pass",-0.0983551582321525
"2026_02_GB_NYJ",124,2,"GB","pass",-1.46762216137722
"2026_02_GB_NYJ",202,2,"NYJ","run",-0.552124867448583
"2026_02_GB_NYJ",224,2,"NYJ","pass",-0.245531202293932
"2026_02_GB_NYJ",273,2,"NYJ","run",-0.264404256828129
"2026_02_GB_NYJ",333,2,"NYJ","pass",0.148440555203706
"2026_02_GB_NYJ",358,2,"NYJ","pass",2.48447209270671
"2026_02_GB_NYJ",392,2,"NYJ","pass",0.728715710807592
"2026_02_GB_NYJ",443,2,"NYJ","run",0.0347645066212863
"2026_02_GB_NYJ",465,2,"NYJ","run",-1.12748050922528
"2026_02_GB_NYJ",487,2,"NYJ","pass",-1.5907645423431
"2026_02_GB_NYJ",586,2,"GB","pass",-0.541391448583454
"2026_02_GB_NYJ",611,2,"GB","pass",-0.637776809511706
"2026_02_GB_NYJ",636,2,"GB","pass",-0.938010568264872
"2026_02_GB_NYJ",696,2,"NYJ","pass",0.335615682182834
"2026_02_GB_NYJ",728,2,"NYJ","run",-0.154360680375248
"2026_02_GB_NYJ",750,2,"NYJ","pass",0.871996897039935
"2026_02_GB_NYJ",775,2,"NYJ","pass",-0.517905454849824
"2026_02_GB_NYJ",798,2,"NYJ","pass",-1.17981311003678
"2026_02_GB_NYJ",821,2,"NYJ","run",-1.46660904795863
"2026_02_GB_NYJ",876,2,"GB","run",-0.209031727397814
"2026_02_GB_NYJ",898,2,"GB","pass",-0.598457833752036
"2026_02_GB_NYJ",932,2,"GB","pass",-1.45422119181603
"2026_02_GB_NYJ",1003,2,"NYJ","run",-1.20733493706211
"2026_02_GB_NYJ",1038,2,"NYJ","pass",-0.756369214970618
"2026_02_GB_NYJ",1061,2,"NYJ","pass",-1.15338355256245
"2026_02_GB_NYJ",1101,2,"GB","run",0.797029198380187
"2026_02_GB_NYJ",1143,2,"GB","run",-0.504557379987091
"2026_02_GB_NYJ",1165,2,"GB","pass",1.73719799483661
"2026_02_GB_NYJ",1190,2,"GB","run",0.0589369841618463
"2026_02_GB_NYJ",1212,2,"GB","run",0.722261560556944
"2026_02_GB_NYJ",1277,2,"GB","pass",0.879981484613381
"2026_02_GB_NYJ",1302,2,"GB","run",0.780287949542981
"2026_02_GB_NYJ",1324,2,"GB","run",-0.307627020811196
"2026_02_GB_NYJ",1346,2,"GB","pass",2.03424957359675
"2026_02_GB_NYJ",1417,2,"NYJ","run",-0.750593010336161
"2026_02_GB_NYJ",1439,2,"NYJ","pass",-0.790532020619139
"2026_02_GB_NYJ",1462,2,"NYJ","pass",2.4222545651719
"2026_02_GB_NYJ",1521,2,"NYJ","run",-0.511392426793464
"2026_02_GB_NYJ",1543,2,"NYJ","pass",-0.600279478356242
"2026_02_GB_NYJ",1568,2,"NYJ","pass",2.29552589548985
"2026_02_GB_NYJ",1593,2,"NYJ","run",1.43578121205792
"2026_02_GB_NYJ",1661,2,"GB","run",-1.72624394414015
"2026_02_GB_NYJ",1704,2,"GB","pass",-0.606362310703844
"2026_02_GB_NYJ",1809,2,"GB","pass",-0.592051459942013
"2026_02_GB_NYJ",1858,2,"NYJ","run",-0.398805670673028
"2026_02_GB_NYJ",1892,2,"NYJ","pass",-0.402532382169738
"2026_02_GB_NYJ",1915,2,"NYJ","pass",1.70580125029664
"2026_02_GB_NYJ",1945,2,"NYJ","pass",-0.268223960418254
"2026_02_GB_NYJ",1970,2,"NYJ","run",-0.380773391458206
"2026_02_GB_NYJ",2021,2,"NYJ","run",0.0278430758044124
"2026_02_GB_NYJ",2043,2,"NYJ","pass",-0.267621015140321
"2026_02_GB_NYJ",2068,2,"NYJ","pass",0.00631817808607593
"2026_02_GB_NYJ",2100,2,"NYJ","pass",0.0830425734166056
"2026_02_GB_NYJ",2155,2,"NYJ","pass",-0.149720177229028
"2026_02_GB_NYJ",2178,2,"NYJ","pass",-0.185912409593584
"2026_02_GB_NYJ",2246,2,"NYJ","pass",1.04734982829541
"2026_02_GB_NYJ",2271,2,"NYJ","pass",-0.138183724367991
"2026_02_GB_NYJ",2306,2,"NYJ","run",-1.27260278561153
"2026_02_GB_NYJ",2328,2,"NYJ","pass",-1.6373776269611
"2026_02_GB_NYJ",2399,2,"GB","run",-0.259040398756042
"2026_02_GB_NYJ",2428,2,"GB","pass",0.974976387806237
"2026_02_GB_NYJ",2544,2,"GB","pass",-0.421934106387198
"2026_02_GB_NYJ",2574,2,"GB","run",-0.33418896747753
"2026_02_GB_NYJ",2632,2,"GB","run",-0.554829895030707
"2026_02_GB_NYJ",2654,2,"GB","pass",-0.761384850367904
"2026_02_GB_NYJ",2677,2,"GB","pass",-1.27294415328652
"2026_02_GB_NYJ",2719,2,"NYJ","pass",-0.16249460959807
"2026_02_GB_NYJ",2756,2,"NYJ","run",-0.40148268872872
"2026_02_GB_NYJ",2778,2,"NYJ","run",1.29284487571567
"2026_02_GB_NYJ",2800,2,"NYJ","pass",-0.488292638445273
"2026_02_GB_NYJ",2823,2,"NYJ","run",1.31420422974043
"2026_02_GB_NYJ",2850,2,"NYJ","run",0.842949120677076
"2026_02_GB_NYJ",2877,2,"NYJ","pass",0.78594934148714
"2026_02_GB_NYJ",2902,2,"NYJ","run",-0.0331413702806458
"2026_02_GB_NYJ",2924,2,"NYJ","pass",1.04064964322606
"2026_02_GB_NYJ",2960,2,"NYJ","pass",1.07244676345726
"2026_02_GB_NYJ",3042,2,"GB","run",-1.19717010483146
"2026_02_GB_NYJ",3064,2,"GB","pass",0.803892458323389
"2026_02_GB_NYJ",3089,2,"GB","pass",-1.48157017212361
"2026_02_GB_NYJ",3132,2,"NYJ","run",-0.429084366653115
"2026_02_GB_NYJ",3161,2,"NYJ","pass",-0.74507246306166
"2026_02_GB_NYJ",3208,2,"NYJ","pass",4.4379569622688
"2026_02_GB_NYJ",3258,2,"NYJ","run",0.367522030253895
"2026_02_GB_NYJ",3285,2,"NYJ","run",-2.7497449858347
"2026_02_GB_NYJ",3312,2,"NYJ","pass",-1.1777546047233
"2026_02_GB_NYJ",3373,2,"GB","run",-4.98751574702328
"2026_02_GB_NYJ",3418,2,"NYJ","run",-0.476895101775881
"2026_02_GB_NYJ",3440,2,"NYJ","pass",-0.736704754526727
"2026_02_GB_NYJ",3474,2,"NYJ","pass",0.144087193417363
"2026_02_GB_NYJ",3573,2,"GB","pass",-0.542331892531365
"2026_02_GB_NYJ",3596,2,"GB","pass",0.121841834392399
"2026_02_GB_NYJ",3626,2,"GB","pass",1.93665097467601
"2026_02_GB_NYJ",3759,2,"GB","pass",-0.418805169058032
"2026_02_GB_NYJ",3782,2,"GB","pass",1.584211079753
"2026_02_GB_NYJ",3841,2,"GB","run",0.258714512456208
"2026_02_GB_NYJ",3863,2,"GB","pass",1.40990163997049
"2026_02_GB_NYJ",3938,2,"NYJ","pass",0.588513585273176
"2026_02_GB_NYJ",3963,2,"NYJ","run",-0.166136745363474
"2026_02_GB_NYJ",3985,2,"NYJ","run",-1.0169080379419
"2026_02_GB_NYJ",4007,2,"NYJ","pass",-0.676520753186196
"2026_02_GB_NYJ",4070,2,"GB","run",-0.0555637177894823
"2026_02_GB_NYJ",4092,2,"GB","run",-0.901879191515036
"2026_02_GB_NYJ",4119,2,"GB","pass",-0.857309499698912
"2026_02_GB_NYJ",4185,2,"NYJ","pass",0.435176292201504
"2026_02_GB_NYJ",4221,2,"NYJ","pass",-0.412468077731319
"2026_02_GB_NYJ",4244,2,"NYJ","pass",0.454832705087028
"2026_02_GB_NYJ",4269,2,"NYJ","run",-0.932285162503831
"2026_02_GB_NYJ",4298,2,"NYJ","run",-2.86547206010437
"2026_02_GB_NYJ",4320,2,"GB","pass",-0.404421614599414
"2026_02_GB_NYJ",4343,2,"GB","pass",-0.351270353014115
"2026_02_GB_NYJ",4373,2,"GB","pass",-0.951019294850994
"2026_02_GB_NYJ",4422,2,"GB","pass",-0.220199261209927
"2026_02_GB_NYJ",4507,2,"NYJ","pass",-1.28070312016644
"2026_02_GB_NYJ",4527,2,"NYJ","pass",-1.44129830598831
"2026_02_GB_NYJ",4571,2,"NYJ","pass",0.220512678381056
"2026_02_GB_NYJ",4627,2,"GB","run",0.693297522841021
"2026_02_GB_NYJ",4661,2,"GB","run",-0.213443965883926
"2026_02_GB_NYJ",4683,2,"GB","pass",2.29840952611994
"2026_02_GB_NYJ",4724,2,"GB","pass",-1.38391527158157
"2026_02_IND_KC",65,2,"IND","run",0.242464899318293
"2026_02_IND_KC",87,2,"IND","run",0.193473984021693
"2026_02_IND_KC",109,2,"IND","run",0.67952828318812
"2026_02_IND_KC",133,2,"IND","pass",0.670511801494285
"2026_02_IND_KC",158,2,"IND","run",0.841793225379661
"2026_02_IND_KC",180,2,"IND","run",0.629602562636137
"2026_02_IND_KC",235,2,"IND","run",-0.330019205226563
"2026_02_IND_KC",257,2,"IND","pass",0.550793589150999
"2026_02_IND_KC",282,2,"IND","pass",2.29986467852723
"2026_02_IND_KC",318,2,"IND","run",-0.246665758488234
"2026_02_IND_KC",340,2,"IND","pass",0.870806352701038
"2026_02_IND_KC",411,2,"KC","run",1.06731086829677
"2026_02_IND_KC",438,2,"KC","pass",0.972873625112697
"2026_02_IND_KC",463,2,"KC","run",-0.385774873080663
"2026_02_IND_KC",485,2,"KC","pass",-0.659295558347367
"2026_02_IND_KC",508,2,"KC","pass",-1.54010960883394
"2026_02_IND_KC",592,2,"IND","run",-0.175273538567126
"2026_02_IND_KC",614,2,"IND","pass",-4.68701724306447
"2026_02_IND_KC",641,2,"KC","run",-0.190983050211798
"2026_02_IND_KC",663,2,"KC","pass",2.14667507587001
"2026_02_IND_KC",734,2,"IND","run",0.00569163728505373
"2026_02_IND_KC",756,2,"IND","pass",-0.404608839889988
"2026_02_IND_KC",786,2,"IND","run",-1.45839196327142
"2026_02_IND_KC",813,2,"IND","run",2.43459060206078
"2026_02_IND_KC",846,2,"IND","pass",-0.557626492343843
"2026_02_IND_KC",869,2,"IND","pass",1.59684270038269
"2026_02_IND_KC",894,2,"IND","run",0.777038812520914
"2026_02_IND_KC",916,2,"IND","run",-0.836321379290894
"2026_02_IND_KC",958,2,"IND","pass",-0.534298304817639
"2026_02_IND_KC",981,2,"IND","pass",-0.694098040733456
"2026_02_IND_KC",1063,2,"KC","pass",1.74447085696738
"2026_02_IND_KC",1088,2,"KC","run",-0.52271150809247
"2026_02_IND_KC",1110,2,"KC","pass",0.235778134316206
"2026_02_IND_KC",1135,2,"KC","pass",-2.11268423614255
"2026_02_IND_KC",1179,2,"IND","run",-0.418747551040724
"2026_02_IND_KC",1213,2,"IND","pass",0.787887872662395
"2026_02_IND_KC",1279,2,"IND","run",-0.809164971578866
"2026_02_IND_KC",1301,2,"IND","pass",-0.578982077888213
"2026_02_IND_KC",1372,2,"IND","pass",-0.188362904639712
"2026_02_IND_KC",1447,2,"KC","pass",0.303616741439328
"2026_02_IND_KC",1511,2,"KC","pass",1.74232363631018
"2026_02_IND_KC",1553,2,"KC","run",0.224122440442443
"2026_02_IND_KC",1577,2,"KC","run",0.458594627678394
"2026_02_IND_KC",1599,2,"KC","pass",0.317952336627059
"2026_02_IND_KC",1624,2,"KC","pass",0.751036948582623
"2026_02_IND_KC",1649,2,"KC","pass",0.105954125174321
"2026_02_IND_KC",1674,2,"KC","pass",0.450534346746281
"2026_02_IND_KC",1704,2,"KC","pass",-0.447905771667138
"2026_02_IND_KC",1727,2,"KC","pass",1.49381573335268
"2026_02_IND_KC",1752,2,"KC","pass",0.383636807557195
"2026_02_IND_KC",1782,2,"KC","pass",0.922491495904978
"2026_02_IND_KC",1853,2,"IND","pass",0.375874590710737
"2026_02_IND_KC",1878,2,"IND","run",0.183770904666744
"2026_02_IND_KC",1941,2,"IND","run",0.0516025846591219
"2026_02_IND_KC",1963,2,"IND","pass",-0.325685091724154
"2026_02_IND_KC",1993,2,"IND","pass",1.05999441433232
"2026_02_IND_KC",2035,2,"IND","run",3.25205711135641
"2026_02_IND_KC",2106,2,"KC","pass",0.0177182704210281
"2026_02_IND_KC",2136,2,"KC","pass",-0.218929248454515
"2026_02_IND_KC",2162,2,"KC","pass",-0.808864293561783
"2026_02_IND_KC",2209,2,"IND","run",-0.0412936576176435
"2026_02_IND_KC",2268,2,"KC","run",-0.566825955174863
"2026_02_IND_KC",2290,2,"KC","run",1.61747600953095
"2026_02_IND_KC",2312,2,"KC","run",0.664974720450118
"2026_02_IND_KC",2334,2,"KC","run",-0.214583366177976
"2026_02_IND_KC",2356,2,"KC","pass",-0.887845177901909
"2026_02_IND_KC",2379,2,"KC","pass",-0.534670595778152
"2026_02_IND_KC",2404,2,"KC","run",2.23905110405758
"2026_02_IND_KC",2441,2,"KC","pass",-0.883388205664232
"2026_02_IND_KC",2466,2,"KC","pass",-0.983573246048763
"2026_02_IND_KC",2489,2,"KC","pass",5.09172700726776
"2026_02_IND_KC",2514,2,"KC","run",-0.237554929830367
"2026_02_IND_KC",2536,2,"KC","run",-0.375011431460734
"2026_02_IND_KC",2558,2,"KC","run",-1.03420285938773
"2026_02_IND_KC",2584,2,"KC","pass",2.11234872194473
"2026_02_IND_KC",2667,2,"IND","pass",0.971063887467608
"2026_02_IND_KC",2692,2,"IND","pass",-0.238011629786342
"2026_02_IND_KC",2717,2,"IND","run",-0.266937709646299
"2026_02_IND_KC",2739,2,"IND","pass",-1.76645706943236
"2026_02_IND_KC",2788,2,"KC","pass",0.613220520550385
"2026_02_IND_KC",2831,2,"KC","run",0.123246086295694
"2026_02_IND_KC",2861,2,"KC","pass",-0.818287746049464
"2026_02_IND_KC",2884,2,"KC","pass",2.12792553682812
"2026_02_IND_KC",2909,2,"KC","run",0.576844927622005
"2026_02_IND_KC",2931,2,"KC","run",0.298956589074805
"2026_02_IND_KC",2953,2,"KC","pass",0.760934693971649
"2026_02_IND_KC",2978,2,"KC","pass",-0.42278249876108
"2026_02_IND_KC",3001,2,"KC","pass",1.57821801881073
"2026_02_IND_KC",3029,2,"KC","pass",-0.98655599023914
"2026_02_IND_KC",3100,2,"KC","pass",0.0747842158889398
"2026_02_IND_KC",3149,2,"KC","pass",-0.53958461465959
"2026_02_IND_KC",3229,2,"IND","pass",-0.146872149780393
"2026_02_IND_KC",3254,2,"IND","pass",0.862348183989525
"2026_02_IND_KC",3279,2,"IND","run",-0.727767183678225
"2026_02_IND_KC",3301,2,"IND","pass",1.90753859945107
"2026_02_IND_KC",3331,2,"IND","run",-0.336034855106845
"2026_02_IND_KC",3353,2,"IND","pass",-1.23749859060626
"2026_02_IND_KC",3402,2,"IND","pass",-0.160080658853985
"2026_02_IND_KC",3427,2,"IND","run",1.81776084104786
"2026_02_IND_KC",3485,2,"IND","run",-0.114480106858537
"2026_02_IND_KC",3507,2,"IND","run",-0.671936969447415
"2026_02_IND_KC",3529,2,"IND","pass",1.25749176711543
"2026_02_IND_KC",3554,2,"IND","pass",0.481163445452694
"2026_02_IND_KC",3579,2,"IND","run",1.75252502120566
"2026_02_IND_KC",3647,2,"KC","pass",0.68741700751707
"2026_02_IND_KC",3672,2,"KC","run",0.060870225308463
"2026_02_IND_KC",3697,2,"KC","pass",-0.490628212690353
"2026_02_IND_KC",3720,2,"KC","pass",-0.46567661955487
"2026_02_IND_KC",3745,2,"KC","pass",-1.23134515585843
"2026_02_IND_KC",3787,2,"IND","pass",0.882149714045227
"2026_02_IND_KC",3824,2,"IND","run",0.0262576323002577
"2026_02_IND_KC",3846,2,"IND","run",-0.537979537271895
"2026_02_IND_KC",3868,2,"IND","pass",0.798671523923986
"2026_02_IND_KC",3900,2,"IND","run",-0.0129213123582304
"2026_02_IND_KC",3922,2,"IND","pass",-0.413335262215696
"2026_02_IND_KC",3945,2,"IND","pass",-0.805920566199347
"2026_02_IND_KC",4001,2,"KC","pass",-0.0249579781084321
"2026_02_IND_KC",4024,2,"KC","run",-0.0141813373775221
"2026_02_IND_KC",4046,2,"KC","run",0.0387307695345953
"2026_02_IND_KC",4075,2,"KC","pass",0.0920059158816002
"2026_02_IND_KC",4107,2,"KC","pass",-0.165958237135783
"2026_02_IND_KC",4199,2,"KC","run",-0.57696647872217
"2026_02_IND_KC",4221,2,"KC","pass",-1.15578282182105
"2026_02_IND_KC",4241,2,"KC","pass",3.29620810982306
"2026_02_IND_KC",4266,2,"KC","pass",-0.417384435655549
"2026_02_IND_KC",4289,2,"KC","pass",1.10614024475217
"2026_02_IND_KC",4314,2,"KC","run",0.488376973022241
"2026_02_IND_KC",4365,2,"KC","run",1.21139816852519
"2026_02_IND_KC",4387,2,"KC","run",-0.396391783724539
"2026_02_IND_KC",4409,2,"KC","pass",-0.734739487757906
"2026_02_IND_KC",4432,2,"KC","pass",-0.78233491834754
"2026_02_IND_KC",4505,2,"IND","pass",3.25220277620247
"2026_02_IND_KC",4596,2,"IND","run",-0.820541425782721
"2026_02_IND_KC",4618,2,"IND","run",-0.930889962997753
"2026_02_IND_KC",4640,2,"IND","run",-0.30698698759079
"2026_02_IND_KC",4748,2,"KC","run",0.241062942484859
"2026_02_IND_KC",4770,2,"KC","run",0.150802714866586
"2026_02_IND_KC",4792,2,"KC","run",0.150811106432229
"2026_02_IND_KC",4821,2,"KC","run",-0.718538180459291
"2026_02_IND_KC",4843,2,"KC","pass",1.60803165577818
"2026_02_IND_KC",4875,2,"KC","run",0.0547345055656345
"2026_02_JAX_DEN",62,2,"DEN","run",0.0386697393842041
"2026_02_JAX_DEN",84,2,"DEN","run",-0.5715765026398
"2026_02_JAX_DEN",130,2,"DEN","pass",-1.42391652241349
"2026_02_JAX_DEN",192,2,"JAX","run",-0.248876064550132
"2026_02_JAX_DEN",214,2,"JAX","pass",0.167197416070849
"2026_02_JAX_DEN",239,2,"JAX","run",1.14457405707799
"2026_02_JAX_DEN",304,2,"JAX","pass",-0.523692490765825
"2026_02_JAX_DEN",327,2,"JAX","run",-0.808357564499602
"2026_02_JAX_DEN",349,2,"JAX","pass",-1.65739105804823
"2026_02_JAX_DEN",391,2,"DEN","run",1.02987261908129
"2026_02_JAX_DEN",420,2,"DEN","pass",-0.573676162399352
"2026_02_JAX_DEN",478,2,"DEN","pass",-0.0709226066246629
"2026_02_JAX_DEN",503,2,"DEN","pass",-1.06695528747514
"2026_02_JAX_DEN",554,2,"JAX","pass",-0.502494974527508
"2026_02_JAX_DEN",584,2,"JAX","pass",0.808160229586065
"2026_02_JAX_DEN",609,2,"JAX","run",0.596878507407382
"2026_02_JAX_DEN",631,2,"JAX","run",-0.262245901394635
"2026_02_JAX_DEN",653,2,"JAX","pass",-2.50792528525926
"2026_02_JAX_DEN",673,2,"JAX","pass",-1.1196293910034
"2026_02_JAX_DEN",746,2,"DEN","run",-0.0180512052029371
"2026_02_JAX_DEN",775,2,"DEN","pass",0.70709056314081
"2026_02_JAX_DEN",800,2,"DEN","pass",-0.562652297783643
"2026_02_JAX_DEN",823,2,"DEN","pass",0.542077995371073
"2026_02_JAX_DEN",853,2,"DEN","pass",-1.70176910981536
"2026_02_JAX_DEN",895,2,"JAX","run",-0.215833518654108
"2026_02_JAX_DEN",924,2,"JAX","run",0.618749769870192
"2026_02_JAX_DEN",946,2,"JAX","run",0.45433644996956
"2026_02_JAX_DEN",970,2,"JAX","pass",1.02285150997341
"2026_02_JAX_DEN",1015,2,"JAX","pass",1.56593571789563
"2026_02_JAX_DEN",1040,2,"JAX","pass",-0.945156590547413
"2026_02_JAX_DEN",1101,2,"JAX","pass",3.78564191379701
"2026_02_JAX_DEN",1126,2,"JAX","run",0.676655278512044
"2026_02_JAX_DEN",1234,2,"DEN","pass",0.37129320227541
"2026_02_JAX_DEN",1259,2,"DEN","run",0.287798908306286
"2026_02_JAX_DEN",1281,2,"DEN","run",0.336131367366761
"2026_02_JAX_DEN",1303,2,"DEN","pass",3.5955827277503
"2026_02_JAX_DEN",1355,2,"DEN","run",-0.25997478608042
"2026_02_JAX_DEN",1377,2,"DEN","run",-0.457592892169487
"2026_02_JAX_DEN",1401,2,"DEN","run",-2.64597151714137
"2026_02_JAX_DEN",1476,2,"JAX","run",-0.40429874160327
"2026_02_JAX_DEN",1498,2,"JAX","pass",-0.629812730941921
"2026_02_JAX_DEN",1521,2,"JAX","pass",-1.46287723490968
"2026_02_JAX_DEN",1608,2,"DEN","run",-0.464584902394563
"2026_02_JAX_DEN",1637,2,"DEN","pass",1.50448463228531
"2026_02_JAX_DEN",1662,2,"DEN","pass",-0.485851030680351
"2026_02_JAX_DEN",1698,2,"DEN","pass",1.75122357392684
"2026_02_JAX_DEN",1723,2,"DEN","pass",2.08118910429766
"2026_02_JAX_DEN",1753,2,"DEN","pass",-0.661886846588459
"2026_02_JAX_DEN",1776,2,"DEN","run",-0.56239087076392
"2026_02_JAX_DEN",1798,2,"DEN","pass",-4.33185129216872
"2026_02_JAX_DEN",1862,2,"JAX","pass",0.402721759863198
"2026_02_JAX_DEN",1894,2,"JAX","pass",0.369954961468466
"2026_02_JAX_DEN",1919,2,"JAX","pass",0.876326062367298
"2026_02_JAX_DEN",1944,2,"JAX","pass",-0.255089531769045
"2026_02_JAX_DEN",1969,2,"JAX","pass",0.523694533156231
"2026_02_JAX_DEN",1999,2,"JAX","pass",0.513706741232594
"2026_02_JAX_DEN",2104,2,"JAX","run",1.17681126622483
"2026_02_JAX_DEN",2131,2,"JAX","pass",1.21303528302815
"2026_02_JAX_DEN",2156,2,"JAX","run",0.877032160176896
"2026_02_JAX_DEN",2178,2,"JAX","run",-0.255471569602378
"2026_02_JAX_DEN",2200,2,"JAX","run",-0.209335492399987
"2026_02_JAX_DEN",2222,2,"JAX","run",1.15551295661135
"2026_02_JAX_DEN",2249,2,"JAX","pass",0.943848900438752
"2026_02_JAX_DEN",2285,2,"JAX","run",-0.7805604065652
"2026_02_JAX_DEN",2307,2,"JAX","pass",-0.994309374305885
"2026_02_JAX_DEN",2337,2,"JAX","pass",-1.33137250563967
"2026_02_JAX_DEN",2410,2,"DEN","run",-0.355168025009334
"2026_02_JAX_DEN",2432,2,"DEN","run",0.32031120127067
"2026_02_JAX_DEN",2459,2,"DEN","pass",1.56010558689013
"2026_02_JAX_DEN",2489,2,"DEN","run",0.991467546555214
"2026_02_JAX_DEN",2540,2,"DEN","pass",0.773329010233283
"2026_02_JAX_DEN",2565,2,"DEN","pass",-0.665328118484467
"2026_02_JAX_DEN",2588,2,"DEN","pass",-1.67127815016563
"2026_02_JAX_DEN",2708,2,"JAX","run",-0.548932138830423
"2026_02_JAX_DEN",2730,2,"JAX","run",0.909825859358534
"2026_02_JAX_DEN",2752,2,"JAX","pass",-0.403705245116726
"2026_02_JAX_DEN",2782,2,"JAX","run",-0.589885196881369
"2026_02_JAX_DEN",2811,2,"JAX","pass",-3.41130389436148
"2026_02_JAX_DEN",2838,2,"DEN","run",-0.289890062296763
"2026_02_JAX_DEN",2860,2,"DEN","run",0.900560230948031
"2026_02_JAX_DEN",2887,2,"DEN","pass",0.994794557918794
"2026_02_JAX_DEN",2932,2,"DEN","pass",-0.291516063734889
"2026_02_JAX_DEN",2962,2,"DEN","run",-0.56060580292251
"2026_02_JAX_DEN",2984,2,"DEN","pass",2.02247313852422
"2026_02_JAX_DEN",3009,2,"DEN","run",-0.420509931747802
"2026_02_JAX_DEN",3031,2,"DEN","pass",1.02657480369089
"2026_02_JAX_DEN",3061,2,"DEN","pass",-0.511895474628545
"2026_02_JAX_DEN",3084,2,"DEN","pass",2.01179497741396
"2026_02_JAX_DEN",3160,2,"JAX","pass",-0.54184004617855
"2026_02_JAX_DEN",3183,2,"JAX","run",-0.690573507454246
"2026_02_JAX_DEN",3205,2,"JAX","pass",3.13896105263848
"2026_02_JAX_DEN",3230,2,"JAX","pass",-0.53977624035906
"2026_02_JAX_DEN",3253,2,"JAX","run",-0.839818328619003
"2026_02_JAX_DEN",3275,2,"JAX","pass",-1.13215549154692
"2026_02_JAX_DEN",3326,2,"DEN","pass",-0.173151105642319
"2026_02_JAX_DEN",3358,2,"DEN","pass",0.669125851010904
"2026_02_JAX_DEN",3383,2,"DEN","pass",1.01084500644356
"2026_02_JAX_DEN",3408,2,"DEN","pass",-0.361851957044564
"2026_02_JAX_DEN",3476,2,"DEN","run",0.960831784759648
"2026_02_JAX_DEN",3538,2,"JAX","run",0.287534039001912
"2026_02_JAX_DEN",3562,2,"JAX","run",0.199920820072293
"2026_02_JAX_DEN",3615,2,"JAX","run",-0.744698523078114
"2026_02_JAX_DEN",3642,2,"JAX","pass",-0.617822493193671
"2026_02_JAX_DEN",3665,2,"JAX","pass",-0.870735162170604
"2026_02_JAX_DEN",3707,2,"DEN","run",0.131336626596749
"2026_02_JAX_DEN",3736,2,"DEN","run",-0.494174876250327
"2026_02_JAX_DEN",3761,2,"DEN","pass",2.36338367062854
"2026_02_JAX_DEN",3804,2,"DEN","run",-0.621012509509455
"2026_02_JAX_DEN",3826,2,"DEN","run",0.27893100498477
"2026_02_JAX_DEN",3860,2,"DEN","run",-0.745187140069902
"2026_02_JAX_DEN",3889,2,"DEN","run",1.72933111857856
"2026_02_LV_LAC",62,2,"LAC","run",-0.441153888823465
"2026_02_LV_LAC",84,2,"LAC","pass",0.936505307676271
"2026_02_LV_LAC",114,2,"LAC","pass",0.72478766948916
"2026_02_LV_LAC",144,2,"LAC","run",-0.127866346156225
"2026_02_LV_LAC",166,2,"LAC","pass",-0.529437286779284
"2026_02_LV_LAC",201,2,"LAC","run",0.0187351414933801
"2026_02_LV_LAC",223,2,"LAC","pass",-2.61318757221104
"2026_02_LV_LAC",267,2,"LV","run",-0.509942946722731
"2026_02_LV_LAC",329,2,"LV","pass",0.0773220255505294
"2026_02_LV_LAC",354,2,"LV","pass",2.48973145685159
"2026_02_LV_LAC",379,2,"LV","pass",0.169611725024879
"2026_02_LV_LAC",404,2,"LV","pass",-4.83776624919847
"2026_02_LV_LAC",431,2,"LAC","run",-1.17136379564181
"2026_02_LV_LAC",460,2,"LAC","run",-0.260441986843944
"2026_02_LV_LAC",482,2,"LAC","pass",2.29013336310163
"2026_02_LV_LAC",517,2,"LAC","run",-0.334506253246218
"2026_02_LV_LAC",539,2,"LAC","pass",-0.875418534968048
"2026_02_LV_LAC",559,2,"LAC","pass",-1.52205268340185
"2026_02_LV_LAC",602,2,"LV","pass",-0.844959147274494
"2026_02_LV_LAC",634,2,"LV","run",0.416180841159075
"2026_02_LV_LAC",656,2,"LV","pass",-1.68467548768967
"2026_02_LV_LAC",704,2,"LAC","run",-0.192112693097442
"2026_02_LV_LAC",733,2,"LAC","pass",-0.874331969302148
"2026_02_LV_LAC",756,2,"LAC","pass",-4.58734264690429
"2026_02_LV_LAC",783,2,"LV","pass",1.61311493138783
"2026_02_LV_LAC",813,2,"LV","run",-0.760150066809729
"2026_02_LV_LAC",835,2,"LV","run",-0.302768714609556
"2026_02_LV_LAC",857,2,"LV","run",-0.444557549548335
"2026_02_LV_LAC",889,2,"LV","run",-4.51209580665454
"2026_02_LV_LAC",913,2,"LAC","run",-0.249299554154277
"2026_02_LV_LAC",989,2,"LAC","run",-0.483991933520883
"2026_02_LV_LAC",1069,2,"LAC","run",-1.20594976074062
"2026_02_LV_LAC",1110,2,"LV","run",-0.33241882850416
"2026_02_LV_LAC",1156,2,"LV","pass",1.61242309748195
"2026_02_LV_LAC",1186,2,"LV","pass",3.650854177773
"2026_02_LV_LAC",1257,2,"LAC","run",0.0529192870017141
"2026_02_LV_LAC",1312,2,"LAC","run",-0.524991912767291
"2026_02_LV_LAC",1334,2,"LAC","pass",2.69439241290092
"2026_02_LV_LAC",1364,2,"LAC","run",-0.491318866610527
"2026_02_LV_LAC",1386,2,"LAC","pass",1.4746081144549
"2026_02_LV_LAC",1435,2,"LAC","run",0.390008066198789
"2026_02_LV_LAC",1457,2,"LAC","run",0.414451389806345
"2026_02_LV_LAC",1482,2,"LAC","run",0.504971282847691
"2026_02_LV_LAC",1519,2,"LAC","run",1.37024948000908
"2026_02_LV_LAC",1541,2,"LAC","run",0.574648056237493
"2026_02_LV_LAC",1606,2,"LV","run",-0.478066322626546
"2026_02_LV_LAC",1628,2,"LV","pass",1.19055309926625
"2026_02_LV_LAC",1689,2,"LV","run",-0.267663645092398
"2026_02_LV_LAC",1711,2,"LV","pass",-0.094158903695643
"2026_02_LV_LAC",1736,2,"LV","pass",-1.52974440786056
"2026_02_LV_LAC",1776,2,"LAC","run",0.466297226492316
"2026_02_LV_LAC",1805,2,"LAC","pass",-0.374153681565076
"2026_02_LV_LAC",1828,2,"LAC","pass",0.522450381191447
"2026_02_LV_LAC",1853,2,"LAC","pass",0.0233030300587416
"2026_02_LV_LAC",1878,2,"LAC","pass",-0.43467442621477
"2026_02_LV_LAC",1901,2,"LAC","pass",-0.831614428316243
"2026_02_LV_LAC",1944,2,"LV","pass",-0.127322964370251
"2026_02_LV_LAC",1967,2,"LV","pass",2.00033297244227
"2026_02_LV_LAC",1992,2,"LV","run",-0.211186987522524
"2026_02_LV_LAC",2021,2,"LV","pass",-0.383459615928587
"2026_02_LV_LAC",2051,2,"LV","run",-0.337910468621518
"2026_02_LV_LAC",2117,2,"LAC","run",-0.135930431890301
"2026_02_LV_LAC",2182,2,"LV","pass",-0.711681402754039
"2026_02_LV_LAC",2205,2,"LV","pass",-0.708887215703726
"2026_02_LV_LAC",2230,2,"LV","pass",-1.35711803101003
"2026_02_LV_LAC",2272,2,"LAC","run",-0.0252085987012833
"2026_02_LV_LAC",2301,2,"LAC","run",0.673596974462271
"2026_02_LV_LAC",2328,2,"LAC","run",-0.568318655947223
"2026_02_LV_LAC",2350,2,"LAC","pass",-0.495133518939838
"2026_02_LV_LAC",2375,2,"LAC","pass",4.56114613334648
"2026_02_LV_LAC",2405,2,"LAC","run",-1.08035970909987
"2026_02_LV_LAC",2437,2,"LAC","pass",2.02920459432062
"2026_02_LV_LAC",2508,2,"LV","run",-0.271478524897248
"2026_02_LV_LAC",2530,2,"LV","pass",-0.546185495331883
"2026_02_LV_LAC",2579,2,"LV","pass",-0.19245836744085
"2026_02_LV_LAC",2604,2,"LV","run",2.22324372036383
"2026_02_LV_LAC",2628,2,"LV","pass",0.721764938673005
"2026_02_LV_LAC",2653,2,"LV","run",0.73971666302532
"2026_02_LV_LAC",2675,2,"LV","run",0.155555878998712
"2026_02_LV_LAC",2697,2,"LV","pass",1.78471834259108
"2026_02_LV_LAC",2732,2,"LV","pass",-0.482120800530538
"2026_02_LV_LAC",2760,2,"LV","run",-0.782922412152402
"2026_02_LV_LAC",2782,2,"LV","pass",3.10170853848103
"2026_02_LV_LAC",2853,2,"LAC","pass",0.716694793198258
"2026_02_LV_LAC",2878,2,"LAC","run",-0.275582459755242
"2026_02_LV_LAC",2900,2,"LAC","run",-2.7703637490049
"2026_02_LV_LAC",2953,2,"LV","pass",0.117670759558678
"2026_02_LV_LAC",2985,2,"LV","run",-1.10412634909153
"2026_02_LV_LAC",3010,2,"LV","pass",1.82016608072445
"2026_02_LV_LAC",3055,2,"LV","pass",0.363240621052682
"2026_02_LV_LAC",3080,2,"LV","run",-1.51157869072631
"2026_02_LV_LAC",3138,2,"LV","pass",-0.539872482419014
"2026_02_LV_LAC",3161,2,"LV","run",-0.752798127010465
"2026_02_LV_LAC",3183,2,"LV","pass",-1.73706076061353
"2026_02_LV_LAC",3226,2,"LAC","pass",-1.83634955994785
"2026_02_LV_LAC",3272,2,"LAC","run",-0.169405996217392
"2026_02_LV_LAC",3294,2,"LAC","pass",2.65067625197116
"2026_02_LV_LAC",3352,2,"LAC","pass",1.2378554593306
"2026_02_LV_LAC",3382,2,"LAC","run",-0.300601067021489
"2026_02_LV_LAC",3404,2,"LAC","run",-1.60057185543701
"2026_02_LV_LAC",3451,2,"LV","run",-0.010548809543252
"2026_02_LV_LAC",3480,2,"LV","run",0.352434884291142
"2026_02_LV_LAC",3502,2,"LV","pass",-1.73611447541043
"2026_02_LV_LAC",3545,2,"LAC","run",-0.573578164447099
"2026_02_LV_LAC",3567,2,"LAC","run",0.318128297105432
"2026_02_LV_LAC",3628,2,"LAC","pass",-0.515462042065337
"2026_02_LV_LAC",3680,2,"LAC","pass",-0.0149078665999696
"2026_02_LV_LAC",3705,2,"LAC","pass",-0.543187130475417
"2026_02_LV_LAC",3781,2,"LAC","run",-7.42479121033102
"2026_02_LV_LAC",3819,2,"LV","run",-0.112442164216191
"2026_02_LV_LAC",3846,2,"LV","run",-0.353653883037623
"2026_02_LV_LAC",3878,2,"LV","pass",2.77311394608114
"2026_02_LV_LAC",3982,2,"LAC","pass",-0.202787077985704
"2026_02_LV_LAC",4007,2,"LAC","pass",-0.568573061609641
"2026_02_LV_LAC",4030,2,"LAC","pass",-3.34750582359266
"2026_02_LV_LAC",4067,2,"LV","run",-0.768909051606897
"2026_02_LV_LAC",4089,2,"LV","run",-0.867633734655101
"2026_02_LV_LAC",4121,2,"LV","run",-0.66700969368685
"2026_02_LV_LAC",4196,2,"LAC","pass",-0.258771829307079
"2026_02_MIA_SF",62,2,"MIA","pass",-0.542776353191584
"2026_02_MIA_SF",94,2,"MIA","pass",1.81236235005781
"2026_02_MIA_SF",128,2,"MIA","run",-0.361988322809339
"2026_02_MIA_SF",150,2,"MIA","run",0.587102121673524
"2026_02_MIA_SF",172,2,"MIA","run",0.739571900805458
"2026_02_MIA_SF",227,2,"MIA","run",-0.535100726410747
"2026_02_MIA_SF",249,2,"MIA","pass",-1.01633882080205
"2026_02_MIA_SF",272,2,"MIA","pass",-0.0505804977335149
"2026_02_MIA_SF",318,2,"SF","pass",-0.380910808918998
"2026_02_MIA_SF",343,2,"SF","pass",0.99621757818386
"2026_02_MIA_SF",373,2,"SF","pass",-0.502562382258475
"2026_02_MIA_SF",396,2,"SF","pass",1.22889713034965
"2026_02_MIA_SF",426,2,"SF","run",-0.148446389473975
"2026_02_MIA_SF",448,2,"SF","run",-0.480021122610196
"2026_02_MIA_SF",470,2,"SF","pass",1.63698155886959
"2026_02_MIA_SF",500,2,"SF","run",0.152618665830232
"2026_02_MIA_SF",522,2,"SF","run",-0.79704949085135
"2026_02_MIA_SF",544,2,"SF","pass",2.35295734077226
"2026_02_MIA_SF",569,2,"SF","run",-0.229976754344534
"2026_02_MIA_SF",591,2,"SF","run",0.726580876566004
"2026_02_MIA_SF",664,2,"MIA","pass",0.777363399975002
"2026_02_MIA_SF",689,2,"MIA","run",-0.0356399260926992
"2026_02_MIA_SF",716,2,"MIA","run",1.49788343324326
"2026_02_MIA_SF",740,2,"MIA","run",-0.584546141559258
"2026_02_MIA_SF",762,2,"MIA","pass",-0.854330294998363
"2026_02_MIA_SF",785,2,"MIA","run",0.321537783602253
"2026_02_MIA_SF",807,2,"MIA","run",1.86166877415963
"2026_02_MIA_SF",882,2,"MIA","pass",0.373201463371515
"2026_02_MIA_SF",910,2,"MIA","run",0.0522005076054484
"2026_02_MIA_SF",932,2,"MIA","pass",1.18694283178775
"2026_02_MIA_SF",957,2,"MIA","pass",-0.474970629613381
"2026_02_MIA_SF",980,2,"MIA","run",0.280898780038115
"2026_02_MIA_SF",1005,2,"MIA","run",0.97604934341507
"2026_02_MIA_SF",1027,2,"MIA","run",-0.633425632840954
"2026_02_MIA_SF",1049,2,"MIA","pass",-1.21839551837184
"2026_02_MIA_SF",1090,2,"MIA","pass",-0.784636340407793
"2026_02_MIA_SF",1183,2,"SF","run",0.516529847634956
"2026_02_MIA_SF",1205,2,"SF","run",0.0150291395839304
"2026_02_MIA_SF",1227,2,"SF","pass",0.567296414403245
"2026_02_MIA_SF",1252,2,"SF","run",1.35025239537936
"2026_02_MIA_SF",1290,2,"SF","run",-0.120405136607587
"2026_02_MIA_SF",1312,2,"SF","pass",1.79694278092938
"2026_02_MIA_SF",1351,2,"SF","run",-0.00950539115001447
"2026_02_MIA_SF",1373,2,"SF","run",1.25002879457315
"2026_02_MIA_SF",1449,2,"MIA","pass",-0.434744135476649
"2026_02_MIA_SF",1472,2,"MIA","run",-0.367025153478608
"2026_02_MIA_SF",1528,2,"MIA","run",-0.579240129736718
"2026_02_MIA_SF",1550,2,"MIA","pass",0.0637925896444358
"2026_02_MIA_SF",1599,2,"MIA","pass",2.67731508699944
"2026_02_MIA_SF",1624,2,"MIA","run",-0.38725011551287
"2026_02_MIA_SF",1648,2,"MIA","run",0.0214466813486069
"2026_02_MIA_SF",1677,2,"MIA","pass",1.07570267835399
"2026_02_MIA_SF",1702,2,"MIA","run",0.0748373469687067
"2026_02_MIA_SF",1731,2,"MIA","run",-1.16077164025046
"2026_02_MIA_SF",1807,2,"MIA","run",0.269182777729238
"2026_02_MIA_SF",1906,2,"SF","pass",2.58832029742189
"2026_02_MIA_SF",1941,2,"SF","run",0.0897525629261509
"2026_02_MIA_SF",1963,2,"SF","pass",0.583330397494137
"2026_02_MIA_SF",1988,2,"SF","pass",1.7021431439789
"2026_02_MIA_SF",2062,2,"MIA","run",-0.0362610770389438
"2026_02_MIA_SF",2084,2,"MIA","pass",-1.30661051347852
"2026_02_MIA_SF",2104,2,"MIA","pass",-1.05718200700358
"2026_02_MIA_SF",2151,2,"SF","run",-0.306482115527615
"2026_02_MIA_SF",2189,2,"SF","run",-0.716575248166919
"2026_02_MIA_SF",2235,2,"SF","pass",3.02740130200982
"2026_02_MIA_SF",2263,2,"SF","pass",0.913501999340951
"2026_02_MIA_SF",2288,2,"SF","pass",1.36000278952997
"2026_02_MIA_SF",2313,2,"SF","run",0.0868514545145445
"2026_02_MIA_SF",2335,2,"SF","pass",-0.603156019060407
"2026_02_MIA_SF",2360,2,"SF","pass",2.2839055461809
"2026_02_MIA_SF",2431,2,"MIA","pass",0.728701973333955
"2026_02_MIA_SF",2461,2,"MIA","run",-0.820923159364611
"2026_02_MIA_SF",2497,2,"MIA","run",-0.354442457668483
"2026_02_MIA_SF",2526,2,"MIA","pass",-0.920056360773742
"2026_02_MIA_SF",2554,2,"MIA","pass",-1.09704536013305
"2026_02_MIA_SF",2577,2,"MIA","run",-3.22026351245586
"2026_02_MIA_SF",2615,2,"SF","pass",2.1800404379901
"2026_02_MIA_SF",2652,2,"SF","run",0.4958274239616
"2026_02_MIA_SF",2720,2,"MIA","pass",-0.561540879774839
"2026_02_MIA_SF",2743,2,"MIA","run",-0.978648161515594
"2026_02_MIA_SF",2765,2,"MIA","pass",-0.727405899669975
"2026_02_MIA_SF",2827,2,"SF","run",-0.250317579368129
"2026_02_MIA_SF",2856,2,"SF","pass",2.08064267993905
"2026_02_MIA_SF",2934,2,"SF","pass",-0.103746097534895
"2026_02_MIA_SF",3005,2,"SF","pass",1.03852834762074
"2026_02_MIA_SF",3030,2,"SF","pass",1.34054982638918
"2026_02_MIA_SF",3055,2,"SF","run",-0.23559246188961
"2026_02_MIA_SF",3082,2,"SF","run",-0.526001520687714
"2026_02_MIA_SF",3104,2,"SF","pass",-2.75687073729932
"2026_02_MIA_SF",3200,2,"MIA","run",0.142610229551792
"2026_02_MIA_SF",3229,2,"MIA","run",-1.15561171201989
"2026_02_MIA_SF",3251,2,"MIA","pass",1.95229341182858
"2026_02_MIA_SF",3311,2,"MIA","pass",-0.10025135660544
"2026_02_MIA_SF",3339,2,"MIA","pass",-0.966528246644884
"2026_02_MIA_SF",3369,2,"MIA","pass",-1.09128203894943
"2026_02_MIA_SF",3434,2,"SF","run",-0.491180282784626
"2026_02_MIA_SF",3468,2,"SF","run",-0.486627538688481
"2026_02_MIA_SF",3523,2,"SF","run",-0.409295714460313
"2026_02_MIA_SF",3565,2,"MIA","run",-0.305308843264356
"2026_02_MIA_SF",3592,2,"MIA","run",0.181463433429599
"2026_02_MIA_SF",3614,2,"MIA","pass",7.01091622002423
"2026_02_MIA_SF",3678,2,"SF","run",0.213767270441167
"2026_02_MIA_SF",3700,2,"SF","run",-1.37910646526143
"2026_02_MIN_CHI",63,2,"MIN","run",0.765053167939186
"2026_02_MIN_CHI",85,2,"MIN","pass",1.91054756008089
"2026_02_MIN_CHI",115,2,"MIN","pass",-0.520349915255792
"2026_02_MIN_CHI",138,2,"MIN","pass",0.274294119444676
"2026_02_MIN_CHI",168,2,"MIN","pass",1.2467276842799
"2026_02_MIN_CHI",193,2,"MIN","pass",-0.469610717729665
"2026_02_MIN_CHI",216,2,"MIN","run",-0.395341919967905
"2026_02_MIN_CHI",238,2,"MIN","pass",-1.04661877288147
"2026_02_MIN_CHI",311,2,"CHI","pass",0.336559837218374
"2026_02_MIN_CHI",336,2,"CHI","run",1.15282310312614
"2026_02_MIN_CHI",363,2,"CHI","run",0.282046844949946
"2026_02_MIN_CHI",385,2,"CHI","run",-0.192539072595537
"2026_02_MIN_CHI",407,2,"CHI","run",0.504211687017232
"2026_02_MIN_CHI",463,2,"CHI","run",-0.174867527093738
"2026_02_MIN_CHI",518,2,"CHI","pass",-0.666612365283072
"2026_02_MIN_CHI",543,2,"CHI","run",-0.470545855031676
"2026_02_MIN_CHI",625,2,"MIN","run",-0.0463583674281836
"2026_02_MIN_CHI",647,2,"MIN","run",-0.10314199142158
"2026_02_MIN_CHI",669,2,"MIN","run",-3.45555927231908
"2026_02_MIN_CHI",747,2,"CHI","run",-0.543576461263001
"2026_02_MIN_CHI",769,2,"CHI","pass",-0.705804824829102
"2026_02_MIN_CHI",860,2,"CHI","pass",-2.02899849833921
"2026_02_MIN_CHI",892,2,"MIN","run",-0.183798402082175
"2026_02_MIN_CHI",921,2,"MIN","run",-0.150654157390818
"2026_02_MIN_CHI",943,2,"MIN","pass",-1.6268283247482
"2026_02_MIN_CHI",986,2,"CHI","run",-0.538305836031213
"2026_02_MIN_CHI",1038,2,"CHI","run",-0.735884630121291
"2026_02_MIN_CHI",1060,2,"CHI","pass",-1.22281630709767
"2026_02_MIN_CHI",1103,2,"MIN","pass",-0.499272512272
"2026_02_MIN_CHI",1126,2,"MIN","run",-0.0967575707472861
"2026_02_MIN_CHI",1148,2,"MIN","pass",1.96180122764781
"2026_02_MIN_CHI",1184,2,"MIN","run",0.430033048731275
"2026_02_MIN_CHI",1206,2,"MIN","run",-0.571900580893271
"2026_02_MIN_CHI",1228,2,"MIN","run",-0.73714486300014
"2026_02_MIN_CHI",1250,2,"MIN","run",1.69873362139333
"2026_02_MIN_CHI",1272,2,"MIN","run",-0.853889610036276
"2026_02_MIN_CHI",1294,2,"MIN","pass",-0.743842075346038
"2026_02_MIN_CHI",1317,2,"MIN","pass",-0.732057184187663
"2026_02_MIN_CHI",1392,2,"CHI","run",-0.298392785713077
"2026_02_MIN_CHI",1414,2,"CHI","pass",-0.260351561009884
"2026_02_MIN_CHI",1439,2,"CHI","pass",1.88738875812851
"2026_02_MIN_CHI",1464,2,"CHI","pass",-0.457130550639704
"2026_02_MIN_CHI",1487,2,"CHI","pass",1.79240928322542
"2026_02_MIN_CHI",1523,2,"CHI","run",-1.05490870133508
"2026_02_MIN_CHI",1545,2,"CHI","run",0.0829441330279224
"2026_02_MIN_CHI",1567,2,"CHI","run",-0.944951908721123
"2026_02_MIN_CHI",1589,2,"CHI","pass",2.1494797441992
"2026_02_MIN_CHI",1680,2,"CHI","run",-0.401724414492492
"2026_02_MIN_CHI",1713,2,"CHI","pass",-0.953950883296784
"2026_02_MIN_CHI",1747,2,"CHI","pass",-0.166953856823966
"2026_02_MIN_CHI",1803,2,"CHI","pass",-1.19211084954441
"2026_02_MIN_CHI",1846,2,"MIN","run",0.272284524166025
"2026_02_MIN_CHI",1875,2,"MIN","run",0.158881251118146
"2026_02_MIN_CHI",1897,2,"MIN","pass",-0.208184669609182
"2026_02_MIN_CHI",1932,2,"MIN","pass",-0.446880970383063
"2026_02_MIN_CHI",1952,2,"MIN","pass",-0.000766764918807894
"2026_02_MIN_CHI",2022,2,"CHI","pass",-0.013443959527649
"2026_02_MIN_CHI",2047,2,"CHI","pass",-0.410468510352075
"2026_02_MIN_CHI",2111,2,"CHI","pass",-0.512011093553156
"2026_02_MIN_CHI",2134,2,"CHI","run",1.39938293932937
"2026_02_MIN_CHI",2161,2,"CHI","pass",-0.521865198155865
"2026_02_MIN_CHI",2189,2,"CHI","run",1.14432313689031
"2026_02_MIN_CHI",2211,2,"CHI","run",0.984062631148845
"2026_02_MIN_CHI",2233,2,"CHI","run",-0.039930748171173
"2026_02_MIN_CHI",2255,2,"CHI","run",0.809327462280635
"2026_02_MIN_CHI",2277,2,"CHI","run",-0.814196894003544
"2026_02_MIN_CHI",2311,2,"CHI","run",-0.43178498337511
"2026_02_MIN_CHI",2336,2,"CHI","pass",2.47078253774089
"2026_02_MIN_CHI",2383,2,"CHI","run",-5.51195234226179
"2026_02_MIN_CHI",2424,2,"MIN","run",0.0613058833405375
"2026_02_MIN_CHI",2453,2,"MIN","run",1.60427722544409
"2026_02_MIN_CHI",2475,2,"MIN","run",-0.0322294291108847
"2026_02_MIN_CHI",2497,2,"MIN","run",0.0541849345900118
"2026_02_MIN_CHI",2519,2,"MIN","pass",-1.85219609178603
"2026_02_MIN_CHI",2570,2,"CHI","pass",-1.13661399320699
"2026_02_MIN_CHI",2597,2,"CHI","run",0.224134310381487
"2026_02_MIN_CHI",2622,2,"CHI","run",1.95138782914728
"2026_02_MIN_CHI",2652,2,"CHI","pass",-0.561554674524814
"2026_02_MIN_CHI",2675,2,"CHI","run",-0.789072251878679
"2026_02_MIN_CHI",2697,2,"CHI","pass",-0.70049957651645
"2026_02_MIN_CHI",2769,2,"MIN","pass",1.60812324378639
"2026_02_MIN_CHI",2801,2,"MIN","run",-0.226403172360733
"2026_02_MIN_CHI",2823,2,"MIN","pass",-0.789500538492575
"2026_02_MIN_CHI",2846,2,"MIN","pass",-1.86502443719655
"2026_02_MIN_CHI",2892,2,"CHI","pass",0.795859505189583
"2026_02_MIN_CHI",2924,2,"CHI","run",-0.277514385292307
"2026_02_MIN_CHI",2946,2,"CHI","pass",-0.504342158092186
"2026_02_MIN_CHI",2969,2,"CHI","run",-0.513266793452203
"2026_02_MIN_CHI",3011,2,"CHI","pass",-1.52033886825666
"2026_02_MIN_CHI",3054,2,"MIN","pass",-0.587308143265545
"2026_02_MIN_CHI",3101,2,"MIN","run",-0.337610978167504
"2026_02_MIN_CHI",3123,2,"MIN","pass",0.364559409441426
"2026_02_MIN_CHI",3193,2,"CHI","run",-0.522994624217972
"2026_02_MIN_CHI",3222,2,"CHI","run",-0.448644822696224
"2026_02_MIN_CHI",3244,2,"CHI","pass",3.06432028161362
"2026_02_MIN_CHI",3269,2,"CHI","pass",0.978723570180591
"2026_02_MIN_CHI",3294,2,"CHI","pass",-0.454103123454843
"2026_02_MIN_CHI",3322,2,"CHI","pass",-0.011887586384546
"2026_02_MIN_CHI",3347,2,"CHI","run",-0.617041312449146
"2026_02_MIN_CHI",3369,2,"CHI","run",1.82852051779628
"2026_02_MIN_CHI",3391,2,"CHI","pass",-0.521547125012148
"2026_02_MIN_CHI",3423,2,"CHI","pass",-0.768896249181125
"2026_02_MIN_CHI",3452,2,"CHI","pass",-1.31681637980191
"2026_02_MIN_CHI",3505,2,"MIN","run",-0.146649054717273
"2026_02_MIN_CHI",3534,2,"MIN","run",-0.620316538959742
"2026_02_MIN_CHI",3556,2,"MIN","pass",2.00808580894955
"2026_02_MIN_CHI",3615,2,"MIN","run",-0.498169248225167
"2026_02_MIN_CHI",3640,2,"MIN","pass",1.67702890490182
"2026_02_MIN_CHI",3665,2,"MIN","run",-0.348593199101742
"2026_02_MIN_CHI",3694,2,"MIN","run",-0.0694301231997088
"2026_02_MIN_CHI",3723,2,"MIN","run",-0.430229712626897
"2026_02_MIN_CHI",3752,2,"MIN","run",-0.226181290228851
"2026_02_MIN_CHI",3774,2,"MIN","pass",0.850576925924246
"2026_02_MIN_CHI",3856,2,"CHI","pass",0.299857086036354
"2026_02_MIN_CHI",3886,2,"CHI","pass",1.06001166196074
"2026_02_MIN_CHI",3946,2,"CHI","pass",1.81051271478646
"2026_02_MIN_CHI",3976,2,"CHI","pass",-0.564443933893926
"2026_02_MIN_CHI",4001,2,"CHI","pass",-0.334592676430475
"2026_02_MIN_CHI",4024,2,"CHI","pass",-0.242669583967654
"2026_02_MIN_CHI",4085,2,"CHI","pass",-2.58521556571941
"2026_02_NO_BAL",63,2,"BAL","run",0.0443726521916687
"2026_02_NO_BAL",85,2,"BAL","run",-0.927864274010062
"2026_02_NO_BAL",107,2,"BAL","pass",-1.43766497913748
"2026_02_NO_BAL",150,2,"NO","run",-0.142434083856642
"2026_02_NO_BAL",172,2,"NO","run",0.586505252867937
"2026_02_NO_BAL",194,2,"NO","run",0.358617695514113
"2026_02_NO_BAL",216,2,"NO","pass",0.349586297059432
"2026_02_NO_BAL",241,2,"NO","run",-0.424335135612637
"2026_02_NO_BAL",263,2,"NO","pass",-2.47226606472395
"2026_02_NO_BAL",303,2,"BAL","pass",0.87759141693823
"2026_02_NO_BAL",335,2,"BAL","run",0.0634551097173244
"2026_02_NO_BAL",357,2,"BAL","pass",-0.878089793492109
"2026_02_NO_BAL",380,2,"BAL","pass",1.4739954364486
"2026_02_NO_BAL",441,2,"BAL","pass",1.53947026073001
"2026_02_NO_BAL",466,2,"BAL","pass",-0.52554959570989
"2026_02_NO_BAL",489,2,"BAL","pass",1.75410047161859
"2026_02_NO_BAL",514,2,"BAL","pass",-0.469481169711798
"2026_02_NO_BAL",539,2,"BAL","run",0.336693783989176
"2026_02_NO_BAL",561,2,"BAL","run",0.70234928705031
"2026_02_NO_BAL",583,2,"BAL","run",0.917904977046419
"2026_02_NO_BAL",605,2,"BAL","run",0.724570910213515
"2026_02_NO_BAL",700,2,"NO","run",-0.172202196437865
"2026_02_NO_BAL",722,2,"NO","pass",1.06572079076432
"2026_02_NO_BAL",758,2,"NO","pass",-0.436462180456147
"2026_02_NO_BAL",783,2,"NO","pass",-0.636442794464529
"2026_02_NO_BAL",808,2,"NO","pass",2.03406833740883
"2026_02_NO_BAL",833,2,"NO","pass",-0.533651886507869
"2026_02_NO_BAL",878,2,"NO","run",-1.65033329720609
"2026_02_NO_BAL",921,2,"NO","pass",-0.66267580143176
"2026_02_NO_BAL",971,2,"BAL","run",-0.139484270242974
"2026_02_NO_BAL",1000,2,"BAL","pass",3.15040206722915
"2026_02_NO_BAL",1036,2,"BAL","pass",0.947836373466998
"2026_02_NO_BAL",1066,2,"BAL","run",-0.418154442799278
"2026_02_NO_BAL",1093,2,"BAL","pass",-2.23549586918671
"2026_02_NO_BAL",1113,2,"BAL","pass",-0.0538232249364929
"2026_02_NO_BAL",1170,2,"NO","pass",-0.490657276241109
"2026_02_NO_BAL",1236,2,"NO","pass",-0.581300841644406
"2026_02_NO_BAL",1271,2,"NO","pass",3.49345123197418
"2026_02_NO_BAL",1296,2,"NO","pass",-0.467592756380327
"2026_02_NO_BAL",1319,2,"NO","run",-0.496092578629032
"2026_02_NO_BAL",1341,2,"NO","pass",1.85369770776015
"2026_02_NO_BAL",1366,2,"NO","run",-0.487015474645887
"2026_02_NO_BAL",1388,2,"NO","run",0.97914590354776
"2026_02_NO_BAL",1415,2,"NO","run",-0.425542572920676
"2026_02_NO_BAL",1442,2,"NO","pass",-1.43191528541502
"2026_02_NO_BAL",1467,2,"NO","run",-0.0869490437037643
"2026_02_NO_BAL",1538,2,"BAL","run",0.323490466922522
"2026_02_NO_BAL",1560,2,"BAL","run",0.432091149152257
"2026_02_NO_BAL",1584,2,"BAL","run",0.0454564574174583
"2026_02_NO_BAL",1606,2,"BAL","pass",0.456285039894283
"2026_02_NO_BAL",1638,2,"BAL","pass",0.500901060993783
"2026_02_NO_BAL",1663,2,"BAL","run",0.383629866293631
"2026_02_NO_BAL",1685,2,"BAL","pass",0.352202417794615
"2026_02_NO_BAL",1710,2,"BAL","run",0.225421728740912
"2026_02_NO_BAL",1739,2,"BAL","pass",0.0892842237954028
"2026_02_NO_BAL",1776,2,"BAL","pass",3.59698893746827
"2026_02_NO_BAL",1857,2,"NO","run",-0.127640814171173
"2026_02_NO_BAL",1879,2,"NO","pass",0.894960283418186
"2026_02_NO_BAL",1911,2,"NO","pass",0.127217801574083
"2026_02_NO_BAL",2000,2,"NO","run",0.611593972891569
"2026_02_NO_BAL",2056,2,"NO","run",-1.2373747068923
"2026_02_NO_BAL",2078,2,"NO","run",-0.683738419786096
"2026_02_NO_BAL",2105,2,"NO","pass",3.52787526557222
"2026_02_NO_BAL",2147,2,"NO","pass",0.288079384132288
"2026_02_NO_BAL",2177,2,"NO","pass",-0.735956297721714
"2026_02_NO_BAL",2207,2,"NO","pass",-1.66136509914777
"2026_02_NO_BAL",2344,2,"BAL","pass",0.485462824581191
"2026_02_NO_BAL",2369,2,"BAL","run",0.424359602387995
"2026_02_NO_BAL",2391,2,"BAL","run",0.190174916293472
"2026_02_NO_BAL",2413,2,"BAL","pass",-0.827045261859894
"2026_02_NO_BAL",2436,2,"BAL","pass",1.3917564728763
"2026_02_NO_BAL",2461,2,"BAL","run",-0.768982175039127
"2026_02_NO_BAL",2532,2,"BAL","pass",1.20401663333178
"2026_02_NO_BAL",2567,2,"BAL","run",0.221723787835799
"2026_02_NO_BAL",2589,2,"BAL","run",0.124256112030707
"2026_02_NO_BAL",2611,2,"BAL","pass",0.607136941107456
"2026_02_NO_BAL",2636,2,"BAL","run",-0.474793708126526
"2026_02_NO_BAL",2658,2,"BAL","pass",-0.681587108061649
"2026_02_NO_BAL",2681,2,"BAL","pass",-2.41125303167166
"2026_02_NO_BAL",2761,2,"NO","pass",-1.32951522758231
"2026_02_NO_BAL",2805,2,"NO","pass",-0.760132280178368
"2026_02_NO_BAL",2828,2,"NO","pass",-1.41645185579546
"2026_02_NO_BAL",2901,2,"BAL","pass",-0.862560577690601
"2026_02_NO_BAL",2930,2,"BAL","pass",-1.44796059234068
"2026_02_NO_BAL",2955,2,"BAL","pass",-0.820499093271792
"2026_02_NO_BAL",3024,2,"NO","pass",0.490383297903463
"2026_02_NO_BAL",3049,2,"NO","run",0.0664280531927943
"2026_02_NO_BAL",3071,2,"NO","pass",0.639764283318073
"2026_02_NO_BAL",3096,2,"NO","run",0.242397856200114
"2026_02_NO_BAL",3118,2,"NO","run",-0.249981719302014
"2026_02_NO_BAL",3145,2,"NO","pass",-0.290090675931424
"2026_02_NO_BAL",3170,2,"NO","pass",1.91118065058254
"2026_02_NO_BAL",3242,2,"NO","run",0.207039796747267
"2026_02_NO_BAL",3264,2,"NO","pass",2.59529882576317
"2026_02_NO_BAL",3358,2,"BAL","pass",0.270601755008101
"2026_02_NO_BAL",3383,2,"BAL","run",0.091061098035425
"2026_02_NO_BAL",3405,2,"BAL","pass",-1.56939390674233
"2026_02_NO_BAL",3459,2,"NO","run",-0.369571392191574
"2026_02_NO_BAL",3495,2,"NO","pass",1.30914629297331
"2026_02_NO_BAL",3520,2,"NO","pass",-0.460126026533544
"2026_02_NO_BAL",3543,2,"NO","run",-0.394319521961734
"2026_02_NO_BAL",3565,2,"NO","pass",-0.378024058882147
"2026_02_NO_BAL",3590,2,"NO","run",1.66094933956629
"2026_02_NO_BAL",3612,2,"NO","pass",0.38609720725799
"2026_02_NO_BAL",3637,2,"NO","run",-0.572375802323222
"2026_02_NO_BAL",3659,2,"NO","pass",0.714951821893919
"2026_02_NO_BAL",3684,2,"NO","run",-1.20320183678996
"2026_02_NO_BAL",3706,2,"NO","pass",0.332412504300009
"2026_02_NO_BAL",3731,2,"NO","pass",3.44062310873414
"2026_02_NO_BAL",3813,2,"NO","pass",-0.48934291274054
"2026_02_NO_BAL",3836,2,"NO","pass",0.708437574474374
"2026_02_NO_BAL",3862,2,"NO","run",-1.81877512132633
"2026_02_NO_BAL",3928,2,"NO","run",3.38690049370052
"2026_02_NO_BAL",4023,2,"BAL","pass",-0.215906576020643
"2026_02_NO_BAL",4046,2,"BAL","pass",0.0977912567323074
"2026_02_NO_BAL",4071,2,"BAL","pass",0.813436119176913
"2026_02_NO_BAL",4096,2,"BAL","run",0.472839130088687
"2026_02_NO_BAL",4141,2,"BAL","pass",-1.77789378905436
"2026_02_NYG_LA",68,2,"NYG","run",-0.100483756046742
"2026_02_NYG_LA",90,2,"NYG","run",-0.328096066601574
"2026_02_NYG_LA",112,2,"NYG","pass",1.18236938584596
"2026_02_NYG_LA",137,2,"NYG","pass",1.0091330378782
"2026_02_NYG_LA",162,2,"NYG","pass",-0.548758208984509
"2026_02_NYG_LA",185,2,"NYG","pass",-0.932611520402133
"2026_02_NYG_LA",215,2,"NYG","pass",-1.82592181605287
"2026_02_NYG_LA",268,2,"LA","run",-0.395452944096178
"2026_02_NYG_LA",290,2,"LA","pass",-0.544946039561182
"2026_02_NYG_LA",315,2,"LA","pass",-1.50955755123869
"2026_02_NYG_LA",358,2,"NYG","run",-0.485061797546223
"2026_02_NYG_LA",387,2,"NYG","run",0.279905941104516
"2026_02_NYG_LA",409,2,"NYG","run",1.11999775678851
"2026_02_NYG_LA",431,2,"NYG","pass",-0.586964484071359
"2026_02_NYG_LA",466,2,"NYG","run",-0.902683491818607
"2026_02_NYG_LA",565,2,"NYG","pass",-0.726637855404988
"2026_02_NYG_LA",591,2,"NYG","pass",-0.95073996600695
"2026_02_NYG_LA",614,2,"NYG","pass",-1.49806567421183
"2026_02_NYG_LA",655,2,"LA","run",-0.626230146270245
"2026_02_NYG_LA",684,2,"LA","pass",0.968808909412473
"2026_02_NYG_LA",719,2,"LA","run",0.382136679021642
"2026_02_NYG_LA",741,2,"LA","pass",0.248069821158424
"2026_02_NYG_LA",766,2,"LA","pass",1.16836551879533
"2026_02_NYG_LA",791,2,"LA","run",1.11946273536887
"2026_02_NYG_LA",846,2,"LA","pass",-0.0742436359869316
"2026_02_NYG_LA",871,2,"LA","pass",3.74914666858967
"2026_02_NYG_LA",935,2,"NYG","pass",-0.622760855592787
"2026_02_NYG_LA",958,2,"NYG","run",-0.753475107252598
"2026_02_NYG_LA",1003,2,"NYG","pass",-1.39235021080822
"2026_02_NYG_LA",1092,2,"LA","pass",-0.283584626857191
"2026_02_NYG_LA",1117,2,"LA","pass",-0.0544688925147057
"2026_02_NYG_LA",1147,2,"LA","pass",5.41724735638127
"2026_02_NYG_LA",1172,2,"LA","run",-0.284022028441541
"2026_02_NYG_LA",1201,2,"LA","pass",-0.781027704360895
"2026_02_NYG_LA",1224,2,"LA","pass",2.8929248910863
"2026_02_NYG_LA",1295,2,"NYG","run",-0.416212225332856
"2026_02_NYG_LA",1317,2,"NYG","pass",2.49486698384862
"2026_02_NYG_LA",1350,2,"NYG","run",-0.0871028655674309
"2026_02_NYG_LA",1372,2,"NYG","pass",0.330735466093756
"2026_02_NYG_LA",1397,2,"NYG","run",-1.25276556657627
"2026_02_NYG_LA",1419,2,"NYG","run",1.58077601075638
"2026_02_NYG_LA",1482,2,"NYG","pass",-0.456210213946179
"2026_02_NYG_LA",1505,2,"NYG","run",-0.472621334367432
"2026_02_NYG_LA",1527,2,"NYG","pass",-4.60416230862029
"2026_02_NYG_LA",1559,2,"LA","run",-0.152825146680698
"2026_02_NYG_LA",1593,2,"LA","pass",-2.37018584739417
"2026_02_NYG_LA",1620,2,"NYG","pass",1.02304343960714
"2026_02_NYG_LA",1650,2,"NYG","pass",-0.67569187504705
"2026_02_NYG_LA",1670,2,"NYG","run",-0.769780586124398
"2026_02_NYG_LA",1692,2,"NYG","pass",-1.41997537075076
"2026_02_NYG_LA",1741,2,"LA","run",-5.33961275540059
"2026_02_NYG_LA",1819,2,"NYG","run",-0.399537805642467
"2026_02_NYG_LA",1841,2,"NYG","run",-0.771907988062594
"2026_02_NYG_LA",1870,2,"NYG","run",-1.47189147902211
"2026_02_NYG_LA",1936,2,"LA","run",0.457783137855586
"2026_02_NYG_LA",1963,2,"LA","pass",1.27635582437506
"2026_02_NYG_LA",2096,2,"LA","run",-0.406948628369719
"2026_02_NYG_LA",2118,2,"LA","pass",1.87293609813787
"2026_02_NYG_LA",2148,2,"LA","pass",-0.554532376816496
"2026_02_NYG_LA",2171,2,"LA","pass",-0.806243664585054
"2026_02_NYG_LA",2194,2,"LA","pass",-1.57630392955616
"2026_02_NYG_LA",2235,2,"NYG","run",-0.658450243063271
"2026_02_NYG_LA",2264,2,"NYG","pass",1.54025737149641
"2026_02_NYG_LA",2300,2,"NYG","run",0.0304649074096233
"2026_02_NYG_LA",2346,2,"NYG","pass",-1.21387813379988
"2026_02_NYG_LA",2371,2,"NYG","pass",-1.1531165256165
"2026_02_NYG_LA",2420,2,"LA","run",0.0648019672371447
"2026_02_NYG_LA",2449,2,"LA","pass",1.40618290868588
"2026_02_NYG_LA",2474,2,"LA","pass",-1.4970207514707
"2026_02_NYG_LA",2494,2,"LA","pass",2.27049616794102
"2026_02_NYG_LA",2519,2,"LA","pass",1.31327306875028
"2026_02_NYG_LA",2549,2,"LA","run",1.13101840077434
"2026_02_NYG_LA",2576,2,"LA","pass",1.58570606715512
"2026_02_NYG_LA",2668,2,"NYG","run",-0.478090166579932
"2026_02_NYG_LA",2690,2,"NYG","pass",-0.897453248035163
"2026_02_NYG_LA",2713,2,"NYG","pass",2.43574899854138
"2026_02_NYG_LA",2738,2,"NYG","pass",-0.543529925635085
"2026_02_NYG_LA",2761,2,"NYG","run",-0.38272552320268
"2026_02_NYG_LA",2783,2,"NYG","pass",-1.14313761057745
"2026_02_NYG_LA",2853,2,"LA","run",-0.411870610900223
"2026_02_NYG_LA",2875,2,"LA","pass",1.19218855979852
"2026_02_NYG_LA",2900,2,"LA","run",0.238110018894076
"2026_02_NYG_LA",2922,2,"LA","run",0.836665278067812
"2026_02_NYG_LA",2944,2,"LA","run",-0.608141521224752
"2026_02_NYG_LA",2971,2,"LA","pass",-0.893737784586847
"2026_02_NYG_LA",3001,2,"LA","pass",-1.92315488657914
"2026_02_NYG_LA",3100,2,"NYG","pass",-0.667502012103796
"2026_02_NYG_LA",3123,2,"NYG","pass",-0.673578795744106
"2026_02_NYG_LA",3146,2,"NYG","pass",-1.36182239931077
"2026_02_NYG_LA",3195,2,"LA","pass",0.700238920282573
"2026_02_NYG_LA",3232,2,"LA","run",0.748831064207479
"2026_02_NYG_LA",3254,2,"LA","run",0.26835047302302
"2026_02_NYG_LA",3276,2,"LA","run",-0.238319924566895
"2026_02_NYG_LA",3298,2,"LA","pass",1.16948150319513
"2026_02_NYG_LA",3323,2,"LA","run",-0.50298301957082
"2026_02_NYG_LA",3361,2,"LA","pass",1.28598926746054
"2026_02_NYG_LA",3386,2,"LA","run",-0.0552869954844937
"2026_02_NYG_LA",3408,2,"LA","pass",1.60054047108861
"2026_02_NYG_LA",3473,2,"NYG","run",0.720084197586402
"2026_02_NYG_LA",3505,2,"NYG","pass",0.198875102913007
"2026_02_NYG_LA",3530,2,"NYG","pass",0.951287183212116
"2026_02_NYG_LA",3555,2,"NYG","pass",0.102251103031449
"2026_02_NYG_LA",3580,2,"NYG","pass",-0.646763270022348
"2026_02_NYG_LA",3634,2,"NYG","pass",-1.20451794238761
"2026_02_NYG_LA",3667,2,"NYG","pass",-3.1286719290074
"2026_02_NYG_LA",3703,2,"LA","run",1.21004107361659
"2026_02_NYG_LA",3740,2,"LA","run",0.521408058761153
"2026_02_NYG_LA",3769,2,"LA","run",0.093718585150782
"2026_02_NYG_LA",3791,2,"LA","run",0.241631521494128
"2026_02_NYG_LA",3813,2,"LA","run",-0.513610066089313
"2026_02_NYG_LA",3835,2,"LA","pass",1.21332770393929
"2026_02_PHI_TEN",63,2,"TEN","run",-0.877814686158672
"2026_02_PHI_TEN",85,2,"TEN","pass",-0.749599168542773
"2026_02_PHI_TEN",115,2,"TEN","pass",-1.24319396167994
"2026_02_PHI_TEN",164,2,"PHI","run",-0.526941310148686
"2026_02_PHI_TEN",198,2,"PHI","pass",-1.22055483376607
"2026_02_PHI_TEN",223,2,"PHI","pass",3.59115131641738
"2026_02_PHI_TEN",248,2,"PHI","pass",-0.529789985623211
"2026_02_PHI_TEN",271,2,"PHI","run",-0.633768342668191
"2026_02_PHI_TEN",293,2,"PHI","run",-0.523218451067805
"2026_02_PHI_TEN",348,2,"PHI","run",-0.355633093509823
"2026_02_PHI_TEN",370,2,"PHI","pass",-0.087353904847987
"2026_02_PHI_TEN",395,2,"PHI","pass",1.3291314234375
"2026_02_PHI_TEN",420,2,"PHI","run",0.181943023810163
"2026_02_PHI_TEN",442,2,"PHI","run",-0.62557016836945
"2026_02_PHI_TEN",464,2,"PHI","pass",1.34914890187792
"2026_02_PHI_TEN",489,2,"PHI","run",-0.689255839330144
"2026_02_PHI_TEN",516,2,"PHI","pass",-0.822205896489322
"2026_02_PHI_TEN",539,2,"PHI","pass",-9.19475208019139
"2026_02_PHI_TEN",566,2,"TEN","run",0.234823132748716
"2026_02_PHI_TEN",588,2,"TEN","pass",-0.978346912947018
"2026_02_PHI_TEN",611,2,"TEN","run",0.299542060762178
"2026_02_PHI_TEN",638,2,"TEN","run",2.17860374005977
"2026_02_PHI_TEN",705,2,"PHI","pass",0.450727382907644
"2026_02_PHI_TEN",735,2,"PHI","run",0.417167995590717
"2026_02_PHI_TEN",757,2,"PHI","run",-0.108711619861424
"2026_02_PHI_TEN",779,2,"PHI","pass",1.02933970093727
"2026_02_PHI_TEN",804,2,"PHI","run",-0.498643923783675
"2026_02_PHI_TEN",826,2,"PHI","run",-0.867725600488484
"2026_02_PHI_TEN",848,2,"PHI","pass",2.49466600152664
"2026_02_PHI_TEN",893,2,"PHI","pass",0.487922781030647
"2026_02_PHI_TEN",918,2,"PHI","run",0.154916511499323
"2026_02_PHI_TEN",940,2,"PHI","run",1.0194197986275
"2026_02_PHI_TEN",962,2,"PHI","run",1.00192864402197
"2026_02_PHI_TEN",1030,2,"TEN","run",-0.549631996080279
"2026_02_PHI_TEN",1052,2,"TEN","run",0.729816521517932
"2026_02_PHI_TEN",1074,2,"TEN","run",1.09220047970302
"2026_02_PHI_TEN",1103,2,"TEN","run",-1.509903363185
"2026_02_PHI_TEN",1136,2,"TEN","pass",-0.641430793795735
"2026_02_PHI_TEN",1161,2,"TEN","pass",-1.24068500194699
"2026_02_PHI_TEN",1221,2,"PHI","run",0.749090890400112
"2026_02_PHI_TEN",1250,2,"PHI","pass",0.950554394628853
"2026_02_PHI_TEN",1280,2,"PHI","run",-0.356984441401437
"2026_02_PHI_TEN",1307,2,"PHI","pass",-0.721229955554008
"2026_02_PHI_TEN",1346,2,"PHI","run",-0.805679637240246
"2026_02_PHI_TEN",1368,2,"PHI","pass",2.61614760314114
"2026_02_PHI_TEN",1400,2,"PHI","run",0.320424661156721
"2026_02_PHI_TEN",1427,2,"PHI","run",-0.870025420910679
"2026_02_PHI_TEN",1449,2,"PHI","run",1.32456293172436
"2026_02_PHI_TEN",1487,2,"PHI","run",-0.501492467068601
"2026_02_PHI_TEN",1509,2,"PHI","pass",-0.904202492965851
"2026_02_PHI_TEN",1534,2,"PHI","pass",2.31415088125505
"2026_02_PHI_TEN",1559,2,"PHI","run",-0.505897892056964
"2026_02_PHI_TEN",1621,2,"PHI","pass",3.92396433145041
"2026_02_PHI_TEN",1692,2,"TEN","pass",-0.302203853498213
"2026_02_PHI_TEN",1717,2,"TEN","pass",-0.742476995917968
"2026_02_PHI_TEN",1800,2,"TEN","pass",1.99718164588558
"2026_02_PHI_TEN",1832,2,"TEN","pass",1.79002870136173
"2026_02_PHI_TEN",1857,2,"TEN","run",-0.514579418464564
"2026_02_PHI_TEN",1959,2,"TEN","pass",-0.290335883386433
"2026_02_PHI_TEN",1982,2,"TEN","run",-0.0618676984387867
"2026_02_PHI_TEN",2128,2,"PHI","pass",-0.214396595954895
"2026_02_PHI_TEN",2186,2,"PHI","pass",-0.373057913966477
"2026_02_PHI_TEN",2211,2,"PHI","pass",-1.58108356455341
"2026_02_PHI_TEN",2260,2,"TEN","pass",-0.621908008586615
"2026_02_PHI_TEN",2290,2,"TEN","run",-0.800162852276117
"2026_02_PHI_TEN",2312,2,"TEN","pass",-0.970866338349879
"2026_02_PHI_TEN",2370,2,"PHI","run",-0.195832250639796
"2026_02_PHI_TEN",2399,2,"PHI","run",-0.574643732747063
"2026_02_PHI_TEN",2421,2,"PHI","pass",1.92695191595703
"2026_02_PHI_TEN",2451,2,"PHI","pass",-0.542343208100647
"2026_02_PHI_TEN",2474,2,"PHI","pass",-1.19946739426814
"2026_02_PHI_TEN",2497,2,"PHI","pass",-1.27666956888391
"2026_02_PHI_TEN",2580,2,"TEN","run",-0.784043436869979
"2026_02_PHI_TEN",2602,2,"TEN","run",0.0530156781896949
"2026_02_PHI_TEN",2624,2,"TEN","pass",1.62332643289119
"2026_02_PHI_TEN",2654,2,"TEN","pass",1.29355311824474
"2026_02_PHI_TEN",2679,2,"TEN","run",-0.0788598151411861
"2026_02_PHI_TEN",2701,2,"TEN","pass",0.907660527911503
"2026_02_PHI_TEN",2726,2,"TEN","run",-0.417135786614381
"2026_02_PHI_TEN",2748,2,"TEN","pass",0.617850241775159
"2026_02_PHI_TEN",2773,2,"TEN","run",0.508109091606457
"2026_02_PHI_TEN",2795,2,"TEN","run",0.237570263911039
"2026_02_PHI_TEN",2817,2,"TEN","run",-0.141474424046464
"2026_02_PHI_TEN",2839,2,"TEN","run",1.10780841478845
"2026_02_PHI_TEN",2910,2,"PHI","pass",-0.326334075070918
"2026_02_PHI_TEN",2935,2,"PHI","pass",-0.822645426960662
"2026_02_PHI_TEN",2958,2,"PHI","pass",-1.22187222423963
"2026_02_PHI_TEN",3038,2,"TEN","run",-0.501759947743267
"2026_02_PHI_TEN",3060,2,"TEN","run",1.7877446943894
"2026_02_PHI_TEN",3082,2,"TEN","run",-0.840295156463981
"2026_02_PHI_TEN",3104,2,"TEN","run",-0.387215739581734
"2026_02_PHI_TEN",3126,2,"TEN","pass",-1.38158881384879
"2026_02_PHI_TEN",3167,2,"PHI","run",-0.115092240273952
"2026_02_PHI_TEN",3196,2,"PHI","run",0.43838239274919
"2026_02_PHI_TEN",3218,2,"PHI","run",0.354449612321332
"2026_02_PHI_TEN",3240,2,"PHI","run",-0.761689226841554
"2026_02_PHI_TEN",3262,2,"PHI","pass",-0.837297898251563
"2026_02_PHI_TEN",3296,2,"PHI","pass",2.31011108192615
"2026_02_PHI_TEN",3321,2,"PHI","run",-0.64899968332611
"2026_02_PHI_TEN",3359,2,"PHI","pass",1.76914606592618
"2026_02_PHI_TEN",3384,2,"PHI","run",-0.157645133091137
"2026_02_PHI_TEN",3406,2,"PHI","run",-1.32893741689622
"2026_02_PHI_TEN",3436,2,"PHI","pass",-1.58053480368108
"2026_02_PHI_TEN",3475,2,"TEN","run",0.712265893351287
"2026_02_PHI_TEN",3509,2,"TEN","run",0.336528109270148
"2026_02_PHI_TEN",3531,2,"TEN","pass",2.76056363247335
"2026_02_PHI_TEN",3594,2,"TEN","run",-0.791996342188213
"2026_02_PHI_TEN",3639,2,"TEN","pass",-0.145020884170663
"2026_02_PHI_TEN",3676,2,"TEN","run",3.24912706934265
"2026_02_PHI_TEN",3703,2,"TEN","pass",-1.67924750826205
"2026_02_PHI_TEN",3726,2,"TEN","run",-0.833927054423839
"2026_02_PHI_TEN",3755,2,"TEN","run",0.487450928523472
"2026_02_PHI_TEN",3853,2,"PHI","pass",-0.444574574474245
"2026_02_PHI_TEN",3876,2,"PHI","pass",-0.0827629164559767
"2026_02_PHI_TEN",3906,2,"PHI","pass",1.62820208858466
"2026_02_PHI_TEN",3931,2,"PHI","pass",0.584396626392845
"2026_02_PHI_TEN",3956,2,"PHI","pass",0.175442850682884
"2026_02_PHI_TEN",3986,2,"PHI","pass",-0.306703571171965
"2026_02_PHI_TEN",4009,2,"PHI","run",-0.27063761849422
"2026_02_PHI_TEN",4031,2,"PHI","pass",1.87444330198923
"2026_02_PHI_TEN",4066,2,"PHI","pass",2.25124740868341
"2026_02_PHI_TEN",4131,2,"TEN","pass",0.193663366895635
"2026_02_PHI_TEN",4156,2,"TEN","pass",-0.294638076797128
"2026_02_PIT_NE",63,2,"PIT","run",-0.503022436052561
"2026_02_PIT_NE",85,2,"PIT","run",-0.546675473917276
"2026_02_PIT_NE",107,2,"PIT","pass",-1.4087063013576
"2026_02_PIT_NE",161,2,"NE","pass",1.10450166882947
"2026_02_PIT_NE",186,2,"NE","run",-0.042106295702979
"2026_02_PIT_NE",208,2,"NE","pass",1.67017538275104
"2026_02_PIT_NE",243,2,"NE","pass",-4.15501275716815
"2026_02_PIT_NE",301,2,"PIT","run",-0.164663540199399
"2026_02_PIT_NE",330,2,"PIT","pass",-0.792916005477309
"2026_02_PIT_NE",353,2,"PIT","pass",-1.3056471273303
"2026_02_PIT_NE",402,2,"NE","pass",-0.5255087739788
"2026_02_PIT_NE",432,2,"NE","run",-0.321120399283245
"2026_02_PIT_NE",485,2,"NE","run",0.541335557820275
"2026_02_PIT_NE",507,2,"NE","run",3.31607595644891
"2026_02_PIT_NE",570,2,"PIT","pass",0.724301267415285
"2026_02_PIT_NE",595,2,"PIT","run",0.207211447414011
"2026_02_PIT_NE",617,2,"PIT","pass",0.48965506744571
"2026_02_PIT_NE",642,2,"PIT","pass",0.521235293708742
"2026_02_PIT_NE",667,2,"PIT","run",-0.451727895764634
"2026_02_PIT_NE",689,2,"PIT","run",-0.466779934009537
"2026_02_PIT_NE",711,2,"PIT","pass",-1.72732143513234
"2026_02_PIT_NE",755,2,"NE","run",-0.0817616446875036
"2026_02_PIT_NE",784,2,"NE","pass",0.139351769117638
"2026_02_PIT_NE",818,2,"NE","run",0.507297303760424
"2026_02_PIT_NE",840,2,"NE","run",0.202597969444469
"2026_02_PIT_NE",871,2,"NE","pass",2.17241139156977
"2026_02_PIT_NE",931,2,"NE","pass",-0.700828665285371
"2026_02_PIT_NE",958,2,"NE","pass",-0.23559629637748
"2026_02_PIT_NE",1013,2,"NE","pass",-1.11844657657602
"2026_02_PIT_NE",1089,2,"PIT","run",-0.262269234284759
"2026_02_PIT_NE",1111,2,"PIT","pass",-0.218204510398209
"2026_02_PIT_NE",1136,2,"PIT","run",-0.864314345642924
"2026_02_PIT_NE",1158,2,"PIT","run",2.1266875390429
"2026_02_PIT_NE",1182,2,"PIT","pass",-0.480283283395693
"2026_02_PIT_NE",1205,2,"PIT","run",-0.674739795504138
"2026_02_PIT_NE",1227,2,"PIT","pass",2.35030260018539
"2026_02_PIT_NE",1252,2,"PIT","pass",-0.230049070669338
"2026_02_PIT_NE",1284,2,"PIT","pass",1.08921840705443
"2026_02_PIT_NE",1309,2,"PIT","pass",-0.138990450766869
"2026_02_PIT_NE",1334,2,"PIT","pass",-0.558346774370875
"2026_02_PIT_NE",1357,2,"PIT","pass",-2.9600217998377
"2026_02_PIT_NE",1470,2,"NE","pass",0.551593387965113
"2026_02_PIT_NE",1495,2,"NE","run",0.266506620217115
"2026_02_PIT_NE",1517,2,"NE","run",-1.17526585608721
"2026_02_PIT_NE",1539,2,"NE","pass",-1.27588937152177
"2026_02_PIT_NE",1588,2,"PIT","pass",-0.512679336592555
"2026_02_PIT_NE",1623,2,"PIT","run",1.4637275384739
"2026_02_PIT_NE",1650,2,"PIT","run",-0.539780908613466
"2026_02_PIT_NE",1672,2,"PIT","run",0.23470135719981
"2026_02_PIT_NE",1739,2,"PIT","pass",-0.543168302683625
"2026_02_PIT_NE",1770,2,"PIT","run",-0.277365032176021
"2026_02_PIT_NE",1792,2,"PIT","pass",-1.36080773890717
"2026_02_PIT_NE",1845,2,"NE","pass",-0.892179331276566
"2026_02_PIT_NE",1872,2,"NE","run",-0.26898735051509
"2026_02_PIT_NE",1901,2,"NE","run",0.0880753676174209
"2026_02_PIT_NE",1950,2,"PIT","pass",-0.031622497306671
"2026_02_PIT_NE",1980,2,"PIT","pass",0.0857439499231987
"2026_02_PIT_NE",2005,2,"PIT","pass",0.30352937115822
"2026_02_PIT_NE",2075,2,"PIT","pass",0.260609334451146
"2026_02_PIT_NE",2107,2,"PIT","pass",0.229710170520263
"2026_02_PIT_NE",2194,2,"NE","pass",0.347864769399166
"2026_02_PIT_NE",2219,2,"NE","run",-1.21585596352816
"2026_02_PIT_NE",2246,2,"NE","pass",2.98661356815137
"2026_02_PIT_NE",2271,2,"NE","pass",-4.11903955065645
"2026_02_PIT_NE",2298,2,"PIT","run",-0.0168617069721222
"2026_02_PIT_NE",2327,2,"PIT","run",-0.437836616300046
"2026_02_PIT_NE",2393,2,"PIT","run",0.555757558438927
"2026_02_PIT_NE",2415,2,"PIT","pass",0.228804769227281
"2026_02_PIT_NE",2440,2,"PIT","pass",-0.537192845484242
"2026_02_PIT_NE",2463,2,"PIT","run",-0.39135796809569
"2026_02_PIT_NE",2485,2,"PIT","pass",-1.46014440897852
"2026_02_PIT_NE",2528,2,"NE","pass",0.517634638119489
"2026_02_PIT_NE",2560,2,"NE","run",0.283466155640781
"2026_02_PIT_NE",2582,2,"NE","pass",-0.0926769962534308
"2026_02_PIT_NE",2607,2,"NE","pass",-0.792858132626861
"2026_02_PIT_NE",2630,2,"NE","pass",1.78262962307781
"2026_02_PIT_NE",2655,2,"NE","run",1.49221103475429
"2026_02_PIT_NE",2677,2,"NE","run",0.693264173227362
"2026_02_PIT_NE",2699,2,"NE","run",-0.575098701403476
"2026_02_PIT_NE",2721,2,"NE","pass",-2.37572271311738
"2026_02_PIT_NE",2767,2,"PIT","run",0.0623679419513792
"2026_02_PIT_NE",2796,2,"PIT","pass",-0.468048979295418
"2026_02_PIT_NE",2821,2,"PIT","pass",-1.73221352673136
"2026_02_PIT_NE",2869,2,"NE","pass",4.00185310770757
"2026_02_PIT_NE",2930,2,"NE","pass",-0.532615941250697
"2026_02_PIT_NE",2953,2,"NE","run",0.317584709264338
"2026_02_PIT_NE",2975,2,"NE","pass",-1.35154805265489
"2026_02_PIT_NE",3041,2,"PIT","pass",0.8436657381244
"2026_02_PIT_NE",3086,2,"PIT","run",-0.783273533452302
"2026_02_PIT_NE",3144,2,"PIT","pass",-7.38385299919173
"2026_02_PIT_NE",3225,2,"PIT","pass",-0.531973602250218
"2026_02_PIT_NE",3248,2,"PIT","pass",-0.13815502030775
"2026_02_PIT_NE",3273,2,"PIT","pass",-2.43072842853144
"2026_02_PIT_NE",3334,2,"NE","run",-0.821765688480809
"2026_02_PIT_NE",3363,2,"NE","run",1.51278284238651
"2026_02_PIT_NE",3385,2,"NE","run",-0.559052382595837
"2026_02_PIT_NE",3407,2,"NE","pass",-0.816750577650964
"2026_02_PIT_NE",3430,2,"NE","pass",-1.57022443856113
"2026_02_PIT_NE",3473,2,"PIT","pass",0.694709031144157
"2026_02_PIT_NE",3498,2,"PIT","run",0.467279657255858
"2026_02_PIT_NE",3520,2,"PIT","pass",0.453049906063825
"2026_02_PIT_NE",3545,2,"PIT","pass",0.363158189691603
"2026_02_PIT_NE",3570,2,"PIT","pass",-0.417930130846798
"2026_02_PIT_NE",3593,2,"PIT","pass",1.43147675972432
"2026_02_PIT_NE",3618,2,"PIT","pass",0.113232327741571
"2026_02_PIT_NE",3643,2,"PIT","pass",0.764489428373054
"2026_02_PIT_NE",3673,2,"PIT","pass",2.04209580860334
"2026_02_PIT_NE",3698,2,"PIT","pass",-2.27065492421389
"2026_02_PIT_NE",3736,2,"PIT","pass",-4.75875813298626
"2026_02_PIT_NE",3772,2,"NE","run",-0.709690196672454
"2026_02_PIT_NE",3803,2,"NE","run",-0.354403724311851
"2026_02_PIT_NE",3826,2,"NE","run",-0.618581043090671
"2026_02_PIT_NE",3881,2,"PIT","pass",-0.417870544595644
"2026_02_PIT_NE",3904,2,"PIT","run",-0.0476707862690091
"2026_02_PIT_NE",3926,2,"PIT","run",-0.696471540722996
"2026_02_PIT_NE",3968,2,"NE","run",-0.478730205213651
"2026_02_PIT_NE",3990,2,"NE","run",-0.171816314104944
"2026_02_PIT_NE",4019,2,"NE","run",-0.0999826649203897
"2026_02_SEA_ARI",62,2,"ARI","pass",0.73768229666166
"2026_02_SEA_ARI",87,2,"ARI","pass",-0.60591187258251
"2026_02_SEA_ARI",110,2,"ARI","run",-2.34619651525281
"2026_02_SEA_ARI",156,2,"SEA","run",-0.138419423718005
"2026_02_SEA_ARI",178,2,"SEA","pass",6.90772058395669
"2026_02_SEA_ARI",237,2,"ARI","run",-0.437597024720162
"2026_02_SEA_ARI",295,2,"ARI","pass",0.448646568693221
"2026_02_SEA_ARI",320,2,"ARI","pass",1.05327920010313
"2026_02_SEA_ARI",345,2,"ARI","run",0.375362284481525
"2026_02_SEA_ARI",367,2,"ARI","run",-1.15596908750013
"2026_02_SEA_ARI",389,2,"ARI","pass",-2.35748952208087
"2026_02_SEA_ARI",429,2,"SEA","run",-0.625795470550656
"2026_02_SEA_ARI",451,2,"SEA","run",-1.26563119003549
"2026_02_SEA_ARI",473,2,"SEA","pass",-1.03716799337417
"2026_02_SEA_ARI",516,2,"ARI","pass",0.811322112334892
"2026_02_SEA_ARI",548,2,"ARI","run",-0.130473082419485
"2026_02_SEA_ARI",570,2,"ARI","pass",0.18826174014248
"2026_02_SEA_ARI",595,2,"ARI","run",0.392896499950439
"2026_02_SEA_ARI",617,2,"ARI","pass",-0.547543089604005
"2026_02_SEA_ARI",640,2,"ARI","pass",-0.197417987859808
"2026_02_SEA_ARI",704,2,"ARI","run",0.500489374506287
"2026_02_SEA_ARI",738,2,"ARI","run",0.398195899499115
"2026_02_SEA_ARI",760,2,"ARI","run",-0.49912703334121
"2026_02_SEA_ARI",782,2,"ARI","pass",-0.790855157363694
"2026_02_SEA_ARI",805,2,"ARI","run",-0.772654672968201
"2026_02_SEA_ARI",847,2,"ARI","pass",3.71365097619127
"2026_02_SEA_ARI",906,2,"SEA","pass",1.49949257588014
"2026_02_SEA_ARI",931,2,"SEA","pass",-0.130908065708354
"2026_02_SEA_ARI",956,2,"SEA","run",-5.18525700387545
"2026_02_SEA_ARI",989,2,"ARI","pass",0.718514482025057
"2026_02_SEA_ARI",1026,2,"ARI","run",-1.3846655235393
"2026_02_SEA_ARI",1048,2,"ARI","pass",-1.73384170245845
"2026_02_SEA_ARI",1091,2,"SEA","run",0.681148771662265
"2026_02_SEA_ARI",1120,2,"SEA","pass",0.530166474170983
"2026_02_SEA_ARI",1145,2,"SEA","run",0.21728609665297
"2026_02_SEA_ARI",1167,2,"SEA","run",0.0723719710949808
"2026_02_SEA_ARI",1189,2,"SEA","run",0.869619298377074
"2026_02_SEA_ARI",1211,2,"SEA","pass",-0.172870907816105
"2026_02_SEA_ARI",1236,2,"SEA","run",-0.797433449886739
"2026_02_SEA_ARI",1286,2,"SEA","pass",-1.44898171210662
"2026_02_SEA_ARI",1339,2,"ARI","run",-0.22639877628535
"2026_02_SEA_ARI",1368,2,"ARI","run",-0.026974462904036
"2026_02_SEA_ARI",1390,2,"ARI","pass",-1.25514208106324
"2026_02_SEA_ARI",1460,2,"SEA","pass",0.599977759353351
"2026_02_SEA_ARI",1492,2,"SEA","run",-0.511197624844499
"2026_02_SEA_ARI",1514,2,"SEA","run",0.552249799307901
"2026_02_SEA_ARI",1536,2,"SEA","pass",0.866296377935214
"2026_02_SEA_ARI",1561,2,"SEA","run",-0.0559905968548264
"2026_02_SEA_ARI",1590,2,"SEA","run",-0.370918362546945
"2026_02_SEA_ARI",1619,2,"SEA","run",-0.2952163531736
"2026_02_SEA_ARI",1644,2,"SEA","run",-4.87789007020183
"2026_02_SEA_ARI",1678,2,"ARI","pass",-0.0717202245723456
"2026_02_SEA_ARI",1710,2,"ARI","pass",-0.2550798021839
"2026_02_SEA_ARI",1740,2,"ARI","pass",0.680185149249155
"2026_02_SEA_ARI",1804,2,"ARI","pass",-0.227226848015562
"2026_02_SEA_ARI",1829,2,"ARI","pass",-0.0526925203157589
"2026_02_SEA_ARI",1858,2,"ARI","pass",-0.508637637482025
"2026_02_SEA_ARI",1907,2,"SEA","pass",-0.119444573938381
"2026_02_SEA_ARI",1930,2,"SEA","pass",0.410031879495364
"2026_02_SEA_ARI",1955,2,"SEA","pass",-0.102560596831609
"2026_02_SEA_ARI",1980,2,"SEA","pass",-0.213225446117576
"2026_02_SEA_ARI",2095,2,"SEA","pass",0.0755941632669419
"2026_02_SEA_ARI",2120,2,"SEA","pass",-0.355995918507688
"2026_02_SEA_ARI",2244,2,"SEA","run",1.44388011097908
"2026_02_SEA_ARI",2266,2,"SEA","run",-0.0785304411547258
"2026_02_SEA_ARI",2288,2,"SEA","run",-1.21376771864016
"2026_02_SEA_ARI",2310,2,"SEA","pass",2.78370192355942
"2026_02_SEA_ARI",2370,2,"ARI","pass",-0.593772292602807
"2026_02_SEA_ARI",2393,2,"ARI","pass",-0.644709903746843
"2026_02_SEA_ARI",2418,2,"ARI","pass",-2.83856027200818
"2026_02_SEA_ARI",2450,2,"SEA","pass",1.36316828615963
"2026_02_SEA_ARI",2482,2,"SEA","run",-0.148122904705815
"2026_02_SEA_ARI",2504,2,"SEA","pass",-0.585989855113439
"2026_02_SEA_ARI",2527,2,"SEA","pass",1.5124325864017
"2026_02_SEA_ARI",2585,2,"SEA","pass",-0.404104145476595
"2026_02_SEA_ARI",2610,2,"SEA","pass",-1.63183920487063
"2026_02_SEA_ARI",2640,2,"SEA","pass",-0.322265188609287
"2026_02_SEA_ARI",2720,2,"ARI","run",-0.289986668620259
"2026_02_SEA_ARI",2742,2,"ARI","pass",-0.780879105441272
"2026_02_SEA_ARI",2767,2,"ARI","pass",1.71996756829321
"2026_02_SEA_ARI",2792,2,"ARI","run",-0.473001834237948
"2026_02_SEA_ARI",2814,2,"ARI","pass",-0.353316988795996
"2026_02_SEA_ARI",2839,2,"ARI","pass",-1.67329241265543
"2026_02_SEA_ARI",2889,2,"SEA","run",-0.207187560852617
"2026_02_SEA_ARI",2941,2,"SEA","pass",1.09203299926594
"2026_02_SEA_ARI",2966,2,"SEA","run",-0.43182789394632
"2026_02_SEA_ARI",2988,2,"SEA","pass",1.55602310737595
"2026_02_SEA_ARI",3013,2,"SEA","run",0.476423718617298
"2026_02_SEA_ARI",3055,2,"SEA","run",0.3883508752333
"2026_02_SEA_ARI",3077,2,"SEA","run",0.165335080120713
"2026_02_SEA_ARI",3133,2,"SEA","pass",-0.474854191590566
"2026_02_SEA_ARI",3156,2,"SEA","run",-0.402099287020974
"2026_02_SEA_ARI",3178,2,"SEA","pass",2.95203493844019
"2026_02_SEA_ARI",3238,2,"ARI","pass",0.652500788681209
"2026_02_SEA_ARI",3263,2,"ARI","pass",-0.771230736048892
"2026_02_SEA_ARI",3286,2,"ARI","pass",-2.5489709097892
"2026_02_SEA_ARI",3337,2,"SEA","run",1.16655999282375
"2026_02_SEA_ARI",3366,2,"SEA","run",-0.305430785985664
"2026_02_SEA_ARI",3398,2,"SEA","run",0.117638903902844
"2026_02_SEA_ARI",3420,2,"SEA","pass",0.940809632767923
"2026_02_SEA_ARI",3445,2,"SEA","run",-0.422122201533057
"2026_02_SEA_ARI",3505,2,"SEA","run",-0.723084110766649
"2026_02_SEA_ARI",3527,2,"SEA","run",1.88788698374992
"2026_02_SEA_ARI",3549,2,"SEA","run",0.405225847673137
"2026_02_SEA_ARI",3571,2,"SEA","run",0.392124809906818
"2026_02_SEA_ARI",3593,2,"SEA","run",-0.501846795028541
"2026_02_SEA_ARI",3622,2,"SEA","run",-0.709329778328538
"2026_02_SEA_ARI",3644,2,"SEA","run",2.38460002964712
"2026_02_SEA_ARI",3677,2,"SEA","run",0.0686667716072407
"2026_02_SEA_ARI",3699,2,"SEA","run",-0.396259214205202
"2026_02_SEA_ARI",3721,2,"SEA","run",-1.2219343718607
"2026_02_SEA_ARI",3752,2,"SEA","run",2.46090677328175
"2026_02_SEA_ARI",3816,2,"ARI","run",0.674992196611129
"2026_02_SEA_ARI",3838,2,"ARI","run",-1.80070321809035
"2026_02_WAS_DAL",62,2,"DAL","pass",0.558376804692671
"2026_02_WAS_DAL",92,2,"DAL","run",-0.782268602168187
"2026_02_WAS_DAL",114,2,"DAL","pass",1.05895629897714
"2026_02_WAS_DAL",144,2,"DAL","pass",-0.528364889323711
"2026_02_WAS_DAL",167,2,"DAL","pass",1.32327719498426
"2026_02_WAS_DAL",192,2,"DAL","pass",1.47379621741129
"2026_02_WAS_DAL",217,2,"DAL","run",-0.340168983617332
"2026_02_WAS_DAL",239,2,"DAL","run",1.42008332756814
"2026_02_WAS_DAL",261,2,"DAL","run",-0.388840279076248
"2026_02_WAS_DAL",283,2,"DAL","pass",1.07470007555094
"2026_02_WAS_DAL",351,2,"WAS","pass",0.327493563294411
"2026_02_WAS_DAL",376,2,"WAS","run",-1.23501405492425
"2026_02_WAS_DAL",398,2,"WAS","pass",-1.1247179354541
"2026_02_WAS_DAL",452,2,"DAL","pass",2.40163886896335
"2026_02_WAS_DAL",482,2,"DAL","run",0.0496303961845115
"2026_02_WAS_DAL",504,2,"DAL","pass",-0.636318411095999
"2026_02_WAS_DAL",527,2,"DAL","pass",1.31138385576196
"2026_02_WAS_DAL",564,2,"DAL","run",-0.469882390927523
"2026_02_WAS_DAL",586,2,"DAL","pass",-0.785294304136187
"2026_02_WAS_DAL",652,2,"DAL","pass",-1.66641553908355
"2026_02_WAS_DAL",734,2,"WAS","pass",-0.028810620540753
"2026_02_WAS_DAL",764,2,"WAS","run",0.817850719438866
"2026_02_WAS_DAL",786,2,"WAS","run",-0.523762544151396
"2026_02_WAS_DAL",844,2,"WAS","pass",-0.776118980254978
"2026_02_WAS_DAL",880,2,"WAS","pass",3.49928884510882
"2026_02_WAS_DAL",905,2,"WAS","pass",0.835508469026536
"2026_02_WAS_DAL",935,2,"WAS","run",-0.522376813925803
"2026_02_WAS_DAL",957,2,"WAS","run",0.711846580146812
"2026_02_WAS_DAL",979,2,"WAS","run",1.66155104723293
"2026_02_WAS_DAL",1033,2,"WAS","run",-0.0329841161728837
"2026_02_WAS_DAL",1055,2,"WAS","run",-2.17400149075547
"2026_02_WAS_DAL",1082,2,"WAS","pass",-0.16864219753119
"2026_02_WAS_DAL",1167,2,"DAL","pass",0.759432724444196
"2026_02_WAS_DAL",1192,2,"DAL","pass",0.150390461902134
"2026_02_WAS_DAL",1222,2,"DAL","pass",0.778934681438841
"2026_02_WAS_DAL",1252,2,"DAL","pass",-0.426393179572187
"2026_02_WAS_DAL",1277,2,"DAL","run",0.600268848065753
"2026_02_WAS_DAL",1299,2,"DAL","pass",1.31530744524207
"2026_02_WAS_DAL",1335,2,"DAL","pass",1.87420381809352
"2026_02_WAS_DAL",1420,2,"WAS","run",-0.111042393604293
"2026_02_WAS_DAL",1442,2,"WAS","run",1.5788369642105
"2026_02_WAS_DAL",1464,2,"WAS","run",0.455555498134345
"2026_02_WAS_DAL",1486,2,"WAS","pass",-0.61093478789553
"2026_02_WAS_DAL",1558,2,"WAS","run",1.07627173198853
"2026_02_WAS_DAL",1587,2,"WAS","run",1.42109015508322
"2026_02_WAS_DAL",1620,2,"WAS","run",-0.151466315204743
"2026_02_WAS_DAL",1652,2,"WAS","pass",1.48081639618613
"2026_02_WAS_DAL",1717,2,"DAL","pass",-1.56817466719076
"2026_02_WAS_DAL",1739,2,"DAL","pass",-0.331021955469623
"2026_02_WAS_DAL",1764,2,"DAL","pass",-0.899786460213363
"2026_02_WAS_DAL",1813,2,"WAS","pass",0.771042365464382
"2026_02_WAS_DAL",1845,2,"WAS","pass",-0.646116067306139
"2026_02_WAS_DAL",1868,2,"WAS","run",0.438263466930948
"2026_02_WAS_DAL",1890,2,"WAS","run",-0.671166760032065
"2026_02_WAS_DAL",1912,2,"WAS","run",1.05266962596215
"2026_02_WAS_DAL",1934,2,"WAS","pass",-0.315292361541651
"2026_02_WAS_DAL",1972,2,"WAS","run",-0.112033120240085
"2026_02_WAS_DAL",2003,2,"WAS","pass",1.30823592317756
"2026_02_WAS_DAL",2028,2,"WAS","run",1.02159360557562
"2026_02_WAS_DAL",2050,2,"WAS","run",-0.584930165787227
"2026_02_WAS_DAL",2086,2,"WAS","pass",0.581364693207433
"2026_02_WAS_DAL",2123,2,"WAS","run",0.405032957933145
"2026_02_WAS_DAL",2145,2,"WAS","pass",-0.374390404904261
"2026_02_WAS_DAL",2182,2,"WAS","pass",-0.884981575014535
"2026_02_WAS_DAL",2215,2,"WAS","pass",-3.69438152085058
"2026_02_WAS_DAL",2284,2,"WAS","run",0.0751798481214792
"2026_02_WAS_DAL",2318,2,"WAS","pass",2.2520334700821
"2026_02_WAS_DAL",2352,2,"WAS","run",-0.523088355665095
"2026_02_WAS_DAL",2379,2,"WAS","pass",-0.6252908911556
"2026_02_WAS_DAL",2402,2,"WAS","pass",-0.907678326732653
"2026_02_WAS_DAL",2520,2,"DAL","run",-1.16146912798285
"2026_02_WAS_DAL",2542,2,"DAL","pass",-0.382151199039072
"2026_02_WAS_DAL",2567,2,"DAL","pass",2.09994290955365
"2026_02_WAS_DAL",2592,2,"DAL","run",0.32322167372331
"2026_02_WAS_DAL",2614,2,"DAL","pass",0.825018520234153
"2026_02_WAS_DAL",2639,2,"DAL","pass",0.316780103137717
"2026_02_WAS_DAL",2664,2,"DAL","run",-0.512538636568934
"2026_02_WAS_DAL",2686,2,"DAL","pass",-2.0891278502934
"2026_02_WAS_DAL",2756,2,"WAS","pass",-5.88204267993569
"2026_02_WAS_DAL",2797,2,"DAL","run",-0.480386554030702
"2026_02_WAS_DAL",2824,2,"DAL","pass",2.18269709055312
"2026_02_WAS_DAL",2887,2,"WAS","pass",-0.565568441525102
"2026_02_WAS_DAL",2941,2,"WAS","run",0.931076091481373
"2026_02_WAS_DAL",2963,2,"WAS","run",-0.0667867003940046
"2026_02_WAS_DAL",2985,2,"WAS","run",0.626639641704969
"2026_02_WAS_DAL",3041,2,"WAS","pass",1.8596619439777
"2026_02_WAS_DAL",3071,2,"WAS","run",-0.07887532946188
"2026_02_WAS_DAL",3093,2,"WAS","pass",-0.581719929818064
"2026_02_WAS_DAL",3149,2,"WAS","pass",-0.464697045225403
"2026_02_WAS_DAL",3208,2,"DAL","run",0.290564249968156
"2026_02_WAS_DAL",3237,2,"DAL","run",-0.914384981384501
"2026_02_WAS_DAL",3259,2,"DAL","pass",1.13590388954617
"2026_02_WAS_DAL",3304,2,"DAL","pass",0.153309682500549
"2026_02_WAS_DAL",3329,2,"DAL","pass",-0.807367928209715
"2026_02_WAS_DAL",3354,2,"DAL","pass",-2.14061282622317
"2026_02_WAS_DAL",3427,2,"WAS","pass",-0.575792226940393
"2026_02_WAS_DAL",3450,2,"WAS","pass",0.78123455052264
"2026_02_WAS_DAL",3475,2,"WAS","pass",0.643505107378587
"2026_02_WAS_DAL",3505,2,"WAS","pass",0.714846069342457
"2026_02_WAS_DAL",3535,2,"WAS","pass",0.144670100300573
"2026_02_WAS_DAL",3563,2,"WAS","pass",-0.832300045294687
"2026_02_WAS_DAL",3586,2,"WAS","pass",1.7688840177143
"2026_02_WAS_DAL",3611,2,"WAS","pass",0.165682694350835
"2026_02_WAS_DAL",3636,2,"WAS","pass",0.68725554033881
"2026_02_WAS_DAL",3666,2,"WAS","pass",2.45012960210443
"2026_02_WAS_DAL",3763,2,"DAL","pass",0.315832737833261
"2026_02_WAS_DAL",3788,2,"DAL","run",0.0519503825344145
"2026_02_WAS_DAL",3810,2,"DAL","run",0.357701344881207
"2026_02_WAS_DAL",3835,2,"DAL","run",-0.999832798261195
"2026_02_WAS_DAL",3871,2,"DAL","run",-0.176740124821663
"2026_02_WAS_DAL",3900,2,"DAL","pass",3.09323428268544
"2026_02_WAS_DAL",3930,2,"DAL","run",0.66932914982317
"2026_02_WAS_DAL",3962,2,"DAL","run",-0.551229683565907
"2026_02_WAS_DAL",3987,2,"DAL","run",0.293010244495235
"2026_02_WAS_DAL",4009,2,"DAL","run",-0.142978387710173
"2026_02_WAS_DAL",4031,2,"DAL","pass",3.16193753096741
"2026_02_WAS_DAL",4095,2,"WAS","run",0.42176420672331
"2026_02_WAS_DAL",4117,2,"WAS","run",0.570867754227947
"2026_02_WAS_DAL",4159,2,"WAS","run",-0.513341833429877
"2026_02_WAS_DAL",4188,2,"WAS","run",0.0109266788349487
"2026_02_WAS_DAL",4210,2,"WAS","run",-2.58222934993682
