"game_id","play_id","posteam","defteam","play_type","epa"
"2026_01_ARI_LAC",62,"ARI","LAC","pass",1.73026861948892
"2026_01_ARI_LAC",87,"ARI","LAC","run",-0.288451223867014
"2026_01_ARI_LAC",109,"ARI","LAC","pass",-0.889567741425708
"2026_01_ARI_LAC",132,"ARI","LAC","run",2.26213446957991
"2026_01_ARI_LAC",154,"ARI","LAC","pass",0.105275578680448
"2026_01_ARI_LAC",181,"ARI","LAC","run",0.0908104703994468
"2026_01_ARI_LAC",203,"ARI","LAC","run",0.459360566106625
"2026_01_ARI_LAC",225,"ARI","LAC","run",-0.527099344064482
"2026_01_ARI_LAC",247,"ARI","LAC","pass",1.18052008200902
"2026_01_ARI_LAC",272,"ARI","LAC","run",-0.0551801581168547
"2026_01_ARI_LAC",301,"ARI","LAC","run",1.63248223112896
"2026_01_ARI_LAC",364,"LAC","ARI","run",-0.379353810101748
"2026_01_ARI_LAC",386,"LAC","ARI","pass",1.65891221584752
"2026_01_ARI_LAC",411,"LAC","ARI","run",-0.512818679912016
"2026_01_ARI_LAC",433,"LAC","ARI","pass",1.63942066987511
"2026_01_ARI_LAC",458,"LAC","ARI","pass",1.22035161126405
"2026_01_ARI_LAC",483,"LAC","ARI","run",-0.419472706969827
"2026_01_ARI_LAC",505,"LAC","ARI","run",-0.0576623133383691
"2026_01_ARI_LAC",527,"LAC","ARI","run",2.16438095911872
"2026_01_ARI_LAC",590,"ARI","LAC","run",-0.555032577132806
"2026_01_ARI_LAC",612,"ARI","LAC","pass",1.17245625634678
"2026_01_ARI_LAC",678,"ARI","LAC","pass",1.34520767838694
"2026_01_ARI_LAC",703,"ARI","LAC","pass",0.795516364276409
"2026_01_ARI_LAC",728,"ARI","LAC","run",-0.496692745015025
"2026_01_ARI_LAC",753,"ARI","LAC","pass",-0.072578493738547
"2026_01_ARI_LAC",798,"ARI","LAC","pass",-1.1562670624071
"2026_01_ARI_LAC",842,"LAC","ARI","run",0.744389915140346
"2026_01_ARI_LAC",871,"LAC","ARI","pass",0.715658619184978
"2026_01_ARI_LAC",901,"LAC","ARI","pass",-0.451305921771564
"2026_01_ARI_LAC",924,"LAC","ARI","run",-5.19676485145465
"2026_01_ARI_LAC",962,"ARI","LAC","pass",0.788402177393436
"2026_01_ARI_LAC",1018,"ARI","LAC","run",1.3893004192505
"2026_01_ARI_LAC",1045,"ARI","LAC","pass",-0.0762718883343041
"2026_01_ARI_LAC",1072,"ARI","LAC","run",0.25740079022944
"2026_01_ARI_LAC",1094,"ARI","LAC","run",0.872020301409066
"2026_01_ARI_LAC",1150,"ARI","LAC","run",-0.55871752591338
"2026_01_ARI_LAC",1172,"ARI","LAC","pass",0.342615335131995
"2026_01_ARI_LAC",1197,"ARI","LAC","pass",1.82705031277146
"2026_01_ARI_LAC",1222,"ARI","LAC","run",-0.177947170799598
"2026_01_ARI_LAC",1244,"ARI","LAC","pass",-0.273779091658071
"2026_01_ARI_LAC",1269,"ARI","LAC","pass",-1.42329581153599
"2026_01_ARI_LAC",1433,"LAC","ARI","run",-0.458499374100938
"2026_01_ARI_LAC",1455,"LAC","ARI","pass",1.4282386515988
"2026_01_ARI_LAC",1480,"LAC","ARI","run",-0.479183813673444
"2026_01_ARI_LAC",1502,"LAC","ARI","pass",2.10682589269709
"2026_01_ARI_LAC",1527,"LAC","ARI","run",0.634365435515065
"2026_01_ARI_LAC",1549,"LAC","ARI","pass",0.278483934875112
"2026_01_ARI_LAC",1574,"LAC","ARI","run",-0.903470241639297
"2026_01_ARI_LAC",1596,"LAC","ARI","pass",-0.734630779537838
"2026_01_ARI_LAC",1619,"LAC","ARI","run",-0.748905660293531
"2026_01_ARI_LAC",1641,"LAC","ARI","pass",-3.21282949513989
"2026_01_ARI_LAC",1668,"ARI","LAC","run",0.5019991484005
"2026_01_ARI_LAC",1697,"ARI","LAC","pass",0.533840214135125
"2026_01_ARI_LAC",1722,"ARI","LAC","pass",0.300552675034851
"2026_01_ARI_LAC",1781,"ARI","LAC","pass",0.436158669821452
"2026_01_ARI_LAC",1806,"ARI","LAC","pass",-0.512461839593016
"2026_01_ARI_LAC",1836,"ARI","LAC","pass",0.553984326019417
"2026_01_ARI_LAC",1861,"ARI","LAC","pass",-0.595926301670261
"2026_01_ARI_LAC",1993,"LAC","ARI","pass",0.744322631042451
"2026_01_ARI_LAC",2018,"LAC","ARI","run",0.0289501356892288
"2026_01_ARI_LAC",2040,"LAC","ARI","run",0.235407171305269
"2026_01_ARI_LAC",2109,"LAC","ARI","run",-0.4640786529053
"2026_01_ARI_LAC",2131,"LAC","ARI","pass",-1.57411813619547
"2026_01_ARI_LAC",2174,"ARI","LAC","run",-0.497949591372162
"2026_01_ARI_LAC",2203,"ARI","LAC","pass",2.77394440374337
"2026_01_ARI_LAC",2228,"ARI","LAC","run",-0.58442894066684
"2026_01_ARI_LAC",2252,"ARI","LAC","pass",1.34636709582992
"2026_01_ARI_LAC",2277,"ARI","LAC","pass",1.081997706322
"2026_01_ARI_LAC",2302,"ARI","LAC","run",0.669232377898879
"2026_01_ARI_LAC",2324,"ARI","LAC","run",-0.847926538437605
"2026_01_ARI_LAC",2346,"ARI","LAC","pass",-0.782028123969212
"2026_01_ARI_LAC",2369,"ARI","LAC","pass",-0.814271500842221
"2026_01_ARI_LAC",2481,"LAC","ARI","run",-0.469500589650124
"2026_01_ARI_LAC",2503,"LAC","ARI","run",-0.530734994332306
"2026_01_ARI_LAC",2530,"LAC","ARI","pass",2.60120518843178
"2026_01_ARI_LAC",2596,"ARI","LAC","pass",-0.632241252809763
"2026_01_ARI_LAC",2619,"ARI","LAC","pass",0.0405983715318143
"2026_01_ARI_LAC",2644,"ARI","LAC","pass",1.85618410492316
"2026_01_ARI_LAC",2680,"ARI","LAC","run",-0.241998974233866
"2026_01_ARI_LAC",2702,"ARI","LAC","pass",0.927245445549488
"2026_01_ARI_LAC",2751,"ARI","LAC","pass",-0.639965065289289
"2026_01_ARI_LAC",2781,"ARI","LAC","pass",-1.0320623437874
"2026_01_ARI_LAC",2804,"ARI","LAC","pass",-1.01741548115388
"2026_01_ARI_LAC",2849,"LAC","ARI","pass",0.187248965259641
"2026_01_ARI_LAC",2886,"LAC","ARI","run",0.412012620130554
"2026_01_ARI_LAC",2932,"LAC","ARI","pass",-0.666090465849265
"2026_01_ARI_LAC",2955,"LAC","ARI","run",-1.01762354047969
"2026_01_ARI_LAC",2977,"LAC","ARI","pass",-1.02852114057168
"2026_01_ARI_LAC",3035,"ARI","LAC","run",-0.568547169445083
"2026_01_ARI_LAC",3077,"ARI","LAC","pass",-0.25328031857498
"2026_01_ARI_LAC",3102,"ARI","LAC","pass",-0.79735354706645
"2026_01_ARI_LAC",3155,"LAC","ARI","pass",-1.2873175831046
"2026_01_ARI_LAC",3175,"LAC","ARI","pass",-0.44063282944262
"2026_01_ARI_LAC",3200,"LAC","ARI","pass",-1.14531577331945
"2026_01_ARI_LAC",3261,"ARI","LAC","run",-0.381938267382793
"2026_01_ARI_LAC",3285,"ARI","LAC","pass",1.1799865840585
"2026_01_ARI_LAC",3347,"LAC","ARI","pass",0.809230150654912
"2026_01_ARI_LAC",3372,"LAC","ARI","run",-0.149919551797211
"2026_01_ARI_LAC",3394,"LAC","ARI","pass",0.637983086518943
"2026_01_ARI_LAC",3419,"LAC","ARI","pass",-2.34865460090805
"2026_01_ARI_LAC",3467,"ARI","LAC","run",-0.589360890327953
"2026_01_ARI_LAC",3496,"ARI","LAC","run",0.117391710169613
"2026_01_ARI_LAC",3518,"ARI","LAC","pass",1.25957663264126
"2026_01_ARI_LAC",3543,"ARI","LAC","run",0.261024783132598
"2026_01_ARI_LAC",3565,"ARI","LAC","run",0.557213853579015
"2026_01_ARI_LAC",3587,"ARI","LAC","run",-0.320186435710639
"2026_01_ARI_LAC",3609,"ARI","LAC","run",-0.00279047386720777
"2026_01_ARI_LAC",3631,"ARI","LAC","pass",-1.59611808508635
"2026_01_ARI_LAC",3686,"LAC","ARI","run",0.73423968476709
"2026_01_ARI_LAC",3713,"LAC","ARI","pass",-0.573017358779907
"2026_01_ARI_LAC",3821,"LAC","ARI","pass",-0.61730347853154
"2026_01_ARI_LAC",3849,"LAC","ARI","pass",0.0714720042888075
"2026_01_ARI_LAC",3881,"LAC","ARI","pass",-2.02781349141151
"2026_01_ARI_LAC",3917,"ARI","LAC","run",-1.50295499042841
"2026_01_ARI_LAC",3939,"ARI","LAC","run",-0.307021840242669
"2026_01_ARI_LAC",3968,"ARI","LAC","run",0.366849836387501
"2026_01_ARI_LAC",4027,"LAC","ARI","pass",-1.11723964556586
"2026_01_ARI_LAC",4047,"LAC","ARI","pass",-0.479509291821159
"2026_01_ARI_LAC",4070,"LAC","ARI","pass",-0.238456208375283
"2026_01_ARI_LAC",4095,"LAC","ARI","pass",-1.76426373823779
"2026_01_ATL_PIT",68,"PIT","ATL","pass",-0.486624904675409
"2026_01_ATL_PIT",100,"PIT","ATL","run",-0.495858779642731
"2026_01_ATL_PIT",122,"PIT","ATL","pass",-1.57847676286474
"2026_01_ATL_PIT",164,"ATL","PIT","run",-0.481132688000798
"2026_01_ATL_PIT",186,"ATL","PIT","pass",-0.146002063527703
"2026_01_ATL_PIT",211,"ATL","PIT","pass",-2.05424473574385
"2026_01_ATL_PIT",268,"PIT","ATL","run",0.136999298119918
"2026_01_ATL_PIT",298,"PIT","ATL","pass",0.776716134278104
"2026_01_ATL_PIT",323,"PIT","ATL","pass",0.15378972585313
"2026_01_ATL_PIT",348,"PIT","ATL","pass",1.47647841775324
"2026_01_ATL_PIT",373,"PIT","ATL","run",-0.489191850996576
"2026_01_ATL_PIT",395,"PIT","ATL","pass",-0.644343620631844
"2026_01_ATL_PIT",418,"PIT","ATL","pass",-1.37764919079173
"2026_01_ATL_PIT",491,"ATL","PIT","pass",0.493519854731858
"2026_01_ATL_PIT",516,"ATL","PIT","run",0.313327288255095
"2026_01_ATL_PIT",543,"ATL","PIT","pass",0.472829979145899
"2026_01_ATL_PIT",571,"ATL","PIT","run",0.587342152372003
"2026_01_ATL_PIT",600,"ATL","PIT","run",-0.484406529925764
"2026_01_ATL_PIT",655,"ATL","PIT","pass",-0.91247421503067
"2026_01_ATL_PIT",678,"ATL","PIT","pass",-1.11273427121341
"2026_01_ATL_PIT",721,"PIT","ATL","pass",0.72925624018535
"2026_01_ATL_PIT",758,"PIT","ATL","run",0.146940794074908
"2026_01_ATL_PIT",783,"PIT","ATL","run",-0.467919509159401
"2026_01_ATL_PIT",805,"PIT","ATL","pass",-5.12980534823146
"2026_01_ATL_PIT",851,"ATL","PIT","run",-0.173887885524891
"2026_01_ATL_PIT",873,"ATL","PIT","run",-0.672660730779171
"2026_01_ATL_PIT",895,"ATL","PIT","pass",3.62281989026815
"2026_01_ATL_PIT",1000,"PIT","ATL","run",-0.246459727408364
"2026_01_ATL_PIT",1042,"PIT","ATL","run",-1.16403000801802
"2026_01_ATL_PIT",1105,"PIT","ATL","pass",-0.449987247237004
"2026_01_ATL_PIT",1128,"PIT","ATL","pass",1.14407132560154
"2026_01_ATL_PIT",1153,"PIT","ATL","run",-0.261912509158719
"2026_01_ATL_PIT",1175,"PIT","ATL","pass",-0.497316004475579
"2026_01_ATL_PIT",1200,"PIT","ATL","pass",-1.29242037715189
"2026_01_ATL_PIT",1294,"ATL","PIT","pass",-4.75561617780477
"2026_01_ATL_PIT",1326,"PIT","ATL","pass",1.22231717425166
"2026_01_ATL_PIT",1351,"PIT","ATL","pass",0.428306210262235
"2026_01_ATL_PIT",1376,"PIT","ATL","pass",-0.911695131740998
"2026_01_ATL_PIT",1399,"PIT","ATL","pass",2.5222247413476
"2026_01_ATL_PIT",1469,"ATL","PIT","run",0.151878551812842
"2026_01_ATL_PIT",1491,"ATL","PIT","run",0.507809359580278
"2026_01_ATL_PIT",1513,"ATL","PIT","pass",-0.778699512593448
"2026_01_ATL_PIT",1544,"ATL","PIT","pass",1.03537233150564
"2026_01_ATL_PIT",1569,"ATL","PIT","run",-2.7482511147391
"2026_01_ATL_PIT",1633,"PIT","ATL","run",-0.415078445570543
"2026_01_ATL_PIT",1696,"PIT","ATL","pass",-0.671579747926444
"2026_01_ATL_PIT",1743,"PIT","ATL","pass",-0.543170928722247
"2026_01_ATL_PIT",1803,"ATL","PIT","pass",0.534209395991638
"2026_01_ATL_PIT",1828,"ATL","PIT","run",0.0145162354456261
"2026_01_ATL_PIT",1850,"ATL","PIT","run",-0.471678967180196
"2026_01_ATL_PIT",1908,"ATL","PIT","pass",-0.63444172241725
"2026_01_ATL_PIT",1931,"ATL","PIT","pass",-0.365283861139991
"2026_01_ATL_PIT",1984,"PIT","ATL","pass",-0.313265343662351
"2026_01_ATL_PIT",2016,"PIT","ATL","pass",-0.0610646273707971
"2026_01_ATL_PIT",2094,"PIT","ATL","pass",2.20001411717385
"2026_01_ATL_PIT",2119,"PIT","ATL","pass",-0.338582761702128
"2026_01_ATL_PIT",2142,"PIT","ATL","run",-1.06058412103448
"2026_01_ATL_PIT",2164,"PIT","ATL","pass",-0.995252831664402
"2026_01_ATL_PIT",2194,"PIT","ATL","pass",-1.84454587288201
"2026_01_ATL_PIT",2257,"ATL","PIT","pass",-0.259489755961113
"2026_01_ATL_PIT",2280,"ATL","PIT","pass",-0.108711670909543
"2026_01_ATL_PIT",2305,"ATL","PIT","pass",-0.25037467997754
"2026_01_ATL_PIT",2397,"PIT","ATL","pass",-0.0311339543550275
"2026_01_ATL_PIT",2420,"PIT","ATL","pass",0.357924796757288
"2026_01_ATL_PIT",2445,"PIT","ATL","pass",-0.436910713848192
"2026_01_ATL_PIT",2515,"ATL","PIT","run",0.156362076289952
"2026_01_ATL_PIT",2537,"ATL","PIT","run",-0.567967423703521
"2026_01_ATL_PIT",2561,"ATL","PIT","run",1.31442130124196
"2026_01_ATL_PIT",2583,"ATL","PIT","run",0.0672735653351992
"2026_01_ATL_PIT",2605,"ATL","PIT","run",1.11701260204427
"2026_01_ATL_PIT",2638,"ATL","PIT","run",-0.450034664245322
"2026_01_ATL_PIT",2660,"ATL","PIT","pass",-0.616387572255917
"2026_01_ATL_PIT",2683,"ATL","PIT","pass",-1.06210690983349
"2026_01_ATL_PIT",2727,"PIT","ATL","run",-0.084652850870043
"2026_01_ATL_PIT",2756,"PIT","ATL","run",-0.852674192981794
"2026_01_ATL_PIT",2778,"PIT","ATL","pass",-1.48288283566944
"2026_01_ATL_PIT",2848,"ATL","PIT","run",0.502060631290078
"2026_01_ATL_PIT",2881,"ATL","PIT","run",-0.44545435346663
"2026_01_ATL_PIT",2903,"ATL","PIT","pass",3.037238528952
"2026_01_ATL_PIT",2939,"ATL","PIT","run",-0.523144420003518
"2026_01_ATL_PIT",2961,"ATL","PIT","pass",-0.865659757750109
"2026_01_ATL_PIT",2984,"ATL","PIT","pass",-1.79009042866528
"2026_01_ATL_PIT",3030,"PIT","ATL","pass",1.96398748410866
"2026_01_ATL_PIT",3091,"PIT","ATL","pass",0.576611496508121
"2026_01_ATL_PIT",3116,"PIT","ATL","pass",-0.483431380009279
"2026_01_ATL_PIT",3146,"PIT","ATL","pass",-1.7538666925393
"2026_01_ATL_PIT",3169,"PIT","ATL","pass",-2.80534267192706
"2026_01_ATL_PIT",3192,"ATL","PIT","pass",1.90560161822941
"2026_01_ATL_PIT",3240,"ATL","PIT","run",-0.805810410995036
"2026_01_ATL_PIT",3262,"ATL","PIT","pass",-1.68416358705144
"2026_01_ATL_PIT",3282,"ATL","PIT","run",-0.208708387291553
"2026_01_ATL_PIT",3354,"PIT","ATL","pass",-0.49185008648783
"2026_01_ATL_PIT",3379,"PIT","ATL","pass",-0.124803070444614
"2026_01_ATL_PIT",3404,"PIT","ATL","pass",-1.61264810431749
"2026_01_ATL_PIT",3456,"ATL","PIT","run",1.42721497407183
"2026_01_ATL_PIT",3498,"ATL","PIT","run",-0.80594483204186
"2026_01_ATL_PIT",3525,"ATL","PIT","pass",-8.2899881885387
"2026_01_ATL_PIT",3598,"ATL","PIT","run",1.04338356293738
"2026_01_ATL_PIT",3620,"ATL","PIT","pass",1.29421773762442
"2026_01_ATL_PIT",3645,"ATL","PIT","run",-0.188145243329927
"2026_01_ATL_PIT",3667,"ATL","PIT","run",0.585678446106613
"2026_01_ATL_PIT",3689,"ATL","PIT","run",-1.57551697449322
"2026_01_ATL_PIT",3769,"PIT","ATL","run",0.50764916324988
"2026_01_ATL_PIT",3791,"PIT","ATL","run",0.843999570468441
"2026_01_ATL_PIT",3816,"PIT","ATL","pass",-0.26297529740259
"2026_01_ATL_PIT",3841,"PIT","ATL","pass",-0.453057920210995
"2026_01_ATL_PIT",3873,"PIT","ATL","pass",-2.54481542604452
"2026_01_ATL_PIT",3914,"ATL","PIT","run",0.926343502709642
"2026_01_ATL_PIT",3951,"ATL","PIT","run",-0.430467167985626
"2026_01_ATL_PIT",3978,"ATL","PIT","run",-0.214190966449678
"2026_01_ATL_PIT",4000,"ATL","PIT","pass",-2.4738876594929
"2026_01_ATL_PIT",4040,"PIT","ATL","run",-0.369930793298408
"2026_01_ATL_PIT",4062,"PIT","ATL","pass",1.00328178703785
"2026_01_ATL_PIT",4092,"PIT","ATL","run",-0.173861130839214
"2026_01_ATL_PIT",4114,"PIT","ATL","pass",0.00742506224196404
"2026_01_ATL_PIT",4146,"PIT","ATL","pass",1.12742872966919
"2026_01_ATL_PIT",4178,"PIT","ATL","run",-0.726810019637924
"2026_01_ATL_PIT",4205,"PIT","ATL","run",0.633674080017954
"2026_01_BAL_IND",57,"IND","BAL","pass",-0.608843558933586
"2026_01_BAL_IND",80,"IND","BAL","pass",0.181816463824362
"2026_01_BAL_IND",105,"IND","BAL","pass",2.54589475411922
"2026_01_BAL_IND",130,"IND","BAL","pass",-0.346080280956812
"2026_01_BAL_IND",162,"IND","BAL","pass",-0.692298382520676
"2026_01_BAL_IND",185,"IND","BAL","pass",1.91161233943421
"2026_01_BAL_IND",210,"IND","BAL","pass",0.84731780650327
"2026_01_BAL_IND",235,"IND","BAL","run",0.481577324506361
"2026_01_BAL_IND",257,"IND","BAL","run",0.605533385765739
"2026_01_BAL_IND",325,"BAL","IND","pass",3.80610596394399
"2026_01_BAL_IND",374,"BAL","IND","run",-0.15128733497113
"2026_01_BAL_IND",396,"BAL","IND","run",1.56002811773214
"2026_01_BAL_IND",464,"IND","BAL","run",-1.02569619007409
"2026_01_BAL_IND",486,"IND","BAL","pass",-4.8116334649967
"2026_01_BAL_IND",513,"BAL","IND","run",0.459082276094705
"2026_01_BAL_IND",535,"BAL","IND","run",-0.19891629810445
"2026_01_BAL_IND",590,"BAL","IND","run",3.07395097112749
"2026_01_BAL_IND",617,"BAL","IND","pass",0.853725885564927
"2026_01_BAL_IND",669,"BAL","IND","pass",0.0780366834951565
"2026_01_BAL_IND",694,"BAL","IND","run",1.42847378336592
"2026_01_BAL_IND",773,"IND","BAL","pass",-1.89324726141058
"2026_01_BAL_IND",793,"IND","BAL","pass",-0.487392249051481
"2026_01_BAL_IND",818,"IND","BAL","run",-0.402096688514575
"2026_01_BAL_IND",877,"BAL","IND","pass",1.1434863912873
"2026_01_BAL_IND",914,"BAL","IND","run",-0.349242750788108
"2026_01_BAL_IND",960,"BAL","IND","pass",-0.993793326895684
"2026_01_BAL_IND",983,"BAL","IND","pass",2.97115420352202
"2026_01_BAL_IND",1028,"BAL","IND","run",-0.132671882631257
"2026_01_BAL_IND",1052,"BAL","IND","pass",1.70314843778033
"2026_01_BAL_IND",1077,"BAL","IND","run",-0.153863396728411
"2026_01_BAL_IND",1136,"BAL","IND","pass",-0.756367235560901
"2026_01_BAL_IND",1166,"BAL","IND","pass",-0.310201962653082
"2026_01_BAL_IND",1191,"BAL","IND","pass",-3.07317646587035
"2026_01_BAL_IND",1214,"IND","BAL","run",-0.567494734190404
"2026_01_BAL_IND",1243,"IND","BAL","run",1.2749429969117
"2026_01_BAL_IND",1265,"IND","BAL","run",-1.174766887445
"2026_01_BAL_IND",1298,"IND","BAL","pass",-0.648551595397294
"2026_01_BAL_IND",1323,"IND","BAL","pass",-0.86877649044618
"2026_01_BAL_IND",1372,"BAL","IND","run",-0.286203085444868
"2026_01_BAL_IND",1401,"BAL","IND","run",-0.913901268737391
"2026_01_BAL_IND",1434,"BAL","IND","pass",2.14046726282686
"2026_01_BAL_IND",1447,"BAL","IND","run",-0.480823454912752
"2026_01_BAL_IND",1460,"BAL","IND","pass",4.95255464687943
"2026_01_BAL_IND",1560,"IND","BAL","pass",-4.73328272125218
"2026_01_BAL_IND",1601,"BAL","IND","run",-0.272897092043422
"2026_01_BAL_IND",1623,"BAL","IND","pass",1.17279458750272
"2026_01_BAL_IND",1648,"BAL","IND","run",3.10886098764604
"2026_01_BAL_IND",1732,"IND","BAL","pass",-0.456348417326808
"2026_01_BAL_IND",1755,"IND","BAL","pass",-0.61307160416618
"2026_01_BAL_IND",1778,"IND","BAL","pass",-0.98149689193815
"2026_01_BAL_IND",1821,"BAL","IND","pass",-6.28063505538739
"2026_01_BAL_IND",1858,"IND","BAL","run",0.849383730441332
"2026_01_BAL_IND",1880,"IND","BAL","run",-0.679214248870267
"2026_01_BAL_IND",1902,"IND","BAL","pass",-0.344812568451744
"2026_01_BAL_IND",1927,"IND","BAL","run",2.27440776783624
"2026_01_BAL_IND",1988,"BAL","IND","run",-0.161254732636735
"2026_01_BAL_IND",2010,"BAL","IND","pass",-0.531119885272346
"2026_01_BAL_IND",2076,"BAL","IND","pass",-0.636183500988409
"2026_01_BAL_IND",2119,"IND","BAL","pass",0.0705180091317743
"2026_01_BAL_IND",2144,"IND","BAL","pass",-0.275607635034248
"2026_01_BAL_IND",2172,"IND","BAL","run",-0.856617192504928
"2026_01_BAL_IND",2221,"BAL","IND","pass",-0.0580226118909195
"2026_01_BAL_IND",2246,"BAL","IND","run",0.864100290753413
"2026_01_BAL_IND",2273,"BAL","IND","pass",0.00813309487421066
"2026_01_BAL_IND",2298,"BAL","IND","run",-0.257807740767021
"2026_01_BAL_IND",2427,"BAL","IND","run",-0.504477358423173
"2026_01_BAL_IND",2449,"BAL","IND","pass",-0.83109826920554
"2026_01_BAL_IND",2508,"BAL","IND","pass",-0.401252658572048
"2026_01_BAL_IND",2552,"IND","BAL","run",1.08587452652864
"2026_01_BAL_IND",2581,"IND","BAL","run",-0.58987857052125
"2026_01_BAL_IND",2603,"IND","BAL","pass",1.3787110960111
"2026_01_BAL_IND",2633,"IND","BAL","run",0.233496143948287
"2026_01_BAL_IND",2660,"IND","BAL","run",0.244398751994595
"2026_01_BAL_IND",2684,"IND","BAL","run",-0.140928441891447
"2026_01_BAL_IND",2706,"IND","BAL","pass",-0.847336639417335
"2026_01_BAL_IND",2729,"IND","BAL","pass",-1.75167942097931
"2026_01_BAL_IND",2820,"BAL","IND","run",0.80940616549924
"2026_01_BAL_IND",2842,"BAL","IND","run",1.36053385166451
"2026_01_BAL_IND",2864,"BAL","IND","pass",-1.15747805242427
"2026_01_BAL_IND",2884,"BAL","IND","pass",0.179721470922232
"2026_01_BAL_IND",2933,"BAL","IND","pass",-1.46933916467242
"2026_01_BAL_IND",2998,"IND","BAL","run",1.26653221203014
"2026_01_BAL_IND",3027,"IND","BAL","run",0.747586918994784
"2026_01_BAL_IND",3049,"IND","BAL","run",-0.17517609661445
"2026_01_BAL_IND",3071,"IND","BAL","run",-1.00438128574751
"2026_01_BAL_IND",3093,"IND","BAL","pass",-1.55475062131882
"2026_01_BAL_IND",3147,"BAL","IND","run",-0.384148904122412
"2026_01_BAL_IND",3176,"BAL","IND","run",-0.390480160713196
"2026_01_BAL_IND",3218,"BAL","IND","pass",4.67859981430229
"2026_01_BAL_IND",3248,"BAL","IND","run",0.810452744131908
"2026_01_BAL_IND",3281,"BAL","IND","run",0.192948475771118
"2026_01_BAL_IND",3303,"BAL","IND","run",1.28259417513618
"2026_01_BAL_IND",3405,"IND","BAL","pass",0.55211981665343
"2026_01_BAL_IND",3430,"IND","BAL","pass",0.116499652620405
"2026_01_BAL_IND",3455,"IND","BAL","pass",0.823849535547197
"2026_01_BAL_IND",3485,"IND","BAL","pass",0.301473329192959
"2026_01_BAL_IND",3510,"IND","BAL","pass",1.38168518425664
"2026_01_BAL_IND",3535,"IND","BAL","pass",1.70594426727621
"2026_01_BAL_IND",3609,"BAL","IND","run",0.291779573075473
"2026_01_BAL_IND",3631,"BAL","IND","run",0.311245278455317
"2026_01_BAL_IND",3653,"BAL","IND","run",-0.409333832096308
"2026_01_BAL_IND",3677,"BAL","IND","pass",1.45137799088843
"2026_01_BAL_IND",3708,"BAL","IND","run",-0.465938992914744
"2026_01_BAL_IND",3730,"BAL","IND","pass",1.13617216539569
"2026_01_BAL_IND",3760,"BAL","IND","run",0.153726573567837
"2026_01_BAL_IND",3782,"BAL","IND","run",-0.662949010787997
"2026_01_BAL_IND",3806,"BAL","IND","run",-1.15230193995552
"2026_01_BAL_IND",3885,"IND","BAL","pass",-0.377492306521162
"2026_01_BAL_IND",3908,"IND","BAL","pass",-0.334457834833302
"2026_01_BAL_IND",3933,"IND","BAL","pass",-1.04854254907696
"2026_01_BAL_IND",3983,"IND","BAL","pass",-3.3747610260034
"2026_01_BAL_IND",4008,"BAL","IND","run",0.77156780147925
"2026_01_BAL_IND",4032,"BAL","IND","run",0.361972346843686
"2026_01_BUF_HOU",64,"BUF","HOU","run",0.975067554274574
"2026_01_BUF_HOU",86,"BUF","HOU","pass",-0.0221989033743739
"2026_01_BUF_HOU",118,"BUF","HOU","run",0.605064369272441
"2026_01_BUF_HOU",140,"BUF","HOU","run",-0.150790573563427
"2026_01_BUF_HOU",162,"BUF","HOU","run",-0.0508575504645705
"2026_01_BUF_HOU",184,"BUF","HOU","run",-0.805403467267752
"2026_01_BUF_HOU",206,"BUF","HOU","run",-4.24538333294913
"2026_01_BUF_HOU",228,"HOU","BUF","run",-0.554518784862012
"2026_01_BUF_HOU",291,"HOU","BUF","run",-0.766718792263418
"2026_01_BUF_HOU",313,"HOU","BUF","pass",-4.25079103501048
"2026_01_BUF_HOU",343,"BUF","HOU","run",-0.0332109038718045
"2026_01_BUF_HOU",365,"BUF","HOU","pass",-1.84149742522277
"2026_01_BUF_HOU",385,"BUF","HOU","pass",0.995897284825332
"2026_01_BUF_HOU",505,"HOU","BUF","run",0.00496517587453127
"2026_01_BUF_HOU",527,"HOU","BUF","pass",1.04785608919337
"2026_01_BUF_HOU",552,"HOU","BUF","run",0.327653762185946
"2026_01_BUF_HOU",574,"HOU","BUF","pass",1.04552066372707
"2026_01_BUF_HOU",599,"HOU","BUF","run",-0.189729190897197
"2026_01_BUF_HOU",621,"HOU","BUF","run",0.906610255362466
"2026_01_BUF_HOU",648,"HOU","BUF","run",-0.342870423337445
"2026_01_BUF_HOU",672,"HOU","BUF","pass",-0.633843259885907
"2026_01_BUF_HOU",695,"HOU","BUF","pass",3.03314265829977
"2026_01_BUF_HOU",725,"HOU","BUF","run",-0.076928932685405
"2026_01_BUF_HOU",747,"HOU","BUF","run",-0.385273008607328
"2026_01_BUF_HOU",771,"HOU","BUF","run",1.04833701101597
"2026_01_BUF_HOU",839,"BUF","HOU","pass",1.15958305762615
"2026_01_BUF_HOU",918,"BUF","HOU","pass",-0.562897419556975
"2026_01_BUF_HOU",952,"BUF","HOU","pass",2.12405558989849
"2026_01_BUF_HOU",977,"BUF","HOU","run",0.372411473130342
"2026_01_BUF_HOU",1009,"BUF","HOU","run",0.364519265946001
"2026_01_BUF_HOU",1031,"BUF","HOU","run",2.38049657543888
"2026_01_BUF_HOU",1099,"HOU","BUF","pass",0.137573771178722
"2026_01_BUF_HOU",1124,"HOU","BUF","run",0.376127874711528
"2026_01_BUF_HOU",1182,"HOU","BUF","pass",-0.502286880044267
"2026_01_BUF_HOU",1205,"HOU","BUF","pass",-1.37441831594333
"2026_01_BUF_HOU",1230,"HOU","BUF","run",2.59451156179421
"2026_01_BUF_HOU",1252,"HOU","BUF","run",0.276834164513275
"2026_01_BUF_HOU",1276,"HOU","BUF","run",-0.107156694633886
"2026_01_BUF_HOU",1298,"HOU","BUF","run",0.435252070077695
"2026_01_BUF_HOU",1320,"HOU","BUF","pass",-0.428665965097025
"2026_01_BUF_HOU",1352,"HOU","BUF","run",1.26841073541436
"2026_01_BUF_HOU",1374,"HOU","BUF","pass",-0.936578081338666
"2026_01_BUF_HOU",1399,"HOU","BUF","pass",-0.0528311118832789
"2026_01_BUF_HOU",1458,"HOU","BUF","run",2.18514031759696
"2026_01_BUF_HOU",1520,"BUF","HOU","pass",1.26447291718796
"2026_01_BUF_HOU",1579,"BUF","HOU","pass",-0.220662832201924
"2026_01_BUF_HOU",1602,"BUF","HOU","run",0.732556495669996
"2026_01_BUF_HOU",1728,"HOU","BUF","run",-0.0536993719870225
"2026_01_BUF_HOU",1753,"HOU","BUF","pass",-0.105491205584258
"2026_01_BUF_HOU",1785,"HOU","BUF","pass",-1.45274111593608
"2026_01_BUF_HOU",1828,"BUF","HOU","pass",1.93578320846427
"2026_01_BUF_HOU",1853,"BUF","HOU","pass",0.817286693083588
"2026_01_BUF_HOU",1885,"BUF","HOU","pass",4.16196589631727
"2026_01_BUF_HOU",1967,"HOU","BUF","pass",0.319403817295097
"2026_01_BUF_HOU",2026,"HOU","BUF","pass",0.463905981741846
"2026_01_BUF_HOU",2051,"HOU","BUF","pass",2.4374918070971
"2026_01_BUF_HOU",2081,"HOU","BUF","pass",2.21136275987374
"2026_01_BUF_HOU",2156,"BUF","HOU","pass",-0.0569832127657719
"2026_01_BUF_HOU",2184,"BUF","HOU","run",-0.0592273413785733
"2026_01_BUF_HOU",2254,"HOU","BUF","run",0.0920571996830404
"2026_01_BUF_HOU",2276,"HOU","BUF","run",-0.921365613583475
"2026_01_BUF_HOU",2339,"HOU","BUF","pass",-1.11832807771862
"2026_01_BUF_HOU",2409,"BUF","HOU","run",-0.558803942985833
"2026_01_BUF_HOU",2431,"BUF","HOU","pass",-0.40688157454133
"2026_01_BUF_HOU",2456,"BUF","HOU","pass",2.25174907548353
"2026_01_BUF_HOU",2486,"BUF","HOU","run",-0.389451315160841
"2026_01_BUF_HOU",2544,"BUF","HOU","pass",-0.836344414856285
"2026_01_BUF_HOU",2583,"BUF","HOU","pass",-0.613627871032804
"2026_01_BUF_HOU",2628,"HOU","BUF","run",-1.18433724786155
"2026_01_BUF_HOU",2659,"HOU","BUF","pass",-0.725281605729833
"2026_01_BUF_HOU",2682,"HOU","BUF","run",-0.46398747083731
"2026_01_BUF_HOU",2740,"BUF","HOU","run",-0.44787882687524
"2026_01_BUF_HOU",2806,"BUF","HOU","pass",0.658914154802915
"2026_01_BUF_HOU",2832,"BUF","HOU","run",-0.184720502700657
"2026_01_BUF_HOU",2854,"BUF","HOU","pass",-1.42974344972754
"2026_01_BUF_HOU",2874,"BUF","HOU","pass",-0.660014370031733
"2026_01_BUF_HOU",2949,"HOU","BUF","pass",-0.573659531772137
"2026_01_BUF_HOU",2972,"HOU","BUF","pass",0.881033477839082
"2026_01_BUF_HOU",3000,"HOU","BUF","run",-1.82112119626254
"2026_01_BUF_HOU",3022,"HOU","BUF","run",2.2437759952154
"2026_01_BUF_HOU",3046,"HOU","BUF","pass",0.793574140174314
"2026_01_BUF_HOU",3071,"HOU","BUF","pass",1.05752505420242
"2026_01_BUF_HOU",3096,"HOU","BUF","pass",-0.468897900427692
"2026_01_BUF_HOU",3119,"HOU","BUF","pass",0.732843892998062
"2026_01_BUF_HOU",3144,"HOU","BUF","run",-1.13206328451633
"2026_01_BUF_HOU",3166,"HOU","BUF","run",1.57787080475828
"2026_01_BUF_HOU",3210,"HOU","BUF","pass",0.734404760762118
"2026_01_BUF_HOU",3235,"HOU","BUF","run",-0.508187080558855
"2026_01_BUF_HOU",3259,"HOU","BUF","pass",1.86232929106336
"2026_01_BUF_HOU",3340,"BUF","HOU","pass",-0.556460459250957
"2026_01_BUF_HOU",3363,"BUF","HOU","pass",-0.0533849685452878
"2026_01_BUF_HOU",3388,"BUF","HOU","pass",3.66817975771846
"2026_01_BUF_HOU",3413,"BUF","HOU","run",-0.128356271015946
"2026_01_BUF_HOU",3435,"BUF","HOU","pass",-0.293732432764955
"2026_01_BUF_HOU",3465,"BUF","HOU","pass",-1.44686218143567
"2026_01_BUF_HOU",3538,"HOU","BUF","pass",-0.565682287327945
"2026_01_BUF_HOU",3595,"HOU","BUF","run",-0.00638032192364335
"2026_01_BUF_HOU",3617,"HOU","BUF","pass",2.57887066830881
"2026_01_BUF_HOU",3647,"HOU","BUF","run",-0.864730557659641
"2026_01_BUF_HOU",3669,"HOU","BUF","pass",0.0472479942254722
"2026_01_BUF_HOU",3694,"HOU","BUF","pass",-1.57428367648465
"2026_01_BUF_HOU",3768,"BUF","HOU","run",-1.1300212489441
"2026_01_BUF_HOU",3797,"BUF","HOU","pass",-0.671658266335726
"2026_01_BUF_HOU",3826,"BUF","HOU","pass",-0.776550712063909
"2026_01_BUF_HOU",3869,"HOU","BUF","run",-0.454194895224646
"2026_01_BUF_HOU",3891,"HOU","BUF","run",-0.927646178402938
"2026_01_BUF_HOU",3915,"HOU","BUF","pass",-1.33837903279345
"2026_01_BUF_HOU",3960,"BUF","HOU","run",0.765194837702438
"2026_01_BUF_HOU",3998,"BUF","HOU","pass",0.290546651929617
"2026_01_BUF_HOU",4026,"BUF","HOU","pass",0.494017930468544
"2026_01_BUF_HOU",4063,"BUF","HOU","pass",1.99016330408631
"2026_01_BUF_HOU",4100,"BUF","HOU","run",-0.624800365476403
"2026_01_BUF_HOU",4122,"BUF","HOU","pass",-0.468293068814091
"2026_01_BUF_HOU",4152,"BUF","HOU","pass",4.58720196667127
"2026_01_BUF_HOU",4214,"HOU","BUF","pass",0.857426100701559
"2026_01_BUF_HOU",4239,"HOU","BUF","pass",0.412810665438883
"2026_01_BUF_HOU",4264,"HOU","BUF","pass",-0.352616699703503
"2026_01_BUF_HOU",4287,"HOU","BUF","run",0.957180983386934
"2026_01_BUF_HOU",4344,"HOU","BUF","pass",-0.275944293942302
"2026_01_BUF_HOU",4367,"HOU","BUF","pass",0.835655235860031
"2026_01_BUF_HOU",4392,"HOU","BUF","pass",1.54186982623651
"2026_01_BUF_HOU",4436,"HOU","BUF","pass",-1.66736963656149
"2026_01_BUF_HOU",4456,"HOU","BUF","pass",-0.392444927420001
"2026_01_BUF_HOU",4486,"HOU","BUF","pass",-2.74487120233243
"2026_01_CHI_CAR",57,"CHI","CAR","run",-0.244124894030392
"2026_01_CHI_CAR",90,"CHI","CAR","run",-0.109478252474219
"2026_01_CHI_CAR",112,"CHI","CAR","pass",-3.48948358441703
"2026_01_CHI_CAR",153,"CAR","CHI","pass",0.762014981475659
"2026_01_CHI_CAR",178,"CAR","CHI","run",-0.159104589838535
"2026_01_CHI_CAR",200,"CAR","CHI","pass",2.42146345344372
"2026_01_CHI_CAR",313,"CAR","CHI","run",0.414845741237514
"2026_01_CHI_CAR",355,"CAR","CHI","pass",-0.972419932368211
"2026_01_CHI_CAR",378,"CAR","CHI","pass",2.24663027672796
"2026_01_CHI_CAR",453,"CHI","CAR","run",-0.0914060329087079
"2026_01_CHI_CAR",475,"CHI","CAR","run",0.37104358850047
"2026_01_CHI_CAR",535,"CHI","CAR","pass",2.3126484376844
"2026_01_CHI_CAR",560,"CHI","CAR","pass",0.461899164598435
"2026_01_CHI_CAR",585,"CHI","CAR","run",0.509675471577793
"2026_01_CHI_CAR",612,"CHI","CAR","run",2.07734018465271
"2026_01_CHI_CAR",634,"CHI","CAR","run",0.123195607389789
"2026_01_CHI_CAR",656,"CHI","CAR","run",-1.12556497153128
"2026_01_CHI_CAR",678,"CHI","CAR","run",3.02052390266908
"2026_01_CHI_CAR",752,"CAR","CHI","pass",-0.492241034517065
"2026_01_CHI_CAR",787,"CAR","CHI","pass",-0.52282223990187
"2026_01_CHI_CAR",812,"CAR","CHI","pass",-2.04526100633666
"2026_01_CHI_CAR",851,"CHI","CAR","pass",0.775408781133592
"2026_01_CHI_CAR",883,"CHI","CAR","run",-0.356950203422457
"2026_01_CHI_CAR",910,"CHI","CAR","pass",3.79446661885595
"2026_01_CHI_CAR",943,"CHI","CAR","pass",-0.539769960800186
"2026_01_CHI_CAR",966,"CHI","CAR","run",0.639718240126967
"2026_01_CHI_CAR",988,"CHI","CAR","run",1.31611879711272
"2026_01_CHI_CAR",1072,"CAR","CHI","run",-0.584757972508669
"2026_01_CHI_CAR",1118,"CAR","CHI","run",-0.060800192411989
"2026_01_CHI_CAR",1140,"CAR","CHI","pass",-0.874965039547533
"2026_01_CHI_CAR",1222,"CHI","CAR","pass",1.33087059354875
"2026_01_CHI_CAR",1247,"CHI","CAR","pass",2.5657957495423
"2026_01_CHI_CAR",1321,"CAR","CHI","pass",1.06549709592946
"2026_01_CHI_CAR",1351,"CAR","CHI","run",0.026684534503147
"2026_01_CHI_CAR",1373,"CAR","CHI","pass",4.59988325741142
"2026_01_CHI_CAR",1456,"CHI","CAR","run",-0.552521088626236
"2026_01_CHI_CAR",1478,"CHI","CAR","run",0.115516871213913
"2026_01_CHI_CAR",1511,"CHI","CAR","run",-0.879322987049818
"2026_01_CHI_CAR",1533,"CHI","CAR","run",-3.37895900348667
"2026_01_CHI_CAR",1556,"CAR","CHI","pass",0.856167581863701
"2026_01_CHI_CAR",1581,"CAR","CHI","run",0.036307827278506
"2026_01_CHI_CAR",1672,"CAR","CHI","run",1.59734628512524
"2026_01_CHI_CAR",1745,"CHI","CAR","pass",-0.525417564902455
"2026_01_CHI_CAR",1768,"CHI","CAR","run",0.255459626205266
"2026_01_CHI_CAR",1790,"CHI","CAR","run",-1.75171685498208
"2026_01_CHI_CAR",1842,"CHI","CAR","run",-0.403753552876879
"2026_01_CHI_CAR",1864,"CHI","CAR","pass",-0.591479430499021
"2026_01_CHI_CAR",1899,"CHI","CAR","pass",-0.587873499545732
"2026_01_CHI_CAR",2008,"CAR","CHI","pass",-0.144433863810264
"2026_01_CHI_CAR",2033,"CAR","CHI","run",-1.03000853012782
"2026_01_CHI_CAR",2072,"CAR","CHI","pass",3.42330193513772
"2026_01_CHI_CAR",2097,"CAR","CHI","pass",-0.436675001285039
"2026_01_CHI_CAR",2120,"CAR","CHI","pass",-0.501060712733306
"2026_01_CHI_CAR",2143,"CAR","CHI","pass",-0.842681736319142
"2026_01_CHI_CAR",2209,"CHI","CAR","pass",-1.05379178840667
"2026_01_CHI_CAR",2229,"CHI","CAR","pass",0.313038848107681
"2026_01_CHI_CAR",2261,"CHI","CAR","pass",1.63598218734842
"2026_01_CHI_CAR",2286,"CHI","CAR","pass",0.134728873497806
"2026_01_CHI_CAR",2342,"CHI","CAR","pass",1.77028005255852
"2026_01_CHI_CAR",2367,"CHI","CAR","run",3.95534041535575
"2026_01_CHI_CAR",2435,"CAR","CHI","pass",0.15299413347384
"2026_01_CHI_CAR",2460,"CAR","CHI","pass",-0.445732077525463
"2026_01_CHI_CAR",2497,"CHI","CAR","pass",-0.0904375786194578
"2026_01_CHI_CAR",2570,"CAR","CHI","run",-0.220623570960015
"2026_01_CHI_CAR",2592,"CAR","CHI","run",-0.19875454576686
"2026_01_CHI_CAR",2614,"CAR","CHI","pass",-1.91047485917807
"2026_01_CHI_CAR",2655,"CHI","CAR","pass",-0.594080437440425
"2026_01_CHI_CAR",2685,"CHI","CAR","run",-0.575817164033651
"2026_01_CHI_CAR",2707,"CHI","CAR","pass",-1.43616718379781
"2026_01_CHI_CAR",2765,"CAR","CHI","pass",1.08525026962161
"2026_01_CHI_CAR",2802,"CAR","CHI","run",0.472574488492683
"2026_01_CHI_CAR",2824,"CAR","CHI","pass",-0.656601552036591
"2026_01_CHI_CAR",2852,"CAR","CHI","pass",1.39535137219355
"2026_01_CHI_CAR",2880,"CAR","CHI","run",0.452546205720864
"2026_01_CHI_CAR",2914,"CAR","CHI","pass",0.949427240411751
"2026_01_CHI_CAR",2942,"CAR","CHI","run",0.785957040148787
"2026_01_CHI_CAR",3012,"CHI","CAR","pass",-0.541798065416515
"2026_01_CHI_CAR",3035,"CHI","CAR","run",-0.150524648372084
"2026_01_CHI_CAR",3057,"CHI","CAR","pass",1.90828498732299
"2026_01_CHI_CAR",3082,"CHI","CAR","pass",0.739021006971598
"2026_01_CHI_CAR",3107,"CHI","CAR","run",0.73666659113951
"2026_01_CHI_CAR",3129,"CHI","CAR","run",0.296281430288218
"2026_01_CHI_CAR",3159,"CHI","CAR","pass",0.164506219909526
"2026_01_CHI_CAR",3184,"CHI","CAR","pass",-0.696851003158372
"2026_01_CHI_CAR",3207,"CHI","CAR","pass",1.14225344033912
"2026_01_CHI_CAR",3240,"CHI","CAR","pass",-0.471813989744987
"2026_01_CHI_CAR",3337,"CHI","CAR","run",0.328905635804404
"2026_01_CHI_CAR",3359,"CHI","CAR","run",1.04633064899826
"2026_01_CHI_CAR",3381,"CHI","CAR","run",0.616799119568896
"2026_01_CHI_CAR",3451,"CAR","CHI","pass",-0.490618927637115
"2026_01_CHI_CAR",3474,"CAR","CHI","pass",1.35375429061241
"2026_01_CHI_CAR",3523,"CAR","CHI","run",0.0375552729237825
"2026_01_CHI_CAR",3545,"CAR","CHI","pass",-0.0773146119900048
"2026_01_CHI_CAR",3570,"CAR","CHI","pass",-1.87520739273168
"2026_01_CHI_CAR",3593,"CAR","CHI","pass",-2.4978598584421
"2026_01_CHI_CAR",3621,"CHI","CAR","run",5.21245094458573
"2026_01_CHI_CAR",3685,"CAR","CHI","run",-0.141297838650644
"2026_01_CHI_CAR",3707,"CAR","CHI","pass",0.800247930921614
"2026_01_CHI_CAR",3752,"CAR","CHI","pass",-3.80316246440634
"2026_01_CHI_CAR",3841,"CHI","CAR","run",-0.505863729398698
"2026_01_CHI_CAR",3875,"CHI","CAR","run",-0.37239379924722
"2026_01_CHI_CAR",3897,"CHI","CAR","pass",1.70090917614289
"2026_01_CHI_CAR",3957,"CHI","CAR","run",-0.414579647826031
"2026_01_CHI_CAR",3979,"CHI","CAR","pass",0.784561273176223
"2026_01_CHI_CAR",4004,"CHI","CAR","pass",1.60477945127059
"2026_01_CHI_CAR",4029,"CHI","CAR","run",-0.384473507525399
"2026_01_CHI_CAR",4051,"CHI","CAR","pass",0.0288808497716673
"2026_01_CHI_CAR",4076,"CHI","CAR","run",1.61254251009086
"2026_01_CHI_CAR",4098,"CHI","CAR","run",0.74517057382036
"2026_01_CHI_CAR",4158,"CHI","CAR","run",-0.469916503527202
"2026_01_CHI_CAR",4180,"CHI","CAR","pass",1.37591298378538
"2026_01_CHI_CAR",4256,"CAR","CHI","pass",-0.491485330741853
"2026_01_CHI_CAR",4279,"CAR","CHI","pass",1.36424045986496
"2026_01_CHI_CAR",4304,"CAR","CHI","pass",-0.436080298619345
"2026_01_CHI_CAR",4327,"CAR","CHI","pass",-0.661811922909692
"2026_01_CHI_CAR",4350,"CAR","CHI","pass",2.95078533218475
"2026_01_CHI_CAR",4375,"CAR","CHI","pass",-0.434049400209915
"2026_01_CHI_CAR",4398,"CAR","CHI","pass",1.40303302748362
"2026_01_CHI_CAR",4428,"CAR","CHI","pass",1.88834864896489
"2026_01_CHI_CAR",4495,"CAR","CHI","run",0.0909794405451976
"2026_01_CHI_CAR",4523,"CAR","CHI","pass",2.31804566731444
"2026_01_CHI_CAR",4588,"CHI","CAR","run",-0.0256921366672032
"2026_01_CHI_CAR",4610,"CHI","CAR","run",-0.521745470003225
"2026_01_CHI_CAR",4670,"CHI","CAR","run",-0.439101675583515
"2026_01_CHI_CAR",4692,"CHI","CAR","run",4.50627999665448
"2026_01_CHI_CAR",4754,"CAR","CHI","run",0.429599137161858
"2026_01_CHI_CAR",4776,"CAR","CHI","run",0.789391792728566
"2026_01_CHI_CAR",4798,"CAR","CHI","run",-0.137197252362967
"2026_01_CHI_CAR",4820,"CAR","CHI","pass",-0.381134943338111
"2026_01_CHI_CAR",4850,"CAR","CHI","run",1.67775175964925
"2026_01_CHI_CAR",4872,"CAR","CHI","run",-0.19657052133698
"2026_01_CHI_CAR",4894,"CAR","CHI","run",-2.86954482109286
"2026_01_CLE_JAX",63,"CLE","JAX","pass",1.04551065270789
"2026_01_CLE_JAX",88,"CLE","JAX","run",-0.188412868184969
"2026_01_CLE_JAX",110,"CLE","JAX","pass",1.12737767898943
"2026_01_CLE_JAX",135,"CLE","JAX","run",0.179087188094854
"2026_01_CLE_JAX",157,"CLE","JAX","pass",-6.36176570842508
"2026_01_CLE_JAX",184,"JAX","CLE","run",-0.227512951241806
"2026_01_CLE_JAX",213,"JAX","CLE","run",0.44753257301636
"2026_01_CLE_JAX",235,"JAX","CLE","run",0.404034327017143
"2026_01_CLE_JAX",257,"JAX","CLE","run",-0.207324431277812
"2026_01_CLE_JAX",279,"JAX","CLE","pass",1.09801980515476
"2026_01_CLE_JAX",304,"JAX","CLE","run",-0.203287501819432
"2026_01_CLE_JAX",326,"JAX","CLE","pass",-0.722639906569384
"2026_01_CLE_JAX",349,"JAX","CLE","pass",3.94280672585592
"2026_01_CLE_JAX",431,"CLE","JAX","run",-0.194974123500288
"2026_01_CLE_JAX",453,"CLE","JAX","run",-0.793463407084346
"2026_01_CLE_JAX",475,"CLE","JAX","pass",-1.31390058994293
"2026_01_CLE_JAX",524,"JAX","CLE","pass",-0.567837743088603
"2026_01_CLE_JAX",554,"JAX","CLE","pass",1.31449349969625
"2026_01_CLE_JAX",584,"JAX","CLE","pass",0.14915038482286
"2026_01_CLE_JAX",643,"JAX","CLE","pass",0.688512726221234
"2026_01_CLE_JAX",708,"JAX","CLE","run",-0.754295246908441
"2026_01_CLE_JAX",751,"JAX","CLE","pass",2.339677444892
"2026_01_CLE_JAX",791,"JAX","CLE","pass",0.974142090068199
"2026_01_CLE_JAX",816,"JAX","CLE","run",0.315187053987756
"2026_01_CLE_JAX",838,"JAX","CLE","pass",1.32747722032946
"2026_01_CLE_JAX",912,"CLE","JAX","pass",-0.693320145364851
"2026_01_CLE_JAX",932,"CLE","JAX","pass",-0.618517454713583
"2026_01_CLE_JAX",962,"CLE","JAX","pass",-1.78555060969666
"2026_01_CLE_JAX",1037,"JAX","CLE","pass",0.931658236077055
"2026_01_CLE_JAX",1067,"JAX","CLE","pass",-0.56853772350587
"2026_01_CLE_JAX",1090,"JAX","CLE","run",0.406401398591697
"2026_01_CLE_JAX",1116,"JAX","CLE","run",-0.270126612391323
"2026_01_CLE_JAX",1138,"JAX","CLE","pass",0.944754002382979
"2026_01_CLE_JAX",1163,"JAX","CLE","run",-0.0159434324596077
"2026_01_CLE_JAX",1185,"JAX","CLE","run",0.777084566070698
"2026_01_CLE_JAX",1207,"JAX","CLE","pass",-0.527358944877051
"2026_01_CLE_JAX",1230,"JAX","CLE","pass",0.334312981576659
"2026_01_CLE_JAX",1255,"JAX","CLE","run",-1.67306082612277
"2026_01_CLE_JAX",1327,"CLE","JAX","run",-0.487849026918411
"2026_01_CLE_JAX",1352,"CLE","JAX","pass",-4.29535513045266
"2026_01_CLE_JAX",1405,"JAX","CLE","run",0.787544854567386
"2026_01_CLE_JAX",1427,"JAX","CLE","run",-0.0805895534576848
"2026_01_CLE_JAX",1449,"JAX","CLE","pass",-0.589464889431838
"2026_01_CLE_JAX",1472,"JAX","CLE","pass",1.8011950419168
"2026_01_CLE_JAX",1502,"JAX","CLE","pass",2.12886040459853
"2026_01_CLE_JAX",1573,"CLE","JAX","run",0.584061073837802
"2026_01_CLE_JAX",1595,"CLE","JAX","run",0.0982184635940939
"2026_01_CLE_JAX",1620,"CLE","JAX","pass",-0.809338915976696
"2026_01_CLE_JAX",1643,"CLE","JAX","pass",-0.696915322216228
"2026_01_CLE_JAX",1673,"CLE","JAX","run",-1.01473447796889
"2026_01_CLE_JAX",1715,"JAX","CLE","run",0.511553554795682
"2026_01_CLE_JAX",1744,"JAX","CLE","run",0.679155800957233
"2026_01_CLE_JAX",1766,"JAX","CLE","run",-0.452123629744165
"2026_01_CLE_JAX",1788,"JAX","CLE","pass",-2.00174262234941
"2026_01_CLE_JAX",1851,"CLE","JAX","pass",0.808282524114475
"2026_01_CLE_JAX",1876,"CLE","JAX","pass",0.496843194880057
"2026_01_CLE_JAX",1983,"CLE","JAX","pass",0.162984081194736
"2026_01_CLE_JAX",2046,"CLE","JAX","pass",-0.149196367536206
"2026_01_CLE_JAX",2071,"CLE","JAX","pass",-0.260196085029747
"2026_01_CLE_JAX",2142,"JAX","CLE","run",0.649881262565032
"2026_01_CLE_JAX",2188,"JAX","CLE","pass",1.26137215935159
"2026_01_CLE_JAX",2223,"JAX","CLE","run",-1.26055192155764
"2026_01_CLE_JAX",2269,"JAX","CLE","pass",3.79799138440285
"2026_01_CLE_JAX",2340,"CLE","JAX","run",-0.773887379211374
"2026_01_CLE_JAX",2362,"CLE","JAX","pass",-0.192897362401709
"2026_01_CLE_JAX",2387,"CLE","JAX","run",1.49916485988069
"2026_01_CLE_JAX",2419,"CLE","JAX","run",0.346276905678678
"2026_01_CLE_JAX",2441,"CLE","JAX","run",-0.388773373677395
"2026_01_CLE_JAX",2487,"CLE","JAX","pass",-1.14963255461113
"2026_01_CLE_JAX",2560,"JAX","CLE","pass",0.843987883301452
"2026_01_CLE_JAX",2585,"JAX","CLE","run",-0.589073500595987
"2026_01_CLE_JAX",2607,"JAX","CLE","run",0.35525253880769
"2026_01_CLE_JAX",2631,"JAX","CLE","run",0.597656201571226
"2026_01_CLE_JAX",2653,"JAX","CLE","pass",0.86816824041307
"2026_01_CLE_JAX",2683,"JAX","CLE","run",0.850516293663532
"2026_01_CLE_JAX",2705,"JAX","CLE","run",-0.759326310362667
"2026_01_CLE_JAX",2760,"JAX","CLE","pass",-0.747522654477507
"2026_01_CLE_JAX",2785,"JAX","CLE","run",0.281220775758648
"2026_01_CLE_JAX",2868,"CLE","JAX","pass",0.48203304503113
"2026_01_CLE_JAX",2893,"CLE","JAX","pass",0.647955679800361
"2026_01_CLE_JAX",2925,"CLE","JAX","pass",-1.08252678439021
"2026_01_CLE_JAX",2965,"CLE","JAX","pass",2.36632050783373
"2026_01_CLE_JAX",2990,"CLE","JAX","run",-0.984393395250663
"2026_01_CLE_JAX",3012,"CLE","JAX","pass",1.83520619338378
"2026_01_CLE_JAX",3037,"CLE","JAX","run",-0.193078032461926
"2026_01_CLE_JAX",3059,"CLE","JAX","pass",0.163808235432953
"2026_01_CLE_JAX",3084,"CLE","JAX","run",-0.754164027050138
"2026_01_CLE_JAX",3130,"CLE","JAX","run",2.58947864500806
"2026_01_CLE_JAX",3168,"CLE","JAX","run",-0.103200002107769
"2026_01_CLE_JAX",3240,"CLE","JAX","run",-0.219572487636469
"2026_01_CLE_JAX",3262,"CLE","JAX","pass",-1.38391352805775
"2026_01_CLE_JAX",3282,"CLE","JAX","pass",-3.67466900742147
"2026_01_CLE_JAX",3302,"JAX","CLE","run",0.508507466409355
"2026_01_CLE_JAX",3355,"JAX","CLE","run",0.250439477618784
"2026_01_CLE_JAX",3377,"JAX","CLE","run",-0.994643497979268
"2026_01_CLE_JAX",3399,"JAX","CLE","run",-1.43269248772413
"2026_01_CLE_JAX",3441,"CLE","JAX","run",0.479007733054459
"2026_01_CLE_JAX",3470,"CLE","JAX","run",0.689980122609995
"2026_01_CLE_JAX",3492,"CLE","JAX","run",0.227377378963865
"2026_01_CLE_JAX",3514,"CLE","JAX","pass",0.751890880346764
"2026_01_CLE_JAX",3544,"CLE","JAX","run",0.20962748513557
"2026_01_CLE_JAX",3566,"CLE","JAX","pass",4.74445131182438
"2026_01_DAL_NYG",62,"DAL","NYG","run",-0.374430892523378
"2026_01_DAL_NYG",84,"DAL","NYG","pass",-0.785034757573158
"2026_01_DAL_NYG",107,"DAL","NYG","pass",-0.292976391036063
"2026_01_DAL_NYG",180,"NYG","DAL","run",-0.251698657404631
"2026_01_DAL_NYG",202,"NYG","DAL","run",0.504360663238913
"2026_01_DAL_NYG",224,"NYG","DAL","run",0.402599351014942
"2026_01_DAL_NYG",246,"NYG","DAL","pass",0.890161223243922
"2026_01_DAL_NYG",304,"NYG","DAL","pass",-0.495520856464282
"2026_01_DAL_NYG",327,"NYG","DAL","run",2.88190243497957
"2026_01_DAL_NYG",370,"NYG","DAL","run",-0.311105340369977
"2026_01_DAL_NYG",392,"NYG","DAL","run",-0.303135802561883
"2026_01_DAL_NYG",414,"NYG","DAL","pass",2.03687417370384
"2026_01_DAL_NYG",446,"NYG","DAL","run",0.77871419096482
"2026_01_DAL_NYG",525,"DAL","NYG","run",0.0347556876949966
"2026_01_DAL_NYG",547,"DAL","NYG","run",-0.837553194956854
"2026_01_DAL_NYG",571,"DAL","NYG","pass",1.82639997452497
"2026_01_DAL_NYG",596,"DAL","NYG","pass",0.573565342463553
"2026_01_DAL_NYG",626,"DAL","NYG","run",-0.75456172390841
"2026_01_DAL_NYG",648,"DAL","NYG","run",0.927398849278688
"2026_01_DAL_NYG",670,"DAL","NYG","pass",-0.483083699829876
"2026_01_DAL_NYG",693,"DAL","NYG","pass",-0.0567021742463112
"2026_01_DAL_NYG",718,"DAL","NYG","pass",-1.59337751381099
"2026_01_DAL_NYG",772,"NYG","DAL","run",0.0341301555745304
"2026_01_DAL_NYG",801,"NYG","DAL","run",0.493690176634118
"2026_01_DAL_NYG",823,"NYG","DAL","pass",-0.566684918943793
"2026_01_DAL_NYG",846,"NYG","DAL","pass",0.946799297584221
"2026_01_DAL_NYG",931,"NYG","DAL","run",-0.599751976551488
"2026_01_DAL_NYG",953,"NYG","DAL","pass",0.295584771316499
"2026_01_DAL_NYG",978,"NYG","DAL","run",-1.69664131850004
"2026_01_DAL_NYG",1044,"DAL","NYG","run",0.706845054635778
"2026_01_DAL_NYG",1073,"DAL","NYG","run",0.0193192556034774
"2026_01_DAL_NYG",1097,"DAL","NYG","run",0.229691688669845
"2026_01_DAL_NYG",1186,"DAL","NYG","run",-0.283941407804377
"2026_01_DAL_NYG",1208,"DAL","NYG","pass",0.933485899469815
"2026_01_DAL_NYG",1233,"DAL","NYG","run",-0.0780851292656735
"2026_01_DAL_NYG",1291,"DAL","NYG","pass",0.869711147621274
"2026_01_DAL_NYG",1350,"DAL","NYG","run",-0.046305185649544
"2026_01_DAL_NYG",1372,"DAL","NYG","run",-0.391934891988058
"2026_01_DAL_NYG",1422,"DAL","NYG","pass",1.24799629399786
"2026_01_DAL_NYG",1504,"NYG","DAL","run",1.01554440497421
"2026_01_DAL_NYG",1531,"NYG","DAL","pass",-0.36937293887604
"2026_01_DAL_NYG",1553,"NYG","DAL","pass",-0.614028684096411
"2026_01_DAL_NYG",1576,"NYG","DAL","pass",2.04090598813491
"2026_01_DAL_NYG",1606,"NYG","DAL","run",-0.13254378491547
"2026_01_DAL_NYG",1628,"NYG","DAL","pass",1.4869617796503
"2026_01_DAL_NYG",1658,"NYG","DAL","pass",-0.55620632407954
"2026_01_DAL_NYG",1688,"NYG","DAL","run",-3.18313819996547
"2026_01_DAL_NYG",1733,"DAL","NYG","run",0.269170408369973
"2026_01_DAL_NYG",1769,"DAL","NYG","pass",-0.272685002768412
"2026_01_DAL_NYG",1793,"DAL","NYG","pass",0.670236457255669
"2026_01_DAL_NYG",1823,"DAL","NYG","pass",-0.139219211647287
"2026_01_DAL_NYG",1846,"DAL","NYG","pass",-0.161240986082703
"2026_01_DAL_NYG",1871,"DAL","NYG","pass",-1.9749853774556
"2026_01_DAL_NYG",1910,"NYG","DAL","pass",-0.182106687163468
"2026_01_DAL_NYG",1940,"NYG","DAL","pass",0.183319094823673
"2026_01_DAL_NYG",1996,"NYG","DAL","pass",1.67429933114909
"2026_01_DAL_NYG",2026,"NYG","DAL","pass",1.29534606775269
"2026_01_DAL_NYG",2056,"NYG","DAL","pass",0.168738031119574
"2026_01_DAL_NYG",2086,"NYG","DAL","pass",2.99206600856269
"2026_01_DAL_NYG",2150,"DAL","NYG","pass",0.0526059701514896
"2026_01_DAL_NYG",2183,"DAL","NYG","pass",-0.0681919342896435
"2026_01_DAL_NYG",2213,"DAL","NYG","run",-0.0715115060447715
"2026_01_DAL_NYG",2278,"NYG","DAL","run",0.046939617022872
"2026_01_DAL_NYG",2300,"NYG","DAL","run",0.766314896987751
"2026_01_DAL_NYG",2335,"NYG","DAL","pass",0.858728714752942
"2026_01_DAL_NYG",2361,"NYG","DAL","run",0.0854614733252674
"2026_01_DAL_NYG",2383,"NYG","DAL","run",-0.500728812301531
"2026_01_DAL_NYG",2405,"NYG","DAL","pass",1.52050329605117
"2026_01_DAL_NYG",2430,"NYG","DAL","run",-0.376134125632234
"2026_01_DAL_NYG",2452,"NYG","DAL","pass",1.13780689804116
"2026_01_DAL_NYG",2477,"NYG","DAL","run",-0.469114383507986
"2026_01_DAL_NYG",2506,"NYG","DAL","pass",1.53485097707016
"2026_01_DAL_NYG",2531,"NYG","DAL","run",-0.0590560401324183
"2026_01_DAL_NYG",2553,"NYG","DAL","pass",0.941436075314414
"2026_01_DAL_NYG",2624,"DAL","NYG","pass",-0.573022356722504
"2026_01_DAL_NYG",2647,"DAL","NYG","pass",1.38239621068351
"2026_01_DAL_NYG",2672,"DAL","NYG","pass",-0.53010086202994
"2026_01_DAL_NYG",2695,"DAL","NYG","pass",1.40756565704942
"2026_01_DAL_NYG",2720,"DAL","NYG","run",0.346985158743337
"2026_01_DAL_NYG",2742,"DAL","NYG","pass",0.832148749264888
"2026_01_DAL_NYG",2767,"DAL","NYG","run",0.715240965713747
"2026_01_DAL_NYG",2823,"DAL","NYG","run",-0.24225923063932
"2026_01_DAL_NYG",2847,"DAL","NYG","pass",-1.36649292689981
"2026_01_DAL_NYG",2872,"DAL","NYG","pass",3.0064836172387
"2026_01_DAL_NYG",2931,"DAL","NYG","pass",-0.26308359374525
"2026_01_DAL_NYG",2956,"DAL","NYG","run",0.925116025144234
"2026_01_DAL_NYG",3018,"NYG","DAL","run",-0.340864048339427
"2026_01_DAL_NYG",3089,"NYG","DAL","run",0.506391732487828
"2026_01_DAL_NYG",3111,"NYG","DAL","run",0.492241881554946
"2026_01_DAL_NYG",3133,"NYG","DAL","run",0.440933396108449
"2026_01_DAL_NYG",3155,"NYG","DAL","run",0.388754755374976
"2026_01_DAL_NYG",3177,"NYG","DAL","pass",-0.526500353706069
"2026_01_DAL_NYG",3200,"NYG","DAL","run",1.07048404403031
"2026_01_DAL_NYG",3241,"NYG","DAL","pass",-1.36352146300487
"2026_01_DAL_NYG",3273,"NYG","DAL","pass",0.371264695189893
"2026_01_DAL_NYG",3298,"NYG","DAL","pass",1.80427839921322
"2026_01_DAL_NYG",3352,"NYG","DAL","run",-0.218769080587663
"2026_01_DAL_NYG",3374,"NYG","DAL","pass",0.192003584292252
"2026_01_DAL_NYG",3399,"NYG","DAL","pass",2.83665788773214
"2026_01_DAL_NYG",3475,"DAL","NYG","pass",-0.463546012062579
"2026_01_DAL_NYG",3498,"DAL","NYG","pass",-0.150749936932698
"2026_01_DAL_NYG",3531,"DAL","NYG","pass",1.27091704052873
"2026_01_DAL_NYG",3578,"DAL","NYG","pass",-0.137310728663579
"2026_01_DAL_NYG",3603,"DAL","NYG","pass",1.01892146444879
"2026_01_DAL_NYG",3633,"DAL","NYG","pass",-0.456189182586968
"2026_01_DAL_NYG",3656,"DAL","NYG","pass",-0.736174438614398
"2026_01_DAL_NYG",3679,"DAL","NYG","pass",3.33088438917184
"2026_01_DAL_NYG",3720,"DAL","NYG","pass",2.4617516376893
"2026_01_DAL_NYG",3810,"NYG","DAL","run",-0.314862828236073
"2026_01_DAL_NYG",3832,"NYG","DAL","pass",-0.524495939142071
"2026_01_DAL_NYG",3855,"NYG","DAL","pass",1.53995987412054
"2026_01_DAL_NYG",3880,"NYG","DAL","run",-0.610445418744348
"2026_01_DAL_NYG",3926,"NYG","DAL","run",0.78997295408044
"2026_01_DAL_NYG",3948,"NYG","DAL","pass",0.36234384495765
"2026_01_DAL_NYG",3973,"NYG","DAL","run",1.03542615217157
"2026_01_DAL_NYG",4015,"NYG","DAL","run",-0.180681344761979
"2026_01_DAL_NYG",4037,"NYG","DAL","run",-0.120494260452688
"2026_01_DEN_KC",57,"DEN","KC","pass",-0.852735723834485
"2026_01_DEN_KC",77,"DEN","KC","run",-0.620761464815587
"2026_01_DEN_KC",99,"DEN","KC","pass",-3.11043360037729
"2026_01_DEN_KC",126,"KC","DEN","run",-0.449888577917591
"2026_01_DEN_KC",148,"KC","DEN","run",-0.0477456350345165
"2026_01_DEN_KC",170,"KC","DEN","run",-1.67405246198177
"2026_01_DEN_KC",192,"KC","DEN","run",2.77358435874339
"2026_01_DEN_KC",220,"KC","DEN","pass",-0.50911909120623
"2026_01_DEN_KC",243,"KC","DEN","pass",0.642763306968845
"2026_01_DEN_KC",273,"KC","DEN","run",0.815076339931693
"2026_01_DEN_KC",301,"KC","DEN","run",0.70095880079316
"2026_01_DEN_KC",323,"KC","DEN","run",-0.0398948715301231
"2026_01_DEN_KC",379,"KC","DEN","run",2.81456529698335
"2026_01_DEN_KC",451,"DEN","KC","run",0.327119049150497
"2026_01_DEN_KC",516,"DEN","KC","pass",0.786507390905172
"2026_01_DEN_KC",541,"DEN","KC","run",-0.451114709489048
"2026_01_DEN_KC",563,"DEN","KC","pass",-0.27965594176203
"2026_01_DEN_KC",593,"DEN","KC","pass",1.70698523381725
"2026_01_DEN_KC",618,"DEN","KC","pass",0.723652808985207
"2026_01_DEN_KC",648,"DEN","KC","pass",2.41528588504298
"2026_01_DEN_KC",719,"KC","DEN","pass",-0.531696551013738
"2026_01_DEN_KC",742,"KC","DEN","run",-0.530244124820456
"2026_01_DEN_KC",764,"KC","DEN","pass",-1.43692159838974
"2026_01_DEN_KC",807,"DEN","KC","pass",-0.598074830137193
"2026_01_DEN_KC",837,"DEN","KC","pass",0.741593949962407
"2026_01_DEN_KC",874,"DEN","KC","run",0.797855616547167
"2026_01_DEN_KC",929,"DEN","KC","pass",-0.604387130588293
"2026_01_DEN_KC",974,"DEN","KC","run",-0.502447178587317
"2026_01_DEN_KC",996,"DEN","KC","pass",0.0615143980830908
"2026_01_DEN_KC",1047,"KC","DEN","run",0.74920791038312
"2026_01_DEN_KC",1069,"KC","DEN","pass",-0.561907757772133
"2026_01_DEN_KC",1092,"KC","DEN","run",0.550588079961017
"2026_01_DEN_KC",1118,"KC","DEN","pass",0.0965901676099747
"2026_01_DEN_KC",1143,"KC","DEN","pass",-0.847028278978541
"2026_01_DEN_KC",1187,"KC","DEN","pass",-1.60270352917723
"2026_01_DEN_KC",1230,"DEN","KC","pass",0.212513482198119
"2026_01_DEN_KC",1262,"DEN","KC","pass",-0.715763691812754
"2026_01_DEN_KC",1301,"DEN","KC","pass",-1.01100282464176
"2026_01_DEN_KC",1346,"KC","DEN","run",-0.486899975687265
"2026_01_DEN_KC",1375,"KC","DEN","pass",-0.641054221894592
"2026_01_DEN_KC",1398,"KC","DEN","run",1.62746754405089
"2026_01_DEN_KC",1420,"KC","DEN","run",0.464054929325357
"2026_01_DEN_KC",1442,"KC","DEN","run",-0.468686671927571
"2026_01_DEN_KC",1467,"KC","DEN","pass",-1.70398776978254
"2026_01_DEN_KC",1547,"DEN","KC","run",-0.158298062626272
"2026_01_DEN_KC",1576,"DEN","KC","pass",0.442333024693653
"2026_01_DEN_KC",1601,"DEN","KC","pass",-1.49480864242651
"2026_01_DEN_KC",1642,"KC","DEN","pass",-0.495107494527474
"2026_01_DEN_KC",1665,"KC","DEN","pass",-0.604036607779562
"2026_01_DEN_KC",1688,"KC","DEN","pass",1.82104722911026
"2026_01_DEN_KC",1725,"KC","DEN","run",1.60577661986463
"2026_01_DEN_KC",1752,"KC","DEN","run",-0.152585272677243
"2026_01_DEN_KC",1774,"KC","DEN","pass",0.435155155893881
"2026_01_DEN_KC",1799,"KC","DEN","run",0.662532783811912
"2026_01_DEN_KC",1821,"KC","DEN","pass",0.793193971767323
"2026_01_DEN_KC",1865,"KC","DEN","pass",-0.15648224906181
"2026_01_DEN_KC",1897,"KC","DEN","pass",2.52701978973346
"2026_01_DEN_KC",1978,"DEN","KC","pass",-0.822154125664383
"2026_01_DEN_KC",1998,"DEN","KC","pass",0.343794910237193
"2026_01_DEN_KC",2030,"DEN","KC","pass",-0.750243244692683
"2026_01_DEN_KC",2084,"KC","DEN","pass",0.0122559278970584
"2026_01_DEN_KC",2113,"KC","DEN","run",-0.052620135131292
"2026_01_DEN_KC",2183,"KC","DEN","run",-0.524777852231637
"2026_01_DEN_KC",2205,"KC","DEN","run",-0.530327228829265
"2026_01_DEN_KC",2227,"KC","DEN","pass",-0.401201820466667
"2026_01_DEN_KC",2252,"KC","DEN","run",6.60787701187655
"2026_01_DEN_KC",2326,"DEN","KC","run",1.15838358062319
"2026_01_DEN_KC",2353,"DEN","KC","run",-0.304606373654678
"2026_01_DEN_KC",2375,"DEN","KC","run",-0.028718214482069
"2026_01_DEN_KC",2430,"DEN","KC","pass",-1.77015203563496
"2026_01_DEN_KC",2531,"KC","DEN","pass",-5.77821873407811
"2026_01_DEN_KC",2603,"DEN","KC","pass",0.0690576676279306
"2026_01_DEN_KC",2628,"DEN","KC","pass",-1.48931231722236
"2026_01_DEN_KC",2673,"DEN","KC","run",-0.235494835656302
"2026_01_DEN_KC",2750,"KC","DEN","run",-0.525277602253482
"2026_01_DEN_KC",2772,"KC","DEN","run",-0.434654763434082
"2026_01_DEN_KC",2794,"KC","DEN","pass",5.10351762815844
"2026_01_DEN_KC",2819,"KC","DEN","run",-0.81326201785123
"2026_01_DEN_KC",2841,"KC","DEN","run",-0.740601955389138
"2026_01_DEN_KC",2870,"KC","DEN","pass",-1.63753837951517
"2026_01_DEN_KC",2945,"DEN","KC","run",-0.334384886082262
"2026_01_DEN_KC",2967,"DEN","KC","pass",1.06169728375971
"2026_01_DEN_KC",2997,"DEN","KC","run",-0.0454826604109257
"2026_01_DEN_KC",3055,"DEN","KC","pass",-0.826825960539281
"2026_01_DEN_KC",3078,"DEN","KC","pass",-3.49257845466491
"2026_01_DEN_KC",3115,"KC","DEN","pass",-0.493152404902503
"2026_01_DEN_KC",3138,"KC","DEN","pass",-0.0157360857119784
"2026_01_DEN_KC",3183,"KC","DEN","pass",3.11270825273823
"2026_01_DEN_KC",3219,"KC","DEN","pass",0.670812402735464
"2026_01_DEN_KC",3290,"DEN","KC","pass",-0.555383335333318
"2026_01_DEN_KC",3313,"DEN","KC","pass",-0.459340706467628
"2026_01_DEN_KC",3338,"DEN","KC","pass",-1.22084597079083
"2026_01_DEN_KC",3405,"KC","DEN","run",-0.575853992719203
"2026_01_DEN_KC",3434,"KC","DEN","run",1.29388328059576
"2026_01_DEN_KC",3456,"KC","DEN","run",-0.521450520027429
"2026_01_DEN_KC",3478,"KC","DEN","run",0.441469001583755
"2026_01_DEN_KC",3500,"KC","DEN","pass",0.854638594668359
"2026_01_DEN_KC",3558,"KC","DEN","pass",1.20665700361133
"2026_01_DEN_KC",3583,"KC","DEN","run",-0.259373355191201
"2026_01_DEN_KC",3605,"KC","DEN","pass",-2.16229825140908
"2026_01_DEN_KC",3667,"DEN","KC","run",0.0352387560997158
"2026_01_DEN_KC",3696,"DEN","KC","pass",0.475962647469714
"2026_01_DEN_KC",3721,"DEN","KC","run",-1.07315548765473
"2026_01_DEN_KC",3748,"DEN","KC","pass",-0.640405292157084
"2026_01_DEN_KC",3815,"DEN","KC","pass",0.0201174358371645
"2026_01_DEN_KC",3845,"DEN","KC","pass",-2.74830406502588
"2026_01_DEN_KC",3920,"KC","DEN","run",0.264895157830324
"2026_01_DEN_KC",3942,"KC","DEN","run",-0.420000679907389
"2026_01_DEN_KC",3964,"KC","DEN","run",0.802671776938951
"2026_01_DEN_KC",3992,"KC","DEN","run",-0.101230016472982
"2026_01_GB_MIN",56,"MIN","GB","run",-0.773745886050165
"2026_01_GB_MIN",78,"MIN","GB","pass",-4.07392876828089
"2026_01_GB_MIN",105,"GB","MIN","pass",-0.569342168513685
"2026_01_GB_MIN",128,"GB","MIN","run",1.56907449406572
"2026_01_GB_MIN",174,"GB","MIN","run",-0.260290032252669
"2026_01_GB_MIN",196,"GB","MIN","pass",-1.01994917262346
"2026_01_GB_MIN",219,"GB","MIN","pass",-1.12589277004413
"2026_01_GB_MIN",292,"MIN","GB","pass",-0.588620446622372
"2026_01_GB_MIN",315,"MIN","GB","run",-0.121736325323582
"2026_01_GB_MIN",337,"MIN","GB","pass",1.526659731986
"2026_01_GB_MIN",362,"MIN","GB","run",-1.19763249135576
"2026_01_GB_MIN",384,"MIN","GB","run",-0.00386520405299962
"2026_01_GB_MIN",454,"MIN","GB","pass",-0.768326666671783
"2026_01_GB_MIN",499,"GB","MIN","pass",-0.652302502188832
"2026_01_GB_MIN",531,"GB","MIN","pass",7.04944831971079
"2026_01_GB_MIN",658,"MIN","GB","run",-0.552936323452741
"2026_01_GB_MIN",680,"MIN","GB","pass",-0.564078697469085
"2026_01_GB_MIN",705,"MIN","GB","run",2.29486302798614
"2026_01_GB_MIN",741,"MIN","GB","run",-0.229418505914509
"2026_01_GB_MIN",770,"MIN","GB","pass",-0.867967612342909
"2026_01_GB_MIN",793,"MIN","GB","pass",1.83518259203993
"2026_01_GB_MIN",818,"MIN","GB","run",0.484389052959159
"2026_01_GB_MIN",845,"MIN","GB","run",0.282635494251736
"2026_01_GB_MIN",867,"MIN","GB","run",-0.120884282980114
"2026_01_GB_MIN",889,"MIN","GB","run",-0.479078603675589
"2026_01_GB_MIN",911,"MIN","GB","pass",-1.61959420291934
"2026_01_GB_MIN",977,"GB","MIN","run",0.0287288471590728
"2026_01_GB_MIN",1001,"GB","MIN","run",-1.22596730710939
"2026_01_GB_MIN",1026,"GB","MIN","pass",2.11620021949057
"2026_01_GB_MIN",1051,"GB","MIN","pass",-0.476446980377659
"2026_01_GB_MIN",1074,"GB","MIN","run",-0.619291064795107
"2026_01_GB_MIN",1116,"GB","MIN","pass",-0.687864248058759
"2026_01_GB_MIN",1213,"MIN","GB","run",0.562779656611383
"2026_01_GB_MIN",1235,"MIN","GB","run",-0.448771446710452
"2026_01_GB_MIN",1257,"MIN","GB","run",0.52447288366966
"2026_01_GB_MIN",1279,"MIN","GB","run",-0.517052591778338
"2026_01_GB_MIN",1301,"MIN","GB","pass",-0.883685847977176
"2026_01_GB_MIN",1324,"MIN","GB","pass",-1.62547256168909
"2026_01_GB_MIN",1369,"GB","MIN","pass",1.85787334199995
"2026_01_GB_MIN",1401,"GB","MIN","run",-0.427549756132066
"2026_01_GB_MIN",1423,"GB","MIN","pass",-0.826491662068292
"2026_01_GB_MIN",1446,"GB","MIN","pass",-1.01500061713159
"2026_01_GB_MIN",1491,"MIN","GB","run",0.273635498713702
"2026_01_GB_MIN",1522,"MIN","GB","run",-0.904232318047434
"2026_01_GB_MIN",1544,"MIN","GB","pass",-1.63959313137457
"2026_01_GB_MIN",1618,"GB","MIN","pass",-0.522873912006617
"2026_01_GB_MIN",1674,"GB","MIN","pass",-0.90747296763584
"2026_01_GB_MIN",1697,"GB","MIN","pass",-0.982061370508745
"2026_01_GB_MIN",1751,"MIN","GB","pass",-1.37817230494693
"2026_01_GB_MIN",1802,"MIN","GB","pass",-0.180729320738465
"2026_01_GB_MIN",1827,"MIN","GB","pass",3.11711949680466
"2026_01_GB_MIN",1863,"MIN","GB","run",-0.084097339946311
"2026_01_GB_MIN",1885,"MIN","GB","pass",-0.609338851820212
"2026_01_GB_MIN",1908,"MIN","GB","pass",1.50508722208906
"2026_01_GB_MIN",1933,"MIN","GB","pass",3.79709144320805
"2026_01_GB_MIN",2026,"GB","MIN","run",-0.221839355072007
"2026_01_GB_MIN",2048,"GB","MIN","pass",1.39562072529225
"2026_01_GB_MIN",2073,"GB","MIN","pass",-0.262721083650831
"2026_01_GB_MIN",2096,"GB","MIN","pass",0.996042763523292
"2026_01_GB_MIN",2121,"GB","MIN","pass",2.31143407570198
"2026_01_GB_MIN",2162,"GB","MIN","run",0.275851127080387
"2026_01_GB_MIN",2184,"GB","MIN","pass",1.59940832745633
"2026_01_GB_MIN",2326,"GB","MIN","run",0.890389798209071
"2026_01_GB_MIN",2348,"GB","MIN","pass",0.770173053722829
"2026_01_GB_MIN",2373,"GB","MIN","run",-0.796998325269669
"2026_01_GB_MIN",2395,"GB","MIN","pass",-0.907289751805365
"2026_01_GB_MIN",2418,"GB","MIN","run",-1.21902185445651
"2026_01_GB_MIN",2459,"MIN","GB","pass",-0.541794462827966
"2026_01_GB_MIN",2499,"MIN","GB","run",-0.51403801003471
"2026_01_GB_MIN",2521,"MIN","GB","pass",-1.65761630889028
"2026_01_GB_MIN",2570,"GB","MIN","pass",0.891466982197016
"2026_01_GB_MIN",2607,"GB","MIN","run",0.259974983055145
"2026_01_GB_MIN",2629,"GB","MIN","run",0.402413717936724
"2026_01_GB_MIN",2651,"GB","MIN","run",-0.556534922216088
"2026_01_GB_MIN",2673,"GB","MIN","run",-0.163752920459956
"2026_01_GB_MIN",2695,"GB","MIN","pass",1.51211953093298
"2026_01_GB_MIN",2720,"GB","MIN","run",-0.4728655773215
"2026_01_GB_MIN",2742,"GB","MIN","pass",3.48335477989167
"2026_01_GB_MIN",2767,"GB","MIN","run",-0.691507459268905
"2026_01_GB_MIN",2789,"GB","MIN","pass",-0.715094108134508
"2026_01_GB_MIN",2812,"GB","MIN","pass",-1.2158560215365
"2026_01_GB_MIN",2892,"MIN","GB","pass",0.690871158847585
"2026_01_GB_MIN",2917,"MIN","GB","run",-0.515266800881363
"2026_01_GB_MIN",2939,"MIN","GB","run",0.542821971932426
"2026_01_GB_MIN",2961,"MIN","GB","pass",-0.48007119866088
"2026_01_GB_MIN",2984,"MIN","GB","run",-0.754646645858884
"2026_01_GB_MIN",3006,"MIN","GB","pass",3.09579677961301
"2026_01_GB_MIN",3072,"GB","MIN","run",0.0585524037014693
"2026_01_GB_MIN",3094,"GB","MIN","pass",0.629595441510901
"2026_01_GB_MIN",3119,"GB","MIN","pass",-1.44252931443043
"2026_01_GB_MIN",3164,"GB","MIN","pass",3.49045452952851
"2026_01_GB_MIN",3189,"GB","MIN","run",-0.156281309900805
"2026_01_GB_MIN",3213,"GB","MIN","pass",-0.636389682651497
"2026_01_GB_MIN",3236,"GB","MIN","pass",-1.21714895660989
"2026_01_GB_MIN",3290,"GB","MIN","run",-4.35180443932768
"2026_01_GB_MIN",3344,"MIN","GB","pass",0.430680156685412
"2026_01_GB_MIN",3369,"MIN","GB","run",-0.00718549801968038
"2026_01_GB_MIN",3391,"MIN","GB","pass",-1.65853106044233
"2026_01_GB_MIN",3442,"MIN","GB","run",-0.0693595197517425
"2026_01_GB_MIN",3464,"MIN","GB","pass",-0.53091444936581
"2026_01_GB_MIN",3523,"MIN","GB","run",1.67413893132471
"2026_01_GB_MIN",3545,"MIN","GB","pass",0.190456180484034
"2026_01_GB_MIN",3570,"MIN","GB","run",-0.963128703238908
"2026_01_GB_MIN",3630,"MIN","GB","run",0.91157144337194
"2026_01_GB_MIN",3697,"GB","MIN","run",-1.33095537917688
"2026_01_GB_MIN",3724,"GB","MIN","pass",-1.00918606808409
"2026_01_GB_MIN",3754,"GB","MIN","pass",-5.84355550506734
"2026_01_GB_MIN",3784,"MIN","GB","run",0.56244787023752
"2026_01_GB_MIN",3852,"GB","MIN","pass",0.470721763093024
"2026_01_GB_MIN",3877,"GB","MIN","pass",-6.60902274830732
"2026_01_GB_MIN",3909,"MIN","GB","run",-0.465852112683933
"2026_01_GB_MIN",3934,"MIN","GB","run",-0.427355727995746
"2026_01_GB_MIN",3963,"MIN","GB","pass",2.94530789501732
"2026_01_GB_MIN",4023,"GB","MIN","pass",-0.534662779071368
"2026_01_GB_MIN",4046,"GB","MIN","pass",1.36536495515611
"2026_01_GB_MIN",4071,"GB","MIN","pass",-1.09250039490871
"2026_01_GB_MIN",4110,"GB","MIN","pass",1.87004261510447
"2026_01_GB_MIN",4135,"GB","MIN","pass",-0.468834761180915
"2026_01_GB_MIN",4158,"GB","MIN","pass",0.305595368496142
"2026_01_GB_MIN",4183,"GB","MIN","pass",1.13192783255363
"2026_01_GB_MIN",4208,"GB","MIN","pass",-0.51332720508799
"2026_01_GB_MIN",4238,"GB","MIN","pass",0.545924122503493
"2026_01_GB_MIN",4263,"GB","MIN","pass",-1.58187881822232
"2026_01_GB_MIN",4286,"GB","MIN","pass",-3.66071927163284
"2026_01_GB_MIN",4309,"MIN","GB","run",-0.63855187734589
"2026_01_MIA_LV",62,"MIA","LV","run",-0.0759375486522913
"2026_01_MIA_LV",84,"MIA","LV","run",0.817078109364957
"2026_01_MIA_LV",111,"MIA","LV","run",-1.01505767926574
"2026_01_MIA_LV",133,"MIA","LV","pass",0.120382512919605
"2026_01_MIA_LV",158,"MIA","LV","pass",2.14040739787742
"2026_01_MIA_LV",183,"MIA","LV","run",-0.565376506885514
"2026_01_MIA_LV",205,"MIA","LV","pass",-0.884799868799746
"2026_01_MIA_LV",252,"MIA","LV","run",-0.970811216160655
"2026_01_MIA_LV",315,"LV","MIA","run",0.742575965588912
"2026_01_MIA_LV",337,"LV","MIA","run",-0.173145203851163
"2026_01_MIA_LV",359,"LV","MIA","run",-0.993756381329149
"2026_01_MIA_LV",381,"LV","MIA","pass",2.02357515785843
"2026_01_MIA_LV",411,"LV","MIA","pass",0.181956221349537
"2026_01_MIA_LV",436,"LV","MIA","pass",0.54096750356257
"2026_01_MIA_LV",461,"LV","MIA","pass",0.707098898477852
"2026_01_MIA_LV",486,"LV","MIA","pass",-0.525498485658318
"2026_01_MIA_LV",516,"LV","MIA","pass",-0.0335369072854519
"2026_01_MIA_LV",546,"LV","MIA","run",-0.637159452075139
"2026_01_MIA_LV",568,"LV","MIA","run",1.84822383732535
"2026_01_MIA_LV",590,"LV","MIA","pass",0.127842547022738
"2026_01_MIA_LV",647,"LV","MIA","run",0.72346463194117
"2026_01_MIA_LV",669,"LV","MIA","run",-0.166499845334329
"2026_01_MIA_LV",696,"LV","MIA","pass",-0.335354156210087
"2026_01_MIA_LV",721,"LV","MIA","pass",2.55880875175353
"2026_01_MIA_LV",792,"MIA","LV","run",-0.319245357066393
"2026_01_MIA_LV",814,"MIA","LV","pass",-1.76514787459746
"2026_01_MIA_LV",854,"MIA","LV","pass",0.151007911190391
"2026_01_MIA_LV",905,"LV","MIA","run",-1.40319908829406
"2026_01_MIA_LV",934,"LV","MIA","pass",-0.520057792309672
"2026_01_MIA_LV",959,"LV","MIA","pass",2.57617446733639
"2026_01_MIA_LV",998,"LV","MIA","run",0.52143437974155
"2026_01_MIA_LV",1020,"LV","MIA","run",0.584108476992697
"2026_01_MIA_LV",1042,"LV","MIA","run",-0.329621064011008
"2026_01_MIA_LV",1064,"LV","MIA","pass",-0.750253529055044
"2026_01_MIA_LV",1087,"LV","MIA","pass",-0.871700898209834
"2026_01_MIA_LV",1217,"MIA","LV","pass",-0.540670725982636
"2026_01_MIA_LV",1240,"MIA","LV","run",1.19760842365213
"2026_01_MIA_LV",1262,"MIA","LV","pass",0.327275566756725
"2026_01_MIA_LV",1287,"MIA","LV","run",0.339528626995161
"2026_01_MIA_LV",1309,"MIA","LV","run",-0.425150627270341
"2026_01_MIA_LV",1331,"MIA","LV","pass",1.31337607791647
"2026_01_MIA_LV",1457,"MIA","LV","pass",-0.589103923877701
"2026_01_MIA_LV",1489,"MIA","LV","pass",2.10375586827286
"2026_01_MIA_LV",1519,"MIA","LV","run",-1.899617470162
"2026_01_MIA_LV",1606,"LV","MIA","run",0.484832663845737
"2026_01_MIA_LV",1628,"LV","MIA","run",0.948803893465083
"2026_01_MIA_LV",1650,"LV","MIA","run",0.514467785542365
"2026_01_MIA_LV",1672,"LV","MIA","pass",0.483235879917629
"2026_01_MIA_LV",1704,"LV","MIA","pass",-0.453797545807902
"2026_01_MIA_LV",1727,"LV","MIA","pass",-0.549570429953746
"2026_01_MIA_LV",1752,"LV","MIA","pass",3.25431277311873
"2026_01_MIA_LV",1830,"MIA","LV","pass",-0.28074141649995
"2026_01_MIA_LV",1853,"MIA","LV","run",-0.13926034088945
"2026_01_MIA_LV",1875,"MIA","LV","pass",0.948792113747913
"2026_01_MIA_LV",1912,"MIA","LV","pass",-0.451402913837228
"2026_01_MIA_LV",1935,"MIA","LV","pass",1.55094302610421
"2026_01_MIA_LV",2029,"LV","MIA","run",-0.260353579651564
"2026_01_MIA_LV",2051,"LV","MIA","pass",-4.65861296537332
"2026_01_MIA_LV",2078,"MIA","LV","pass",1.7601014347747
"2026_01_MIA_LV",2108,"MIA","LV","pass",0.760169485933147
"2026_01_MIA_LV",2205,"MIA","LV","run",0.302749629248865
"2026_01_MIA_LV",2227,"MIA","LV","run",2.31495147501118
"2026_01_MIA_LV",2310,"LV","MIA","run",-0.0497426837682724
"2026_01_MIA_LV",2332,"LV","MIA","pass",1.72546495997813
"2026_01_MIA_LV",2357,"LV","MIA","run",0.372103694593534
"2026_01_MIA_LV",2384,"LV","MIA","run",0.13010935659986
"2026_01_MIA_LV",2406,"LV","MIA","pass",1.58040107041597
"2026_01_MIA_LV",2477,"MIA","LV","pass",-0.635939047206193
"2026_01_MIA_LV",2500,"MIA","LV","pass",-2.29624688462354
"2026_01_MIA_LV",2527,"LV","MIA","run",-0.00881548807956278
"2026_01_MIA_LV",2556,"LV","MIA","run",0.681598073337227
"2026_01_MIA_LV",2578,"LV","MIA","pass",-0.514124996960163
"2026_01_MIA_LV",2601,"LV","MIA","run",1.40122106228955
"2026_01_MIA_LV",2623,"LV","MIA","run",-0.205942515749484
"2026_01_MIA_LV",2645,"LV","MIA","pass",1.31249439553358
"2026_01_MIA_LV",2670,"LV","MIA","run",0.289482931839302
"2026_01_MIA_LV",2692,"LV","MIA","run",-0.689657585229725
"2026_01_MIA_LV",2714,"LV","MIA","run",0.962771285208873
"2026_01_MIA_LV",2736,"LV","MIA","pass",-0.470125098130666
"2026_01_MIA_LV",2759,"LV","MIA","run",-1.10499422333669
"2026_01_MIA_LV",2781,"LV","MIA","pass",-0.880629888328258
"2026_01_MIA_LV",2897,"MIA","LV","run",-0.23421199421864
"2026_01_MIA_LV",2919,"MIA","LV","run",-0.44099357468076
"2026_01_MIA_LV",2941,"MIA","LV","pass",-2.01400775288977
"2026_01_MIA_LV",2982,"LV","MIA","pass",-0.569286547601223
"2026_01_MIA_LV",3032,"LV","MIA","pass",-0.812992285937071
"2026_01_MIA_LV",3055,"LV","MIA","pass",-0.773553832899779
"2026_01_MIA_LV",3098,"MIA","LV","pass",-0.229087608866394
"2026_01_MIA_LV",3123,"MIA","LV","pass",-0.795324773527682
"2026_01_MIA_LV",3146,"MIA","LV","pass",-1.63198340963572
"2026_01_MIA_LV",3257,"LV","MIA","run",-1.21291116415523
"2026_01_MIA_LV",3279,"LV","MIA","pass",-4.65061908168718
"2026_01_MIA_LV",3318,"MIA","LV","pass",-0.517660136101767
"2026_01_MIA_LV",3348,"MIA","LV","pass",-0.850149285513908
"2026_01_MIA_LV",3371,"MIA","LV","pass",-2.23234087787569
"2026_01_MIA_LV",3411,"LV","MIA","run",-0.588022513315082
"2026_01_MIA_LV",3440,"LV","MIA","run",-0.453464101999998
"2026_01_MIA_LV",3467,"LV","MIA","pass",1.74411920690909
"2026_01_MIA_LV",3504,"LV","MIA","run",-0.249290024163201
"2026_01_MIA_LV",3526,"LV","MIA","pass",-1.05354272946715
"2026_01_MIA_LV",3551,"LV","MIA","run",-1.52180895698257
"2026_01_MIA_LV",3645,"MIA","LV","run",-0.900913973804563
"2026_01_MIA_LV",3667,"MIA","LV","pass",2.7159631276736
"2026_01_MIA_LV",3692,"MIA","LV","pass",-0.457319156674203
"2026_01_MIA_LV",3718,"MIA","LV","run",-0.664369888894726
"2026_01_MIA_LV",3740,"MIA","LV","pass",-1.63460562098771
"2026_01_MIA_LV",3787,"MIA","LV","pass",-2.51775978785008
"2026_01_MIA_LV",3810,"LV","MIA","run",-0.456410652957857
"2026_01_MIA_LV",3832,"LV","MIA","run",-1.36131448077504
"2026_01_MIA_LV",3861,"LV","MIA","run",-1.23782874969766
"2026_01_MIA_LV",3950,"MIA","LV","pass",-0.0846436445135623
"2026_01_MIA_LV",4050,"MIA","LV","pass",-0.8747193479212
"2026_01_MIA_LV",4070,"MIA","LV","run",0.114422243088484
"2026_01_MIA_LV",4097,"MIA","LV","pass",-1.83840708923526
"2026_01_NE_SEA",64,"SEA","NE","run",1.11155571811832
"2026_01_NE_SEA",86,"SEA","NE","pass",0.825319406343624
"2026_01_NE_SEA",135,"SEA","NE","run",0.277094580931589
"2026_01_NE_SEA",157,"SEA","NE","pass",-0.849787754705176
"2026_01_NE_SEA",180,"SEA","NE","pass",-2.05167769873515
"2026_01_NE_SEA",227,"NE","SEA","run",-0.198198371334001
"2026_01_NE_SEA",249,"NE","SEA","run",1.06336008245125
"2026_01_NE_SEA",271,"NE","SEA","run",-0.49378530215472
"2026_01_NE_SEA",298,"NE","SEA","run",-0.173502600751817
"2026_01_NE_SEA",320,"NE","SEA","run",2.1500509204343
"2026_01_NE_SEA",358,"NE","SEA","run",0.407657362520695
"2026_01_NE_SEA",385,"NE","SEA","run",-1.4977269123774
"2026_01_NE_SEA",407,"NE","SEA","pass",-1.54113255278207
"2026_01_NE_SEA",460,"SEA","NE","run",-0.24861858645454
"2026_01_NE_SEA",482,"SEA","NE","run",0.865844305139035
"2026_01_NE_SEA",505,"SEA","NE","pass",0.857515569310635
"2026_01_NE_SEA",535,"SEA","NE","run",-0.732435729820281
"2026_01_NE_SEA",557,"SEA","NE","run",-1.36344748083502
"2026_01_NE_SEA",613,"NE","SEA","pass",0.948128363117576
"2026_01_NE_SEA",638,"NE","SEA","run",-0.058844109531492
"2026_01_NE_SEA",660,"NE","SEA","pass",0.330379623221233
"2026_01_NE_SEA",690,"NE","SEA","run",-0.131486904108897
"2026_01_NE_SEA",712,"NE","SEA","run",-2.11557504395023
"2026_01_NE_SEA",761,"SEA","NE","run",0.822044737637043
"2026_01_NE_SEA",788,"SEA","NE","run",-0.506458680611104
"2026_01_NE_SEA",813,"SEA","NE","run",-0.310742969159037
"2026_01_NE_SEA",855,"SEA","NE","pass",-1.39599607512355
"2026_01_NE_SEA",898,"NE","SEA","run",0.495923278387636
"2026_01_NE_SEA",920,"NE","SEA","run",-0.811958865262568
"2026_01_NE_SEA",942,"NE","SEA","pass",1.16022339463234
"2026_01_NE_SEA",972,"NE","SEA","pass",0.7008348449599
"2026_01_NE_SEA",997,"NE","SEA","run",-0.452754139201716
"2026_01_NE_SEA",1019,"NE","SEA","run",-0.0390160935930908
"2026_01_NE_SEA",1046,"NE","SEA","pass",1.21092817746103
"2026_01_NE_SEA",1071,"NE","SEA","run",-0.201182584976777
"2026_01_NE_SEA",1093,"NE","SEA","pass",0.143076170468703
"2026_01_NE_SEA",1152,"NE","SEA","pass",0.840626145160059
"2026_01_NE_SEA",1225,"SEA","NE","pass",0.330518778879195
"2026_01_NE_SEA",1255,"SEA","NE","run",0.639518844429404
"2026_01_NE_SEA",1277,"SEA","NE","pass",-1.30798680661246
"2026_01_NE_SEA",1321,"SEA","NE","pass",-0.495698593556881
"2026_01_NE_SEA",1370,"SEA","NE","pass",1.10187805688474
"2026_01_NE_SEA",1450,"NE","SEA","run",-0.184078906429932
"2026_01_NE_SEA",1479,"NE","SEA","pass",-0.115717191016302
"2026_01_NE_SEA",1504,"NE","SEA","pass",1.57226175477263
"2026_01_NE_SEA",1529,"NE","SEA","run",-0.49678151414264
"2026_01_NE_SEA",1551,"NE","SEA","run",1.20853252557572
"2026_01_NE_SEA",1585,"NE","SEA","pass",-0.365672100102529
"2026_01_NE_SEA",1611,"NE","SEA","pass",0.148507287842222
"2026_01_NE_SEA",1636,"NE","SEA","run",-1.06506459962111
"2026_01_NE_SEA",1685,"SEA","NE","run",-0.0167272030957974
"2026_01_NE_SEA",1714,"SEA","NE","run",-0.108457126363646
"2026_01_NE_SEA",1755,"SEA","NE","pass",0.368728844914585
"2026_01_NE_SEA",1780,"SEA","NE","pass",-0.116012300073635
"2026_01_NE_SEA",1812,"SEA","NE","pass",-0.0342817474738695
"2026_01_NE_SEA",1859,"SEA","NE","run",-0.0417848749202676
"2026_01_NE_SEA",1934,"NE","SEA","pass",0.817019200883806
"2026_01_NE_SEA",1959,"NE","SEA","pass",-0.525732577312738
"2026_01_NE_SEA",1987,"NE","SEA","run",0.0137322687078267
"2026_01_NE_SEA",2009,"NE","SEA","pass",-1.86249101976864
"2026_01_NE_SEA",2073,"NE","SEA","run",-0.568323701387271
"2026_01_NE_SEA",2095,"NE","SEA","pass",-0.845830118283629
"2026_01_NE_SEA",2120,"NE","SEA","pass",-0.68645065406419
"2026_01_NE_SEA",2213,"SEA","NE","pass",0.749239580938593
"2026_01_NE_SEA",2238,"SEA","NE","run",-1.03444892261177
"2026_01_NE_SEA",2260,"SEA","NE","pass",-0.986895714886487
"2026_01_NE_SEA",2307,"SEA","NE","pass",-1.06091902474873
"2026_01_NE_SEA",2359,"NE","SEA","run",-1.19269788009115
"2026_01_NE_SEA",2381,"NE","SEA","pass",-0.402597767766565
"2026_01_NE_SEA",2406,"NE","SEA","pass",-0.495809633750468
"2026_01_NE_SEA",2488,"SEA","NE","pass",-0.280626444728114
"2026_01_NE_SEA",2513,"SEA","NE","pass",-0.416528925881721
"2026_01_NE_SEA",2550,"SEA","NE","pass",2.55324692372233
"2026_01_NE_SEA",2575,"SEA","NE","run",-0.451220426766668
"2026_01_NE_SEA",2597,"SEA","NE","run",-0.192708835646044
"2026_01_NE_SEA",2656,"SEA","NE","pass",-1.07759076844072
"2026_01_NE_SEA",2753,"NE","SEA","pass",1.47770877624862
"2026_01_NE_SEA",2783,"NE","SEA","run",-0.516885265242308
"2026_01_NE_SEA",2838,"NE","SEA","pass",0.300744827836752
"2026_01_NE_SEA",2863,"NE","SEA","pass",1.82441800227389
"2026_01_NE_SEA",2908,"NE","SEA","run",-0.518535734852776
"2026_01_NE_SEA",2945,"NE","SEA","pass",-3.89244564413093
"2026_01_NE_SEA",2972,"SEA","NE","pass",0.918906453298405
"2026_01_NE_SEA",3002,"SEA","NE","run",-0.0690499433549121
"2026_01_NE_SEA",3024,"SEA","NE","run",0.175180873484351
"2026_01_NE_SEA",3046,"SEA","NE","run",-1.58832101826556
"2026_01_NE_SEA",3070,"SEA","NE","pass",6.13608333515003
"2026_01_NE_SEA",3152,"NE","SEA","run",0.372621412621811
"2026_01_NE_SEA",3174,"NE","SEA","run",0.472898597130552
"2026_01_NE_SEA",3196,"NE","SEA","run",-1.26268016616814
"2026_01_NE_SEA",3218,"NE","SEA","pass",-0.756474453490227
"2026_01_NE_SEA",3241,"NE","SEA","pass",-1.91700228874106
"2026_01_NE_SEA",3273,"SEA","NE","run",-0.245866484707221
"2026_01_NE_SEA",3300,"SEA","NE","pass",0.993143794359639
"2026_01_NE_SEA",3330,"SEA","NE","pass",0.884397905087098
"2026_01_NE_SEA",3360,"SEA","NE","pass",0.565966888796538
"2026_01_NE_SEA",3409,"SEA","NE","run",1.73395041114418
"2026_01_NE_SEA",3460,"SEA","NE","pass",-0.796233873697929
"2026_01_NE_SEA",3483,"SEA","NE","pass",-1.04626090595221
"2026_01_NE_SEA",3589,"NE","SEA","pass",-0.506427427520975
"2026_01_NE_SEA",3609,"NE","SEA","pass",1.45118588826153
"2026_01_NE_SEA",3634,"NE","SEA","pass",-1.32093957613688
"2026_01_NE_SEA",3657,"NE","SEA","run",2.00023593788501
"2026_01_NE_SEA",3684,"NE","SEA","run",0.815812118991744
"2026_01_NE_SEA",3740,"NE","SEA","pass",-0.624519902630709
"2026_01_NE_SEA",3765,"NE","SEA","pass",-0.656519694835879
"2026_01_NE_SEA",3785,"NE","SEA","pass",-0.603564326069318
"2026_01_NE_SEA",3810,"NE","SEA","pass",2.42490030504996
"2026_01_NE_SEA",3854,"NE","SEA","run",-0.733056870638393
"2026_01_NE_SEA",3883,"NE","SEA","pass",0.0687830519163981
"2026_01_NE_SEA",3908,"NE","SEA","run",0.987571089877747
"2026_01_NE_SEA",3944,"NE","SEA","pass",-0.885519482893869
"2026_01_NE_SEA",3964,"NE","SEA","pass",0.630582676327322
"2026_01_NE_SEA",4006,"NE","SEA","pass",-2.66681623412296
"2026_01_NO_DET",66,"DET","NO","run",-0.315992350690067
"2026_01_NO_DET",88,"DET","NO","pass",0.652588262222707
"2026_01_NO_DET",127,"DET","NO","run",-2.82510716514662
"2026_01_NO_DET",175,"NO","DET","run",-0.652344696689397
"2026_01_NO_DET",197,"NO","DET","pass",1.0503938831389
"2026_01_NO_DET",227,"NO","DET","run",0.378751775249839
"2026_01_NO_DET",249,"NO","DET","pass",0.281748224515468
"2026_01_NO_DET",279,"NO","DET","run",-0.483457307796925
"2026_01_NO_DET",301,"NO","DET","pass",-1.90068854391575
"2026_01_NO_DET",353,"DET","NO","run",-0.438515551388264
"2026_01_NO_DET",382,"DET","NO","run",-0.475648881867528
"2026_01_NO_DET",404,"DET","NO","pass",1.53676726482809
"2026_01_NO_DET",429,"DET","NO","pass",0.830891897436231
"2026_01_NO_DET",454,"DET","NO","pass",-0.571687055751681
"2026_01_NO_DET",501,"DET","NO","pass",2.05485660163686
"2026_01_NO_DET",526,"DET","NO","run",0.163897797698155
"2026_01_NO_DET",548,"DET","NO","run",1.58340219245292
"2026_01_NO_DET",573,"DET","NO","run",0.541965799522586
"2026_01_NO_DET",602,"DET","NO","run",-0.467260011704639
"2026_01_NO_DET",624,"DET","NO","pass",-0.795998645480722
"2026_01_NO_DET",647,"DET","NO","pass",2.43639869539766
"2026_01_NO_DET",672,"DET","NO","run",0.444613897183444
"2026_01_NO_DET",742,"NO","DET","pass",-0.609788088593632
"2026_01_NO_DET",765,"NO","DET","run",-0.485397190321237
"2026_01_NO_DET",787,"NO","DET","pass",-1.40104500390589
"2026_01_NO_DET",845,"DET","NO","run",-0.24858562881127
"2026_01_NO_DET",876,"DET","NO","pass",0.904680407373235
"2026_01_NO_DET",901,"DET","NO","pass",-0.556292794412002
"2026_01_NO_DET",924,"DET","NO","run",-0.484399437438697
"2026_01_NO_DET",946,"DET","NO","pass",1.54425203963183
"2026_01_NO_DET",1024,"DET","NO","pass",-0.350750243291259
"2026_01_NO_DET",1049,"DET","NO","pass",-0.976098292972893
"2026_01_NO_DET",1072,"DET","NO","pass",-1.26355231739581
"2026_01_NO_DET",1115,"NO","DET","run",-0.296891707926989
"2026_01_NO_DET",1144,"NO","DET","pass",1.81378712621517
"2026_01_NO_DET",1169,"NO","DET","pass",-0.531027740333229
"2026_01_NO_DET",1194,"NO","DET","pass",-0.851939876098186
"2026_01_NO_DET",1249,"NO","DET","pass",-1.37810887652449
"2026_01_NO_DET",1363,"DET","NO","pass",0.264035437721759
"2026_01_NO_DET",1388,"DET","NO","run",0.417640500469133
"2026_01_NO_DET",1412,"DET","NO","run",-1.26464901794679
"2026_01_NO_DET",1447,"DET","NO","pass",-0.976443805731833
"2026_01_NO_DET",1472,"DET","NO","pass",-0.988827145658433
"2026_01_NO_DET",1569,"NO","DET","run",-0.541719700209796
"2026_01_NO_DET",1598,"NO","DET","pass",-0.689589449204504
"2026_01_NO_DET",1621,"NO","DET","pass",2.1140991221182
"2026_01_NO_DET",1646,"NO","DET","pass",-0.501742153894156
"2026_01_NO_DET",1669,"NO","DET","pass",-0.877286041388288
"2026_01_NO_DET",1692,"NO","DET","pass",-2.30652218381874
"2026_01_NO_DET",1760,"DET","NO","pass",-5.2399834820535
"2026_01_NO_DET",1798,"NO","DET","run",-0.12537179957144
"2026_01_NO_DET",1866,"NO","DET","run",-0.0728954819496721
"2026_01_NO_DET",1888,"NO","DET","run",1.1909256625222
"2026_01_NO_DET",1910,"NO","DET","run",-0.0523754376918077
"2026_01_NO_DET",1937,"NO","DET","pass",-4.89121058804449
"2026_01_NO_DET",1964,"DET","NO","run",-0.617359945666976
"2026_01_NO_DET",1988,"DET","NO","run",-0.981270030955784
"2026_01_NO_DET",2010,"DET","NO","pass",-0.419799910392612
"2026_01_NO_DET",2087,"NO","DET","run",-0.376943009439856
"2026_01_NO_DET",2118,"NO","DET","pass",-0.292161702411249
"2026_01_NO_DET",2143,"NO","DET","pass",1.25175916054286
"2026_01_NO_DET",2175,"NO","DET","pass",-0.272311547538266
"2026_01_NO_DET",2198,"NO","DET","pass",-0.14163035643287
"2026_01_NO_DET",2264,"NO","DET","pass",1.35380930633983
"2026_01_NO_DET",2289,"NO","DET","pass",-0.784540268476121
"2026_01_NO_DET",2314,"NO","DET","pass",0.16329413902713
"2026_01_NO_DET",2339,"NO","DET","pass",-1.65013687836472
"2026_01_NO_DET",2393,"DET","NO","pass",-0.0912095579551533
"2026_01_NO_DET",2423,"DET","NO","run",-0.0658724005916156
"2026_01_NO_DET",2504,"NO","DET","pass",-5.67019338184036
"2026_01_NO_DET",2541,"DET","NO","pass",0.628779410733841
"2026_01_NO_DET",2566,"DET","NO","run",1.02981595962774
"2026_01_NO_DET",2588,"DET","NO","run",-0.466554610873573
"2026_01_NO_DET",2610,"DET","NO","pass",0.803464664146304
"2026_01_NO_DET",2640,"DET","NO","run",0.774853125854861
"2026_01_NO_DET",2664,"DET","NO","pass",-0.19872221321566
"2026_01_NO_DET",2689,"DET","NO","run",0.623128737672232
"2026_01_NO_DET",2751,"NO","DET","run",-0.404661229345948
"2026_01_NO_DET",2773,"NO","DET","pass",-1.62314481334761
"2026_01_NO_DET",2793,"NO","DET","pass",-4.28161043673754
"2026_01_NO_DET",2823,"DET","NO","pass",-0.474866451811977
"2026_01_NO_DET",2846,"DET","NO","pass",-0.0387494347523898
"2026_01_NO_DET",2871,"DET","NO","pass",2.80531271768268
"2026_01_NO_DET",2945,"NO","DET","pass",3.23698448482901
"2026_01_NO_DET",2970,"NO","DET","pass",0.806469863862731
"2026_01_NO_DET",3000,"NO","DET","run",-0.510451122769155
"2026_01_NO_DET",3022,"NO","DET","run",0.487131982110441
"2026_01_NO_DET",3044,"NO","DET","pass",-0.498707385151647
"2026_01_NO_DET",3067,"NO","DET","run",0.197018842794932
"2026_01_NO_DET",3089,"NO","DET","pass",1.15363947837614
"2026_01_NO_DET",3114,"NO","DET","run",-0.69155195588246
"2026_01_NO_DET",3136,"NO","DET","run",2.12295068474486
"2026_01_NO_DET",3198,"DET","NO","pass",-0.626604184042662
"2026_01_NO_DET",3221,"DET","NO","pass",-0.199289370793849
"2026_01_NO_DET",3246,"DET","NO","pass",-1.66520581720397
"2026_01_NO_DET",3295,"NO","DET","pass",-0.55983040924184
"2026_01_NO_DET",3327,"NO","DET","pass",1.15343473828398
"2026_01_NO_DET",3352,"NO","DET","pass",-0.0756349982693791
"2026_01_NO_DET",3382,"NO","DET","pass",1.61002427339554
"2026_01_NO_DET",3407,"NO","DET","run",-0.447592377429828
"2026_01_NO_DET",3429,"NO","DET","pass",-0.627883037668653
"2026_01_NO_DET",3486,"NO","DET","pass",0.532917888252996
"2026_01_NO_DET",3550,"DET","NO","run",0.169305296149105
"2026_01_NO_DET",3592,"DET","NO","run",0.348955671070144
"2026_01_NO_DET",3614,"DET","NO","run",-0.492004683241248
"2026_01_NO_DET",3636,"DET","NO","pass",-0.0412843823432922
"2026_01_NO_DET",3661,"DET","NO","pass",-1.82621775311418
"2026_01_NO_DET",3704,"NO","DET","run",0.882806237321347
"2026_01_NO_DET",3726,"NO","DET","pass",-0.431393306236714
"2026_01_NO_DET",3751,"NO","DET","pass",0.674209954915568
"2026_01_NO_DET",3776,"NO","DET","run",0.538109548157081
"2026_01_NO_DET",3798,"NO","DET","pass",-0.509327511535957
"2026_01_NO_DET",3821,"NO","DET","pass",-0.281098055886105
"2026_01_NO_DET",3846,"NO","DET","pass",3.00189484085422
"2026_01_NO_DET",3878,"NO","DET","run",-0.416895405272953
"2026_01_NO_DET",3929,"NO","DET","pass",0.50722884084098
"2026_01_NO_DET",3954,"NO","DET","pass",-1.27518978419497
"2026_01_NO_DET",4045,"DET","NO","run",0.83949924306944
"2026_01_NO_DET",4072,"DET","NO","pass",1.3916745375609
"2026_01_NO_DET",4113,"DET","NO","run",0.586436703044455
"2026_01_NO_DET",4135,"DET","NO","run",0.634770859731361
"2026_01_NO_DET",4225,"DET","NO","pass",-0.53345777024515
"2026_01_NO_DET",4255,"DET","NO","run",-0.394907044130377
"2026_01_NO_DET",4279,"DET","NO","pass",-0.819806033453724
"2026_01_NO_DET",4347,"NO","DET","pass",0.531848521321081
"2026_01_NO_DET",4377,"NO","DET","pass",-1.94090386375319
"2026_01_NO_DET",4397,"NO","DET","pass",-1.05666138068773
"2026_01_NO_DET",4427,"NO","DET","pass",2.94056102680042
"2026_01_NO_DET",4452,"NO","DET","pass",0.875174386892468
"2026_01_NO_DET",4484,"NO","DET","pass",-0.503577574854717
"2026_01_NO_DET",4507,"NO","DET","pass",2.8795612580725
"2026_01_NO_DET",4544,"NO","DET","pass",2.18347488733707
"2026_01_NO_DET",4612,"DET","NO","run",-0.237578940344974
"2026_01_NO_DET",4639,"DET","NO","pass",0.146685351850465
"2026_01_NO_DET",4664,"DET","NO","pass",-0.936831303755753
"2026_01_NO_DET",4705,"NO","DET","run",0.116378293547314
"2026_01_NO_DET",4727,"NO","DET","pass",0.384609036322217
"2026_01_NO_DET",4782,"NO","DET","pass",0.367392566718999
"2026_01_NO_DET",4879,"DET","NO","pass",0.660715681733564
"2026_01_NO_DET",4904,"DET","NO","run",0.399980389629491
"2026_01_NO_DET",4926,"DET","NO","pass",0.223212492419407
"2026_01_NO_DET",4951,"DET","NO","run",0.543709352728911
"2026_01_NO_DET",4973,"DET","NO","pass",-0.430402872851118
"2026_01_NO_DET",4996,"DET","NO","run",1.04153219796717
"2026_01_NO_DET",5018,"DET","NO","run",-0.838591614214238
"2026_01_NO_DET",5045,"DET","NO","pass",2.34777308977209
"2026_01_NO_DET",5075,"DET","NO","run",-0.236417616833933
"2026_01_NO_DET",5097,"DET","NO","pass",1.52711686125258
"2026_01_NO_DET",5164,"NO","DET","pass",-0.962158642243594
"2026_01_NO_DET",5184,"NO","DET","pass",0.458389702253044
"2026_01_NO_DET",5212,"NO","DET","run",-1.17862559272908
"2026_01_NO_DET",5239,"NO","DET","pass",3.28852539340733
"2026_01_NO_DET",5270,"NO","DET","run",-0.461688184470404
"2026_01_NO_DET",5292,"NO","DET","pass",1.07765777752502
"2026_01_NO_DET",5325,"NO","DET","run",-0.371448238031007
"2026_01_NO_DET",5377,"NO","DET","pass",1.90439500450157
"2026_01_NO_DET",5419,"NO","DET","pass",-0.535242085519712
"2026_01_NO_DET",5442,"NO","DET","pass",2.28001487773145
"2026_01_NYJ_TEN",67,"NYJ","TEN","run",0.0529459528625011
"2026_01_NYJ_TEN",123,"NYJ","TEN","pass",0.369248094968498
"2026_01_NYJ_TEN",148,"NYJ","TEN","run",0.43517447495833
"2026_01_NYJ_TEN",170,"NYJ","TEN","pass",-0.525966144283302
"2026_01_NYJ_TEN",229,"NYJ","TEN","run",0.0301949200220406
"2026_01_NYJ_TEN",251,"NYJ","TEN","pass",3.58215110830497
"2026_01_NYJ_TEN",276,"NYJ","TEN","run",-0.128531332360581
"2026_01_NYJ_TEN",298,"NYJ","TEN","run",1.23996148013975
"2026_01_NYJ_TEN",367,"TEN","NYJ","run",-0.372239406919107
"2026_01_NYJ_TEN",389,"TEN","NYJ","run",-0.097980193560943
"2026_01_NYJ_TEN",411,"TEN","NYJ","run",1.35115782544017
"2026_01_NYJ_TEN",438,"TEN","NYJ","pass",0.292017281404696
"2026_01_NYJ_TEN",468,"TEN","NYJ","pass",-0.815308339544572
"2026_01_NYJ_TEN",491,"TEN","NYJ","run",1.19649015192408
"2026_01_NYJ_TEN",513,"TEN","NYJ","run",0.0438484762562439
"2026_01_NYJ_TEN",583,"TEN","NYJ","pass",0.813125262502581
"2026_01_NYJ_TEN",637,"TEN","NYJ","pass",-0.761800046311691
"2026_01_NYJ_TEN",666,"TEN","NYJ","pass",-0.752083513769321
"2026_01_NYJ_TEN",694,"TEN","NYJ","pass",-0.36864963174626
"2026_01_NYJ_TEN",790,"NYJ","TEN","pass",-0.606143292505294
"2026_01_NYJ_TEN",886,"NYJ","TEN","pass",-0.382922981865704
"2026_01_NYJ_TEN",918,"NYJ","TEN","run",-2.02492296253331
"2026_01_NYJ_TEN",974,"TEN","NYJ","run",-0.511417088331655
"2026_01_NYJ_TEN",1006,"TEN","NYJ","pass",-0.833038239972666
"2026_01_NYJ_TEN",1029,"TEN","NYJ","pass",-1.34163484326564
"2026_01_NYJ_TEN",1074,"NYJ","TEN","run",-0.064629212487489
"2026_01_NYJ_TEN",1096,"NYJ","TEN","run",0.192973733181134
"2026_01_NYJ_TEN",1118,"NYJ","TEN","run",0.472735464572906
"2026_01_NYJ_TEN",1160,"NYJ","TEN","run",0.385294519364834
"2026_01_NYJ_TEN",1182,"NYJ","TEN","run",0.682366216555238
"2026_01_NYJ_TEN",1204,"NYJ","TEN","run",0.55490810982883
"2026_01_NYJ_TEN",1226,"NYJ","TEN","run",0.139631040859967
"2026_01_NYJ_TEN",1248,"NYJ","TEN","run",-0.531032281229272
"2026_01_NYJ_TEN",1270,"NYJ","TEN","run",-0.354993030196056
"2026_01_NYJ_TEN",1292,"NYJ","TEN","run",-1.20558754913509
"2026_01_NYJ_TEN",1319,"NYJ","TEN","pass",2.81590366153978
"2026_01_NYJ_TEN",1351,"NYJ","TEN","pass",0.631018318817951
"2026_01_NYJ_TEN",1376,"NYJ","TEN","run",-0.358706980012357
"2026_01_NYJ_TEN",1398,"NYJ","TEN","run",-1.10349134833086
"2026_01_NYJ_TEN",1420,"NYJ","TEN","run",1.5687720758724
"2026_01_NYJ_TEN",1442,"NYJ","TEN","run",-0.0580045359674841
"2026_01_NYJ_TEN",1464,"NYJ","TEN","run",0.310679426474962
"2026_01_NYJ_TEN",1510,"NYJ","TEN","pass",-0.970727254496469
"2026_01_NYJ_TEN",1599,"NYJ","TEN","run",-0.384728011384141
"2026_01_NYJ_TEN",1621,"NYJ","TEN","pass",-1.74387600860791
"2026_01_NYJ_TEN",1649,"NYJ","TEN","pass",0.111347603987754
"2026_01_NYJ_TEN",1695,"TEN","NYJ","run",-0.369936520699412
"2026_01_NYJ_TEN",1724,"TEN","NYJ","pass",0.150577254709788
"2026_01_NYJ_TEN",1766,"TEN","NYJ","pass",-1.03448542638216
"2026_01_NYJ_TEN",1807,"NYJ","TEN","pass",-0.0323875255417079
"2026_01_NYJ_TEN",1837,"NYJ","TEN","pass",0.214310623181518
"2026_01_NYJ_TEN",1862,"NYJ","TEN","pass",-0.159467294753995
"2026_01_NYJ_TEN",1892,"NYJ","TEN","pass",0.733847491792403
"2026_01_NYJ_TEN",1922,"NYJ","TEN","pass",-0.360833228332922
"2026_01_NYJ_TEN",2071,"TEN","NYJ","pass",0.132369214901701
"2026_01_NYJ_TEN",2111,"TEN","NYJ","pass",0.840747071895748
"2026_01_NYJ_TEN",2136,"TEN","NYJ","pass",0.248229663120583
"2026_01_NYJ_TEN",2166,"TEN","NYJ","pass",-0.823514685500413
"2026_01_NYJ_TEN",2191,"TEN","NYJ","pass",-1.71617606910877
"2026_01_NYJ_TEN",2232,"NYJ","TEN","pass",0.611694612540305
"2026_01_NYJ_TEN",2264,"NYJ","TEN","pass",2.11899432330392
"2026_01_NYJ_TEN",2327,"NYJ","TEN","pass",2.7204505399568
"2026_01_NYJ_TEN",2352,"NYJ","TEN","run",0.553999349009246
"2026_01_NYJ_TEN",2374,"NYJ","TEN","run",1.45034848956857
"2026_01_NYJ_TEN",2463,"TEN","NYJ","pass",-0.547768799122423
"2026_01_NYJ_TEN",2486,"TEN","NYJ","run",0.0142256370745599
"2026_01_NYJ_TEN",2516,"TEN","NYJ","pass",-1.64878577739
"2026_01_NYJ_TEN",2565,"NYJ","TEN","run",0.941912525333464
"2026_01_NYJ_TEN",2599,"NYJ","TEN","run",0.890468208817765
"2026_01_NYJ_TEN",2621,"NYJ","TEN","pass",1.46025613474194
"2026_01_NYJ_TEN",2687,"NYJ","TEN","pass",-0.597929609240964
"2026_01_NYJ_TEN",2710,"NYJ","TEN","pass",0.458804646856152
"2026_01_NYJ_TEN",2735,"NYJ","TEN","pass",-0.108391592861153
"2026_01_NYJ_TEN",2859,"TEN","NYJ","run",0.225492581259459
"2026_01_NYJ_TEN",2881,"TEN","NYJ","pass",-0.812766923569143
"2026_01_NYJ_TEN",2904,"TEN","NYJ","pass",1.61209010495804
"2026_01_NYJ_TEN",2929,"TEN","NYJ","run",0.708238100865856
"2026_01_NYJ_TEN",2956,"TEN","NYJ","run",-0.624966423842125
"2026_01_NYJ_TEN",2978,"TEN","NYJ","pass",-0.862886072020046
"2026_01_NYJ_TEN",3008,"TEN","NYJ","pass",-1.78508882550523
"2026_01_NYJ_TEN",3046,"NYJ","TEN","pass",-0.26420405972749
"2026_01_NYJ_TEN",3071,"NYJ","TEN","run",-0.19767435407266
"2026_01_NYJ_TEN",3113,"NYJ","TEN","run",-0.873559897532687
"2026_01_NYJ_TEN",3161,"TEN","NYJ","run",-0.476484031882137
"2026_01_NYJ_TEN",3207,"TEN","NYJ","pass",-1.65502188215032
"2026_01_NYJ_TEN",3227,"TEN","NYJ","pass",0.119217885192484
"2026_01_NYJ_TEN",3271,"NYJ","TEN","run",-0.178864444373176
"2026_01_NYJ_TEN",3300,"NYJ","TEN","run",-0.869285305263475
"2026_01_NYJ_TEN",3322,"NYJ","TEN","pass",-0.320326063316315
"2026_01_NYJ_TEN",3391,"TEN","NYJ","run",-0.0629001138731837
"2026_01_NYJ_TEN",3434,"TEN","NYJ","pass",0.618327535223216
"2026_01_NYJ_TEN",3459,"TEN","NYJ","pass",0.106186201097444
"2026_01_NYJ_TEN",3484,"TEN","NYJ","pass",-0.7517105252482
"2026_01_NYJ_TEN",3507,"TEN","NYJ","pass",-0.994752728147432
"2026_01_NYJ_TEN",3556,"NYJ","TEN","run",0.818729180260561
"2026_01_NYJ_TEN",3583,"NYJ","TEN","run",-0.4444996684324
"2026_01_NYJ_TEN",3615,"NYJ","TEN","run",-0.640357534517534
"2026_01_NYJ_TEN",3637,"NYJ","TEN","run",-1.10583438174978
"2026_01_NYJ_TEN",3712,"TEN","NYJ","pass",0.559079581522383
"2026_01_NYJ_TEN",3737,"TEN","NYJ","pass",0.896084851468913
"2026_01_NYJ_TEN",3762,"TEN","NYJ","pass",-0.167278546374291
"2026_01_NYJ_TEN",3787,"TEN","NYJ","pass",0.95666548225563
"2026_01_NYJ_TEN",3817,"TEN","NYJ","pass",0.72069849120453
"2026_01_NYJ_TEN",3842,"TEN","NYJ","run",0.515159805916483
"2026_01_NYJ_TEN",3864,"TEN","NYJ","pass",-0.459346584248124
"2026_01_NYJ_TEN",3887,"TEN","NYJ","pass",-0.702047761413269
"2026_01_NYJ_TEN",3910,"TEN","NYJ","pass",3.41747559380019
"2026_01_NYJ_TEN",3974,"NYJ","TEN","run",-0.435041868709959
"2026_01_NYJ_TEN",3996,"NYJ","TEN","run",0.584804048063233
"2026_01_SF_LA",63,"LA","SF","pass",-0.648500078357756
"2026_01_SF_LA",86,"LA","SF","run",-0.339741055388004
"2026_01_SF_LA",108,"LA","SF","pass",-0.714586923830211
"2026_01_SF_LA",164,"SF","LA","run",0.236048907507211
"2026_01_SF_LA",186,"SF","LA","pass",-0.920205037575215
"2026_01_SF_LA",221,"SF","LA","pass",1.58273472776636
"2026_01_SF_LA",246,"SF","LA","pass",0.167279719607905
"2026_01_SF_LA",271,"SF","LA","pass",0.779545123688877
"2026_01_SF_LA",305,"SF","LA","run",-0.621228995500132
"2026_01_SF_LA",327,"SF","LA","pass",0.179298444883898
"2026_01_SF_LA",352,"SF","LA","pass",1.4030419671908
"2026_01_SF_LA",377,"SF","LA","pass",-0.484734788886271
"2026_01_SF_LA",400,"SF","LA","pass",0.437154067447409
"2026_01_SF_LA",425,"SF","LA","pass",0.851502589182928
"2026_01_SF_LA",450,"SF","LA","pass",-0.312918658717535
"2026_01_SF_LA",475,"SF","LA","pass",0.230917570530437
"2026_01_SF_LA",500,"SF","LA","pass",-2.12971984002224
"2026_01_SF_LA",573,"LA","SF","run",0.736590838991106
"2026_01_SF_LA",595,"LA","SF","run",-0.999216947238892
"2026_01_SF_LA",617,"LA","SF","run",0.95485233864747
"2026_01_SF_LA",640,"LA","SF","pass",-0.561917589744553
"2026_01_SF_LA",663,"LA","SF","pass",-0.523124467814341
"2026_01_SF_LA",688,"LA","SF","pass",-1.48936485429294
"2026_01_SF_LA",731,"SF","LA","pass",-0.127728302031755
"2026_01_SF_LA",763,"SF","LA","run",0.0184284821152687
"2026_01_SF_LA",785,"SF","LA","pass",-1.82164002768695
"2026_01_SF_LA",834,"LA","SF","run",0.544944852823392
"2026_01_SF_LA",863,"LA","SF","pass",2.72263719257899
"2026_01_SF_LA",888,"LA","SF","run",-0.0725198453292251
"2026_01_SF_LA",930,"LA","SF","run",1.58292883774266
"2026_01_SF_LA",1003,"SF","LA","pass",-0.569705520290881
"2026_01_SF_LA",1026,"SF","LA","pass",1.34324990282767
"2026_01_SF_LA",1051,"SF","LA","run",-0.0931531931273639
"2026_01_SF_LA",1073,"SF","LA","pass",0.0101381277199835
"2026_01_SF_LA",1101,"SF","LA","run",0.653212656965479
"2026_01_SF_LA",1130,"SF","LA","pass",-4.57409330527298
"2026_01_SF_LA",1157,"LA","SF","run",0.13684707833454
"2026_01_SF_LA",1186,"LA","SF","run",0.892444507451728
"2026_01_SF_LA",1208,"LA","SF","run",0.16471235267818
"2026_01_SF_LA",1230,"LA","SF","run",0.838355717016384
"2026_01_SF_LA",1252,"LA","SF","run",-0.450075334520079
"2026_01_SF_LA",1274,"LA","SF","pass",-0.749181200400926
"2026_01_SF_LA",1297,"LA","SF","pass",-2.98322040750645
"2026_01_SF_LA",1334,"SF","LA","run",0.156463462626562
"2026_01_SF_LA",1363,"SF","LA","run",0.814796606311575
"2026_01_SF_LA",1385,"SF","LA","pass",-0.444575506495312
"2026_01_SF_LA",1413,"SF","LA","pass",-0.715180520666763
"2026_01_SF_LA",1443,"SF","LA","pass",2.04843191755936
"2026_01_SF_LA",1468,"SF","LA","run",0.75160554505419
"2026_01_SF_LA",1495,"SF","LA","run",0.0765907263848931
"2026_01_SF_LA",1517,"SF","LA","run",-0.108996642928105
"2026_01_SF_LA",1539,"SF","LA","pass",4.05608121358091
"2026_01_SF_LA",1606,"LA","SF","pass",1.01411543274298
"2026_01_SF_LA",1631,"LA","SF","run",0.211734797630925
"2026_01_SF_LA",1687,"LA","SF","pass",-0.730439235921949
"2026_01_SF_LA",1710,"LA","SF","pass",-1.22009477508254
"2026_01_SF_LA",1759,"SF","LA","run",0.380924516823143
"2026_01_SF_LA",1784,"SF","LA","run",0.194248134503141
"2026_01_SF_LA",1847,"SF","LA","pass",-0.63216646166984
"2026_01_SF_LA",1872,"SF","LA","pass",0.327254613046534
"2026_01_SF_LA",1897,"SF","LA","pass",-1.06852931517642
"2026_01_SF_LA",2015,"SF","LA","run",1.02458056272008
"2026_01_SF_LA",2042,"SF","LA","run",1.09339094627649
"2026_01_SF_LA",2064,"SF","LA","run",-0.0273557351902127
"2026_01_SF_LA",2086,"SF","LA","pass",1.02701339148916
"2026_01_SF_LA",2116,"SF","LA","run",-0.384030066546984
"2026_01_SF_LA",2138,"SF","LA","pass",-0.317994622746482
"2026_01_SF_LA",2170,"SF","LA","pass",2.02476050436962
"2026_01_SF_LA",2241,"LA","SF","run",-0.940268617123365
"2026_01_SF_LA",2297,"LA","SF","run",0.603680297033861
"2026_01_SF_LA",2319,"LA","SF","run",-0.405698464252055
"2026_01_SF_LA",2341,"LA","SF","pass",1.19796585571021
"2026_01_SF_LA",2371,"LA","SF","run",-0.0736919674091041
"2026_01_SF_LA",2413,"LA","SF","pass",1.7707871159073
"2026_01_SF_LA",2462,"LA","SF","pass",1.13822323468048
"2026_01_SF_LA",2487,"LA","SF","run",0.0107131983386353
"2026_01_SF_LA",2509,"LA","SF","pass",0.471664179814979
"2026_01_SF_LA",2539,"LA","SF","run",-0.6364902270725
"2026_01_SF_LA",2561,"LA","SF","pass",-0.492917772033252
"2026_01_SF_LA",2586,"LA","SF","run",-3.81403467035852
"2026_01_SF_LA",2608,"SF","LA","run",-0.552593195810914
"2026_01_SF_LA",2676,"SF","LA","pass",1.65257279551588
"2026_01_SF_LA",2711,"SF","LA","run",0.807462390512228
"2026_01_SF_LA",2733,"SF","LA","pass",0.608648109948263
"2026_01_SF_LA",2763,"SF","LA","run",1.00507994624786
"2026_01_SF_LA",2790,"SF","LA","run",-0.587256060447544
"2026_01_SF_LA",2812,"SF","LA","run",1.86876320966985
"2026_01_SF_LA",2854,"SF","LA","pass",0.229788716649637
"2026_01_SF_LA",2879,"SF","LA","run",0.782775520463474
"2026_01_SF_LA",2906,"SF","LA","run",-0.401369306026027
"2026_01_SF_LA",2928,"SF","LA","pass",2.50436988845468
"2026_01_SF_LA",3004,"LA","SF","pass",-0.281331535428762
"2026_01_SF_LA",3073,"LA","SF","run",-0.590328347869217
"2026_01_SF_LA",3129,"LA","SF","pass",0.619778599822894
"2026_01_SF_LA",3154,"LA","SF","pass",-5.35220291907899
"2026_01_SF_LA",3207,"SF","LA","run",-0.0568653042428195
"2026_01_SF_LA",3236,"SF","LA","run",-0.600444021401927
"2026_01_SF_LA",3258,"SF","LA","pass",-1.3075290655676
"2026_01_SF_LA",3331,"LA","SF","pass",-0.0765867752488703
"2026_01_SF_LA",3356,"LA","SF","pass",0.967614771798253
"2026_01_SF_LA",3381,"LA","SF","pass",-0.518293417757377
"2026_01_SF_LA",3404,"LA","SF","pass",-0.81977593107149
"2026_01_SF_LA",3427,"LA","SF","pass",-1.18124169367366
"2026_01_SF_LA",3452,"LA","SF","pass",-2.77673818939365
"2026_01_SF_LA",3475,"SF","LA","run",0.392676285002381
"2026_01_SF_LA",3504,"SF","LA","run",-0.130244279629551
"2026_01_SF_LA",3526,"SF","LA","run",0.47029235959053
"2026_01_SF_LA",3548,"SF","LA","run",-0.35713948099874
"2026_01_SF_LA",3570,"SF","LA","run",-0.191167580953334
"2026_01_SF_LA",3592,"SF","LA","pass",-1.21143488277313
"2026_01_SF_LA",3655,"LA","SF","run",-0.241644385969266
"2026_01_SF_LA",3677,"LA","SF","run",0.831906788866036
"2026_01_SF_LA",3710,"LA","SF","run",0.365019942459185
"2026_01_SF_LA",3732,"LA","SF","pass",-0.568224496557377
"2026_01_SF_LA",3758,"LA","SF","run",-1.20658269029809
"2026_01_SF_LA",3780,"LA","SF","run",2.39137623639544
"2026_01_SF_LA",3809,"LA","SF","pass",0.320402403129265
"2026_01_SF_LA",3837,"LA","SF","pass",0.436692280520219
"2026_01_SF_LA",3862,"LA","SF","run",-0.779173868475482
"2026_01_SF_LA",3894,"LA","SF","run",-3.50855987460818
"2026_01_TB_CIN",68,"TB","CIN","run",1.02539250231348
"2026_01_TB_CIN",90,"TB","CIN","pass",-1.09455561661161
"2026_01_TB_CIN",113,"TB","CIN","pass",1.6367830587551
"2026_01_TB_CIN",179,"TB","CIN","run",0.450295262504369
"2026_01_TB_CIN",201,"TB","CIN","run",-1.22356549976394
"2026_01_TB_CIN",223,"TB","CIN","pass",0.893757302430458
"2026_01_TB_CIN",248,"TB","CIN","pass",1.10514666768722
"2026_01_TB_CIN",273,"TB","CIN","run",-0.46070086810505
"2026_01_TB_CIN",295,"TB","CIN","run",-0.108283406298142
"2026_01_TB_CIN",317,"TB","CIN","pass",-1.03473217600922
"2026_01_TB_CIN",390,"CIN","TB","run",-0.187323916237801
"2026_01_TB_CIN",412,"CIN","TB","pass",-0.676150064449757
"2026_01_TB_CIN",437,"CIN","TB","pass",-1.46073250332847
"2026_01_TB_CIN",491,"TB","CIN","run",-0.537857160903513
"2026_01_TB_CIN",520,"TB","CIN","pass",-0.820438222959638
"2026_01_TB_CIN",545,"TB","CIN","pass",-6.56918739201501
"2026_01_TB_CIN",625,"TB","CIN","pass",-1.17733521899208
"2026_01_TB_CIN",656,"TB","CIN","pass",-0.81863190094009
"2026_01_TB_CIN",679,"TB","CIN","pass",-2.81523446773645
"2026_01_TB_CIN",720,"CIN","TB","pass",0.762168635381386
"2026_01_TB_CIN",745,"CIN","TB","run",-0.12708538089646
"2026_01_TB_CIN",767,"CIN","TB","pass",-0.727355744864326
"2026_01_TB_CIN",790,"CIN","TB","run",1.29250294435769
"2026_01_TB_CIN",817,"CIN","TB","run",0.690847987425514
"2026_01_TB_CIN",839,"CIN","TB","run",-0.23410590540152
"2026_01_TB_CIN",861,"CIN","TB","pass",1.25474308663979
"2026_01_TB_CIN",932,"TB","CIN","pass",-0.0199704158585519
"2026_01_TB_CIN",962,"TB","CIN","run",0.848042267141864
"2026_01_TB_CIN",984,"TB","CIN","pass",0.873240759829059
"2026_01_TB_CIN",1065,"TB","CIN","pass",-0.392871659016237
"2026_01_TB_CIN",1090,"TB","CIN","pass",1.77694187464658
"2026_01_TB_CIN",1115,"TB","CIN","run",-0.131124019389972
"2026_01_TB_CIN",1213,"TB","CIN","run",-6.10711980116321
"2026_01_TB_CIN",1252,"CIN","TB","pass",-0.516359200701118
"2026_01_TB_CIN",1282,"CIN","TB","run",-0.567399786319584
"2026_01_TB_CIN",1304,"CIN","TB","pass",1.87220855918713
"2026_01_TB_CIN",1329,"CIN","TB","pass",0.696917664958164
"2026_01_TB_CIN",1354,"CIN","TB","run",-0.0717154496815056
"2026_01_TB_CIN",1376,"CIN","TB","pass",0.894530403777026
"2026_01_TB_CIN",1406,"CIN","TB","pass",-0.372506230021827
"2026_01_TB_CIN",1431,"CIN","TB","pass",0.4813596814638
"2026_01_TB_CIN",1456,"CIN","TB","run",0.475737439235672
"2026_01_TB_CIN",1478,"CIN","TB","pass",0.696412933699321
"2026_01_TB_CIN",1506,"CIN","TB","pass",1.00153548084199
"2026_01_TB_CIN",1543,"CIN","TB","run",1.32752440305194
"2026_01_TB_CIN",1611,"TB","CIN","pass",-0.98708959040232
"2026_01_TB_CIN",1641,"TB","CIN","pass",0.80474276188761
"2026_01_TB_CIN",1666,"TB","CIN","pass",2.4206758539076
"2026_01_TB_CIN",1726,"TB","CIN","pass",0.734051190316677
"2026_01_TB_CIN",1751,"TB","CIN","pass",0.503069607773796
"2026_01_TB_CIN",1788,"TB","CIN","run",2.33257431659149
"2026_01_TB_CIN",1849,"CIN","TB","pass",-0.21527606761083
"2026_01_TB_CIN",1872,"CIN","TB","pass",0.961041777394712
"2026_01_TB_CIN",1897,"CIN","TB","pass",-0.260093026445247
"2026_01_TB_CIN",1920,"CIN","TB","pass",0.90434543590527
"2026_01_TB_CIN",1945,"CIN","TB","pass",1.61762968322728
"2026_01_TB_CIN",1970,"CIN","TB","run",1.62882156579872
"2026_01_TB_CIN",2010,"CIN","TB","run",-0.227442524279468
"2026_01_TB_CIN",2032,"CIN","TB","pass",-0.796970541123301
"2026_01_TB_CIN",2062,"CIN","TB","pass",-1.63700619967426
"2026_01_TB_CIN",2209,"CIN","TB","run",-0.121707368642092
"2026_01_TB_CIN",2231,"CIN","TB","pass",-1.24359706277028
"2026_01_TB_CIN",2256,"CIN","TB","pass",2.96075949259102
"2026_01_TB_CIN",2286,"CIN","TB","run",0.893591914442368
"2026_01_TB_CIN",2325,"CIN","TB","run",-0.820499603869393
"2026_01_TB_CIN",2352,"CIN","TB","pass",-0.059483043034561
"2026_01_TB_CIN",2377,"CIN","TB","pass",-2.75944509692829
"2026_01_TB_CIN",2447,"TB","CIN","run",-0.531681940658018
"2026_01_TB_CIN",2469,"TB","CIN","run",0.0306730014272034
"2026_01_TB_CIN",2496,"TB","CIN","pass",2.26377231162041
"2026_01_TB_CIN",2530,"TB","CIN","pass",0.319119805237278
"2026_01_TB_CIN",2555,"TB","CIN","run",-0.208526817383245
"2026_01_TB_CIN",2577,"TB","CIN","run",-1.23478116374463
"2026_01_TB_CIN",2640,"TB","CIN","run",-0.0615189631935209
"2026_01_TB_CIN",2662,"TB","CIN","pass",-0.603989993804134
"2026_01_TB_CIN",2685,"TB","CIN","pass",-2.48065054297339
"2026_01_TB_CIN",2758,"CIN","TB","pass",-0.540367758832872
"2026_01_TB_CIN",2783,"CIN","TB","run",-0.384342240169644
"2026_01_TB_CIN",2805,"CIN","TB","pass",-7.48411461478099
"2026_01_TB_CIN",2935,"CIN","TB","pass",-0.559143487364054
"2026_01_TB_CIN",2960,"CIN","TB","pass",-0.821858471725136
"2026_01_TB_CIN",3023,"CIN","TB","pass",3.13339710468426
"2026_01_TB_CIN",3048,"CIN","TB","run",0.480721483821981
"2026_01_TB_CIN",3070,"CIN","TB","pass",0.565583827439696
"2026_01_TB_CIN",3120,"CIN","TB","run",-1.50711893464904
"2026_01_TB_CIN",3142,"CIN","TB","pass",-1.9961208316064
"2026_01_TB_CIN",3222,"TB","CIN","pass",-0.152118069352582
"2026_01_TB_CIN",3247,"TB","CIN","run",0.879072000039741
"2026_01_TB_CIN",3269,"TB","CIN","run",0.0461045983247459
"2026_01_TB_CIN",3291,"TB","CIN","pass",-0.63668297836557
"2026_01_TB_CIN",3345,"TB","CIN","pass",1.89295296883211
"2026_01_TB_CIN",3399,"TB","CIN","pass",-5.20812350639608
"2026_01_TB_CIN",3429,"CIN","TB","pass",0.252255709143355
"2026_01_TB_CIN",3461,"CIN","TB","run",-0.377614268334582
"2026_01_TB_CIN",3483,"CIN","TB","run",1.0585668644635
"2026_01_TB_CIN",3505,"CIN","TB","run",0.738739781663753
"2026_01_TB_CIN",3527,"CIN","TB","run",-0.354425355966669
"2026_01_TB_CIN",3549,"CIN","TB","run",-0.289926510071382
"2026_01_TB_CIN",3571,"CIN","TB","pass",-0.924888471548911
"2026_01_TB_CIN",3699,"TB","CIN","pass",1.2115438595647
"2026_01_TB_CIN",3729,"TB","CIN","pass",0.485989528067876
"2026_01_TB_CIN",3754,"TB","CIN","pass",0.61988654662855
"2026_01_TB_CIN",3779,"TB","CIN","run",0.728324477619026
"2026_01_TB_CIN",3806,"TB","CIN","pass",-0.0427275418187492
"2026_01_TB_CIN",3831,"TB","CIN","pass",-0.599597594409715
"2026_01_TB_CIN",3854,"TB","CIN","run",2.73103673022706
"2026_01_TB_CIN",3941,"CIN","TB","pass",1.03430245193886
"2026_01_TB_CIN",3966,"CIN","TB","pass",0.762321571761277
"2026_01_TB_CIN",3991,"CIN","TB","run",-0.899928730912507
"2026_01_TB_CIN",4020,"CIN","TB","pass",0.573001854354516
"2026_01_TB_CIN",4052,"CIN","TB","run",-0.506092203373555
"2026_01_TB_CIN",4114,"CIN","TB","run",0.345915440178942
"2026_01_TB_CIN",4136,"CIN","TB","run",0.273980831319932
"2026_01_WAS_PHI",62,"WAS","PHI","run",0.789821512531489
"2026_01_WAS_PHI",84,"WAS","PHI","run",-0.490735299652442
"2026_01_WAS_PHI",106,"WAS","PHI","pass",-0.904342998284847
"2026_01_WAS_PHI",131,"WAS","PHI","pass",2.34013134194538
"2026_01_WAS_PHI",180,"WAS","PHI","pass",-0.566083805868402
"2026_01_WAS_PHI",203,"WAS","PHI","run",-0.86365701071918
"2026_01_WAS_PHI",225,"WAS","PHI","run",-1.24215332279964
"2026_01_WAS_PHI",286,"PHI","WAS","pass",-0.5467571222689
"2026_01_WAS_PHI",309,"PHI","WAS","run",-0.246078847674653
"2026_01_WAS_PHI",331,"PHI","WAS","run",1.57692843442783
"2026_01_WAS_PHI",358,"PHI","WAS","run",-0.813657256541774
"2026_01_WAS_PHI",380,"PHI","WAS","pass",-0.499943060567603
"2026_01_WAS_PHI",410,"PHI","WAS","pass",-1.60603993549012
"2026_01_WAS_PHI",452,"WAS","PHI","run",-0.614069192204624
"2026_01_WAS_PHI",474,"WAS","PHI","pass",-0.672716805012897
"2026_01_WAS_PHI",497,"WAS","PHI","pass",-1.13333140616305
"2026_01_WAS_PHI",546,"PHI","WAS","run",-0.842250477522612
"2026_01_WAS_PHI",579,"PHI","WAS","pass",-1.09684042353183
"2026_01_WAS_PHI",604,"PHI","WAS","pass",0.102225888520479
"2026_01_WAS_PHI",629,"PHI","WAS","pass",-1.65311141032726
"2026_01_WAS_PHI",675,"WAS","PHI","run",0.06198865827173
"2026_01_WAS_PHI",697,"WAS","PHI","pass",0.31649539526552
"2026_01_WAS_PHI",722,"WAS","PHI","run",-1.64431489957497
"2026_01_WAS_PHI",772,"PHI","WAS","run",0.463630568701774
"2026_01_WAS_PHI",801,"PHI","WAS","pass",4.17429588356754
"2026_01_WAS_PHI",866,"PHI","WAS","run",-0.699284374248236
"2026_01_WAS_PHI",908,"PHI","WAS","run",-0.620281526877079
"2026_01_WAS_PHI",930,"PHI","WAS","pass",3.92568318493431
"2026_01_WAS_PHI",1001,"WAS","PHI","pass",-0.503693870501593
"2026_01_WAS_PHI",1026,"WAS","PHI","pass",-0.715304277371615
"2026_01_WAS_PHI",1049,"WAS","PHI","pass",-1.3113966549281
"2026_01_WAS_PHI",1112,"PHI","WAS","run",-0.139051167294383
"2026_01_WAS_PHI",1141,"PHI","WAS","pass",-0.784780157031491
"2026_01_WAS_PHI",1164,"PHI","WAS","pass",-1.23962287814356
"2026_01_WAS_PHI",1222,"WAS","PHI","run",-0.483002955792472
"2026_01_WAS_PHI",1256,"WAS","PHI","run",1.20209529600106
"2026_01_WAS_PHI",1311,"WAS","PHI","pass",-0.562156515428796
"2026_01_WAS_PHI",1334,"WAS","PHI","pass",-1.34161964408122
"2026_01_WAS_PHI",1359,"WAS","PHI","run",-0.131694914307445
"2026_01_WAS_PHI",1407,"PHI","WAS","pass",-0.479371538385749
"2026_01_WAS_PHI",1437,"PHI","WAS","run",0.392742924392223
"2026_01_WAS_PHI",1466,"PHI","WAS","run",3.33232641412178
"2026_01_WAS_PHI",1488,"PHI","WAS","run",-0.317280971154105
"2026_01_WAS_PHI",1510,"PHI","WAS","pass",2.43083880876657
"2026_01_WAS_PHI",1581,"WAS","PHI","run",0.668864293256775
"2026_01_WAS_PHI",1603,"WAS","PHI","pass",1.01414980727714
"2026_01_WAS_PHI",1628,"WAS","PHI","pass",-0.437083935248666
"2026_01_WAS_PHI",1675,"WAS","PHI","pass",-0.865498884348199
"2026_01_WAS_PHI",1698,"WAS","PHI","run",1.04176444088807
"2026_01_WAS_PHI",1725,"WAS","PHI","run",1.57977931248024
"2026_01_WAS_PHI",1747,"WAS","PHI","run",0.668349412386306
"2026_01_WAS_PHI",1769,"WAS","PHI","run",-0.596637155977078
"2026_01_WAS_PHI",1791,"WAS","PHI","run",0.591778950823937
"2026_01_WAS_PHI",1813,"WAS","PHI","pass",-0.425585386808962
"2026_01_WAS_PHI",1836,"WAS","PHI","pass",2.23504710954148
"2026_01_WAS_PHI",1861,"WAS","PHI","run",0.650273242616095
"2026_01_WAS_PHI",1941,"PHI","WAS","run",-0.0939985696459189
"2026_01_WAS_PHI",1963,"PHI","WAS","pass",0.52743626839947
"2026_01_WAS_PHI",1988,"PHI","WAS","pass",0.378289063926786
"2026_01_WAS_PHI",2018,"PHI","WAS","pass",-0.504061647225171
"2026_01_WAS_PHI",2041,"PHI","WAS","pass",-1.02362494112458
"2026_01_WAS_PHI",2084,"WAS","PHI","run",0.0874708433984779
"2026_01_WAS_PHI",2161,"PHI","WAS","run",-0.834452748531476
"2026_01_WAS_PHI",2188,"PHI","WAS","pass",-1.5036211675033
"2026_01_WAS_PHI",2213,"PHI","WAS","pass",0.528570122085512
"2026_01_WAS_PHI",2269,"WAS","PHI","run",-0.215656015090644
"2026_01_WAS_PHI",2298,"WAS","PHI","pass",-0.885495346738026
"2026_01_WAS_PHI",2321,"WAS","PHI","pass",-1.14123423723504
"2026_01_WAS_PHI",2364,"PHI","WAS","pass",-1.49359102034941
"2026_01_WAS_PHI",2391,"PHI","WAS","pass",0.754737352952361
"2026_01_WAS_PHI",2416,"PHI","WAS","pass",-1.45453642262146
"2026_01_WAS_PHI",2503,"WAS","PHI","run",-0.327985114883631
"2026_01_WAS_PHI",2525,"WAS","PHI","pass",1.86886973492801
"2026_01_WAS_PHI",2550,"WAS","PHI","run",-0.468636211240664
"2026_01_WAS_PHI",2606,"WAS","PHI","run",-0.515563926193863
"2026_01_WAS_PHI",2628,"WAS","PHI","pass",-0.814715652726591
"2026_01_WAS_PHI",2651,"WAS","PHI","pass",-0.908793588497877
"2026_01_WAS_PHI",2695,"PHI","WAS","run",-0.258331281365827
"2026_01_WAS_PHI",2724,"PHI","WAS","run",-1.05658956477419
"2026_01_WAS_PHI",2755,"PHI","WAS","pass",-1.95597949833609
"2026_01_WAS_PHI",2817,"WAS","PHI","run",0.147122731432319
"2026_01_WAS_PHI",2846,"WAS","PHI","pass",-0.819512327201664
"2026_01_WAS_PHI",2893,"WAS","PHI","pass",-0.79734163871035
"2026_01_WAS_PHI",2986,"PHI","WAS","run",0.740145381307229
"2026_01_WAS_PHI",3008,"PHI","WAS","run",-0.744710355531424
"2026_01_WAS_PHI",3030,"PHI","WAS","pass",2.94266255537514
"2026_01_WAS_PHI",3060,"PHI","WAS","pass",-0.412417097017169
"2026_01_WAS_PHI",3083,"PHI","WAS","run",-0.0130256724660285
"2026_01_WAS_PHI",3105,"PHI","WAS","pass",-1.66414265522339
"2026_01_WAS_PHI",3179,"WAS","PHI","run",0.955880069639534
"2026_01_WAS_PHI",3228,"WAS","PHI","pass",0.531902374466881
"2026_01_WAS_PHI",3253,"WAS","PHI","run",0.034872125601396
"2026_01_WAS_PHI",3275,"WAS","PHI","run",-0.267035842640325
"2026_01_WAS_PHI",3302,"WAS","PHI","pass",-1.01060852082446
"2026_01_WAS_PHI",3346,"WAS","PHI","pass",4.12814564513974
"2026_01_WAS_PHI",3376,"WAS","PHI","run",-0.416879719356075
"2026_01_WAS_PHI",3398,"WAS","PHI","pass",-0.536756315035746
"2026_01_WAS_PHI",3423,"WAS","PHI","pass",3.18522408325225
"2026_01_WAS_PHI",3505,"PHI","WAS","run",0.160796352662146
"2026_01_WAS_PHI",3527,"PHI","WAS","run",0.509134819963947
"2026_01_WAS_PHI",3549,"PHI","WAS","pass",-0.810519919963554
"2026_01_WAS_PHI",3597,"PHI","WAS","pass",-0.74269653391093
"2026_01_WAS_PHI",3620,"PHI","WAS","run",2.72039051470347
"2026_01_WAS_PHI",3642,"PHI","WAS","run",-0.385840819450095
"2026_01_WAS_PHI",3672,"PHI","WAS","run",-0.482803907478228
"2026_01_WAS_PHI",3694,"PHI","WAS","pass",4.98029462830164
"2026_01_WAS_PHI",3765,"WAS","PHI","pass",0.962487386539578
"2026_01_WAS_PHI",3795,"WAS","PHI","run",-0.28268320299685
"2026_01_WAS_PHI",3817,"WAS","PHI","pass",1.45954772288678
"2026_01_WAS_PHI",3847,"WAS","PHI","pass",0.630139909044374
"2026_01_WAS_PHI",3872,"WAS","PHI","run",0.22502102603903
"2026_01_WAS_PHI",3910,"WAS","PHI","run",-0.214325957000256
"2026_01_WAS_PHI",3932,"WAS","PHI","run",0.088623546413146
"2026_01_WAS_PHI",3954,"WAS","PHI","pass",-1.53847100684652
"2026_01_WAS_PHI",3977,"WAS","PHI","pass",2.96007997880224
"2026_01_WAS_PHI",4019,"WAS","PHI","run",0.148471634602174
"2026_01_WAS_PHI",4048,"WAS","PHI","pass",-0.368663546047173
"2026_01_WAS_PHI",4071,"WAS","PHI","pass",1.48102132999338
