"game_id","posteam","fixed_drive","start","result","half_seconds","kneel_only","scored"
"2025_01_ARI_NO","ARI",1,78,"Punt",1796,FALSE,FALSE
"2025_01_ARI_NO","ARI",3,66,"Field goal",1534,FALSE,TRUE
"2025_01_ARI_NO","ARI",5,65,"Touchdown",860,FALSE,TRUE
"2025_01_ARI_NO","ARI",7,71,"Touchdown",293,FALSE,TRUE
"2025_01_ARI_NO","ARI",10,81,"Field goal",1647,FALSE,TRUE
"2025_01_ARI_NO","ARI",12,72,"Punt",1135,FALSE,FALSE
"2025_01_ARI_NO","ARI",14,94,"Punt",831,FALSE,FALSE
"2025_01_ARI_NO","ARI",16,40,"Missed field goal",523,FALSE,FALSE
"2025_01_ARI_NO","ARI",18,74,"Punt",155,FALSE,FALSE
"2025_01_ARI_NO","NO",2,77,"Punt",1587,FALSE,FALSE
"2025_01_ARI_NO","NO",4,75,"Touchdown",1196,FALSE,TRUE
"2025_01_ARI_NO","NO",6,55,"Field goal",598,FALSE,TRUE
"2025_01_ARI_NO","NO",8,71,"End of half",23,FALSE,FALSE
"2025_01_ARI_NO","NO",9,85,"Punt",1796,FALSE,FALSE
"2025_01_ARI_NO","NO",11,73,"Missed field goal",1449,FALSE,FALSE
"2025_01_ARI_NO","NO",13,73,"Punt",953,FALSE,FALSE
"2025_01_ARI_NO","NO",15,83,"Punt",549,FALSE,FALSE
"2025_01_ARI_NO","NO",17,64,"Field goal",274,FALSE,TRUE
"2025_01_ARI_NO","NO",19,58,"Turnover on downs",109,FALSE,FALSE
"2025_01_BAL_BUF","BAL",2,69,"Field goal",1574,FALSE,TRUE
"2025_01_BAL_BUF","BAL",4,85,"Touchdown",999,FALSE,TRUE
"2025_01_BAL_BUF","BAL",6,69,"Touchdown",723,FALSE,TRUE
"2025_01_BAL_BUF","BAL",8,54,"Field goal",163,FALSE,TRUE
"2025_01_BAL_BUF","BAL",10,65,"Touchdown",1800,FALSE,TRUE
"2025_01_BAL_BUF","BAL",12,67,"Punt",1362,FALSE,FALSE
"2025_01_BAL_BUF","BAL",14,68,"Touchdown",1062,FALSE,TRUE
"2025_01_BAL_BUF","BAL",16,65,"Touchdown",765,FALSE,TRUE
"2025_01_BAL_BUF","BAL",18,65,"Punt",558,FALSE,FALSE
"2025_01_BAL_BUF","BAL",20,72,"Turnover",230,FALSE,FALSE
"2025_01_BAL_BUF","BAL",22,69,"Punt",111,FALSE,FALSE
"2025_01_BAL_BUF","BUF",1,50,"Touchdown",1794,FALSE,TRUE
"2025_01_BAL_BUF","BUF",3,65,"Punt",1109,FALSE,FALSE
"2025_01_BAL_BUF","BUF",5,77,"Punt",809,FALSE,FALSE
"2025_01_BAL_BUF","BUF",7,70,"Field goal",581,FALSE,TRUE
"2025_01_BAL_BUF","BUF",9,73,"Field goal",25,FALSE,TRUE
"2025_01_BAL_BUF","BUF",11,60,"Touchdown",1668,FALSE,TRUE
"2025_01_BAL_BUF","BUF",13,84,"Punt",1274,FALSE,FALSE
"2025_01_BAL_BUF","BUF",15,84,"Touchdown",963,FALSE,TRUE
"2025_01_BAL_BUF","BUF",17,72,"Punt",695,FALSE,FALSE
"2025_01_BAL_BUF","BUF",19,80,"Touchdown",436,FALSE,TRUE
"2025_01_BAL_BUF","BUF",21,30,"Touchdown",186,FALSE,TRUE
"2025_01_BAL_BUF","BUF",23,80,"Field goal",86,FALSE,TRUE
"2025_01_CAR_JAX","CAR",2,71,"Field goal",1389,FALSE,TRUE
"2025_01_CAR_JAX","CAR",4,84,"Turnover",806,FALSE,FALSE
"2025_01_CAR_JAX","CAR",6,78,"Punt",506,FALSE,FALSE
"2025_01_CAR_JAX","CAR",8,60,"Turnover",109,FALSE,FALSE
"2025_01_CAR_JAX","CAR",10,80,"End of half",1,TRUE,FALSE
"2025_01_CAR_JAX","CAR",11,60,"Turnover on downs",1800,FALSE,FALSE
"2025_01_CAR_JAX","CAR",13,73,"Punt",1429,FALSE,FALSE
"2025_01_CAR_JAX","CAR",15,38,"Turnover on downs",1020,FALSE,FALSE
"2025_01_CAR_JAX","CAR",17,80,"Touchdown",429,FALSE,TRUE
"2025_01_CAR_JAX","CAR",19,65,"Turnover",117,FALSE,FALSE
"2025_01_CAR_JAX","JAX",1,72,"Field goal",1796,FALSE,TRUE
"2025_01_CAR_JAX","JAX",3,78,"Punt",931,FALSE,FALSE
"2025_01_CAR_JAX","JAX",5,35,"Touchdown",764,FALSE,TRUE
"2025_01_CAR_JAX","JAX",7,91,"Touchdown",219,FALSE,TRUE
"2025_01_CAR_JAX","JAX",9,68,"Field goal",48,FALSE,TRUE
"2025_01_CAR_JAX","JAX",12,94,"Punt",1485,FALSE,FALSE
"2025_01_CAR_JAX","JAX",14,86,"Turnover",1179,FALSE,FALSE
"2025_01_CAR_JAX","JAX",16,67,"Field goal",916,FALSE,TRUE
"2025_01_CAR_JAX","JAX",18,48,"Field goal",286,FALSE,TRUE
"2025_01_CAR_JAX","JAX",20,48,"End of half",44,TRUE,FALSE
"2025_01_CIN_CLE","CIN",1,68,"Touchdown",1795,FALSE,TRUE
"2025_01_CIN_CLE","CIN",3,61,"Punt",756,FALSE,FALSE
"2025_01_CIN_CLE","CIN",5,54,"Touchdown",511,FALSE,TRUE
"2025_01_CIN_CLE","CIN",7,74,"End of half",18,FALSE,FALSE
"2025_01_CIN_CLE","CIN",9,80,"Punt",1340,FALSE,FALSE
"2025_01_CIN_CLE","CIN",11,34,"Field goal",1193,FALSE,TRUE
"2025_01_CIN_CLE","CIN",13,61,"Punt",853,FALSE,FALSE
"2025_01_CIN_CLE","CIN",15,80,"Punt",562,FALSE,FALSE
"2025_01_CIN_CLE","CIN",17,74,"Punt",142,FALSE,FALSE
"2025_01_CIN_CLE","CIN",19,40,"Punt",84,FALSE,FALSE
"2025_01_CIN_CLE","CLE",2,67,"Touchdown",1347,FALSE,TRUE
"2025_01_CIN_CLE","CLE",4,80,"Punt",569,FALSE,FALSE
"2025_01_CIN_CLE","CLE",6,78,"Field goal",252,FALSE,TRUE
"2025_01_CIN_CLE","CLE",8,69,"Touchdown",1795,FALSE,TRUE
"2025_01_CIN_CLE","CLE",10,75,"Turnover",1237,FALSE,FALSE
"2025_01_CIN_CLE","CLE",12,75,"Turnover on downs",1064,FALSE,FALSE
"2025_01_CIN_CLE","CLE",14,80,"Punt",790,FALSE,FALSE
"2025_01_CIN_CLE","CLE",16,42,"Missed field goal",416,FALSE,FALSE
"2025_01_CIN_CLE","CLE",18,67,"Turnover",110,FALSE,FALSE
"2025_01_CIN_CLE","CLE",20,99,"End of half",19,FALSE,FALSE
"2025_01_DAL_PHI","DAL",1,53,"Touchdown",1794,FALSE,TRUE
"2025_01_DAL_PHI","DAL",3,88,"Touchdown",1248,FALSE,TRUE
"2025_01_DAL_PHI","DAL",5,69,"Field goal",401,FALSE,TRUE
"2025_01_DAL_PHI","DAL",7,88,"Field goal",44,FALSE,TRUE
"2025_01_DAL_PHI","DAL",9,71,"Turnover",1402,FALSE,FALSE
"2025_01_DAL_PHI","DAL",11,74,"Punt",1090,FALSE,FALSE
"2025_01_DAL_PHI","DAL",13,89,"Punt",440,FALSE,FALSE
"2025_01_DAL_PHI","DAL",15,82,"Turnover on downs",182,FALSE,FALSE
"2025_01_DAL_PHI","PHI",2,70,"Touchdown",1609,FALSE,TRUE
"2025_01_DAL_PHI","PHI",4,65,"Touchdown",896,FALSE,TRUE
"2025_01_DAL_PHI","PHI",6,81,"Touchdown",149,FALSE,TRUE
"2025_01_DAL_PHI","PHI",8,72,"Field goal",1795,FALSE,TRUE
"2025_01_DAL_PHI","PHI",10,84,"Punt",1184,FALSE,FALSE
"2025_01_DAL_PHI","PHI",12,87,"Punt",886,FALSE,FALSE
"2025_01_DAL_PHI","PHI",14,76,"Punt",283,FALSE,FALSE
"2025_01_DAL_PHI","PHI",16,44,"End of half",114,FALSE,FALSE
"2025_01_DET_GB","DET",2,76,"Punt",1462,FALSE,FALSE
"2025_01_DET_GB","DET",4,90,"Field goal",1132,FALSE,TRUE
"2025_01_DET_GB","DET",6,71,"Turnover",509,FALSE,FALSE
"2025_01_DET_GB","DET",8,82,"End of half",5,TRUE,FALSE
"2025_01_DET_GB","DET",9,68,"Field goal",1796,FALSE,TRUE
"2025_01_DET_GB","DET",11,79,"Punt",1359,FALSE,FALSE
"2025_01_DET_GB","DET",13,92,"Punt",900,FALSE,FALSE
"2025_01_DET_GB","DET",15,73,"Turnover on downs",472,FALSE,FALSE
"2025_01_DET_GB","DET",17,65,"Touchdown",262,FALSE,TRUE
"2025_01_DET_GB","GB",1,83,"Touchdown",1795,FALSE,TRUE
"2025_01_DET_GB","GB",3,52,"Field goal",1312,FALSE,TRUE
"2025_01_DET_GB","GB",5,65,"Touchdown",567,FALSE,TRUE
"2025_01_DET_GB","GB",7,87,"Punt",70,FALSE,FALSE
"2025_01_DET_GB","GB",10,76,"Punt",1474,FALSE,FALSE
"2025_01_DET_GB","GB",12,85,"Punt",1155,FALSE,FALSE
"2025_01_DET_GB","GB",14,36,"Touchdown",760,FALSE,TRUE
"2025_01_DET_GB","GB",16,27,"Field goal",397,FALSE,TRUE
"2025_01_DET_GB","GB",18,49,"End of half",55,FALSE,FALSE
"2025_01_HOU_LA","HOU",1,80,"Punt",1800,FALSE,FALSE
"2025_01_HOU_LA","HOU",3,95,"Field goal",1396,FALSE,TRUE
"2025_01_HOU_LA","HOU",5,80,"Punt",792,FALSE,FALSE
"2025_01_HOU_LA","HOU",7,46,"Field goal",612,FALSE,TRUE
"2025_01_HOU_LA","HOU",9,77,"Field goal",49,FALSE,TRUE
"2025_01_HOU_LA","HOU",11,80,"Turnover",1648,FALSE,FALSE
"2025_01_HOU_LA","HOU",13,76,"Punt",1295,FALSE,FALSE
"2025_01_HOU_LA","HOU",15,95,"Punt",725,FALSE,FALSE
"2025_01_HOU_LA","HOU",17,81,"Turnover",249,FALSE,FALSE
"2025_01_HOU_LA","LA",2,71,"Punt",1669,FALSE,FALSE
"2025_01_HOU_LA","LA",4,75,"Punt",963,FALSE,FALSE
"2025_01_HOU_LA","LA",6,75,"Punt",673,FALSE,FALSE
"2025_01_HOU_LA","LA",8,65,"Touchdown",287,FALSE,TRUE
"2025_01_HOU_LA","LA",10,68,"Touchdown",1795,FALSE,TRUE
"2025_01_HOU_LA","LA",12,59,"Punt",1403,FALSE,FALSE
"2025_01_HOU_LA","LA",14,87,"Punt",1020,FALSE,FALSE
"2025_01_HOU_LA","LA",16,66,"Turnover",555,FALSE,FALSE
"2025_01_HOU_LA","LA",18,76,"End of half",103,FALSE,FALSE
"2025_01_KC_LAC","KC",1,76,"Punt",1792,FALSE,FALSE
"2025_01_KC_LAC","KC",3,65,"Punt",1451,FALSE,FALSE
"2025_01_KC_LAC","KC",5,58,"Punt",1168,FALSE,FALSE
"2025_01_KC_LAC","KC",7,66,"Field goal",820,FALSE,TRUE
"2025_01_KC_LAC","KC",9,71,"Field goal",40,FALSE,TRUE
"2025_01_KC_LAC","KC",11,80,"Touchdown",1738,FALSE,TRUE
"2025_01_KC_LAC","KC",13,65,"Touchdown",925,FALSE,TRUE
"2025_01_KC_LAC","KC",15,72,"Field goal",297,FALSE,TRUE
"2025_01_KC_LAC","LAC",2,68,"Touchdown",1706,FALSE,TRUE
"2025_01_KC_LAC","LAC",4,98,"Punt",1261,FALSE,FALSE
"2025_01_KC_LAC","LAC",6,79,"Field goal",1107,FALSE,TRUE
"2025_01_KC_LAC","LAC",8,65,"Field goal",290,FALSE,TRUE
"2025_01_KC_LAC","LAC",10,72,"Punt",1795,FALSE,FALSE
"2025_01_KC_LAC","LAC",12,74,"Touchdown",1378,FALSE,TRUE
"2025_01_KC_LAC","LAC",14,74,"Touchdown",719,FALSE,TRUE
"2025_01_KC_LAC","LAC",16,80,"End of half",154,FALSE,FALSE
"2025_01_LV_NE","LV",1,66,"Touchdown",1795,FALSE,TRUE
"2025_01_LV_NE","LV",3,95,"Turnover",1534,FALSE,FALSE
"2025_01_LV_NE","LV",5,69,"Punt",957,FALSE,FALSE
"2025_01_LV_NE","LV",7,70,"Punt",547,FALSE,FALSE
"2025_01_LV_NE","LV",9,64,"Punt",111,FALSE,FALSE
"2025_01_LV_NE","LV",11,74,"Missed field goal",39,FALSE,FALSE
"2025_01_LV_NE","LV",13,71,"Touchdown",1634,FALSE,TRUE
"2025_01_LV_NE","LV",15,80,"Punt",1420,FALSE,FALSE
"2025_01_LV_NE","LV",17,84,"Field goal",1167,FALSE,TRUE
"2025_01_LV_NE","LV",19,88,"Field goal",813,FALSE,TRUE
"2025_01_LV_NE","LV",21,65,"Punt",288,FALSE,FALSE
"2025_01_LV_NE","LV",23,52,"End of half",18,TRUE,FALSE
"2025_01_LV_NE","NE",2,53,"Punt",1631,FALSE,FALSE
"2025_01_LV_NE","NE",4,82,"Touchdown",1282,FALSE,TRUE
"2025_01_LV_NE","NE",6,74,"Missed field goal",849,FALSE,FALSE
"2025_01_LV_NE","NE",8,73,"Field goal",462,FALSE,TRUE
"2025_01_LV_NE","NE",10,74,"Punt",85,FALSE,FALSE
"2025_01_LV_NE","NE",12,88,"Turnover",1795,FALSE,FALSE
"2025_01_LV_NE","NE",14,60,"Punt",1479,FALSE,FALSE
"2025_01_LV_NE","NE",16,75,"Punt",1285,FALSE,FALSE
"2025_01_LV_NE","NE",18,69,"Punt",945,FALSE,FALSE
"2025_01_LV_NE","NE",20,72,"Punt",400,FALSE,FALSE
"2025_01_LV_NE","NE",22,80,"Field goal",108,FALSE,TRUE
"2025_01_MIA_IND","IND",1,68,"Field goal",1794,FALSE,TRUE
"2025_01_MIA_IND","IND",3,84,"Touchdown",1392,FALSE,TRUE
"2025_01_MIA_IND","IND",5,42,"Touchdown",854,FALSE,TRUE
"2025_01_MIA_IND","IND",7,88,"Field goal",406,FALSE,TRUE
"2025_01_MIA_IND","IND",9,58,"Field goal",1579,FALSE,TRUE
"2025_01_MIA_IND","IND",11,69,"Touchdown",1170,FALSE,TRUE
"2025_01_MIA_IND","IND",13,51,"Field goal",380,FALSE,TRUE
"2025_01_MIA_IND","MIA",2,55,"Turnover",1530,FALSE,FALSE
"2025_01_MIA_IND","MIA",4,62,"Turnover",889,FALSE,FALSE
"2025_01_MIA_IND","MIA",6,76,"Punt",717,FALSE,FALSE
"2025_01_MIA_IND","MIA",8,68,"Turnover",1795,FALSE,FALSE
"2025_01_MIA_IND","MIA",10,75,"Turnover on downs",1345,FALSE,FALSE
"2025_01_MIA_IND","MIA",12,65,"Touchdown",611,FALSE,TRUE
"2025_01_MIA_IND","MIA",14,66,"End of half",138,FALSE,FALSE
"2025_01_MIN_CHI","CHI",2,61,"Touchdown",1665,FALSE,TRUE
"2025_01_MIN_CHI","CHI",4,75,"Punt",1191,FALSE,FALSE
"2025_01_MIN_CHI","CHI",6,61,"Turnover on downs",761,FALSE,FALSE
"2025_01_MIN_CHI","CHI",8,65,"Punt",412,FALSE,FALSE
"2025_01_MIN_CHI","CHI",10,59,"Field goal",269,FALSE,TRUE
"2025_01_MIN_CHI","CHI",13,78,"Punt",1794,FALSE,FALSE
"2025_01_MIN_CHI","CHI",16,80,"Punt",1508,FALSE,FALSE
"2025_01_MIN_CHI","CHI",18,76,"Missed field goal",1246,FALSE,FALSE
"2025_01_MIN_CHI","CHI",20,75,"Punt",729,FALSE,FALSE
"2025_01_MIN_CHI","CHI",22,65,"Punt",586,FALSE,FALSE
"2025_01_MIN_CHI","CHI",24,65,"Touchdown",173,FALSE,TRUE
"2025_01_MIN_CHI","CHI",26,80,"Turnover",9,FALSE,FALSE
"2025_01_MIN_CHI","MIN",1,75,"Punt",1793,FALSE,FALSE
"2025_01_MIN_CHI","MIN",3,76,"Punt",1319,FALSE,FALSE
"2025_01_MIN_CHI","MIN",5,81,"Field goal",958,FALSE,TRUE
"2025_01_MIN_CHI","MIN",7,75,"Punt",535,FALSE,FALSE
"2025_01_MIN_CHI","MIN",9,76,"Punt",352,FALSE,FALSE
"2025_01_MIN_CHI","MIN",11,69,"Field goal",19,FALSE,TRUE
"2025_01_MIN_CHI","MIN",14,49,"Opp touchdown",1768,FALSE,FALSE
"2025_01_MIN_CHI","MIN",15,72,"Punt",1665,FALSE,FALSE
"2025_01_MIN_CHI","MIN",17,77,"Punt",1334,FALSE,FALSE
"2025_01_MIN_CHI","MIN",19,60,"Touchdown",895,FALSE,TRUE
"2025_01_MIN_CHI","MIN",21,50,"Touchdown",637,FALSE,TRUE
"2025_01_MIN_CHI","MIN",23,68,"Touchdown",444,FALSE,TRUE
"2025_01_MIN_CHI","MIN",25,74,"Punt",115,FALSE,FALSE
"2025_01_NYG_WAS","NYG",2,77,"Punt",1651,FALSE,FALSE
"2025_01_NYG_WAS","NYG",4,78,"Field goal",1315,FALSE,TRUE
"2025_01_NYG_WAS","NYG",6,85,"Punt",787,FALSE,FALSE
"2025_01_NYG_WAS","NYG",8,79,"Punt",369,FALSE,FALSE
"2025_01_NYG_WAS","NYG",10,80,"Punt",1800,FALSE,FALSE
"2025_01_NYG_WAS","NYG",12,71,"Punt",1458,FALSE,FALSE
"2025_01_NYG_WAS","NYG",14,80,"Field goal",1324,FALSE,TRUE
"2025_01_NYG_WAS","NYG",16,88,"Punt",850,FALSE,FALSE
"2025_01_NYG_WAS","NYG",18,65,"Turnover on downs",429,FALSE,FALSE
"2025_01_NYG_WAS","WAS",1,80,"Punt",1795,FALSE,FALSE
"2025_01_NYG_WAS","WAS",3,89,"Touchdown",1562,FALSE,TRUE
"2025_01_NYG_WAS","WAS",5,70,"Punt",831,FALSE,FALSE
"2025_01_NYG_WAS","WAS",7,58,"Touchdown",700,FALSE,TRUE
"2025_01_NYG_WAS","WAS",9,59,"End of half",120,FALSE,FALSE
"2025_01_NYG_WAS","WAS",11,80,"Punt",1644,FALSE,FALSE
"2025_01_NYG_WAS","WAS",13,75,"Punt",1410,FALSE,FALSE
"2025_01_NYG_WAS","WAS",15,61,"Punt",996,FALSE,FALSE
"2025_01_NYG_WAS","WAS",17,80,"Touchdown",726,FALSE,TRUE
"2025_01_NYG_WAS","WAS",19,97,"End of half",159,FALSE,FALSE
"2025_01_PIT_NYJ","NYJ",1,65,"Field goal",1795,FALSE,TRUE
"2025_01_PIT_NYJ","NYJ",3,55,"Touchdown",1112,FALSE,TRUE
"2025_01_PIT_NYJ","NYJ",5,68,"Touchdown",801,FALSE,TRUE
"2025_01_PIT_NYJ","NYJ",7,74,"Field goal",467,FALSE,TRUE
"2025_01_PIT_NYJ","NYJ",9,67,"End of half",27,FALSE,FALSE
"2025_01_PIT_NYJ","NYJ",11,84,"Punt",1687,FALSE,FALSE
"2025_01_PIT_NYJ","NYJ",13,68,"Touchdown",1437,FALSE,TRUE
"2025_01_PIT_NYJ","NYJ",16,67,"Touchdown",841,FALSE,TRUE
"2025_01_PIT_NYJ","NYJ",18,79,"Punt",321,FALSE,FALSE
"2025_01_PIT_NYJ","NYJ",20,69,"Turnover on downs",56,FALSE,FALSE
"2025_01_PIT_NYJ","PIT",2,71,"Touchdown",1449,FALSE,TRUE
"2025_01_PIT_NYJ","PIT",4,72,"Field goal",917,FALSE,TRUE
"2025_01_PIT_NYJ","PIT",6,72,"Punt",597,FALSE,FALSE
"2025_01_PIT_NYJ","PIT",8,65,"Touchdown",174,FALSE,TRUE
"2025_01_PIT_NYJ","PIT",10,70,"Punt",1795,FALSE,FALSE
"2025_01_PIT_NYJ","PIT",12,77,"Punt",1587,FALSE,FALSE
"2025_01_PIT_NYJ","PIT",14,68,"Touchdown",1121,FALSE,TRUE
"2025_01_PIT_NYJ","PIT",15,22,"Touchdown",890,FALSE,TRUE
"2025_01_PIT_NYJ","PIT",17,63,"Punt",413,FALSE,FALSE
"2025_01_PIT_NYJ","PIT",19,81,"Field goal",193,FALSE,TRUE
"2025_01_PIT_NYJ","PIT",21,37,"End of half",18,TRUE,FALSE
"2025_01_SF_SEA","SEA",1,65,"Punt",1800,FALSE,FALSE
"2025_01_SF_SEA","SEA",3,69,"Touchdown",1117,FALSE,TRUE
"2025_01_SF_SEA","SEA",5,65,"Punt",726,FALSE,FALSE
"2025_01_SF_SEA","SEA",7,86,"Punt",484,FALSE,FALSE
"2025_01_SF_SEA","SEA",9,80,"Field goal",57,FALSE,TRUE
"2025_01_SF_SEA","SEA",12,71,"Punt",1626,FALSE,FALSE
"2025_01_SF_SEA","SEA",14,69,"Turnover",1034,FALSE,FALSE
"2025_01_SF_SEA","SEA",16,63,"Punt",576,FALSE,FALSE
"2025_01_SF_SEA","SEA",18,53,"Field goal",426,FALSE,TRUE
"2025_01_SF_SEA","SEA",20,65,"Turnover",94,FALSE,FALSE
"2025_01_SF_SEA","SF",2,95,"Touchdown",1625,FALSE,TRUE
"2025_01_SF_SEA","SF",4,65,"Punt",818,FALSE,FALSE
"2025_01_SF_SEA","SF",6,86,"Punt",664,FALSE,FALSE
"2025_01_SF_SEA","SF",8,66,"Missed field goal",366,FALSE,FALSE
"2025_01_SF_SEA","SF",10,65,"End of half",2,TRUE,FALSE
"2025_01_SF_SEA","SF",11,75,"Turnover",1795,FALSE,FALSE
"2025_01_SF_SEA","SF",13,75,"Missed field goal",1535,FALSE,FALSE
"2025_01_SF_SEA","SF",15,66,"Field goal",890,FALSE,TRUE
"2025_01_SF_SEA","SF",17,70,"Turnover",490,FALSE,FALSE
"2025_01_SF_SEA","SF",19,68,"Touchdown",199,FALSE,TRUE
"2025_01_SF_SEA","SF",21,92,"End of half",36,TRUE,FALSE
"2025_01_TB_ATL","ATL",1,65,"Touchdown",1794,FALSE,TRUE
"2025_01_TB_ATL","ATL",3,82,"Punt",1631,FALSE,FALSE
"2025_01_TB_ATL","ATL",5,62,"Punt",1186,FALSE,FALSE
"2025_01_TB_ATL","ATL",7,71,"Turnover on downs",610,FALSE,FALSE
"2025_01_TB_ATL","ATL",9,70,"Field goal",406,FALSE,TRUE
"2025_01_TB_ATL","ATL",11,62,"End of half",9,FALSE,FALSE
"2025_01_TB_ATL","ATL",13,66,"Punt",1602,FALSE,FALSE
"2025_01_TB_ATL","ATL",15,71,"Field goal",1339,FALSE,TRUE
"2025_01_TB_ATL","ATL",17,91,"Touchdown",663,FALSE,TRUE
"2025_01_TB_ATL","ATL",19,86,"Missed field goal",52,FALSE,FALSE
"2025_01_TB_ATL","TB",2,60,"Punt",1694,FALSE,FALSE
"2025_01_TB_ATL","TB",4,92,"Punt",1288,FALSE,FALSE
"2025_01_TB_ATL","TB",6,91,"Field goal",1104,FALSE,TRUE
"2025_01_TB_ATL","TB",8,52,"Touchdown",537,FALSE,TRUE
"2025_01_TB_ATL","TB",10,78,"Punt",48,FALSE,FALSE
"2025_01_TB_ATL","TB",12,65,"Missed field goal",1800,FALSE,FALSE
"2025_01_TB_ATL","TB",14,32,"Touchdown",1479,FALSE,TRUE
"2025_01_TB_ATL","TB",16,73,"Punt",914,FALSE,FALSE
"2025_01_TB_ATL","TB",18,63,"Touchdown",130,FALSE,TRUE
"2025_01_TB_ATL","TB",20,66,"End of half",2,TRUE,FALSE
"2025_01_TEN_DEN","DEN",2,65,"Field goal",1618,FALSE,TRUE
"2025_01_TEN_DEN","DEN",4,92,"Turnover",1216,FALSE,FALSE
"2025_01_TEN_DEN","DEN",6,68,"Punt",795,FALSE,FALSE
"2025_01_TEN_DEN","DEN",8,64,"Turnover",569,FALSE,FALSE
"2025_01_TEN_DEN","DEN",10,73,"Punt",131,FALSE,FALSE
"2025_01_TEN_DEN","DEN",12,38,"Touchdown",27,FALSE,TRUE
"2025_01_TEN_DEN","DEN",14,65,"End of half",2,TRUE,FALSE
"2025_01_TEN_DEN","DEN",15,77,"Turnover",1794,FALSE,FALSE
"2025_01_TEN_DEN","DEN",17,63,"Field goal",1610,FALSE,TRUE
"2025_01_TEN_DEN","DEN",19,69,"Punt",1047,FALSE,FALSE
"2025_01_TEN_DEN","DEN",22,80,"Touchdown",562,FALSE,TRUE
"2025_01_TEN_DEN","DEN",24,63,"Turnover on downs",395,FALSE,FALSE
"2025_01_TEN_DEN","DEN",26,94,"Turnover on downs",249,FALSE,FALSE
"2025_01_TEN_DEN","DEN",28,34,"End of half",41,TRUE,FALSE
"2025_01_TEN_DEN","TEN",1,65,"Field goal",1800,FALSE,TRUE
"2025_01_TEN_DEN","TEN",3,70,"Punt",1410,FALSE,FALSE
"2025_01_TEN_DEN","TEN",5,54,"Turnover",941,FALSE,FALSE
"2025_01_TEN_DEN","TEN",7,92,"Punt",700,FALSE,FALSE
"2025_01_TEN_DEN","TEN",9,38,"Field goal",423,FALSE,TRUE
"2025_01_TEN_DEN","TEN",11,93,"Punt",47,FALSE,FALSE
"2025_01_TEN_DEN","TEN",13,24,"Field goal",6,FALSE,TRUE
"2025_01_TEN_DEN","TEN",16,26,"Field goal",1745,FALSE,TRUE
"2025_01_TEN_DEN","TEN",18,70,"Punt",1152,FALSE,FALSE
"2025_01_TEN_DEN","TEN",20,90,"Punt",890,FALSE,FALSE
"2025_01_TEN_DEN","TEN",21,24,"Punt",703,FALSE,FALSE
"2025_01_TEN_DEN","TEN",23,70,"Punt",451,FALSE,FALSE
"2025_01_TEN_DEN","TEN",25,46,"Punt",307,FALSE,FALSE
"2025_01_TEN_DEN","TEN",27,64,"Turnover",59,FALSE,FALSE
"2025_02_ATL_MIN","ATL",1,65,"Field goal",1800,FALSE,TRUE
"2025_02_ATL_MIN","ATL",3,36,"Field goal",1458,FALSE,TRUE
"2025_02_ATL_MIN","ATL",5,72,"Turnover",1175,FALSE,FALSE
"2025_02_ATL_MIN","ATL",7,77,"Punt",420,FALSE,FALSE
"2025_02_ATL_MIN","ATL",9,38,"Field goal",123,FALSE,TRUE
"2025_02_ATL_MIN","ATL",12,79,"Field goal",1744,FALSE,TRUE
"2025_02_ATL_MIN","ATL",14,83,"Punt",988,FALSE,FALSE
"2025_02_ATL_MIN","ATL",16,38,"Field goal",895,FALSE,TRUE
"2025_02_ATL_MIN","ATL",18,83,"Touchdown",579,FALSE,TRUE
"2025_02_ATL_MIN","ATL",20,97,"Punt",155,FALSE,FALSE
"2025_02_ATL_MIN","ATL",21,44,"End of half",20,TRUE,FALSE
"2025_02_ATL_MIN","MIN",2,73,"Turnover on downs",1566,FALSE,FALSE
"2025_02_ATL_MIN","MIN",4,86,"Punt",1303,FALSE,FALSE
"2025_02_ATL_MIN","MIN",6,68,"Field goal",988,FALSE,TRUE
"2025_02_ATL_MIN","MIN",8,87,"Turnover",203,FALSE,FALSE
"2025_02_ATL_MIN","MIN",10,80,"Field goal",18,FALSE,TRUE
"2025_02_ATL_MIN","MIN",11,78,"Punt",1795,FALSE,FALSE
"2025_02_ATL_MIN","MIN",13,69,"Punt",1271,FALSE,FALSE
"2025_02_ATL_MIN","MIN",15,52,"Turnover",900,FALSE,FALSE
"2025_02_ATL_MIN","MIN",17,81,"Punt",671,FALSE,FALSE
"2025_02_ATL_MIN","MIN",19,70,"Turnover",202,FALSE,FALSE
"2025_02_BUF_NYJ","BUF",2,81,"Touchdown",1707,FALSE,TRUE
"2025_02_BUF_NYJ","BUF",4,24,"Field goal",1334,FALSE,TRUE
"2025_02_BUF_NYJ","BUF",6,80,"Field goal",1053,FALSE,TRUE
"2025_02_BUF_NYJ","BUF",8,73,"Touchdown",705,FALSE,TRUE
"2025_02_BUF_NYJ","BUF",10,75,"Punt",255,FALSE,FALSE
"2025_02_BUF_NYJ","BUF",12,90,"End of half",10,TRUE,FALSE
"2025_02_BUF_NYJ","BUF",13,79,"Field goal",1793,FALSE,TRUE
"2025_02_BUF_NYJ","BUF",15,79,"Touchdown",1316,FALSE,TRUE
"2025_02_BUF_NYJ","BUF",17,61,"Punt",830,FALSE,FALSE
"2025_02_BUF_NYJ","BUF",19,85,"Punt",503,FALSE,FALSE
"2025_02_BUF_NYJ","BUF",21,44,"End of half",207,FALSE,FALSE
"2025_02_BUF_NYJ","NYJ",1,64,"Punt",1795,FALSE,FALSE
"2025_02_BUF_NYJ","NYJ",3,81,"Turnover",1344,FALSE,FALSE
"2025_02_BUF_NYJ","NYJ",5,75,"Punt",1195,FALSE,FALSE
"2025_02_BUF_NYJ","NYJ",7,68,"Punt",835,FALSE,FALSE
"2025_02_BUF_NYJ","NYJ",9,63,"Field goal",525,FALSE,TRUE
"2025_02_BUF_NYJ","NYJ",11,87,"Punt",48,FALSE,FALSE
"2025_02_BUF_NYJ","NYJ",14,81,"Punt",1434,FALSE,FALSE
"2025_02_BUF_NYJ","NYJ",16,67,"Punt",892,FALSE,FALSE
"2025_02_BUF_NYJ","NYJ",18,85,"Punt",723,FALSE,FALSE
"2025_02_BUF_NYJ","NYJ",20,54,"Touchdown",395,FALSE,TRUE
"2025_02_CAR_ARI","ARI",3,48,"Field goal",1433,FALSE,TRUE
"2025_02_CAR_ARI","ARI",5,78,"Punt",945,FALSE,FALSE
"2025_02_CAR_ARI","ARI",7,90,"Field goal",439,FALSE,TRUE
"2025_02_CAR_ARI","ARI",9,45,"Touchdown",51,FALSE,TRUE
"2025_02_CAR_ARI","ARI",11,71,"Touchdown",1796,FALSE,TRUE
"2025_02_CAR_ARI","ARI",13,72,"Turnover",1020,FALSE,FALSE
"2025_02_CAR_ARI","ARI",15,90,"Punt",301,FALSE,FALSE
"2025_02_CAR_ARI","ARI",18,54,"End of half",26,TRUE,FALSE
"2025_02_CAR_ARI","CAR",1,73,"Opp touchdown",1795,FALSE,FALSE
"2025_02_CAR_ARI","CAR",2,77,"Turnover",1700,FALSE,FALSE
"2025_02_CAR_ARI","CAR",4,64,"Field goal",1212,FALSE,TRUE
"2025_02_CAR_ARI","CAR",6,76,"Punt",721,FALSE,FALSE
"2025_02_CAR_ARI","CAR",8,89,"Punt",107,FALSE,FALSE
"2025_02_CAR_ARI","CAR",10,65,"End of half",4,TRUE,FALSE
"2025_02_CAR_ARI","CAR",12,76,"Touchdown",1456,FALSE,TRUE
"2025_02_CAR_ARI","CAR",14,88,"Touchdown",632,FALSE,TRUE
"2025_02_CAR_ARI","CAR",16,76,"Touchdown",271,FALSE,TRUE
"2025_02_CAR_ARI","CAR",17,51,"Turnover on downs",115,FALSE,FALSE
"2025_02_CHI_DET","CHI",2,74,"Touchdown",1626,FALSE,TRUE
"2025_02_CHI_DET","CHI",4,90,"Punt",1312,FALSE,FALSE
"2025_02_CHI_DET","CHI",6,64,"Turnover",1053,FALSE,FALSE
"2025_02_CHI_DET","CHI",8,72,"Turnover on downs",880,FALSE,FALSE
"2025_02_CHI_DET","CHI",10,55,"Turnover",717,FALSE,FALSE
"2025_02_CHI_DET","CHI",12,57,"Touchdown",282,FALSE,TRUE
"2025_02_CHI_DET","CHI",15,76,"Punt",1795,FALSE,FALSE
"2025_02_CHI_DET","CHI",17,69,"Turnover on downs",1533,FALSE,FALSE
"2025_02_CHI_DET","CHI",19,69,"Punt",1277,FALSE,FALSE
"2025_02_CHI_DET","CHI",21,60,"Touchdown",896,FALSE,TRUE
"2025_02_CHI_DET","CHI",23,83,"Punt",473,FALSE,FALSE
"2025_02_CHI_DET","CHI",25,85,"End of half",241,FALSE,FALSE
"2025_02_CHI_DET","DET",1,60,"Touchdown",1800,FALSE,TRUE
"2025_02_CHI_DET","DET",3,70,"Punt",1405,FALSE,FALSE
"2025_02_CHI_DET","DET",5,50,"Touchdown",1203,FALSE,TRUE
"2025_02_CHI_DET","DET",7,68,"Punt",931,FALSE,FALSE
"2025_02_CHI_DET","DET",9,37,"Missed field goal",794,FALSE,FALSE
"2025_02_CHI_DET","DET",11,67,"Touchdown",585,FALSE,TRUE
"2025_02_CHI_DET","DET",13,76,"Touchdown",111,FALSE,TRUE
"2025_02_CHI_DET","DET",16,76,"Field goal",1722,FALSE,TRUE
"2025_02_CHI_DET","DET",18,46,"Touchdown",1361,FALSE,TRUE
"2025_02_CHI_DET","DET",20,84,"Touchdown",1159,FALSE,TRUE
"2025_02_CHI_DET","DET",22,43,"Touchdown",704,FALSE,TRUE
"2025_02_CHI_DET","DET",24,71,"Punt",362,FALSE,FALSE
"2025_02_CLE_BAL","BAL",2,89,"Punt",1588,FALSE,FALSE
"2025_02_CLE_BAL","BAL",4,49,"Field goal",1305,FALSE,TRUE
"2025_02_CLE_BAL","BAL",6,78,"Punt",1030,FALSE,FALSE
"2025_02_CLE_BAL","BAL",8,24,"Touchdown",726,FALSE,TRUE
"2025_02_CLE_BAL","BAL",10,91,"Punt",483,FALSE,FALSE
"2025_02_CLE_BAL","BAL",12,96,"Punt",225,FALSE,FALSE
"2025_02_CLE_BAL","BAL",14,74,"Punt",23,FALSE,FALSE
"2025_02_CLE_BAL","BAL",15,65,"Field goal",1800,FALSE,TRUE
"2025_02_CLE_BAL","BAL",17,5,"Touchdown",1589,FALSE,TRUE
"2025_02_CLE_BAL","BAL",19,66,"Touchdown",1196,FALSE,TRUE
"2025_02_CLE_BAL","BAL",22,36,"Touchdown",377,FALSE,TRUE
"2025_02_CLE_BAL","BAL",24,71,"End of half",104,TRUE,FALSE
"2025_02_CLE_BAL","CLE",1,78,"Punt",1796,FALSE,FALSE
"2025_02_CLE_BAL","CLE",3,85,"Punt",1363,FALSE,FALSE
"2025_02_CLE_BAL","CLE",5,60,"Punt",1086,FALSE,FALSE
"2025_02_CLE_BAL","CLE",7,72,"Punt",892,FALSE,FALSE
"2025_02_CLE_BAL","CLE",9,72,"Punt",668,FALSE,FALSE
"2025_02_CLE_BAL","CLE",11,72,"Punt",402,FALSE,FALSE
"2025_02_CLE_BAL","CLE",13,48,"Field goal",113,FALSE,TRUE
"2025_02_CLE_BAL","CLE",16,60,"Turnover",1646,FALSE,FALSE
"2025_02_CLE_BAL","CLE",18,71,"Touchdown",1505,FALSE,TRUE
"2025_02_CLE_BAL","CLE",20,71,"Opp touchdown",801,FALSE,FALSE
"2025_02_CLE_BAL","CLE",21,75,"Turnover on downs",493,FALSE,FALSE
"2025_02_CLE_BAL","CLE",23,65,"Touchdown",283,FALSE,TRUE
"2025_02_DEN_IND","DEN",2,64,"Touchdown",1607,FALSE,TRUE
"2025_02_DEN_IND","DEN",4,65,"Punt",1159,FALSE,FALSE
"2025_02_DEN_IND","DEN",6,67,"Touchdown",845,FALSE,TRUE
"2025_02_DEN_IND","DEN",8,50,"Touchdown",448,FALSE,TRUE
"2025_02_DEN_IND","DEN",10,68,"Punt",85,FALSE,FALSE
"2025_02_DEN_IND","DEN",12,60,"Touchdown",1800,FALSE,TRUE
"2025_02_DEN_IND","DEN",14,65,"Punt",1236,FALSE,FALSE
"2025_02_DEN_IND","DEN",16,50,"Turnover",782,FALSE,FALSE
"2025_02_DEN_IND","DEN",18,65,"Missed field goal",509,FALSE,FALSE
"2025_02_DEN_IND","IND",1,72,"Field goal",1794,FALSE,TRUE
"2025_02_DEN_IND","IND",3,70,"Field goal",1398,FALSE,TRUE
"2025_02_DEN_IND","IND",5,85,"Touchdown",1062,FALSE,TRUE
"2025_02_DEN_IND","IND",7,72,"Turnover on downs",638,FALSE,FALSE
"2025_02_DEN_IND","IND",9,81,"Touchdown",178,FALSE,TRUE
"2025_02_DEN_IND","IND",11,93,"End of half",18,FALSE,FALSE
"2025_02_DEN_IND","IND",13,60,"Field goal",1566,FALSE,TRUE
"2025_02_DEN_IND","IND",15,92,"Turnover on downs",1063,FALSE,FALSE
"2025_02_DEN_IND","IND",17,91,"Field goal",685,FALSE,TRUE
"2025_02_DEN_IND","IND",19,68,"Field goal",195,FALSE,TRUE
"2025_02_JAX_CIN","CIN",2,74,"Punt",1546,FALSE,FALSE
"2025_02_JAX_CIN","CIN",4,80,"Touchdown",1192,FALSE,TRUE
"2025_02_JAX_CIN","CIN",6,66,"Punt",649,FALSE,FALSE
"2025_02_JAX_CIN","CIN",8,30,"Field goal",424,FALSE,TRUE
"2025_02_JAX_CIN","CIN",10,60,"Turnover",89,FALSE,FALSE
"2025_02_JAX_CIN","CIN",12,76,"Touchdown",1797,FALSE,TRUE
"2025_02_JAX_CIN","CIN",14,77,"Turnover",1459,FALSE,FALSE
"2025_02_JAX_CIN","CIN",16,47,"Touchdown",1140,FALSE,TRUE
"2025_02_JAX_CIN","CIN",18,63,"Punt",697,FALSE,FALSE
"2025_02_JAX_CIN","CIN",20,88,"Turnover",363,FALSE,FALSE
"2025_02_JAX_CIN","CIN",22,92,"Touchdown",222,FALSE,TRUE
"2025_02_JAX_CIN","JAX",1,69,"Touchdown",1795,FALSE,TRUE
"2025_02_JAX_CIN","JAX",3,72,"Turnover",1456,FALSE,FALSE
"2025_02_JAX_CIN","JAX",5,75,"Touchdown",903,FALSE,TRUE
"2025_02_JAX_CIN","JAX",7,87,"Turnover",476,FALSE,FALSE
"2025_02_JAX_CIN","JAX",9,65,"Field goal",208,FALSE,TRUE
"2025_02_JAX_CIN","JAX",11,73,"End of half",26,FALSE,FALSE
"2025_02_JAX_CIN","JAX",13,81,"Punt",1559,FALSE,FALSE
"2025_02_JAX_CIN","JAX",15,30,"Touchdown",1330,FALSE,TRUE
"2025_02_JAX_CIN","JAX",17,75,"Field goal",1051,FALSE,TRUE
"2025_02_JAX_CIN","JAX",19,88,"Punt",645,FALSE,FALSE
"2025_02_JAX_CIN","JAX",21,12,"Turnover on downs",312,FALSE,FALSE
"2025_02_JAX_CIN","JAX",23,65,"End of half",18,FALSE,FALSE
"2025_02_LAC_LV","LAC",2,25,"Field goal",1785,FALSE,TRUE
"2025_02_LAC_LV","LAC",4,65,"Punt",1437,FALSE,FALSE
"2025_02_LAC_LV","LAC",6,72,"Touchdown",1234,FALSE,TRUE
"2025_02_LAC_LV","LAC",8,68,"Punt",585,FALSE,FALSE
"2025_02_LAC_LV","LAC",10,91,"Touchdown",274,FALSE,TRUE
"2025_02_LAC_LV","LAC",12,99,"End of half",64,FALSE,FALSE
"2025_02_LAC_LV","LAC",13,74,"Field goal",1793,FALSE,TRUE
"2025_02_LAC_LV","LAC",15,80,"Turnover on downs",675,FALSE,FALSE
"2025_02_LAC_LV","LAC",17,80,"Punt",358,FALSE,FALSE
"2025_02_LAC_LV","LAC",19,29,"Turnover",231,FALSE,FALSE
"2025_02_LAC_LV","LAC",21,34,"End of half",185,FALSE,FALSE
"2025_02_LAC_LV","LV",1,76,"Turnover",1793,FALSE,FALSE
"2025_02_LAC_LV","LV",3,78,"Field goal",1718,FALSE,TRUE
"2025_02_LAC_LV","LV",5,84,"Punt",1377,FALSE,FALSE
"2025_02_LAC_LV","LV",7,65,"Field goal",920,FALSE,TRUE
"2025_02_LAC_LV","LV",9,89,"Punt",486,FALSE,FALSE
"2025_02_LAC_LV","LV",11,72,"Turnover",105,FALSE,FALSE
"2025_02_LAC_LV","LV",14,80,"Field goal",1342,FALSE,TRUE
"2025_02_LAC_LV","LV",16,43,"Turnover",490,FALSE,FALSE
"2025_02_LAC_LV","LV",18,67,"Turnover on downs",263,FALSE,FALSE
"2025_02_LAC_LV","LV",20,70,"Turnover on downs",225,FALSE,FALSE
"2025_02_LA_TEN","LA",2,72,"Touchdown",1622,FALSE,TRUE
"2025_02_LA_TEN","LA",4,90,"Punt",1299,FALSE,FALSE
"2025_02_LA_TEN","LA",6,75,"Field goal",676,FALSE,TRUE
"2025_02_LA_TEN","LA",8,95,"Punt",267,FALSE,FALSE
"2025_02_LA_TEN","LA",10,65,"Turnover",32,FALSE,FALSE
"2025_02_LA_TEN","LA",12,65,"Field goal",1800,FALSE,TRUE
"2025_02_LA_TEN","LA",14,69,"Touchdown",1107,FALSE,TRUE
"2025_02_LA_TEN","LA",16,74,"Punt",903,FALSE,FALSE
"2025_02_LA_TEN","LA",18,21,"Touchdown",669,FALSE,TRUE
"2025_02_LA_TEN","LA",20,66,"Touchdown",548,FALSE,TRUE
"2025_02_LA_TEN","LA",22,41,"End of half",159,FALSE,FALSE
"2025_02_LA_TEN","TEN",1,72,"Punt",1794,FALSE,FALSE
"2025_02_LA_TEN","TEN",3,65,"Punt",1419,FALSE,FALSE
"2025_02_LA_TEN","TEN",5,85,"Field goal",1080,FALSE,TRUE
"2025_02_LA_TEN","TEN",7,85,"Punt",438,FALSE,FALSE
"2025_02_LA_TEN","TEN",9,56,"Touchdown",188,FALSE,TRUE
"2025_02_LA_TEN","TEN",11,46,"Field goal",27,FALSE,TRUE
"2025_02_LA_TEN","TEN",13,74,"Field goal",1463,FALSE,TRUE
"2025_02_LA_TEN","TEN",15,86,"Punt",969,FALSE,FALSE
"2025_02_LA_TEN","TEN",17,73,"Turnover",716,FALSE,FALSE
"2025_02_LA_TEN","TEN",19,76,"Punt",574,FALSE,FALSE
"2025_02_LA_TEN","TEN",21,65,"Field goal",405,FALSE,TRUE
"2025_02_NE_MIA","MIA",2,75,"Punt",1462,FALSE,FALSE
"2025_02_NE_MIA","MIA",4,83,"Touchdown",944,FALSE,TRUE
"2025_02_NE_MIA","MIA",6,77,"Touchdown",111,FALSE,TRUE
"2025_02_NE_MIA","MIA",8,71,"Field goal",1794,FALSE,TRUE
"2025_02_NE_MIA","MIA",10,56,"Field goal",1453,FALSE,TRUE
"2025_02_NE_MIA","MIA",12,69,"Punt",900,FALSE,FALSE
"2025_02_NE_MIA","MIA",15,87,"Turnover",421,FALSE,FALSE
"2025_02_NE_MIA","MIA",17,60,"Turnover on downs",107,FALSE,FALSE
"2025_02_NE_MIA","NE",1,68,"Touchdown",1796,FALSE,TRUE
"2025_02_NE_MIA","NE",3,70,"Touchdown",1374,FALSE,TRUE
"2025_02_NE_MIA","NE",5,75,"Field goal",674,FALSE,TRUE
"2025_02_NE_MIA","NE",7,96,"End of half",31,TRUE,FALSE
"2025_02_NE_MIA","NE",9,83,"Punt",1534,FALSE,FALSE
"2025_02_NE_MIA","NE",11,83,"Touchdown",1111,FALSE,TRUE
"2025_02_NE_MIA","NE",13,87,"Opp touchdown",727,FALSE,FALSE
"2025_02_NE_MIA","NE",16,38,"Field goal",132,FALSE,TRUE
"2025_02_NE_MIA","NE",18,63,"End of half",48,TRUE,FALSE
"2025_02_NYG_DAL","DAL",2,68,"Punt",1266,FALSE,FALSE
"2025_02_NYG_DAL","DAL",4,69,"Punt",960,FALSE,FALSE
"2025_02_NYG_DAL","DAL",6,75,"Field goal",734,FALSE,TRUE
"2025_02_NYG_DAL","DAL",8,64,"Touchdown",330,FALSE,TRUE
"2025_02_NYG_DAL","DAL",10,80,"End of half",96,FALSE,FALSE
"2025_02_NYG_DAL","DAL",11,79,"Turnover",1793,FALSE,FALSE
"2025_02_NYG_DAL","DAL",13,90,"Touchdown",1520,FALSE,TRUE
"2025_02_NYG_DAL","DAL",15,82,"Field goal",1233,FALSE,TRUE
"2025_02_NYG_DAL","DAL",17,85,"Touchdown",722,FALSE,TRUE
"2025_02_NYG_DAL","DAL",19,71,"Touchdown",157,FALSE,TRUE
"2025_02_NYG_DAL","DAL",21,67,"Field goal",19,FALSE,TRUE
"2025_02_NYG_DAL","DAL",22,81,"Punt",594,FALSE,FALSE
"2025_02_NYG_DAL","DAL",24,62,"Punt",292,FALSE,FALSE
"2025_02_NYG_DAL","DAL",26,70,"Field goal",120,FALSE,TRUE
"2025_02_NYG_DAL","NYG",1,80,"Field goal",1788,FALSE,TRUE
"2025_02_NYG_DAL","NYG",3,69,"Field goal",1187,FALSE,TRUE
"2025_02_NYG_DAL","NYG",5,81,"Punt",849,FALSE,FALSE
"2025_02_NYG_DAL","NYG",7,70,"Touchdown",500,FALSE,TRUE
"2025_02_NYG_DAL","NYG",9,77,"Punt",127,FALSE,FALSE
"2025_02_NYG_DAL","NYG",12,40,"Turnover on downs",1782,FALSE,FALSE
"2025_02_NYG_DAL","NYG",14,67,"Field goal",1334,FALSE,TRUE
"2025_02_NYG_DAL","NYG",16,60,"Touchdown",853,FALSE,TRUE
"2025_02_NYG_DAL","NYG",18,63,"Touchdown",370,FALSE,TRUE
"2025_02_NYG_DAL","NYG",20,63,"Touchdown",48,FALSE,TRUE
"2025_02_NYG_DAL","NYG",23,86,"Punt",406,FALSE,FALSE
"2025_02_NYG_DAL","NYG",25,66,"Turnover",169,FALSE,FALSE
"2025_02_PHI_KC","KC",2,91,"Punt",1523,FALSE,FALSE
"2025_02_PHI_KC","KC",4,65,"Missed field goal",1403,FALSE,FALSE
"2025_02_PHI_KC","KC",6,69,"Field goal",941,FALSE,TRUE
"2025_02_PHI_KC","KC",8,69,"Touchdown",501,FALSE,TRUE
"2025_02_PHI_KC","KC",10,73,"Turnover on downs",1795,FALSE,FALSE
"2025_02_PHI_KC","KC",12,71,"Punt",1584,FALSE,FALSE
"2025_02_PHI_KC","KC",14,80,"Turnover",1267,FALSE,FALSE
"2025_02_PHI_KC","KC",16,74,"Punt",463,FALSE,FALSE
"2025_02_PHI_KC","KC",18,72,"Touchdown",264,FALSE,TRUE
"2025_02_PHI_KC","PHI",1,69,"Punt",1795,FALSE,FALSE
"2025_02_PHI_KC","PHI",3,78,"Punt",1475,FALSE,FALSE
"2025_02_PHI_KC","PHI",5,52,"Touchdown",1194,FALSE,TRUE
"2025_02_PHI_KC","PHI",7,76,"Punt",697,FALSE,FALSE
"2025_02_PHI_KC","PHI",9,77,"Field goal",159,FALSE,TRUE
"2025_02_PHI_KC","PHI",11,35,"Field goal",1676,FALSE,TRUE
"2025_02_PHI_KC","PHI",13,90,"Punt",1530,FALSE,FALSE
"2025_02_PHI_KC","PHI",15,59,"Touchdown",776,FALSE,TRUE
"2025_02_PHI_KC","PHI",17,84,"Punt",417,FALSE,FALSE
"2025_02_PHI_KC","PHI",19,41,"End of half",179,FALSE,FALSE
"2025_02_SEA_PIT","PIT",2,76,"Field goal",1523,FALSE,TRUE
"2025_02_SEA_PIT","PIT",4,44,"Field goal",1173,FALSE,TRUE
"2025_02_SEA_PIT","PIT",6,74,"Punt",725,FALSE,FALSE
"2025_02_SEA_PIT","PIT",8,87,"Punt",423,FALSE,FALSE
"2025_02_SEA_PIT","PIT",10,21,"Touchdown",209,FALSE,TRUE
"2025_02_SEA_PIT","PIT",12,80,"End of half",20,FALSE,FALSE
"2025_02_SEA_PIT","PIT",13,83,"Punt",1795,FALSE,FALSE
"2025_02_SEA_PIT","PIT",15,70,"Turnover",1265,FALSE,FALSE
"2025_02_SEA_PIT","PIT",17,61,"Punt",1089,FALSE,FALSE
"2025_02_SEA_PIT","PIT",20,72,"Field goal",759,FALSE,TRUE
"2025_02_SEA_PIT","PIT",22,65,"Turnover",221,FALSE,FALSE
"2025_02_SEA_PIT","PIT",24,91,"End of half",46,FALSE,FALSE
"2025_02_SEA_PIT","SEA",1,65,"Touchdown",1793,FALSE,TRUE
"2025_02_SEA_PIT","SEA",3,71,"Turnover",1181,FALSE,FALSE
"2025_02_SEA_PIT","SEA",5,70,"Missed field goal",1028,FALSE,FALSE
"2025_02_SEA_PIT","SEA",7,70,"Punt",635,FALSE,FALSE
"2025_02_SEA_PIT","SEA",9,52,"Turnover",373,FALSE,FALSE
"2025_02_SEA_PIT","SEA",11,73,"Punt",64,FALSE,FALSE
"2025_02_SEA_PIT","SEA",14,80,"Touchdown",1571,FALSE,TRUE
"2025_02_SEA_PIT","SEA",16,80,"Punt",1152,FALSE,FALSE
"2025_02_SEA_PIT","SEA",18,91,"Field goal",993,FALSE,TRUE
"2025_02_SEA_PIT","SEA",21,73,"Touchdown",464,FALSE,TRUE
"2025_02_SEA_PIT","SEA",23,54,"Punt",66,FALSE,FALSE
"2025_02_SF_NO","NO",1,65,"Missed field goal",1800,FALSE,FALSE
"2025_02_SF_NO","NO",3,60,"Punt",1664,FALSE,FALSE
"2025_02_SF_NO","NO",5,68,"Punt",1098,FALSE,FALSE
"2025_02_SF_NO","NO",7,71,"Punt",677,FALSE,FALSE
"2025_02_SF_NO","NO",9,84,"Touchdown",408,FALSE,TRUE
"2025_02_SF_NO","NO",11,65,"End of half",7,FALSE,FALSE
"2025_02_SF_NO","NO",13,47,"Touchdown",1639,FALSE,TRUE
"2025_02_SF_NO","NO",15,65,"Turnover",1100,FALSE,FALSE
"2025_02_SF_NO","NO",17,71,"Touchdown",733,FALSE,TRUE
"2025_02_SF_NO","NO",19,89,"Punt",275,FALSE,FALSE
"2025_02_SF_NO","NO",21,94,"Turnover on downs",160,FALSE,FALSE
"2025_02_SF_NO","SF",2,70,"Punt",1689,FALSE,FALSE
"2025_02_SF_NO","SF",4,80,"Touchdown",1581,FALSE,TRUE
"2025_02_SF_NO","SF",6,65,"Field goal",985,FALSE,TRUE
"2025_02_SF_NO","SF",8,81,"Punt",549,FALSE,FALSE
"2025_02_SF_NO","SF",10,77,"Touchdown",70,FALSE,TRUE
"2025_02_SF_NO","SF",12,60,"Turnover",1800,FALSE,FALSE
"2025_02_SF_NO","SF",14,77,"Field goal",1326,FALSE,TRUE
"2025_02_SF_NO","SF",16,68,"Touchdown",998,FALSE,TRUE
"2025_02_SF_NO","SF",18,65,"Punt",378,FALSE,FALSE
"2025_02_SF_NO","SF",20,49,"Punt",182,FALSE,FALSE
"2025_02_SF_NO","SF",22,27,"End of half",57,TRUE,FALSE
"2025_02_TB_HOU","HOU",1,64,"Touchdown",1793,FALSE,TRUE
"2025_02_TB_HOU","HOU",3,66,"Field goal",1324,FALSE,TRUE
"2025_02_TB_HOU","HOU",5,78,"Punt",574,FALSE,FALSE
"2025_02_TB_HOU","HOU",7,70,"Punt",163,FALSE,FALSE
"2025_02_TB_HOU","HOU",9,71,"End of half",2,TRUE,FALSE
"2025_02_TB_HOU","HOU",11,80,"Punt",1583,FALSE,FALSE
"2025_02_TB_HOU","HOU",13,67,"Punt",1240,FALSE,FALSE
"2025_02_TB_HOU","HOU",15,72,"Turnover on downs",961,FALSE,FALSE
"2025_02_TB_HOU","HOU",17,35,"Field goal",376,FALSE,TRUE
"2025_02_TB_HOU","HOU",19,26,"Touchdown",180,FALSE,TRUE
"2025_02_TB_HOU","TB",2,65,"Touchdown",1613,FALSE,TRUE
"2025_02_TB_HOU","TB",4,77,"Touchdown",1099,FALSE,TRUE
"2025_02_TB_HOU","TB",6,87,"Punt",452,FALSE,FALSE
"2025_02_TB_HOU","TB",8,80,"Punt",30,FALSE,FALSE
"2025_02_TB_HOU","TB",10,72,"Punt",1795,FALSE,FALSE
"2025_02_TB_HOU","TB",12,92,"Punt",1381,FALSE,FALSE
"2025_02_TB_HOU","TB",14,79,"Missed field goal",1145,FALSE,FALSE
"2025_02_TB_HOU","TB",16,99,"Punt",675,FALSE,FALSE
"2025_02_TB_HOU","TB",18,65,"Punt",322,FALSE,FALSE
"2025_02_TB_HOU","TB",20,80,"Touchdown",124,FALSE,TRUE
"2025_02_WAS_GB","GB",1,72,"Turnover on downs",1795,FALSE,FALSE
"2025_02_WAS_GB","GB",3,96,"Touchdown",1388,FALSE,TRUE
"2025_02_WAS_GB","GB",5,76,"Punt",1020,FALSE,FALSE
"2025_02_WAS_GB","GB",7,92,"Touchdown",744,FALSE,TRUE
"2025_02_WAS_GB","GB",9,73,"Punt",262,FALSE,FALSE
"2025_02_WAS_GB","GB",11,52,"Missed field goal",14,FALSE,FALSE
"2025_02_WAS_GB","GB",13,58,"Field goal",1614,FALSE,TRUE
"2025_02_WAS_GB","GB",15,91,"Punt",1204,FALSE,FALSE
"2025_02_WAS_GB","GB",17,65,"Touchdown",825,FALSE,TRUE
"2025_02_WAS_GB","GB",19,40,"Field goal",462,FALSE,TRUE
"2025_02_WAS_GB","GB",21,52,"Punt",172,FALSE,FALSE
"2025_02_WAS_GB","GB",23,33,"End of half",52,TRUE,FALSE
"2025_02_WAS_GB","WAS",2,67,"Punt",1525,FALSE,FALSE
"2025_02_WAS_GB","WAS",4,65,"Punt",1173,FALSE,FALSE
"2025_02_WAS_GB","WAS",6,55,"Punt",889,FALSE,FALSE
"2025_02_WAS_GB","WAS",8,70,"Field goal",450,FALSE,TRUE
"2025_02_WAS_GB","WAS",10,57,"Missed field goal",122,FALSE,FALSE
"2025_02_WAS_GB","WAS",12,44,"Missed field goal",1791,FALSE,FALSE
"2025_02_WAS_GB","WAS",14,73,"Punt",1292,FALSE,FALSE
"2025_02_WAS_GB","WAS",16,50,"Touchdown",1111,FALSE,TRUE
"2025_02_WAS_GB","WAS",18,65,"Turnover on downs",537,FALSE,FALSE
"2025_02_WAS_GB","WAS",20,65,"Touchdown",402,FALSE,TRUE
"2025_02_WAS_GB","WAS",22,80,"Turnover on downs",107,FALSE,FALSE
"2025_03_ARI_SF","ARI",1,61,"Missed field goal",1792,FALSE,FALSE
"2025_03_ARI_SF","ARI",3,92,"Punt",1312,FALSE,FALSE
"2025_03_ARI_SF","ARI",5,65,"Field goal",894,FALSE,TRUE
"2025_03_ARI_SF","ARI",7,72,"Punt",257,FALSE,FALSE
"2025_03_ARI_SF","ARI",9,63,"End of half",11,FALSE,FALSE
"2025_03_ARI_SF","ARI",11,86,"Field goal",1692,FALSE,TRUE
"2025_03_ARI_SF","ARI",13,98,"Punt",915,FALSE,FALSE
"2025_03_ARI_SF","ARI",15,65,"Touchdown",650,FALSE,TRUE
"2025_03_ARI_SF","ARI",17,61,"Punt",308,FALSE,FALSE
"2025_03_ARI_SF","ARI",19,65,"Punt",190,FALSE,FALSE
"2025_03_ARI_SF","SF",2,53,"Punt",1394,FALSE,FALSE
"2025_03_ARI_SF","SF",4,77,"Punt",951,FALSE,FALSE
"2025_03_ARI_SF","SF",6,68,"Field goal",520,FALSE,TRUE
"2025_03_ARI_SF","SF",8,86,"Field goal",128,FALSE,TRUE
"2025_03_ARI_SF","SF",10,65,"Punt",1800,FALSE,FALSE
"2025_03_ARI_SF","SF",12,64,"Turnover on downs",1292,FALSE,FALSE
"2025_03_ARI_SF","SF",14,48,"Touchdown",839,FALSE,TRUE
"2025_03_ARI_SF","SF",16,72,"Turnover",511,FALSE,FALSE
"2025_03_ARI_SF","SF",18,94,"Safety",209,FALSE,FALSE
"2025_03_ARI_SF","SF",20,80,"Field goal",106,FALSE,TRUE
"2025_03_ATL_CAR","ATL",1,73,"Missed field goal",1795,FALSE,FALSE
"2025_03_ATL_CAR","ATL",3,74,"Punt",1299,FALSE,FALSE
"2025_03_ATL_CAR","ATL",4,33,"Missed field goal",1205,FALSE,FALSE
"2025_03_ATL_CAR","ATL",6,90,"Punt",904,FALSE,FALSE
"2025_03_ATL_CAR","ATL",8,80,"Punt",322,FALSE,FALSE
"2025_03_ATL_CAR","ATL",10,79,"End of half",61,FALSE,FALSE
"2025_03_ATL_CAR","ATL",12,86,"Opp touchdown",1644,FALSE,FALSE
"2025_03_ATL_CAR","ATL",13,90,"Turnover on downs",1595,FALSE,FALSE
"2025_03_ATL_CAR","ATL",15,80,"Turnover",1183,FALSE,FALSE
"2025_03_ATL_CAR","ATL",17,90,"Turnover on downs",644,FALSE,FALSE
"2025_03_ATL_CAR","ATL",19,78,"Turnover",216,FALSE,FALSE
"2025_03_ATL_CAR","CAR",2,61,"Touchdown",1550,FALSE,TRUE
"2025_03_ATL_CAR","CAR",5,55,"Punt",1108,FALSE,FALSE
"2025_03_ATL_CAR","CAR",7,87,"Field goal",645,FALSE,TRUE
"2025_03_ATL_CAR","CAR",9,69,"Punt",156,FALSE,FALSE
"2025_03_ATL_CAR","CAR",11,71,"Punt",1795,FALSE,FALSE
"2025_03_ATL_CAR","CAR",14,45,"Field goal",1464,FALSE,TRUE
"2025_03_ATL_CAR","CAR",16,30,"Touchdown",977,FALSE,TRUE
"2025_03_ATL_CAR","CAR",18,44,"Field goal",482,FALSE,TRUE
"2025_03_ATL_CAR","CAR",20,71,"End of half",30,TRUE,FALSE
"2025_03_CIN_MIN","CIN",2,71,"Punt",1673,FALSE,FALSE
"2025_03_CIN_MIN","CIN",4,52,"Opp touchdown",1429,FALSE,FALSE
"2025_03_CIN_MIN","CIN",5,75,"Punt",1263,FALSE,FALSE
"2025_03_CIN_MIN","CIN",7,93,"Punt",999,FALSE,FALSE
"2025_03_CIN_MIN","CIN",9,75,"Field goal",555,FALSE,TRUE
"2025_03_CIN_MIN","CIN",11,48,"Opp touchdown",172,FALSE,FALSE
"2025_03_CIN_MIN","CIN",12,73,"Turnover",102,FALSE,FALSE
"2025_03_CIN_MIN","CIN",14,70,"Turnover",28,FALSE,FALSE
"2025_03_CIN_MIN","CIN",16,76,"Punt",1794,FALSE,FALSE
"2025_03_CIN_MIN","CIN",18,70,"Turnover",1255,FALSE,FALSE
"2025_03_CIN_MIN","CIN",20,65,"Touchdown",904,FALSE,TRUE
"2025_03_CIN_MIN","CIN",22,80,"Punt",613,FALSE,FALSE
"2025_03_CIN_MIN","CIN",24,91,"Punt",358,FALSE,FALSE
"2025_03_CIN_MIN","MIN",1,64,"Touchdown",1795,FALSE,TRUE
"2025_03_CIN_MIN","MIN",3,74,"Punt",1576,FALSE,FALSE
"2025_03_CIN_MIN","MIN",6,57,"Punt",1126,FALSE,FALSE
"2025_03_CIN_MIN","MIN",8,43,"Field goal",828,FALSE,TRUE
"2025_03_CIN_MIN","MIN",10,77,"Punt",277,FALSE,FALSE
"2025_03_CIN_MIN","MIN",13,52,"Touchdown",81,FALSE,TRUE
"2025_03_CIN_MIN","MIN",15,47,"Field goal",20,FALSE,TRUE
"2025_03_CIN_MIN","MIN",17,74,"Touchdown",1662,FALSE,TRUE
"2025_03_CIN_MIN","MIN",19,68,"Touchdown",1129,FALSE,TRUE
"2025_03_CIN_MIN","MIN",21,65,"Punt",667,FALSE,FALSE
"2025_03_CIN_MIN","MIN",23,57,"Punt",477,FALSE,FALSE
"2025_03_CIN_MIN","MIN",25,56,"End of half",221,FALSE,FALSE
"2025_03_DAL_CHI","CHI",1,81,"Punt",1794,FALSE,FALSE
"2025_03_DAL_CHI","CHI",3,76,"Touchdown",1651,FALSE,TRUE
"2025_03_DAL_CHI","CHI",5,65,"Touchdown",1161,FALSE,TRUE
"2025_03_DAL_CHI","CHI",7,65,"Punt",823,FALSE,FALSE
"2025_03_DAL_CHI","CHI",9,65,"Field goal",477,FALSE,TRUE
"2025_03_DAL_CHI","CHI",11,71,"Touchdown",145,FALSE,TRUE
"2025_03_DAL_CHI","CHI",14,76,"Touchdown",1503,FALSE,TRUE
"2025_03_DAL_CHI","CHI",16,73,"Punt",812,FALSE,FALSE
"2025_03_DAL_CHI","CHI",18,80,"Punt",287,FALSE,FALSE
"2025_03_DAL_CHI","CHI",20,80,"End of half",52,TRUE,FALSE
"2025_03_DAL_CHI","DAL",2,57,"Turnover",1693,FALSE,FALSE
"2025_03_DAL_CHI","DAL",4,80,"Field goal",1535,FALSE,TRUE
"2025_03_DAL_CHI","DAL",6,65,"Field goal",1150,FALSE,TRUE
"2025_03_DAL_CHI","DAL",8,57,"Touchdown",729,FALSE,TRUE
"2025_03_DAL_CHI","DAL",10,76,"Punt",249,FALSE,FALSE
"2025_03_DAL_CHI","DAL",12,78,"End of half",18,FALSE,FALSE
"2025_03_DAL_CHI","DAL",13,72,"Punt",1794,FALSE,FALSE
"2025_03_DAL_CHI","DAL",15,66,"Turnover",903,FALSE,FALSE
"2025_03_DAL_CHI","DAL",17,92,"Turnover",538,FALSE,FALSE
"2025_03_DAL_CHI","DAL",19,68,"Turnover",261,FALSE,FALSE
"2025_03_DEN_LAC","DEN",2,67,"Punt",1609,FALSE,FALSE
"2025_03_DEN_LAC","DEN",4,61,"Punt",1315,FALSE,FALSE
"2025_03_DEN_LAC","DEN",6,46,"Punt",1055,FALSE,FALSE
"2025_03_DEN_LAC","DEN",8,91,"Punt",623,FALSE,FALSE
"2025_03_DEN_LAC","DEN",10,72,"Touchdown",106,FALSE,TRUE
"2025_03_DEN_LAC","DEN",12,80,"End of half",4,TRUE,FALSE
"2025_03_DEN_LAC","DEN",13,66,"Touchdown",1794,FALSE,TRUE
"2025_03_DEN_LAC","DEN",14,30,"Field goal",1712,FALSE,TRUE
"2025_03_DEN_LAC","DEN",16,66,"Punt",1229,FALSE,FALSE
"2025_03_DEN_LAC","DEN",18,59,"Field goal",1031,FALSE,TRUE
"2025_03_DEN_LAC","DEN",20,80,"Punt",465,FALSE,FALSE
"2025_03_DEN_LAC","DEN",22,78,"Punt",151,FALSE,FALSE
"2025_03_DEN_LAC","LAC",1,69,"Field goal",1794,FALSE,TRUE
"2025_03_DEN_LAC","LAC",3,79,"Punt",1516,FALSE,FALSE
"2025_03_DEN_LAC","LAC",5,82,"Punt",1188,FALSE,FALSE
"2025_03_DEN_LAC","LAC",7,88,"Turnover",1000,FALSE,FALSE
"2025_03_DEN_LAC","LAC",9,54,"Touchdown",350,FALSE,TRUE
"2025_03_DEN_LAC","LAC",11,75,"Punt",32,FALSE,FALSE
"2025_03_DEN_LAC","LAC",15,75,"Field goal",1617,FALSE,TRUE
"2025_03_DEN_LAC","LAC",17,86,"Punt",1118,FALSE,FALSE
"2025_03_DEN_LAC","LAC",19,78,"Punt",736,FALSE,FALSE
"2025_03_DEN_LAC","LAC",21,76,"Touchdown",308,FALSE,TRUE
"2025_03_DEN_LAC","LAC",23,68,"Field goal",103,FALSE,TRUE
"2025_03_DET_BAL","BAL",2,80,"Touchdown",1456,FALSE,TRUE
"2025_03_DET_BAL","BAL",4,73,"Punt",1096,FALSE,FALSE
"2025_03_DET_BAL","BAL",6,51,"Turnover on downs",348,FALSE,FALSE
"2025_03_DET_BAL","BAL",8,49,"Touchdown",56,FALSE,TRUE
"2025_03_DET_BAL","BAL",10,73,"Touchdown",1795,FALSE,TRUE
"2025_03_DET_BAL","BAL",12,60,"Punt",1213,FALSE,FALSE
"2025_03_DET_BAL","BAL",14,72,"Field goal",892,FALSE,TRUE
"2025_03_DET_BAL","BAL",16,79,"Turnover",511,FALSE,FALSE
"2025_03_DET_BAL","BAL",18,69,"Punt",390,FALSE,FALSE
"2025_03_DET_BAL","BAL",20,65,"Touchdown",102,FALSE,TRUE
"2025_03_DET_BAL","DET",1,67,"Touchdown",1791,FALSE,TRUE
"2025_03_DET_BAL","DET",3,68,"Punt",1235,FALSE,FALSE
"2025_03_DET_BAL","DET",5,98,"Touchdown",1003,FALSE,TRUE
"2025_03_DET_BAL","DET",7,80,"Punt",84,FALSE,FALSE
"2025_03_DET_BAL","DET",9,67,"Missed field goal",18,FALSE,FALSE
"2025_03_DET_BAL","DET",11,60,"Touchdown",1431,FALSE,TRUE
"2025_03_DET_BAL","DET",13,96,"Touchdown",1116,FALSE,TRUE
"2025_03_DET_BAL","DET",15,65,"Punt",573,FALSE,FALSE
"2025_03_DET_BAL","DET",17,16,"Field goal",506,FALSE,TRUE
"2025_03_DET_BAL","DET",19,70,"Touchdown",264,FALSE,TRUE
"2025_03_DET_BAL","DET",21,45,"End of half",27,TRUE,FALSE
"2025_03_GB_CLE","CLE",1,74,"Punt",1796,FALSE,FALSE
"2025_03_GB_CLE","CLE",3,79,"Punt",1454,FALSE,FALSE
"2025_03_GB_CLE","CLE",5,65,"Punt",893,FALSE,FALSE
"2025_03_GB_CLE","CLE",7,80,"Turnover",122,FALSE,FALSE
"2025_03_GB_CLE","CLE",10,71,"Punt",1652,FALSE,FALSE
"2025_03_GB_CLE","CLE",12,74,"Punt",1098,FALSE,FALSE
"2025_03_GB_CLE","CLE",14,75,"Punt",889,FALSE,FALSE
"2025_03_GB_CLE","CLE",16,80,"Field goal",566,FALSE,TRUE
"2025_03_GB_CLE","CLE",18,4,"Touchdown",188,FALSE,TRUE
"2025_03_GB_CLE","CLE",20,53,"Field goal",21,FALSE,TRUE
"2025_03_GB_CLE","GB",2,80,"Punt",1526,FALSE,FALSE
"2025_03_GB_CLE","GB",4,64,"Field goal",1336,FALSE,TRUE
"2025_03_GB_CLE","GB",6,88,"Punt",652,FALSE,FALSE
"2025_03_GB_CLE","GB",8,91,"End of half",4,TRUE,FALSE
"2025_03_GB_CLE","GB",9,74,"Punt",1794,FALSE,FALSE
"2025_03_GB_CLE","GB",11,71,"Touchdown",1564,FALSE,TRUE
"2025_03_GB_CLE","GB",13,65,"Punt",972,FALSE,FALSE
"2025_03_GB_CLE","GB",15,98,"Punt",689,FALSE,FALSE
"2025_03_GB_CLE","GB",17,82,"Turnover",213,FALSE,FALSE
"2025_03_GB_CLE","GB",19,60,"Missed field goal",172,FALSE,FALSE
"2025_03_HOU_JAX","HOU",1,65,"Punt",1800,FALSE,FALSE
"2025_03_HOU_JAX","HOU",3,52,"Missed field goal",1570,FALSE,FALSE
"2025_03_HOU_JAX","HOU",5,80,"Punt",1026,FALSE,FALSE
"2025_03_HOU_JAX","HOU",7,80,"Field goal",831,FALSE,TRUE
"2025_03_HOU_JAX","HOU",9,65,"Punt",345,FALSE,FALSE
"2025_03_HOU_JAX","HOU",11,58,"Punt",113,FALSE,FALSE
"2025_03_HOU_JAX","HOU",13,82,"End of half",4,TRUE,FALSE
"2025_03_HOU_JAX","HOU",15,70,"Punt",1278,FALSE,FALSE
"2025_03_HOU_JAX","HOU",17,63,"Turnover",971,FALSE,FALSE
"2025_03_HOU_JAX","HOU",19,92,"Punt",728,FALSE,FALSE
"2025_03_HOU_JAX","HOU",21,50,"Touchdown",565,FALSE,TRUE
"2025_03_HOU_JAX","HOU",23,53,"Turnover",374,FALSE,FALSE
"2025_03_HOU_JAX","HOU",25,74,"Turnover",102,FALSE,FALSE
"2025_03_HOU_JAX","JAX",2,97,"Punt",1703,FALSE,FALSE
"2025_03_HOU_JAX","JAX",4,58,"Touchdown",1300,FALSE,TRUE
"2025_03_HOU_JAX","JAX",6,69,"Punt",929,FALSE,FALSE
"2025_03_HOU_JAX","JAX",8,80,"Punt",409,FALSE,FALSE
"2025_03_HOU_JAX","JAX",10,69,"Punt",257,FALSE,FALSE
"2025_03_HOU_JAX","JAX",12,81,"Punt",53,FALSE,FALSE
"2025_03_HOU_JAX","JAX",14,80,"Field goal",1800,FALSE,TRUE
"2025_03_HOU_JAX","JAX",16,54,"Missed field goal",1125,FALSE,FALSE
"2025_03_HOU_JAX","JAX",18,75,"Punt",828,FALSE,FALSE
"2025_03_HOU_JAX","JAX",20,67,"Turnover",583,FALSE,FALSE
"2025_03_HOU_JAX","JAX",22,72,"Turnover on downs",552,FALSE,FALSE
"2025_03_HOU_JAX","JAX",24,83,"Touchdown",227,FALSE,TRUE
"2025_03_HOU_JAX","JAX",26,96,"End of half",20,TRUE,FALSE
"2025_03_IND_TEN","IND",3,65,"Field goal",1660,FALSE,TRUE
"2025_03_IND_TEN","IND",5,77,"Touchdown",1216,FALSE,TRUE
"2025_03_IND_TEN","IND",7,60,"Punt",644,FALSE,FALSE
"2025_03_IND_TEN","IND",9,46,"Missed field goal",334,FALSE,FALSE
"2025_03_IND_TEN","IND",11,48,"Field goal",37,FALSE,TRUE
"2025_03_IND_TEN","IND",12,67,"Touchdown",1793,FALSE,TRUE
"2025_03_IND_TEN","IND",14,80,"Touchdown",1209,FALSE,TRUE
"2025_03_IND_TEN","IND",16,58,"Touchdown",514,FALSE,TRUE
"2025_03_IND_TEN","IND",18,32,"End of half",275,FALSE,FALSE
"2025_03_IND_TEN","TEN",1,65,"Opp touchdown",1800,FALSE,FALSE
"2025_03_IND_TEN","TEN",2,60,"Field goal",1745,FALSE,TRUE
"2025_03_IND_TEN","TEN",4,66,"Punt",1352,FALSE,FALSE
"2025_03_IND_TEN","TEN",6,78,"Field goal",961,FALSE,TRUE
"2025_03_IND_TEN","TEN",8,91,"Missed field goal",553,FALSE,FALSE
"2025_03_IND_TEN","TEN",10,59,"Missed field goal",195,FALSE,FALSE
"2025_03_IND_TEN","TEN",13,73,"Touchdown",1563,FALSE,TRUE
"2025_03_IND_TEN","TEN",15,77,"Touchdown",982,FALSE,TRUE
"2025_03_IND_TEN","TEN",17,66,"Turnover on downs",346,FALSE,FALSE
"2025_03_KC_NYG","KC",2,72,"Field goal",1446,FALSE,TRUE
"2025_03_KC_NYG","KC",4,81,"Field goal",911,FALSE,TRUE
"2025_03_KC_NYG","KC",6,47,"Missed field goal",523,FALSE,FALSE
"2025_03_KC_NYG","KC",8,78,"Punt",98,FALSE,FALSE
"2025_03_KC_NYG","KC",10,80,"Field goal",49,FALSE,TRUE
"2025_03_KC_NYG","KC",11,74,"Touchdown",1795,FALSE,TRUE
"2025_03_KC_NYG","KC",13,81,"Punt",1178,FALSE,FALSE
"2025_03_KC_NYG","KC",15,77,"Touchdown",607,FALSE,TRUE
"2025_03_KC_NYG","KC",17,90,"Punt",151,FALSE,FALSE
"2025_03_KC_NYG","KC",19,45,"End of half",102,TRUE,FALSE
"2025_03_KC_NYG","NYG",1,69,"Turnover on downs",1794,FALSE,FALSE
"2025_03_KC_NYG","NYG",3,64,"Punt",1118,FALSE,FALSE
"2025_03_KC_NYG","NYG",5,74,"Turnover",583,FALSE,FALSE
"2025_03_KC_NYG","NYG",7,70,"Touchdown",324,FALSE,TRUE
"2025_03_KC_NYG","NYG",9,41,"Turnover",71,FALSE,FALSE
"2025_03_KC_NYG","NYG",12,68,"Punt",1396,FALSE,FALSE
"2025_03_KC_NYG","NYG",14,80,"Field goal",969,FALSE,TRUE
"2025_03_KC_NYG","NYG",16,63,"Turnover on downs",356,FALSE,FALSE
"2025_03_KC_NYG","NYG",18,61,"Turnover on downs",124,FALSE,FALSE
"2025_03_LA_PHI","LA",1,77,"Turnover",1794,FALSE,FALSE
"2025_03_LA_PHI","LA",3,70,"Field goal",1381,FALSE,TRUE
"2025_03_LA_PHI","LA",5,54,"Touchdown",1035,FALSE,TRUE
"2025_03_LA_PHI","LA",7,66,"Field goal",889,FALSE,TRUE
"2025_03_LA_PHI","LA",9,54,"Field goal",464,FALSE,TRUE
"2025_03_LA_PHI","LA",11,48,"Field goal",112,FALSE,TRUE
"2025_03_LA_PHI","LA",14,10,"Touchdown",1752,FALSE,TRUE
"2025_03_LA_PHI","LA",16,69,"Punt",1593,FALSE,FALSE
"2025_03_LA_PHI","LA",18,70,"Turnover on downs",1031,FALSE,FALSE
"2025_03_LA_PHI","LA",20,50,"Missed field goal",738,FALSE,FALSE
"2025_03_LA_PHI","LA",22,70,"Opp touchdown",104,FALSE,FALSE
"2025_03_LA_PHI","PHI",2,38,"Touchdown",1708,FALSE,TRUE
"2025_03_LA_PHI","PHI",4,80,"Punt",1135,FALSE,FALSE
"2025_03_LA_PHI","PHI",6,81,"Punt",977,FALSE,FALSE
"2025_03_LA_PHI","PHI",8,91,"Punt",548,FALSE,FALSE
"2025_03_LA_PHI","PHI",10,86,"Punt",216,FALSE,FALSE
"2025_03_LA_PHI","PHI",12,65,"End of half",10,TRUE,FALSE
"2025_03_LA_PHI","PHI",13,90,"Turnover",1793,FALSE,FALSE
"2025_03_LA_PHI","PHI",15,79,"Touchdown",1740,FALSE,TRUE
"2025_03_LA_PHI","PHI",17,87,"Touchdown",1423,FALSE,TRUE
"2025_03_LA_PHI","PHI",19,53,"Turnover on downs",847,FALSE,FALSE
"2025_03_LA_PHI","PHI",21,91,"Touchdown",522,FALSE,TRUE
"2025_03_LV_WAS","LV",2,60,"Field goal",1611,FALSE,TRUE
"2025_03_LV_WAS","LV",4,76,"Punt",1369,FALSE,FALSE
"2025_03_LV_WAS","LV",6,73,"Punt",982,FALSE,FALSE
"2025_03_LV_WAS","LV",8,80,"Touchdown",592,FALSE,TRUE
"2025_03_LV_WAS","LV",10,70,"Punt",206,FALSE,FALSE
"2025_03_LV_WAS","LV",12,70,"Punt",1795,FALSE,FALSE
"2025_03_LV_WAS","LV",14,64,"Opp touchdown",1553,FALSE,FALSE
"2025_03_LV_WAS","LV",15,81,"Punt",1470,FALSE,FALSE
"2025_03_LV_WAS","LV",17,70,"Touchdown",1079,FALSE,TRUE
"2025_03_LV_WAS","LV",19,93,"Turnover on downs",408,FALSE,FALSE
"2025_03_LV_WAS","LV",21,83,"Touchdown",260,FALSE,TRUE
"2025_03_LV_WAS","LV",23,70,"End of half",119,FALSE,FALSE
"2025_03_LV_WAS","WAS",1,27,"Touchdown",1790,FALSE,TRUE
"2025_03_LV_WAS","WAS",3,71,"Turnover",1481,FALSE,FALSE
"2025_03_LV_WAS","WAS",5,76,"Missed field goal",1223,FALSE,FALSE
"2025_03_LV_WAS","WAS",7,72,"Field goal",916,FALSE,TRUE
"2025_03_LV_WAS","WAS",9,65,"Touchdown",260,FALSE,TRUE
"2025_03_LV_WAS","WAS",11,65,"Field goal",27,FALSE,TRUE
"2025_03_LV_WAS","WAS",13,79,"Punt",1663,FALSE,FALSE
"2025_03_LV_WAS","WAS",16,63,"Touchdown",1223,FALSE,TRUE
"2025_03_LV_WAS","WAS",18,71,"Punt",772,FALSE,FALSE
"2025_03_LV_WAS","WAS",20,51,"Punt",288,FALSE,FALSE
"2025_03_LV_WAS","WAS",22,46,"Touchdown",221,FALSE,TRUE
"2025_03_MIA_BUF","BUF",2,85,"Touchdown",1405,FALSE,TRUE
"2025_03_MIA_BUF","BUF",4,63,"Touchdown",1044,FALSE,TRUE
"2025_03_MIA_BUF","BUF",6,73,"Missed field goal",644,FALSE,FALSE
"2025_03_MIA_BUF","BUF",8,70,"End of half",2,FALSE,FALSE
"2025_03_MIA_BUF","BUF",9,61,"Touchdown",1794,FALSE,TRUE
"2025_03_MIA_BUF","BUF",11,80,"Punt",1424,FALSE,FALSE
"2025_03_MIA_BUF","BUF",13,84,"Punt",1232,FALSE,FALSE
"2025_03_MIA_BUF","BUF",15,65,"Touchdown",738,FALSE,TRUE
"2025_03_MIA_BUF","BUF",17,59,"Field goal",180,FALSE,TRUE
"2025_03_MIA_BUF","MIA",1,47,"Touchdown",1790,FALSE,TRUE
"2025_03_MIA_BUF","MIA",3,85,"Punt",1138,FALSE,FALSE
"2025_03_MIA_BUF","MIA",5,74,"Punt",709,FALSE,FALSE
"2025_03_MIA_BUF","MIA",7,71,"Touchdown",363,FALSE,TRUE
"2025_03_MIA_BUF","MIA",10,71,"Punt",1516,FALSE,FALSE
"2025_03_MIA_BUF","MIA",12,64,"Punt",1293,FALSE,FALSE
"2025_03_MIA_BUF","MIA",14,67,"Touchdown",1078,FALSE,TRUE
"2025_03_MIA_BUF","MIA",16,63,"Turnover",432,FALSE,FALSE
"2025_03_MIA_BUF","MIA",18,65,"End of half",22,FALSE,FALSE
"2025_03_NO_SEA","NO",1,69,"Turnover on downs",1793,FALSE,FALSE
"2025_03_NO_SEA","NO",3,71,"Opp touchdown",1482,FALSE,FALSE
"2025_03_NO_SEA","NO",4,68,"Punt",1345,FALSE,FALSE
"2025_03_NO_SEA","NO",6,74,"Field goal",1155,FALSE,TRUE
"2025_03_NO_SEA","NO",8,72,"Punt",673,FALSE,FALSE
"2025_03_NO_SEA","NO",10,75,"Missed field goal",457,FALSE,FALSE
"2025_03_NO_SEA","NO",12,74,"Field goal",85,FALSE,TRUE
"2025_03_NO_SEA","NO",14,76,"Punt",1584,FALSE,FALSE
"2025_03_NO_SEA","NO",16,80,"Touchdown",1176,FALSE,TRUE
"2025_03_NO_SEA","NO",18,44,"Turnover",765,FALSE,FALSE
"2025_03_NO_SEA","NO",20,87,"Punt",532,FALSE,FALSE
"2025_03_NO_SEA","NO",22,66,"Punt",211,FALSE,FALSE
"2025_03_NO_SEA","SEA",2,55,"Touchdown",1640,FALSE,TRUE
"2025_03_NO_SEA","SEA",5,11,"Touchdown",1190,FALSE,TRUE
"2025_03_NO_SEA","SEA",7,38,"Touchdown",759,FALSE,TRUE
"2025_03_NO_SEA","SEA",9,76,"Touchdown",574,FALSE,TRUE
"2025_03_NO_SEA","SEA",11,58,"Field goal",169,FALSE,TRUE
"2025_03_NO_SEA","SEA",13,65,"Field goal",1792,FALSE,TRUE
"2025_03_NO_SEA","SEA",15,65,"Field goal",1491,FALSE,TRUE
"2025_03_NO_SEA","SEA",17,65,"Punt",893,FALSE,FALSE
"2025_03_NO_SEA","SEA",19,75,"Punt",665,FALSE,FALSE
"2025_03_NO_SEA","SEA",21,55,"Turnover",474,FALSE,FALSE
"2025_03_NO_SEA","SEA",23,77,"End of half",157,FALSE,FALSE
"2025_03_NYJ_TB","NYJ",1,71,"Field goal",1795,FALSE,TRUE
"2025_03_NYJ_TB","NYJ",3,63,"Field goal",1034,FALSE,TRUE
"2025_03_NYJ_TB","NYJ",5,65,"Turnover on downs",671,FALSE,FALSE
"2025_03_NYJ_TB","NYJ",7,82,"Punt",460,FALSE,FALSE
"2025_03_NYJ_TB","NYJ",9,62,"Turnover",251,FALSE,FALSE
"2025_03_NYJ_TB","NYJ",11,65,"Punt",103,FALSE,FALSE
"2025_03_NYJ_TB","NYJ",13,66,"Opp touchdown",45,FALSE,FALSE
"2025_03_NYJ_TB","NYJ",14,68,"End of half",12,TRUE,FALSE
"2025_03_NYJ_TB","NYJ",16,72,"Turnover on downs",1246,FALSE,FALSE
"2025_03_NYJ_TB","NYJ",18,80,"Touchdown",846,FALSE,TRUE
"2025_03_NYJ_TB","NYJ",20,73,"Touchdown",366,FALSE,TRUE
"2025_03_NYJ_TB","TB",2,68,"Field goal",1426,FALSE,TRUE
"2025_03_NYJ_TB","TB",4,77,"Touchdown",835,FALSE,TRUE
"2025_03_NYJ_TB","TB",6,43,"Punt",549,FALSE,FALSE
"2025_03_NYJ_TB","TB",8,70,"Punt",341,FALSE,FALSE
"2025_03_NYJ_TB","TB",10,33,"Field goal",172,FALSE,TRUE
"2025_03_NYJ_TB","TB",12,77,"Punt",82,FALSE,FALSE
"2025_03_NYJ_TB","TB",15,77,"Field goal",1795,FALSE,TRUE
"2025_03_NYJ_TB","TB",17,61,"Punt",927,FALSE,FALSE
"2025_03_NYJ_TB","TB",19,73,"Field goal",607,FALSE,TRUE
"2025_03_NYJ_TB","TB",21,65,"Opp touchdown",220,FALSE,FALSE
"2025_03_NYJ_TB","TB",22,66,"Field goal",101,FALSE,TRUE
"2025_03_PIT_NE","NE",1,73,"Turnover",1794,FALSE,FALSE
"2025_03_PIT_NE","NE",3,72,"Punt",1400,FALSE,FALSE
"2025_03_PIT_NE","NE",5,77,"Touchdown",825,FALSE,TRUE
"2025_03_PIT_NE","NE",7,94,"Turnover",440,FALSE,FALSE
"2025_03_PIT_NE","NE",10,11,"Turnover",1716,FALSE,FALSE
"2025_03_PIT_NE","NE",12,54,"Turnover",1584,FALSE,FALSE
"2025_03_PIT_NE","NE",14,88,"Touchdown",1420,FALSE,TRUE
"2025_03_PIT_NE","NE",16,82,"Turnover",748,FALSE,FALSE
"2025_03_PIT_NE","NE",18,74,"Turnover on downs",131,FALSE,FALSE
"2025_03_PIT_NE","PIT",2,54,"Touchdown",1698,FALSE,TRUE
"2025_03_PIT_NE","PIT",4,90,"Touchdown",1212,FALSE,TRUE
"2025_03_PIT_NE","PIT",6,66,"Punt",534,FALSE,FALSE
"2025_03_PIT_NE","PIT",8,80,"End of half",7,TRUE,FALSE
"2025_03_PIT_NE","PIT",9,65,"Turnover",1800,FALSE,FALSE
"2025_03_PIT_NE","PIT",11,80,"Punt",1692,FALSE,FALSE
"2025_03_PIT_NE","PIT",13,57,"Punt",1508,FALSE,FALSE
"2025_03_PIT_NE","PIT",15,65,"Punt",896,FALSE,FALSE
"2025_03_PIT_NE","PIT",17,62,"Touchdown",461,FALSE,TRUE
"2025_03_PIT_NE","PIT",19,71,"End of half",63,TRUE,FALSE
"2025_04_BAL_KC","BAL",1,70,"Touchdown",1796,FALSE,TRUE
"2025_04_BAL_KC","BAL",3,74,"Turnover",1235,FALSE,FALSE
"2025_04_BAL_KC","BAL",5,85,"Punt",595,FALSE,FALSE
"2025_04_BAL_KC","BAL",7,68,"Turnover on downs",233,FALSE,FALSE
"2025_04_BAL_KC","BAL",9,65,"Turnover",101,FALSE,FALSE
"2025_04_BAL_KC","BAL",11,53,"Field goal",26,FALSE,TRUE
"2025_04_BAL_KC","BAL",13,70,"Field goal",1606,FALSE,TRUE
"2025_04_BAL_KC","BAL",15,84,"Turnover on downs",961,FALSE,FALSE
"2025_04_BAL_KC","BAL",17,69,"Turnover on downs",789,FALSE,FALSE
"2025_04_BAL_KC","BAL",19,86,"Touchdown",209,FALSE,TRUE
"2025_04_BAL_KC","KC",2,68,"Field goal",1470,FALSE,TRUE
"2025_04_BAL_KC","KC",4,84,"Field goal",1004,FALSE,TRUE
"2025_04_BAL_KC","KC",6,56,"Touchdown",406,FALSE,TRUE
"2025_04_BAL_KC","KC",8,40,"Touchdown",177,FALSE,TRUE
"2025_04_BAL_KC","KC",10,47,"Missed field goal",80,FALSE,FALSE
"2025_04_BAL_KC","KC",12,65,"Touchdown",1793,FALSE,TRUE
"2025_04_BAL_KC","KC",14,51,"Field goal",1332,FALSE,TRUE
"2025_04_BAL_KC","KC",16,24,"Touchdown",861,FALSE,TRUE
"2025_04_BAL_KC","KC",18,65,"Punt",612,FALSE,FALSE
"2025_04_BAL_KC","KC",20,78,"End of half",110,FALSE,FALSE
"2025_04_CAR_NE","CAR",1,76,"Touchdown",1796,FALSE,TRUE
"2025_04_CAR_NE","CAR",3,77,"Opp touchdown",1456,FALSE,FALSE
"2025_04_CAR_NE","CAR",4,59,"Punt",1226,FALSE,FALSE
"2025_04_CAR_NE","CAR",6,67,"Missed field goal",888,FALSE,FALSE
"2025_04_CAR_NE","CAR",8,75,"Punt",343,FALSE,FALSE
"2025_04_CAR_NE","CAR",10,68,"Punt",110,FALSE,FALSE
"2025_04_CAR_NE","CAR",12,53,"End of half",2,FALSE,FALSE
"2025_04_CAR_NE","CAR",14,68,"Turnover on downs",1509,FALSE,FALSE
"2025_04_CAR_NE","CAR",16,99,"Punt",1161,FALSE,FALSE
"2025_04_CAR_NE","CAR",18,65,"Turnover on downs",853,FALSE,FALSE
"2025_04_CAR_NE","CAR",20,91,"Touchdown",521,FALSE,TRUE
"2025_04_CAR_NE","NE",2,65,"Punt",1551,FALSE,FALSE
"2025_04_CAR_NE","NE",5,80,"Touchdown",1076,FALSE,TRUE
"2025_04_CAR_NE","NE",7,55,"Touchdown",595,FALSE,TRUE
"2025_04_CAR_NE","NE",9,14,"Touchdown",242,FALSE,TRUE
"2025_04_CAR_NE","NE",11,98,"Punt",27,FALSE,FALSE
"2025_04_CAR_NE","NE",13,78,"Touchdown",1794,FALSE,TRUE
"2025_04_CAR_NE","NE",15,65,"Punt",1288,FALSE,FALSE
"2025_04_CAR_NE","NE",17,41,"Touchdown",1043,FALSE,TRUE
"2025_04_CAR_NE","NE",19,59,"Punt",617,FALSE,FALSE
"2025_04_CAR_NE","NE",21,69,"End of half",108,TRUE,FALSE
"2025_04_CHI_LV","CHI",1,71,"Punt",1793,FALSE,FALSE
"2025_04_CHI_LV","CHI",3,24,"Field goal",1548,FALSE,TRUE
"2025_04_CHI_LV","CHI",5,20,"Turnover",1334,FALSE,FALSE
"2025_04_CHI_LV","CHI",7,69,"Punt",904,FALSE,FALSE
"2025_04_CHI_LV","CHI",9,24,"Field goal",528,FALSE,TRUE
"2025_04_CHI_LV","CHI",11,71,"Field goal",235,FALSE,TRUE
"2025_04_CHI_LV","CHI",14,40,"Touchdown",1782,FALSE,TRUE
"2025_04_CHI_LV","CHI",16,68,"Punt",1217,FALSE,FALSE
"2025_04_CHI_LV","CHI",18,49,"Field goal",967,FALSE,TRUE
"2025_04_CHI_LV","CHI",20,69,"Touchdown",399,FALSE,TRUE
"2025_04_CHI_LV","CHI",22,56,"End of half",33,TRUE,FALSE
"2025_04_CHI_LV","LV",2,75,"Turnover",1694,FALSE,FALSE
"2025_04_CHI_LV","LV",4,74,"Turnover",1487,FALSE,FALSE
"2025_04_CHI_LV","LV",6,66,"Touchdown",1156,FALSE,TRUE
"2025_04_CHI_LV","LV",8,80,"Turnover",622,FALSE,FALSE
"2025_04_CHI_LV","LV",10,64,"Touchdown",255,FALSE,TRUE
"2025_04_CHI_LV","LV",12,85,"End of half",46,FALSE,FALSE
"2025_04_CHI_LV","LV",13,73,"Turnover",1794,FALSE,FALSE
"2025_04_CHI_LV","LV",15,80,"Touchdown",1591,FALSE,TRUE
"2025_04_CHI_LV","LV",17,99,"Punt",1111,FALSE,FALSE
"2025_04_CHI_LV","LV",19,74,"Field goal",693,FALSE,TRUE
"2025_04_CHI_LV","LV",21,58,"Missed field goal",87,FALSE,FALSE
"2025_04_CIN_DEN","CIN",1,70,"Field goal",1796,FALSE,TRUE
"2025_04_CIN_DEN","CIN",3,90,"Punt",1308,FALSE,FALSE
"2025_04_CIN_DEN","CIN",5,65,"Punt",917,FALSE,FALSE
"2025_04_CIN_DEN","CIN",7,86,"Punt",521,FALSE,FALSE
"2025_04_CIN_DEN","CIN",9,80,"Punt",118,FALSE,FALSE
"2025_04_CIN_DEN","CIN",11,65,"End of half",8,TRUE,FALSE
"2025_04_CIN_DEN","CIN",13,70,"Punt",1655,FALSE,FALSE
"2025_04_CIN_DEN","CIN",15,80,"Punt",1280,FALSE,FALSE
"2025_04_CIN_DEN","CIN",17,84,"Punt",767,FALSE,FALSE
"2025_04_CIN_DEN","CIN",19,65,"Punt",298,FALSE,FALSE
"2025_04_CIN_DEN","DEN",2,70,"Punt",1443,FALSE,FALSE
"2025_04_CIN_DEN","DEN",4,64,"Touchdown",1164,FALSE,TRUE
"2025_04_CIN_DEN","DEN",6,80,"Touchdown",712,FALSE,TRUE
"2025_04_CIN_DEN","DEN",8,70,"Turnover",491,FALSE,FALSE
"2025_04_CIN_DEN","DEN",10,80,"Touchdown",69,FALSE,TRUE
"2025_04_CIN_DEN","DEN",12,70,"Punt",1794,FALSE,FALSE
"2025_04_CIN_DEN","DEN",14,85,"Punt",1559,FALSE,FALSE
"2025_04_CIN_DEN","DEN",16,93,"Punt",1073,FALSE,FALSE
"2025_04_CIN_DEN","DEN",18,76,"Touchdown",669,FALSE,TRUE
"2025_04_CIN_DEN","DEN",20,81,"End of half",172,FALSE,FALSE
"2025_04_CLE_DET","CLE",2,88,"Touchdown",1666,FALSE,TRUE
"2025_04_CLE_DET","CLE",4,77,"Turnover",1095,FALSE,FALSE
"2025_04_CLE_DET","CLE",6,65,"Punt",857,FALSE,FALSE
"2025_04_CLE_DET","CLE",8,92,"Punt",552,FALSE,FALSE
"2025_04_CLE_DET","CLE",10,81,"Turnover",359,FALSE,FALSE
"2025_04_CLE_DET","CLE",12,67,"Punt",174,FALSE,FALSE
"2025_04_CLE_DET","CLE",14,69,"End of half",4,TRUE,FALSE
"2025_04_CLE_DET","CLE",15,72,"Punt",1796,FALSE,FALSE
"2025_04_CLE_DET","CLE",17,42,"Field goal",1516,FALSE,TRUE
"2025_04_CLE_DET","CLE",19,84,"Missed field goal",1215,FALSE,FALSE
"2025_04_CLE_DET","CLE",21,77,"Opp touchdown",890,FALSE,FALSE
"2025_04_CLE_DET","CLE",22,65,"Punt",820,FALSE,FALSE
"2025_04_CLE_DET","CLE",24,94,"Turnover",540,FALSE,FALSE
"2025_04_CLE_DET","CLE",26,65,"Punt",239,FALSE,FALSE
"2025_04_CLE_DET","DET",1,69,"Punt",1793,FALSE,FALSE
"2025_04_CLE_DET","DET",3,65,"Touchdown",1231,FALSE,TRUE
"2025_04_CLE_DET","DET",5,46,"Field goal",1009,FALSE,TRUE
"2025_04_CLE_DET","DET",7,85,"Punt",727,FALSE,FALSE
"2025_04_CLE_DET","DET",9,61,"Punt",456,FALSE,FALSE
"2025_04_CLE_DET","DET",11,5,"Touchdown",266,FALSE,TRUE
"2025_04_CLE_DET","DET",13,84,"Field goal",55,FALSE,TRUE
"2025_04_CLE_DET","DET",16,90,"Turnover",1650,FALSE,FALSE
"2025_04_CLE_DET","DET",18,63,"Punt",1299,FALSE,FALSE
"2025_04_CLE_DET","DET",20,54,"Turnover on downs",985,FALSE,FALSE
"2025_04_CLE_DET","DET",23,83,"Punt",768,FALSE,FALSE
"2025_04_CLE_DET","DET",25,20,"Touchdown",422,FALSE,TRUE
"2025_04_CLE_DET","DET",27,79,"End of half",145,FALSE,FALSE
"2025_04_GB_DAL","DAL",2,72,"Punt",1496,FALSE,FALSE
"2025_04_GB_DAL","DAL",4,89,"Punt",1154,FALSE,FALSE
"2025_04_GB_DAL","DAL",6,88,"Punt",630,FALSE,FALSE
"2025_04_GB_DAL","DAL",8,95,"Touchdown",350,FALSE,TRUE
"2025_04_GB_DAL","DAL",10,15,"Touchdown",13,FALSE,TRUE
"2025_04_GB_DAL","DAL",12,70,"Punt",1794,FALSE,FALSE
"2025_04_GB_DAL","DAL",14,80,"Touchdown",1327,FALSE,TRUE
"2025_04_GB_DAL","DAL",16,77,"Touchdown",694,FALSE,TRUE
"2025_04_GB_DAL","DAL",18,54,"Touchdown",98,FALSE,TRUE
"2025_04_GB_DAL","DAL",20,80,"Field goal",593,FALSE,TRUE
"2025_04_GB_DAL","GB",1,69,"Touchdown",1794,FALSE,TRUE
"2025_04_GB_DAL","GB",3,85,"Punt",1380,FALSE,FALSE
"2025_04_GB_DAL","GB",5,68,"Touchdown",978,FALSE,TRUE
"2025_04_GB_DAL","GB",7,60,"Punt",513,FALSE,FALSE
"2025_04_GB_DAL","GB",9,80,"Turnover",41,FALSE,FALSE
"2025_04_GB_DAL","GB",11,65,"End of half",9,TRUE,FALSE
"2025_04_GB_DAL","GB",13,76,"Touchdown",1653,FALSE,TRUE
"2025_04_GB_DAL","GB",15,70,"Touchdown",929,FALSE,TRUE
"2025_04_GB_DAL","GB",17,80,"Touchdown",290,FALSE,TRUE
"2025_04_GB_DAL","GB",19,74,"Field goal",35,FALSE,TRUE
"2025_04_GB_DAL","GB",21,80,"Field goal",280,FALSE,TRUE
"2025_04_IND_LA","IND",1,74,"Turnover",1793,FALSE,FALSE
"2025_04_IND_LA","IND",3,52,"Field goal",1346,FALSE,TRUE
"2025_04_IND_LA","IND",5,45,"Touchdown",1044,FALSE,TRUE
"2025_04_IND_LA","IND",7,70,"Punt",315,FALSE,FALSE
"2025_04_IND_LA","IND",9,65,"End of half",7,TRUE,FALSE
"2025_04_IND_LA","IND",11,82,"Turnover",1653,FALSE,FALSE
"2025_04_IND_LA","IND",13,81,"Punt",1469,FALSE,FALSE
"2025_04_IND_LA","IND",15,77,"Punt",1278,FALSE,FALSE
"2025_04_IND_LA","IND",17,90,"Touchdown",1061,FALSE,TRUE
"2025_04_IND_LA","IND",19,17,"Field goal",682,FALSE,TRUE
"2025_04_IND_LA","IND",21,80,"Punt",200,FALSE,FALSE
"2025_04_IND_LA","IND",23,89,"Turnover",87,FALSE,FALSE
"2025_04_IND_LA","LA",2,80,"Field goal",1667,FALSE,TRUE
"2025_04_IND_LA","LA",4,74,"Turnover on downs",1186,FALSE,FALSE
"2025_04_IND_LA","LA",6,76,"Field goal",731,FALSE,TRUE
"2025_04_IND_LA","LA",8,96,"Touchdown",134,FALSE,TRUE
"2025_04_IND_LA","LA",10,65,"Punt",1795,FALSE,FALSE
"2025_04_IND_LA","LA",12,80,"Punt",1592,FALSE,FALSE
"2025_04_IND_LA","LA",14,73,"Punt",1370,FALSE,FALSE
"2025_04_IND_LA","LA",16,73,"Punt",1180,FALSE,FALSE
"2025_04_IND_LA","LA",18,73,"Turnover",689,FALSE,FALSE
"2025_04_IND_LA","LA",20,83,"Touchdown",532,FALSE,TRUE
"2025_04_IND_LA","LA",22,88,"Touchdown",104,FALSE,TRUE
"2025_04_IND_LA","LA",24,56,"End of half",53,FALSE,FALSE
"2025_04_JAX_SF","JAX",2,93,"Punt",1413,FALSE,FALSE
"2025_04_JAX_SF","JAX",4,48,"Touchdown",890,FALSE,TRUE
"2025_04_JAX_SF","JAX",6,89,"Touchdown",782,FALSE,TRUE
"2025_04_JAX_SF","JAX",8,71,"Punt",206,FALSE,FALSE
"2025_04_JAX_SF","JAX",10,47,"Field goal",32,FALSE,TRUE
"2025_04_JAX_SF","JAX",11,65,"Punt",1800,FALSE,FALSE
"2025_04_JAX_SF","JAX",13,72,"Punt",1406,FALSE,FALSE
"2025_04_JAX_SF","JAX",15,28,"Field goal",1262,FALSE,TRUE
"2025_04_JAX_SF","JAX",18,74,"Punt",854,FALSE,FALSE
"2025_04_JAX_SF","JAX",20,56,"Missed field goal",453,FALSE,FALSE
"2025_04_JAX_SF","JAX",22,47,"End of half",167,FALSE,FALSE
"2025_04_JAX_SF","SF",1,65,"Field goal",1790,FALSE,TRUE
"2025_04_JAX_SF","SF",3,80,"Turnover",1000,FALSE,FALSE
"2025_04_JAX_SF","SF",5,74,"Turnover",876,FALSE,FALSE
"2025_04_JAX_SF","SF",7,75,"Punt",296,FALSE,FALSE
"2025_04_JAX_SF","SF",9,59,"Field goal",148,FALSE,TRUE
"2025_04_JAX_SF","SF",12,73,"Touchdown",1656,FALSE,TRUE
"2025_04_JAX_SF","SF",14,80,"Turnover",1274,FALSE,FALSE
"2025_04_JAX_SF","SF",16,65,"Opp touchdown",1147,FALSE,FALSE
"2025_04_JAX_SF","SF",17,65,"Turnover on downs",1042,FALSE,FALSE
"2025_04_JAX_SF","SF",19,92,"Touchdown",717,FALSE,TRUE
"2025_04_JAX_SF","SF",21,63,"Turnover",212,FALSE,FALSE
"2025_04_LAC_NYG","LAC",1,65,"Punt",1800,FALSE,FALSE
"2025_04_LAC_NYG","LAC",3,74,"Punt",1455,FALSE,FALSE
"2025_04_LAC_NYG","LAC",5,67,"Turnover",1016,FALSE,FALSE
"2025_04_LAC_NYG","LAC",7,65,"Field goal",827,FALSE,TRUE
"2025_04_LAC_NYG","LAC",9,75,"Touchdown",106,FALSE,TRUE
"2025_04_LAC_NYG","LAC",12,95,"Punt",1550,FALSE,FALSE
"2025_04_LAC_NYG","LAC",14,59,"Turnover",1209,FALSE,FALSE
"2025_04_LAC_NYG","LAC",16,66,"Touchdown",1064,FALSE,TRUE
"2025_04_LAC_NYG","LAC",18,91,"Punt",736,FALSE,FALSE
"2025_04_LAC_NYG","LAC",20,96,"Punt",336,FALSE,FALSE
"2025_04_LAC_NYG","LAC",22,84,"End of half",18,FALSE,FALSE
"2025_04_LAC_NYG","NYG",2,89,"Touchdown",1717,FALSE,TRUE
"2025_04_LAC_NYG","NYG",4,99,"Punt",1232,FALSE,FALSE
"2025_04_LAC_NYG","NYG",6,3,"Field goal",933,FALSE,TRUE
"2025_04_LAC_NYG","NYG",8,60,"Field goal",479,FALSE,TRUE
"2025_04_LAC_NYG","NYG",10,71,"End of half",20,FALSE,FALSE
"2025_04_LAC_NYG","NYG",11,75,"Punt",1796,FALSE,FALSE
"2025_04_LAC_NYG","NYG",13,96,"Punt",1311,FALSE,FALSE
"2025_04_LAC_NYG","NYG",15,3,"Touchdown",1113,FALSE,TRUE
"2025_04_LAC_NYG","NYG",17,61,"Punt",981,FALSE,FALSE
"2025_04_LAC_NYG","NYG",19,48,"Turnover on downs",683,FALSE,FALSE
"2025_04_LAC_NYG","NYG",21,74,"Punt",172,FALSE,FALSE
"2025_04_MIN_PIT","MIN",2,74,"Field goal",1669,FALSE,TRUE
"2025_04_MIN_PIT","MIN",4,70,"Punt",950,FALSE,FALSE
"2025_04_MIN_PIT","MIN",6,74,"Turnover",731,FALSE,FALSE
"2025_04_MIN_PIT","MIN",8,91,"Field goal",98,FALSE,TRUE
"2025_04_MIN_PIT","MIN",10,68,"Punt",1794,FALSE,FALSE
"2025_04_MIN_PIT","MIN",12,90,"Turnover",1563,FALSE,FALSE
"2025_04_MIN_PIT","MIN",14,82,"Punt",1034,FALSE,FALSE
"2025_04_MIN_PIT","MIN",16,70,"Touchdown",672,FALSE,TRUE
"2025_04_MIN_PIT","MIN",18,99,"Touchdown",249,FALSE,TRUE
"2025_04_MIN_PIT","MIN",20,80,"Turnover on downs",62,FALSE,FALSE
"2025_04_MIN_PIT","PIT",1,65,"Punt",1795,FALSE,FALSE
"2025_04_MIN_PIT","PIT",3,71,"Touchdown",1279,FALSE,TRUE
"2025_04_MIN_PIT","PIT",5,80,"Touchdown",748,FALSE,TRUE
"2025_04_MIN_PIT","PIT",7,68,"Missed field goal",350,FALSE,FALSE
"2025_04_MIN_PIT","PIT",9,76,"End of half",6,TRUE,FALSE
"2025_04_MIN_PIT","PIT",11,74,"Punt",1689,FALSE,FALSE
"2025_04_MIN_PIT","PIT",13,35,"Touchdown",1215,FALSE,TRUE
"2025_04_MIN_PIT","PIT",15,46,"Field goal",935,FALSE,TRUE
"2025_04_MIN_PIT","PIT",17,65,"Turnover on downs",466,FALSE,FALSE
"2025_04_MIN_PIT","PIT",19,49,"Punt",127,FALSE,FALSE
"2025_04_MIN_PIT","PIT",21,32,"End of half",8,TRUE,FALSE
"2025_04_NO_BUF","BUF",1,79,"Touchdown",1793,FALSE,TRUE
"2025_04_NO_BUF","BUF",3,66,"Touchdown",1300,FALSE,TRUE
"2025_04_NO_BUF","BUF",5,87,"Turnover",818,FALSE,FALSE
"2025_04_NO_BUF","BUF",7,97,"Punt",674,FALSE,FALSE
"2025_04_NO_BUF","BUF",9,72,"Punt",324,FALSE,FALSE
"2025_04_NO_BUF","BUF",11,97,"End of half",82,FALSE,FALSE
"2025_04_NO_BUF","BUF",13,80,"Touchdown",1671,FALSE,TRUE
"2025_04_NO_BUF","BUF",15,69,"Turnover on downs",907,FALSE,FALSE
"2025_04_NO_BUF","BUF",17,60,"Touchdown",533,FALSE,TRUE
"2025_04_NO_BUF","BUF",19,59,"Field goal",336,FALSE,TRUE
"2025_04_NO_BUF","BUF",21,34,"End of half",104,TRUE,FALSE
"2025_04_NO_BUF","NO",2,69,"Touchdown",1542,FALSE,TRUE
"2025_04_NO_BUF","NO",4,87,"Punt",1042,FALSE,FALSE
"2025_04_NO_BUF","NO",6,49,"Punt",765,FALSE,FALSE
"2025_04_NO_BUF","NO",8,49,"Field goal",523,FALSE,TRUE
"2025_04_NO_BUF","NO",10,40,"Turnover",172,FALSE,FALSE
"2025_04_NO_BUF","NO",12,68,"Punt",1793,FALSE,FALSE
"2025_04_NO_BUF","NO",14,65,"Touchdown",1295,FALSE,TRUE
"2025_04_NO_BUF","NO",16,49,"Field goal",772,FALSE,TRUE
"2025_04_NO_BUF","NO",18,69,"Turnover on downs",421,FALSE,FALSE
"2025_04_NO_BUF","NO",20,65,"Turnover on downs",129,FALSE,FALSE
"2025_04_NYJ_MIA","MIA",1,66,"Field goal",1793,FALSE,TRUE
"2025_04_NYJ_MIA","MIA",3,96,"Touchdown",1080,FALSE,TRUE
"2025_04_NYJ_MIA","MIA",5,43,"Punt",256,FALSE,FALSE
"2025_04_NYJ_MIA","MIA",7,36,"Touchdown",1793,FALSE,TRUE
"2025_04_NYJ_MIA","MIA",9,68,"Touchdown",1457,FALSE,TRUE
"2025_04_NYJ_MIA","MIA",11,90,"Punt",1055,FALSE,FALSE
"2025_04_NYJ_MIA","MIA",13,66,"Punt",784,FALSE,FALSE
"2025_04_NYJ_MIA","MIA",15,74,"Field goal",422,FALSE,TRUE
"2025_04_NYJ_MIA","MIA",17,45,"Punt",108,FALSE,FALSE
"2025_04_NYJ_MIA","NYJ",2,86,"Turnover",1545,FALSE,FALSE
"2025_04_NYJ_MIA","NYJ",4,74,"Turnover",555,FALSE,FALSE
"2025_04_NYJ_MIA","NYJ",6,84,"Field goal",112,FALSE,TRUE
"2025_04_NYJ_MIA","NYJ",8,52,"Touchdown",1586,FALSE,TRUE
"2025_04_NYJ_MIA","NYJ",10,65,"Punt",1220,FALSE,FALSE
"2025_04_NYJ_MIA","NYJ",12,63,"Field goal",984,FALSE,TRUE
"2025_04_NYJ_MIA","NYJ",14,97,"Punt",684,FALSE,FALSE
"2025_04_NYJ_MIA","NYJ",16,61,"Touchdown",206,FALSE,TRUE
"2025_04_NYJ_MIA","NYJ",18,99,"End of half",2,FALSE,FALSE
"2025_04_PHI_TB","PHI",3,73,"Touchdown",1582,FALSE,TRUE
"2025_04_PHI_TB","PHI",5,70,"Punt",896,FALSE,FALSE
"2025_04_PHI_TB","PHI",7,67,"Touchdown",584,FALSE,TRUE
"2025_04_PHI_TB","PHI",9,75,"Field goal",300,FALSE,TRUE
"2025_04_PHI_TB","PHI",11,68,"Punt",1796,FALSE,FALSE
"2025_04_PHI_TB","PHI",13,66,"Punt",1556,FALSE,FALSE
"2025_04_PHI_TB","PHI",15,60,"Punt",1484,FALSE,FALSE
"2025_04_PHI_TB","PHI",17,25,"Touchdown",1339,FALSE,TRUE
"2025_04_PHI_TB","PHI",19,65,"Punt",1026,FALSE,FALSE
"2025_04_PHI_TB","PHI",21,77,"Punt",731,FALSE,FALSE
"2025_04_PHI_TB","PHI",23,80,"Punt",468,FALSE,FALSE
"2025_04_PHI_TB","PHI",25,65,"Safety",57,FALSE,FALSE
"2025_04_PHI_TB","TB",1,80,"Opp touchdown",1800,FALSE,FALSE
"2025_04_PHI_TB","TB",2,75,"Punt",1667,FALSE,FALSE
"2025_04_PHI_TB","TB",4,72,"Field goal",1323,FALSE,TRUE
"2025_04_PHI_TB","TB",6,84,"Punt",754,FALSE,FALSE
"2025_04_PHI_TB","TB",8,80,"Punt",363,FALSE,FALSE
"2025_04_PHI_TB","TB",10,77,"Field goal",53,FALSE,TRUE
"2025_04_PHI_TB","TB",12,40,"Turnover on downs",1652,FALSE,FALSE
"2025_04_PHI_TB","TB",14,77,"Touchdown",1504,FALSE,TRUE
"2025_04_PHI_TB","TB",16,83,"Turnover",1391,FALSE,FALSE
"2025_04_PHI_TB","TB",18,86,"Touchdown",1127,FALSE,TRUE
"2025_04_PHI_TB","TB",20,69,"Field goal",892,FALSE,TRUE
"2025_04_PHI_TB","TB",22,47,"Turnover",708,FALSE,FALSE
"2025_04_PHI_TB","TB",24,78,"Turnover on downs",367,FALSE,FALSE
"2025_04_SEA_ARI","ARI",1,74,"Punt",1794,FALSE,FALSE
"2025_04_SEA_ARI","ARI",3,52,"Turnover",1442,FALSE,FALSE
"2025_04_SEA_ARI","ARI",4,47,"Field goal",1426,FALSE,TRUE
"2025_04_SEA_ARI","ARI",6,74,"Punt",987,FALSE,FALSE
"2025_04_SEA_ARI","ARI",8,73,"Turnover",717,FALSE,FALSE
"2025_04_SEA_ARI","ARI",10,80,"Punt",340,FALSE,FALSE
"2025_04_SEA_ARI","ARI",12,74,"End of half",54,FALSE,FALSE
"2025_04_SEA_ARI","ARI",14,65,"Punt",1426,FALSE,FALSE
"2025_04_SEA_ARI","ARI",16,62,"Field goal",1190,FALSE,TRUE
"2025_04_SEA_ARI","ARI",18,73,"Touchdown",567,FALSE,TRUE
"2025_04_SEA_ARI","ARI",20,57,"Touchdown",196,FALSE,TRUE
"2025_04_SEA_ARI","SEA",2,86,"Turnover on downs",1637,FALSE,FALSE
"2025_04_SEA_ARI","SEA",5,77,"Touchdown",1171,FALSE,TRUE
"2025_04_SEA_ARI","SEA",7,74,"Punt",890,FALSE,FALSE
"2025_04_SEA_ARI","SEA",9,49,"Punt",500,FALSE,FALSE
"2025_04_SEA_ARI","SEA",11,90,"Touchdown",225,FALSE,TRUE
"2025_04_SEA_ARI","SEA",13,66,"Field goal",1794,FALSE,TRUE
"2025_04_SEA_ARI","SEA",15,87,"Punt",1286,FALSE,FALSE
"2025_04_SEA_ARI","SEA",17,66,"Field goal",993,FALSE,TRUE
"2025_04_SEA_ARI","SEA",19,78,"Missed field goal",344,FALSE,FALSE
"2025_04_SEA_ARI","SEA",21,60,"Field goal",28,FALSE,TRUE
"2025_04_TEN_HOU","HOU",2,69,"Field goal",1601,FALSE,TRUE
"2025_04_TEN_HOU","HOU",4,85,"Field goal",1085,FALSE,TRUE
"2025_04_TEN_HOU","HOU",6,60,"Punt",620,FALSE,FALSE
"2025_04_TEN_HOU","HOU",8,63,"Punt",464,FALSE,FALSE
"2025_04_TEN_HOU","HOU",10,69,"Missed field goal",1792,FALSE,FALSE
"2025_04_TEN_HOU","HOU",12,82,"Touchdown",1366,FALSE,TRUE
"2025_04_TEN_HOU","HOU",14,44,"Touchdown",758,FALSE,TRUE
"2025_04_TEN_HOU","HOU",16,31,"Touchdown",408,FALSE,TRUE
"2025_04_TEN_HOU","HOU",18,72,"Punt",235,FALSE,FALSE
"2025_04_TEN_HOU","TEN",1,72,"Missed field goal",1795,FALSE,FALSE
"2025_04_TEN_HOU","TEN",3,66,"Punt",1184,FALSE,FALSE
"2025_04_TEN_HOU","TEN",5,78,"Punt",803,FALSE,FALSE
"2025_04_TEN_HOU","TEN",7,90,"Punt",527,FALSE,FALSE
"2025_04_TEN_HOU","TEN",9,77,"Missed field goal",108,FALSE,FALSE
"2025_04_TEN_HOU","TEN",11,56,"Punt",1542,FALSE,FALSE
"2025_04_TEN_HOU","TEN",13,71,"Turnover",890,FALSE,FALSE
"2025_04_TEN_HOU","TEN",15,73,"Turnover on downs",560,FALSE,FALSE
"2025_04_TEN_HOU","TEN",17,86,"Punt",285,FALSE,FALSE
"2025_04_TEN_HOU","TEN",19,98,"End of half",110,FALSE,FALSE
"2025_04_WAS_ATL","ATL",1,65,"Field goal",1800,FALSE,TRUE
"2025_04_WAS_ATL","ATL",3,73,"Touchdown",1442,FALSE,TRUE
"2025_04_WAS_ATL","ATL",5,63,"Touchdown",677,FALSE,TRUE
"2025_04_WAS_ATL","ATL",7,68,"Punt",318,FALSE,FALSE
"2025_04_WAS_ATL","ATL",9,75,"Punt",22,FALSE,FALSE
"2025_04_WAS_ATL","ATL",11,76,"Touchdown",1505,FALSE,TRUE
"2025_04_WAS_ATL","ATL",13,80,"Turnover",1307,FALSE,FALSE
"2025_04_WAS_ATL","ATL",15,72,"Touchdown",1154,FALSE,TRUE
"2025_04_WAS_ATL","ATL",17,77,"Field goal",522,FALSE,TRUE
"2025_04_WAS_ATL","ATL",19,48,"End of half",87,TRUE,FALSE
"2025_04_WAS_ATL","WAS",2,68,"Punt",1540,FALSE,FALSE
"2025_04_WAS_ATL","WAS",4,70,"Touchdown",943,FALSE,TRUE
"2025_04_WAS_ATL","WAS",6,41,"Field goal",498,FALSE,TRUE
"2025_04_WAS_ATL","WAS",8,92,"Punt",111,FALSE,FALSE
"2025_04_WAS_ATL","WAS",10,71,"Field goal",1795,FALSE,TRUE
"2025_04_WAS_ATL","WAS",12,70,"Turnover",1459,FALSE,FALSE
"2025_04_WAS_ATL","WAS",14,25,"Field goal",1213,FALSE,TRUE
"2025_04_WAS_ATL","WAS",16,76,"Touchdown",906,FALSE,TRUE
"2025_04_WAS_ATL","WAS",18,65,"Field goal",117,FALSE,TRUE
"2025_05_DAL_NYJ","DAL",2,65,"Field goal",1363,FALSE,TRUE
"2025_05_DAL_NYJ","DAL",4,90,"Touchdown",1070,FALSE,TRUE
"2025_05_DAL_NYJ","DAL",6,71,"Punt",582,FALSE,FALSE
"2025_05_DAL_NYJ","DAL",8,91,"Touchdown",138,FALSE,TRUE
"2025_05_DAL_NYJ","DAL",10,67,"Touchdown",29,FALSE,TRUE
"2025_05_DAL_NYJ","DAL",12,64,"Punt",1794,FALSE,FALSE
"2025_05_DAL_NYJ","DAL",14,86,"Punt",1552,FALSE,FALSE
"2025_05_DAL_NYJ","DAL",16,53,"Touchdown",1216,FALSE,TRUE
"2025_05_DAL_NYJ","DAL",18,65,"Punt",957,FALSE,FALSE
"2025_05_DAL_NYJ","DAL",20,71,"Punt",825,FALSE,FALSE
"2025_05_DAL_NYJ","DAL",22,46,"Touchdown",474,FALSE,TRUE
"2025_05_DAL_NYJ","DAL",24,45,"End of half",101,TRUE,FALSE
"2025_05_DAL_NYJ","NYJ",1,73,"Field goal",1796,FALSE,TRUE
"2025_05_DAL_NYJ","NYJ",3,74,"Punt",1192,FALSE,FALSE
"2025_05_DAL_NYJ","NYJ",5,60,"Punt",700,FALSE,FALSE
"2025_05_DAL_NYJ","NYJ",7,67,"Turnover",484,FALSE,FALSE
"2025_05_DAL_NYJ","NYJ",9,78,"Punt",51,FALSE,FALSE
"2025_05_DAL_NYJ","NYJ",11,75,"End of half",10,TRUE,FALSE
"2025_05_DAL_NYJ","NYJ",13,76,"Punt",1704,FALSE,FALSE
"2025_05_DAL_NYJ","NYJ",15,67,"Turnover on downs",1370,FALSE,FALSE
"2025_05_DAL_NYJ","NYJ",17,74,"Field goal",1168,FALSE,TRUE
"2025_05_DAL_NYJ","NYJ",19,69,"Turnover on downs",886,FALSE,FALSE
"2025_05_DAL_NYJ","NYJ",21,78,"Touchdown",729,FALSE,TRUE
"2025_05_DAL_NYJ","NYJ",23,70,"Touchdown",266,FALSE,TRUE
"2025_05_DEN_PHI","DEN",1,69,"Punt",1793,FALSE,FALSE
"2025_05_DEN_PHI","DEN",3,69,"Field goal",1628,FALSE,TRUE
"2025_05_DEN_PHI","DEN",5,71,"Punt",920,FALSE,FALSE
"2025_05_DEN_PHI","DEN",7,81,"Punt",435,FALSE,FALSE
"2025_05_DEN_PHI","DEN",9,80,"Punt",138,FALSE,FALSE
"2025_05_DEN_PHI","DEN",11,56,"Punt",52,FALSE,FALSE
"2025_05_DEN_PHI","DEN",14,82,"Punt",1698,FALSE,FALSE
"2025_05_DEN_PHI","DEN",16,80,"Punt",1217,FALSE,FALSE
"2025_05_DEN_PHI","DEN",18,64,"Touchdown",1058,FALSE,TRUE
"2025_05_DEN_PHI","DEN",20,72,"Touchdown",668,FALSE,TRUE
"2025_05_DEN_PHI","DEN",22,68,"Field goal",300,FALSE,TRUE
"2025_05_DEN_PHI","PHI",2,80,"Punt",1700,FALSE,FALSE
"2025_05_DEN_PHI","PHI",4,83,"Field goal",1304,FALSE,TRUE
"2025_05_DEN_PHI","PHI",6,90,"Touchdown",712,FALSE,TRUE
"2025_05_DEN_PHI","PHI",8,86,"Punt",289,FALSE,FALSE
"2025_05_DEN_PHI","PHI",10,89,"Punt",79,FALSE,FALSE
"2025_05_DEN_PHI","PHI",12,95,"End of half",8,TRUE,FALSE
"2025_05_DEN_PHI","PHI",13,74,"Touchdown",1795,FALSE,TRUE
"2025_05_DEN_PHI","PHI",15,91,"Punt",1338,FALSE,FALSE
"2025_05_DEN_PHI","PHI",17,56,"Punt",1123,FALSE,FALSE
"2025_05_DEN_PHI","PHI",19,72,"Punt",786,FALSE,FALSE
"2025_05_DEN_PHI","PHI",21,57,"Punt",449,FALSE,FALSE
"2025_05_DEN_PHI","PHI",23,74,"End of half",66,FALSE,FALSE
"2025_05_DET_CIN","CIN",2,75,"Punt",1544,FALSE,FALSE
"2025_05_DET_CIN","CIN",4,72,"Punt",1192,FALSE,FALSE
"2025_05_DET_CIN","CIN",6,97,"Turnover",889,FALSE,FALSE
"2025_05_DET_CIN","CIN",8,81,"Punt",728,FALSE,FALSE
"2025_05_DET_CIN","CIN",10,95,"Turnover",382,FALSE,FALSE
"2025_05_DET_CIN","CIN",12,92,"Field goal",227,FALSE,TRUE
"2025_05_DET_CIN","CIN",13,73,"Turnover",1795,FALSE,FALSE
"2025_05_DET_CIN","CIN",15,72,"Punt",1576,FALSE,FALSE
"2025_05_DET_CIN","CIN",17,73,"Touchdown",1236,FALSE,TRUE
"2025_05_DET_CIN","CIN",19,70,"Touchdown",749,FALSE,TRUE
"2025_05_DET_CIN","CIN",21,63,"Touchdown",308,FALSE,TRUE
"2025_05_DET_CIN","CIN",23,93,"Safety",114,FALSE,FALSE
"2025_05_DET_CIN","DET",1,58,"Touchdown",1794,FALSE,TRUE
"2025_05_DET_CIN","DET",3,80,"Turnover",1392,FALSE,FALSE
"2025_05_DET_CIN","DET",5,90,"Punt",1097,FALSE,FALSE
"2025_05_DET_CIN","DET",7,17,"Touchdown",882,FALSE,TRUE
"2025_05_DET_CIN","DET",9,80,"Punt",515,FALSE,FALSE
"2025_05_DET_CIN","DET",11,45,"Punt",312,FALSE,FALSE
"2025_05_DET_CIN","DET",14,28,"Touchdown",1748,FALSE,TRUE
"2025_05_DET_CIN","DET",16,80,"Touchdown",1493,FALSE,TRUE
"2025_05_DET_CIN","DET",18,73,"Punt",885,FALSE,FALSE
"2025_05_DET_CIN","DET",20,68,"Touchdown",617,FALSE,TRUE
"2025_05_DET_CIN","DET",22,40,"Punt",177,FALSE,FALSE
"2025_05_DET_CIN","DET",24,10,"End of half",109,FALSE,FALSE
"2025_05_HOU_BAL","BAL",2,75,"Field goal",1460,FALSE,TRUE
"2025_05_HOU_BAL","BAL",4,75,"Punt",673,FALSE,FALSE
"2025_05_HOU_BAL","BAL",6,64,"Punt",331,FALSE,FALSE
"2025_05_HOU_BAL","BAL",8,71,"Missed field goal",23,FALSE,FALSE
"2025_05_HOU_BAL","BAL",9,66,"Turnover",1794,FALSE,FALSE
"2025_05_HOU_BAL","BAL",11,80,"Punt",1587,FALSE,FALSE
"2025_05_HOU_BAL","BAL",13,71,"Touchdown",1248,FALSE,TRUE
"2025_05_HOU_BAL","BAL",15,91,"Turnover",823,FALSE,FALSE
"2025_05_HOU_BAL","BAL",17,65,"Punt",630,FALSE,FALSE
"2025_05_HOU_BAL","BAL",19,67,"Turnover",447,FALSE,FALSE
"2025_05_HOU_BAL","HOU",1,67,"Touchdown",1793,FALSE,TRUE
"2025_05_HOU_BAL","HOU",3,69,"Field goal",1012,FALSE,TRUE
"2025_05_HOU_BAL","HOU",5,41,"Touchdown",562,FALSE,TRUE
"2025_05_HOU_BAL","HOU",7,77,"Touchdown",240,FALSE,TRUE
"2025_05_HOU_BAL","HOU",10,38,"Touchdown",1669,FALSE,TRUE
"2025_05_HOU_BAL","HOU",12,71,"Field goal",1464,FALSE,TRUE
"2025_05_HOU_BAL","HOU",14,65,"Touchdown",1061,FALSE,TRUE
"2025_05_HOU_BAL","HOU",16,21,"Field goal",730,FALSE,TRUE
"2025_05_HOU_BAL","HOU",18,85,"Punt",539,FALSE,FALSE
"2025_05_HOU_BAL","HOU",20,84,"End of half",367,FALSE,FALSE
"2025_05_KC_JAX","JAX",1,70,"Punt",1795,FALSE,FALSE
"2025_05_KC_JAX","JAX",3,86,"Punt",1471,FALSE,FALSE
"2025_05_KC_JAX","JAX",5,61,"Turnover",1135,FALSE,FALSE
"2025_05_KC_JAX","JAX",7,70,"Touchdown",638,FALSE,TRUE
"2025_05_KC_JAX","JAX",9,92,"End of half",54,FALSE,FALSE
"2025_05_KC_JAX","JAX",11,87,"Touchdown",1695,FALSE,TRUE
"2025_05_KC_JAX","JAX",14,88,"Turnover",831,FALSE,FALSE
"2025_05_KC_JAX","JAX",16,59,"Field goal",733,FALSE,TRUE
"2025_05_KC_JAX","JAX",18,60,"Touchdown",105,FALSE,TRUE
"2025_05_KC_JAX","KC",2,91,"Punt",1704,FALSE,FALSE
"2025_05_KC_JAX","KC",4,72,"Touchdown",1409,FALSE,TRUE
"2025_05_KC_JAX","KC",6,97,"Touchdown",816,FALSE,TRUE
"2025_05_KC_JAX","KC",8,65,"Punt",158,FALSE,FALSE
"2025_05_KC_JAX","KC",10,67,"Punt",1792,FALSE,FALSE
"2025_05_KC_JAX","KC",12,68,"Opp touchdown",1414,FALSE,FALSE
"2025_05_KC_JAX","KC",13,80,"Punt",1030,FALSE,FALSE
"2025_05_KC_JAX","KC",15,19,"Touchdown",783,FALSE,TRUE
"2025_05_KC_JAX","KC",17,86,"Touchdown",482,FALSE,TRUE
"2025_05_KC_JAX","KC",19,83,"End of half",16,FALSE,FALSE
"2025_05_LV_IND","IND",1,71,"Punt",1793,FALSE,FALSE
"2025_05_LV_IND","IND",3,83,"Touchdown",1089,FALSE,TRUE
"2025_05_LV_IND","IND",5,8,"Touchdown",569,FALSE,TRUE
"2025_05_LV_IND","IND",7,88,"Touchdown",233,FALSE,TRUE
"2025_05_LV_IND","IND",10,68,"Touchdown",1677,FALSE,TRUE
"2025_05_LV_IND","IND",12,6,"Touchdown",1279,FALSE,TRUE
"2025_05_LV_IND","IND",14,44,"Touchdown",1127,FALSE,TRUE
"2025_05_LV_IND","IND",16,82,"Punt",694,FALSE,FALSE
"2025_05_LV_IND","LV",2,86,"Field goal",1691,FALSE,TRUE
"2025_05_LV_IND","LV",4,70,"Punt",687,FALSE,FALSE
"2025_05_LV_IND","LV",6,75,"Turnover",476,FALSE,FALSE
"2025_05_LV_IND","LV",8,65,"Missed field goal",15,FALSE,FALSE
"2025_05_LV_IND","LV",9,74,"Punt",1795,FALSE,FALSE
"2025_05_LV_IND","LV",11,70,"Turnover",1310,FALSE,FALSE
"2025_05_LV_IND","LV",13,65,"Turnover on downs",1249,FALSE,FALSE
"2025_05_LV_IND","LV",15,66,"Field goal",1042,FALSE,TRUE
"2025_05_LV_IND","LV",17,89,"End of half",405,FALSE,FALSE
"2025_05_MIA_CAR","CAR",2,69,"Turnover",1438,FALSE,FALSE
"2025_05_MIA_CAR","CAR",4,72,"Turnover",887,FALSE,FALSE
"2025_05_MIA_CAR","CAR",6,76,"Touchdown",643,FALSE,TRUE
"2025_05_MIA_CAR","CAR",8,76,"Field goal",107,FALSE,TRUE
"2025_05_MIA_CAR","CAR",9,70,"Field goal",1793,FALSE,TRUE
"2025_05_MIA_CAR","CAR",11,86,"Punt",1478,FALSE,FALSE
"2025_05_MIA_CAR","CAR",13,98,"Punt",1165,FALSE,FALSE
"2025_05_MIA_CAR","CAR",15,75,"Punt",802,FALSE,FALSE
"2025_05_MIA_CAR","CAR",17,85,"Touchdown",612,FALSE,TRUE
"2025_05_MIA_CAR","CAR",19,83,"Touchdown",271,FALSE,TRUE
"2025_05_MIA_CAR","CAR",21,73,"End of half",63,FALSE,FALSE
"2025_05_MIA_CAR","MIA",1,73,"Field goal",1794,FALSE,TRUE
"2025_05_MIA_CAR","MIA",3,58,"Touchdown",1291,FALSE,TRUE
"2025_05_MIA_CAR","MIA",5,49,"Touchdown",841,FALSE,TRUE
"2025_05_MIA_CAR","MIA",7,75,"Punt",198,FALSE,FALSE
"2025_05_MIA_CAR","MIA",10,75,"Punt",1627,FALSE,FALSE
"2025_05_MIA_CAR","MIA",12,76,"Punt",1317,FALSE,FALSE
"2025_05_MIA_CAR","MIA",14,66,"Punt",903,FALSE,FALSE
"2025_05_MIA_CAR","MIA",16,75,"Punt",741,FALSE,FALSE
"2025_05_MIA_CAR","MIA",18,57,"Touchdown",360,FALSE,TRUE
"2025_05_MIA_CAR","MIA",20,78,"Punt",114,FALSE,FALSE
"2025_05_MIN_CLE","CLE",1,60,"Punt",1800,FALSE,FALSE
"2025_05_MIN_CLE","CLE",3,47,"Touchdown",1517,FALSE,TRUE
"2025_05_MIN_CLE","CLE",5,66,"Punt",1045,FALSE,FALSE
"2025_05_MIN_CLE","CLE",7,89,"Punt",658,FALSE,FALSE
"2025_05_MIN_CLE","CLE",9,74,"Punt",374,FALSE,FALSE
"2025_05_MIN_CLE","CLE",11,66,"Field goal",150,FALSE,TRUE
"2025_05_MIN_CLE","CLE",14,69,"Touchdown",1565,FALSE,TRUE
"2025_05_MIN_CLE","CLE",16,99,"Punt",956,FALSE,FALSE
"2025_05_MIN_CLE","CLE",18,70,"Punt",841,FALSE,FALSE
"2025_05_MIN_CLE","CLE",20,59,"Punt",581,FALSE,FALSE
"2025_05_MIN_CLE","CLE",22,59,"Punt",207,FALSE,FALSE
"2025_05_MIN_CLE","CLE",24,71,"End of half",21,FALSE,FALSE
"2025_05_MIN_CLE","MIN",2,92,"Turnover",1681,FALSE,FALSE
"2025_05_MIN_CLE","MIN",4,82,"Touchdown",1303,FALSE,TRUE
"2025_05_MIN_CLE","MIN",6,79,"Punt",868,FALSE,FALSE
"2025_05_MIN_CLE","MIN",8,86,"Punt",517,FALSE,FALSE
"2025_05_MIN_CLE","MIN",10,89,"Punt",245,FALSE,FALSE
"2025_05_MIN_CLE","MIN",12,79,"End of half",3,TRUE,FALSE
"2025_05_MIN_CLE","MIN",13,71,"Touchdown",1794,FALSE,TRUE
"2025_05_MIN_CLE","MIN",15,74,"Punt",1077,FALSE,FALSE
"2025_05_MIN_CLE","MIN",17,42,"Turnover",845,FALSE,FALSE
"2025_05_MIN_CLE","MIN",19,75,"Missed field goal",744,FALSE,FALSE
"2025_05_MIN_CLE","MIN",21,80,"Punt",413,FALSE,FALSE
"2025_05_MIN_CLE","MIN",23,80,"Touchdown",185,FALSE,TRUE
"2025_05_NE_BUF","BUF",2,86,"Turnover",1638,FALSE,FALSE
"2025_05_NE_BUF","BUF",4,62,"Punt",1391,FALSE,FALSE
"2025_05_NE_BUF","BUF",6,86,"Turnover",1037,FALSE,FALSE
"2025_05_NE_BUF","BUF",8,67,"Field goal",950,FALSE,TRUE
"2025_05_NE_BUF","BUF",10,90,"Punt",384,FALSE,FALSE
"2025_05_NE_BUF","BUF",12,71,"Touchdown",1793,FALSE,TRUE
"2025_05_NE_BUF","BUF",14,71,"Turnover",1288,FALSE,FALSE
"2025_05_NE_BUF","BUF",16,74,"Touchdown",723,FALSE,TRUE
"2025_05_NE_BUF","BUF",18,80,"Field goal",352,FALSE,TRUE
"2025_05_NE_BUF","BUF",20,82,"End of half",8,FALSE,FALSE
"2025_05_NE_BUF","NE",1,70,"Punt",1794,FALSE,FALSE
"2025_05_NE_BUF","NE",3,47,"Turnover",1401,FALSE,FALSE
"2025_05_NE_BUF","NE",5,80,"Punt",1277,FALSE,FALSE
"2025_05_NE_BUF","NE",7,11,"Field goal",1004,FALSE,TRUE
"2025_05_NE_BUF","NE",9,72,"Punt",567,FALSE,FALSE
"2025_05_NE_BUF","NE",11,70,"Field goal",142,FALSE,TRUE
"2025_05_NE_BUF","NE",13,74,"Touchdown",1454,FALSE,TRUE
"2025_05_NE_BUF","NE",15,90,"Touchdown",1073,FALSE,TRUE
"2025_05_NE_BUF","NE",17,76,"Punt",451,FALSE,FALSE
"2025_05_NE_BUF","NE",19,71,"Field goal",132,FALSE,TRUE
"2025_05_NYG_NO","NO",1,91,"Punt",1795,FALSE,FALSE
"2025_05_NYG_NO","NO",3,80,"Field goal",1473,FALSE,TRUE
"2025_05_NYG_NO","NO",5,84,"Field goal",774,FALSE,TRUE
"2025_05_NYG_NO","NO",7,87,"Touchdown",327,FALSE,TRUE
"2025_05_NYG_NO","NO",9,83,"Missed field goal",152,FALSE,FALSE
"2025_05_NYG_NO","NO",11,41,"Field goal",62,FALSE,TRUE
"2025_05_NYG_NO","NO",13,54,"Field goal",1552,FALSE,TRUE
"2025_05_NYG_NO","NO",16,95,"Punt",597,FALSE,FALSE
"2025_05_NYG_NO","NO",18,45,"Missed field goal",307,FALSE,FALSE
"2025_05_NYG_NO","NO",20,83,"End of half",40,TRUE,FALSE
"2025_05_NYG_NO","NYG",2,59,"Touchdown",1719,FALSE,TRUE
"2025_05_NYG_NO","NYG",4,70,"Touchdown",994,FALSE,TRUE
"2025_05_NYG_NO","NYG",6,65,"Punt",461,FALSE,FALSE
"2025_05_NYG_NO","NYG",8,73,"Punt",309,FALSE,FALSE
"2025_05_NYG_NO","NYG",10,58,"Turnover",85,FALSE,FALSE
"2025_05_NYG_NO","NYG",12,64,"Turnover",1795,FALSE,FALSE
"2025_05_NYG_NO","NYG",14,69,"Opp touchdown",1309,FALSE,FALSE
"2025_05_NYG_NO","NYG",15,53,"Turnover",880,FALSE,FALSE
"2025_05_NYG_NO","NYG",17,64,"Turnover",390,FALSE,FALSE
"2025_05_NYG_NO","NYG",19,64,"Turnover on downs",116,FALSE,FALSE
"2025_05_SF_LA","LA",2,67,"Punt",1504,FALSE,FALSE
"2025_05_SF_LA","LA",4,69,"Turnover",816,FALSE,FALSE
"2025_05_SF_LA","LA",6,85,"Touchdown",371,FALSE,TRUE
"2025_05_SF_LA","LA",8,63,"Missed field goal",1794,FALSE,FALSE
"2025_05_SF_LA","LA",10,69,"Touchdown",1287,FALSE,TRUE
"2025_05_SF_LA","LA",12,88,"Touchdown",843,FALSE,TRUE
"2025_05_SF_LA","LA",14,70,"Punt",551,FALSE,FALSE
"2025_05_SF_LA","LA",16,65,"Turnover",172,FALSE,FALSE
"2025_05_SF_LA","LA",18,50,"Field goal",42,FALSE,TRUE
"2025_05_SF_LA","LA",21,67,"Turnover on downs",346,FALSE,FALSE
"2025_05_SF_LA","SF",1,72,"Touchdown",1795,FALSE,TRUE
"2025_05_SF_LA","SF",3,91,"Touchdown",1319,FALSE,TRUE
"2025_05_SF_LA","SF",5,70,"Punt",531,FALSE,FALSE
"2025_05_SF_LA","SF",7,67,"Field goal",124,FALSE,TRUE
"2025_05_SF_LA","SF",9,57,"Field goal",1666,FALSE,TRUE
"2025_05_SF_LA","SF",11,73,"Punt",1120,FALSE,FALSE
"2025_05_SF_LA","SF",13,65,"Punt",639,FALSE,FALSE
"2025_05_SF_LA","SF",15,98,"Field goal",484,FALSE,TRUE
"2025_05_SF_LA","SF",17,99,"Punt",65,FALSE,FALSE
"2025_05_SF_LA","SF",20,60,"Field goal",600,FALSE,TRUE
"2025_05_TB_SEA","SEA",2,71,"Missed field goal",1373,FALSE,FALSE
"2025_05_TB_SEA","SEA",4,73,"Punt",842,FALSE,FALSE
"2025_05_TB_SEA","SEA",6,59,"Turnover",544,FALSE,FALSE
"2025_05_TB_SEA","SEA",8,54,"Touchdown",121,FALSE,TRUE
"2025_05_TB_SEA","SEA",10,77,"Touchdown",1794,FALSE,TRUE
"2025_05_TB_SEA","SEA",12,80,"Touchdown",1365,FALSE,TRUE
"2025_05_TB_SEA","SEA",14,51,"Touchdown",911,FALSE,TRUE
"2025_05_TB_SEA","SEA",16,99,"Touchdown",440,FALSE,TRUE
"2025_05_TB_SEA","SEA",18,77,"Turnover",63,FALSE,FALSE
"2025_05_TB_SEA","TB",1,80,"Field goal",1796,FALSE,TRUE
"2025_05_TB_SEA","TB",3,66,"Field goal",1145,FALSE,TRUE
"2025_05_TB_SEA","TB",5,94,"Punt",682,FALSE,FALSE
"2025_05_TB_SEA","TB",7,59,"Touchdown",384,FALSE,TRUE
"2025_05_TB_SEA","TB",11,77,"Touchdown",1677,FALSE,TRUE
"2025_05_TB_SEA","TB",13,75,"Touchdown",1147,FALSE,TRUE
"2025_05_TB_SEA","TB",15,65,"Punt",581,FALSE,FALSE
"2025_05_TB_SEA","TB",17,70,"Touchdown",194,FALSE,TRUE
"2025_05_TB_SEA","TB",19,35,"Field goal",53,FALSE,TRUE
"2025_05_TEN_ARI","ARI",1,67,"Touchdown",1794,FALSE,TRUE
"2025_05_TEN_ARI","ARI",3,65,"Touchdown",1200,FALSE,TRUE
"2025_05_TEN_ARI","ARI",5,74,"Punt",835,FALSE,FALSE
"2025_05_TEN_ARI","ARI",7,27,"Touchdown",735,FALSE,TRUE
"2025_05_TEN_ARI","ARI",9,75,"Punt",505,FALSE,FALSE
"2025_05_TEN_ARI","ARI",11,89,"Punt",124,FALSE,FALSE
"2025_05_TEN_ARI","ARI",13,48,"Punt",49,FALSE,FALSE
"2025_05_TEN_ARI","ARI",16,75,"Turnover",1663,FALSE,FALSE
"2025_05_TEN_ARI","ARI",18,84,"Punt",1090,FALSE,FALSE
"2025_05_TEN_ARI","ARI",20,93,"Turnover",943,FALSE,FALSE
"2025_05_TEN_ARI","ARI",22,70,"Punt",620,FALSE,FALSE
"2025_05_TEN_ARI","ARI",24,80,"Punt",273,FALSE,FALSE
"2025_05_TEN_ARI","TEN",2,70,"Field goal",1548,FALSE,TRUE
"2025_05_TEN_ARI","TEN",4,87,"Punt",934,FALSE,FALSE
"2025_05_TEN_ARI","TEN",6,74,"Turnover",744,FALSE,FALSE
"2025_05_TEN_ARI","TEN",8,34,"Field goal",633,FALSE,TRUE
"2025_05_TEN_ARI","TEN",10,90,"Punt",293,FALSE,FALSE
"2025_05_TEN_ARI","TEN",12,51,"Turnover on downs",90,FALSE,FALSE
"2025_05_TEN_ARI","TEN",14,80,"End of half",6,TRUE,FALSE
"2025_05_TEN_ARI","TEN",15,72,"Punt",1795,FALSE,FALSE
"2025_05_TEN_ARI","TEN",17,74,"Punt",1191,FALSE,FALSE
"2025_05_TEN_ARI","TEN",19,63,"Punt",1035,FALSE,FALSE
"2025_05_TEN_ARI","TEN",21,80,"Touchdown",760,FALSE,TRUE
"2025_05_TEN_ARI","TEN",23,81,"Touchdown",525,FALSE,TRUE
"2025_05_TEN_ARI","TEN",25,82,"Field goal",113,FALSE,TRUE
"2025_05_WAS_LAC","LAC",1,76,"Touchdown",1796,FALSE,TRUE
"2025_05_WAS_LAC","LAC",3,80,"Field goal",1401,FALSE,TRUE
"2025_05_WAS_LAC","LAC",5,86,"Turnover",900,FALSE,FALSE
"2025_05_WAS_LAC","LAC",7,68,"Punt",251,FALSE,FALSE
"2025_05_WAS_LAC","LAC",9,65,"End of half",2,TRUE,FALSE
"2025_05_WAS_LAC","LAC",11,72,"Punt",1554,FALSE,FALSE
"2025_05_WAS_LAC","LAC",13,77,"Turnover on downs",1244,FALSE,FALSE
"2025_05_WAS_LAC","LAC",15,57,"Turnover",892,FALSE,FALSE
"2025_05_WAS_LAC","LAC",17,65,"End of half",68,FALSE,FALSE
"2025_05_WAS_LAC","WAS",2,58,"Punt",1483,FALSE,FALSE
"2025_05_WAS_LAC","WAS",4,87,"Punt",1071,FALSE,FALSE
"2025_05_WAS_LAC","WAS",6,74,"Touchdown",530,FALSE,TRUE
"2025_05_WAS_LAC","WAS",8,93,"Field goal",95,FALSE,TRUE
"2025_05_WAS_LAC","WAS",10,69,"Touchdown",1793,FALSE,TRUE
"2025_05_WAS_LAC","WAS",12,57,"Field goal",1404,FALSE,TRUE
"2025_05_WAS_LAC","WAS",14,61,"Turnover",1011,FALSE,FALSE
"2025_05_WAS_LAC","WAS",16,99,"Touchdown",460,FALSE,TRUE
"2025_06_ARI_IND","ARI",2,65,"Punt",1561,FALSE,FALSE
"2025_06_ARI_IND","ARI",4,56,"Touchdown",1374,FALSE,TRUE
"2025_06_ARI_IND","ARI",6,91,"Punt",905,FALSE,FALSE
"2025_06_ARI_IND","ARI",8,27,"Turnover",835,FALSE,FALSE
"2025_06_ARI_IND","ARI",10,70,"Field goal",466,FALSE,TRUE
"2025_06_ARI_IND","ARI",12,80,"End of half",26,FALSE,FALSE
"2025_06_ARI_IND","ARI",13,61,"Touchdown",1792,FALSE,TRUE
"2025_06_ARI_IND","ARI",15,66,"Touchdown",1165,FALSE,TRUE
"2025_06_ARI_IND","ARI",17,60,"Field goal",792,FALSE,TRUE
"2025_06_ARI_IND","ARI",19,87,"Turnover on downs",266,FALSE,FALSE
"2025_06_ARI_IND","IND",1,65,"Touchdown",1800,FALSE,TRUE
"2025_06_ARI_IND","IND",3,84,"Punt",1507,FALSE,FALSE
"2025_06_ARI_IND","IND",5,71,"Punt",997,FALSE,FALSE
"2025_06_ARI_IND","IND",7,68,"Turnover",843,FALSE,FALSE
"2025_06_ARI_IND","IND",9,87,"Touchdown",789,FALSE,TRUE
"2025_06_ARI_IND","IND",11,71,"Punt",112,FALSE,FALSE
"2025_06_ARI_IND","IND",14,69,"Field goal",1412,FALSE,TRUE
"2025_06_ARI_IND","IND",16,67,"Touchdown",978,FALSE,TRUE
"2025_06_ARI_IND","IND",18,66,"Touchdown",566,FALSE,TRUE
"2025_06_ARI_IND","IND",20,91,"End of half",53,FALSE,FALSE
"2025_06_BUF_ATL","ATL",1,69,"Touchdown",1795,FALSE,TRUE
"2025_06_BUF_ATL","ATL",3,58,"Punt",1375,FALSE,FALSE
"2025_06_BUF_ATL","ATL",5,66,"Touchdown",1225,FALSE,TRUE
"2025_06_BUF_ATL","ATL",7,86,"Touchdown",711,FALSE,TRUE
"2025_06_BUF_ATL","ATL",9,95,"Turnover on downs",489,FALSE,FALSE
"2025_06_BUF_ATL","ATL",11,87,"Punt",72,FALSE,FALSE
"2025_06_BUF_ATL","ATL",13,49,"End of half",10,FALSE,FALSE
"2025_06_BUF_ATL","ATL",15,74,"Punt",1458,FALSE,FALSE
"2025_06_BUF_ATL","ATL",17,53,"Missed field goal",958,FALSE,FALSE
"2025_06_BUF_ATL","ATL",19,85,"Punt",617,FALSE,FALSE
"2025_06_BUF_ATL","ATL",21,83,"Field goal",403,FALSE,TRUE
"2025_06_BUF_ATL","ATL",23,87,"End of half",41,TRUE,FALSE
"2025_06_BUF_ATL","BUF",2,73,"Touchdown",1629,FALSE,TRUE
"2025_06_BUF_ATL","BUF",4,74,"Punt",1286,FALSE,FALSE
"2025_06_BUF_ATL","BUF",6,74,"Punt",920,FALSE,FALSE
"2025_06_BUF_ATL","BUF",8,78,"Punt",664,FALSE,FALSE
"2025_06_BUF_ATL","BUF",10,66,"Punt",116,FALSE,FALSE
"2025_06_BUF_ATL","BUF",12,69,"Turnover",15,FALSE,FALSE
"2025_06_BUF_ATL","BUF",14,73,"Touchdown",1794,FALSE,TRUE
"2025_06_BUF_ATL","BUF",16,80,"Turnover on downs",1267,FALSE,FALSE
"2025_06_BUF_ATL","BUF",18,61,"Punt",744,FALSE,FALSE
"2025_06_BUF_ATL","BUF",20,67,"Punt",510,FALSE,FALSE
"2025_06_BUF_ATL","BUF",22,70,"Turnover",97,FALSE,FALSE
"2025_06_CHI_WAS","CHI",1,70,"Field goal",1795,FALSE,TRUE
"2025_06_CHI_WAS","CHI",3,66,"Field goal",1266,FALSE,TRUE
"2025_06_CHI_WAS","CHI",5,35,"Touchdown",1019,FALSE,TRUE
"2025_06_CHI_WAS","CHI",7,74,"Turnover on downs",562,FALSE,FALSE
"2025_06_CHI_WAS","CHI",9,60,"Punt",70,FALSE,FALSE
"2025_06_CHI_WAS","CHI",12,85,"Field goal",1614,FALSE,TRUE
"2025_06_CHI_WAS","CHI",14,77,"Missed field goal",1072,FALSE,FALSE
"2025_06_CHI_WAS","CHI",16,61,"Touchdown",680,FALSE,TRUE
"2025_06_CHI_WAS","CHI",18,91,"Punt",477,FALSE,FALSE
"2025_06_CHI_WAS","CHI",20,56,"Field goal",187,FALSE,TRUE
"2025_06_CHI_WAS","WAS",2,65,"Turnover",1541,FALSE,FALSE
"2025_06_CHI_WAS","WAS",4,70,"Turnover",1039,FALSE,FALSE
"2025_06_CHI_WAS","WAS",6,65,"Touchdown",858,FALSE,TRUE
"2025_06_CHI_WAS","WAS",8,69,"Missed field goal",330,FALSE,FALSE
"2025_06_CHI_WAS","WAS",10,91,"End of half",19,TRUE,FALSE
"2025_06_CHI_WAS","WAS",11,60,"Field goal",1793,FALSE,TRUE
"2025_06_CHI_WAS","WAS",13,84,"Touchdown",1377,FALSE,TRUE
"2025_06_CHI_WAS","WAS",15,63,"Touchdown",895,FALSE,TRUE
"2025_06_CHI_WAS","WAS",17,60,"Punt",619,FALSE,FALSE
"2025_06_CHI_WAS","WAS",19,61,"Turnover",362,FALSE,FALSE
"2025_06_CIN_GB","CIN",2,64,"Punt",1419,FALSE,FALSE
"2025_06_CIN_GB","CIN",4,72,"Punt",849,FALSE,FALSE
"2025_06_CIN_GB","CIN",6,63,"Punt",618,FALSE,FALSE
"2025_06_CIN_GB","CIN",8,60,"Punt",238,FALSE,FALSE
"2025_06_CIN_GB","CIN",10,93,"Missed field goal",66,FALSE,FALSE
"2025_06_CIN_GB","CIN",11,78,"Touchdown",1794,FALSE,TRUE
"2025_06_CIN_GB","CIN",13,77,"Field goal",890,FALSE,TRUE
"2025_06_CIN_GB","CIN",15,65,"Touchdown",453,FALSE,TRUE
"2025_06_CIN_GB","CIN",17,65,"Missed field goal",112,FALSE,FALSE
"2025_06_CIN_GB","GB",1,66,"Turnover",1796,FALSE,FALSE
"2025_06_CIN_GB","GB",3,96,"Field goal",1299,FALSE,TRUE
"2025_06_CIN_GB","GB",5,84,"Punt",746,FALSE,FALSE
"2025_06_CIN_GB","GB",7,80,"Touchdown",492,FALSE,TRUE
"2025_06_CIN_GB","GB",9,83,"Punt",170,FALSE,FALSE
"2025_06_CIN_GB","GB",12,66,"Touchdown",1181,FALSE,TRUE
"2025_06_CIN_GB","GB",14,62,"Touchdown",637,FALSE,TRUE
"2025_06_CIN_GB","GB",16,62,"Field goal",242,FALSE,TRUE
"2025_06_CIN_GB","GB",18,54,"End of half",41,TRUE,FALSE
"2025_06_CLE_PIT","CLE",2,72,"Punt",1549,FALSE,FALSE
"2025_06_CLE_PIT","CLE",4,71,"Punt",1134,FALSE,FALSE
"2025_06_CLE_PIT","CLE",6,72,"Punt",656,FALSE,FALSE
"2025_06_CLE_PIT","CLE",8,85,"Field goal",211,FALSE,TRUE
"2025_06_CLE_PIT","CLE",9,78,"Punt",1796,FALSE,FALSE
"2025_06_CLE_PIT","CLE",11,69,"Field goal",1360,FALSE,TRUE
"2025_06_CLE_PIT","CLE",13,68,"Field goal",890,FALSE,TRUE
"2025_06_CLE_PIT","CLE",15,70,"Turnover on downs",425,FALSE,FALSE
"2025_06_CLE_PIT","CLE",17,56,"Turnover on downs",219,FALSE,FALSE
"2025_06_CLE_PIT","PIT",1,72,"Field goal",1795,FALSE,TRUE
"2025_06_CLE_PIT","PIT",3,90,"Punt",1373,FALSE,FALSE
"2025_06_CLE_PIT","PIT",5,71,"Field goal",906,FALSE,TRUE
"2025_06_CLE_PIT","PIT",7,79,"Field goal",537,FALSE,TRUE
"2025_06_CLE_PIT","PIT",10,79,"Touchdown",1728,FALSE,TRUE
"2025_06_CLE_PIT","PIT",12,73,"Touchdown",1142,FALSE,TRUE
"2025_06_CLE_PIT","PIT",14,72,"Punt",562,FALSE,FALSE
"2025_06_CLE_PIT","PIT",16,42,"Missed field goal",242,FALSE,FALSE
"2025_06_CLE_PIT","PIT",18,86,"End of half",82,TRUE,FALSE
"2025_06_DAL_CAR","CAR",2,76,"Field goal",1697,FALSE,TRUE
"2025_06_DAL_CAR","CAR",4,80,"Turnover",1188,FALSE,FALSE
"2025_06_DAL_CAR","CAR",6,65,"Touchdown",896,FALSE,TRUE
"2025_06_DAL_CAR","CAR",8,66,"Field goal",214,FALSE,TRUE
"2025_06_DAL_CAR","CAR",10,80,"Touchdown",1800,FALSE,TRUE
"2025_06_DAL_CAR","CAR",12,93,"Punt",1484,FALSE,FALSE
"2025_06_DAL_CAR","CAR",14,65,"Touchdown",1058,FALSE,TRUE
"2025_06_DAL_CAR","CAR",16,82,"Punt",553,FALSE,FALSE
"2025_06_DAL_CAR","CAR",18,86,"Field goal",367,FALSE,TRUE
"2025_06_DAL_CAR","DAL",1,74,"Punt",1795,FALSE,FALSE
"2025_06_DAL_CAR","DAL",3,73,"Field goal",1444,FALSE,TRUE
"2025_06_DAL_CAR","DAL",5,12,"Touchdown",1025,FALSE,TRUE
"2025_06_DAL_CAR","DAL",7,77,"Touchdown",684,FALSE,TRUE
"2025_06_DAL_CAR","DAL",9,80,"End of half",17,TRUE,FALSE
"2025_06_DAL_CAR","DAL",11,80,"Punt",1699,FALSE,FALSE
"2025_06_DAL_CAR","DAL",13,73,"Touchdown",1228,FALSE,TRUE
"2025_06_DAL_CAR","DAL",15,70,"Field goal",734,FALSE,TRUE
"2025_06_DAL_CAR","DAL",17,54,"Punt",498,FALSE,FALSE
"2025_06_DEN_NYJ","DEN",1,78,"Turnover",1794,FALSE,FALSE
"2025_06_DEN_NYJ","DEN",3,62,"Field goal",1554,FALSE,TRUE
"2025_06_DEN_NYJ","DEN",5,69,"Touchdown",1190,FALSE,TRUE
"2025_06_DEN_NYJ","DEN",7,79,"Punt",804,FALSE,FALSE
"2025_06_DEN_NYJ","DEN",9,59,"Punt",465,FALSE,FALSE
"2025_06_DEN_NYJ","DEN",12,77,"Punt",1521,FALSE,FALSE
"2025_06_DEN_NYJ","DEN",14,97,"Safety",1202,FALSE,FALSE
"2025_06_DEN_NYJ","DEN",16,82,"Punt",1061,FALSE,FALSE
"2025_06_DEN_NYJ","DEN",18,75,"Punt",893,FALSE,FALSE
"2025_06_DEN_NYJ","DEN",20,74,"Field goal",616,FALSE,TRUE
"2025_06_DEN_NYJ","DEN",22,84,"Punt",210,FALSE,FALSE
"2025_06_DEN_NYJ","DEN",24,44,"End of half",69,TRUE,FALSE
"2025_06_DEN_NYJ","NYJ",2,37,"Field goal",1702,FALSE,TRUE
"2025_06_DEN_NYJ","NYJ",4,24,"Field goal",1311,FALSE,TRUE
"2025_06_DEN_NYJ","NYJ",6,74,"Punt",896,FALSE,FALSE
"2025_06_DEN_NYJ","NYJ",8,80,"Punt",558,FALSE,FALSE
"2025_06_DEN_NYJ","NYJ",10,84,"End of half",202,FALSE,FALSE
"2025_06_DEN_NYJ","NYJ",11,57,"Field goal",1795,FALSE,TRUE
"2025_06_DEN_NYJ","NYJ",13,58,"Punt",1428,FALSE,FALSE
"2025_06_DEN_NYJ","NYJ",15,64,"Punt",1191,FALSE,FALSE
"2025_06_DEN_NYJ","NYJ",17,76,"Punt",963,FALSE,FALSE
"2025_06_DEN_NYJ","NYJ",19,90,"Punt",811,FALSE,FALSE
"2025_06_DEN_NYJ","NYJ",21,67,"Punt",301,FALSE,FALSE
"2025_06_DEN_NYJ","NYJ",23,57,"Turnover on downs",143,FALSE,FALSE
"2025_06_DET_KC","DET",1,71,"Field goal",1792,FALSE,TRUE
"2025_06_DET_KC","DET",3,71,"Touchdown",966,FALSE,TRUE
"2025_06_DET_KC","DET",5,80,"Turnover on downs",415,FALSE,FALSE
"2025_06_DET_KC","DET",7,68,"Punt",33,FALSE,FALSE
"2025_06_DET_KC","DET",10,74,"Punt",1571,FALSE,FALSE
"2025_06_DET_KC","DET",12,81,"Touchdown",1114,FALSE,TRUE
"2025_06_DET_KC","DET",14,74,"Punt",565,FALSE,FALSE
"2025_06_DET_KC","DET",16,73,"Turnover on downs",140,FALSE,FALSE
"2025_06_DET_KC","KC",2,70,"Touchdown",1216,FALSE,TRUE
"2025_06_DET_KC","KC",4,69,"Turnover on downs",764,FALSE,FALSE
"2025_06_DET_KC","KC",6,55,"Touchdown",162,FALSE,TRUE
"2025_06_DET_KC","KC",8,89,"End of half",10,TRUE,FALSE
"2025_06_DET_KC","KC",9,81,"Touchdown",1793,FALSE,TRUE
"2025_06_DET_KC","KC",11,93,"Punt",1302,FALSE,FALSE
"2025_06_DET_KC","KC",13,69,"Touchdown",849,FALSE,TRUE
"2025_06_DET_KC","KC",15,49,"Field goal",432,FALSE,TRUE
"2025_06_DET_KC","KC",17,36,"End of half",118,TRUE,FALSE
"2025_06_LAC_MIA","LAC",2,59,"Field goal",1746,FALSE,TRUE
"2025_06_LAC_MIA","LAC",4,71,"Turnover",1273,FALSE,FALSE
"2025_06_LAC_MIA","LAC",6,68,"Field goal",1137,FALSE,TRUE
"2025_06_LAC_MIA","LAC",8,53,"Field goal",717,FALSE,TRUE
"2025_06_LAC_MIA","LAC",10,65,"Punt",263,FALSE,FALSE
"2025_06_LAC_MIA","LAC",12,72,"Touchdown",1795,FALSE,TRUE
"2025_06_LAC_MIA","LAC",14,37,"Touchdown",1254,FALSE,TRUE
"2025_06_LAC_MIA","LAC",16,79,"Field goal",1041,FALSE,TRUE
"2025_06_LAC_MIA","LAC",18,80,"Punt",476,FALSE,FALSE
"2025_06_LAC_MIA","LAC",20,59,"Field goal",39,FALSE,TRUE
"2025_06_LAC_MIA","MIA",1,54,"Turnover",1792,FALSE,FALSE
"2025_06_LAC_MIA","MIA",3,76,"Punt",1367,FALSE,FALSE
"2025_06_LAC_MIA","MIA",5,49,"Touchdown",1151,FALSE,TRUE
"2025_06_LAC_MIA","MIA",7,71,"Missed field goal",927,FALSE,FALSE
"2025_06_LAC_MIA","MIA",9,65,"Field goal",519,FALSE,TRUE
"2025_06_LAC_MIA","MIA",11,82,"Field goal",98,FALSE,TRUE
"2025_06_LAC_MIA","MIA",13,75,"Turnover",1341,FALSE,FALSE
"2025_06_LAC_MIA","MIA",15,70,"Punt",1129,FALSE,FALSE
"2025_06_LAC_MIA","MIA",17,69,"Touchdown",761,FALSE,TRUE
"2025_06_LAC_MIA","MIA",19,82,"Touchdown",379,FALSE,TRUE
"2025_06_LAC_MIA","MIA",21,65,"Turnover",5,FALSE,FALSE
"2025_06_LA_BAL","BAL",1,72,"Field goal",1795,FALSE,TRUE
"2025_06_LA_BAL","BAL",3,80,"Turnover",1043,FALSE,FALSE
"2025_06_LA_BAL","BAL",5,41,"Turnover on downs",983,FALSE,FALSE
"2025_06_LA_BAL","BAL",7,81,"Punt",585,FALSE,FALSE
"2025_06_LA_BAL","BAL",9,32,"Turnover on downs",205,FALSE,FALSE
"2025_06_LA_BAL","BAL",12,64,"Turnover",1606,FALSE,FALSE
"2025_06_LA_BAL","BAL",14,80,"Turnover",1520,FALSE,FALSE
"2025_06_LA_BAL","BAL",16,89,"Turnover on downs",810,FALSE,FALSE
"2025_06_LA_BAL","BAL",18,77,"Turnover on downs",112,FALSE,FALSE
"2025_06_LA_BAL","LA",2,65,"Missed field goal",1339,FALSE,FALSE
"2025_06_LA_BAL","LA",4,37,"Turnover",989,FALSE,FALSE
"2025_06_LA_BAL","LA",6,66,"Field goal",851,FALSE,TRUE
"2025_06_LA_BAL","LA",8,90,"Punt",302,FALSE,FALSE
"2025_06_LA_BAL","LA",10,97,"End of half",8,TRUE,FALSE
"2025_06_LA_BAL","LA",11,76,"Touchdown",1793,FALSE,TRUE
"2025_06_LA_BAL","LA",13,21,"Touchdown",1560,FALSE,TRUE
"2025_06_LA_BAL","LA",15,69,"Turnover on downs",1101,FALSE,FALSE
"2025_06_LA_BAL","LA",17,85,"Punt",224,FALSE,FALSE
"2025_06_LA_BAL","LA",19,42,"End of half",23,TRUE,FALSE
"2025_06_NE_NO","NE",2,65,"Touchdown",1670,FALSE,TRUE
"2025_06_NE_NO","NE",4,69,"Touchdown",1198,FALSE,TRUE
"2025_06_NE_NO","NE",6,65,"Turnover on downs",575,FALSE,FALSE
"2025_06_NE_NO","NE",8,73,"Touchdown",106,FALSE,TRUE
"2025_06_NE_NO","NE",10,56,"Field goal",1792,FALSE,TRUE
"2025_06_NE_NO","NE",12,76,"Punt",1156,FALSE,FALSE
"2025_06_NE_NO","NE",14,80,"Punt",812,FALSE,FALSE
"2025_06_NE_NO","NE",16,51,"Punt",523,FALSE,FALSE
"2025_06_NE_NO","NE",18,79,"End of half",223,FALSE,FALSE
"2025_06_NE_NO","NO",1,75,"Field goal",1793,FALSE,TRUE
"2025_06_NE_NO","NO",3,73,"Field goal",1544,FALSE,TRUE
"2025_06_NE_NO","NO",5,60,"Touchdown",933,FALSE,TRUE
"2025_06_NE_NO","NO",7,47,"Field goal",350,FALSE,TRUE
"2025_06_NE_NO","NO",9,73,"End of half",25,FALSE,FALSE
"2025_06_NE_NO","NO",11,68,"Punt",1341,FALSE,FALSE
"2025_06_NE_NO","NO",13,61,"Field goal",1057,FALSE,TRUE
"2025_06_NE_NO","NO",15,75,"Turnover",567,FALSE,FALSE
"2025_06_NE_NO","NO",17,90,"Punt",351,FALSE,FALSE
"2025_06_PHI_NYG","NYG",2,54,"Touchdown",1608,FALSE,TRUE
"2025_06_PHI_NYG","NYG",4,66,"Touchdown",1359,FALSE,TRUE
"2025_06_PHI_NYG","NYG",6,77,"Punt",1004,FALSE,FALSE
"2025_06_PHI_NYG","NYG",8,67,"Touchdown",409,FALSE,TRUE
"2025_06_PHI_NYG","NYG",10,71,"Punt",1795,FALSE,FALSE
"2025_06_PHI_NYG","NYG",12,56,"Touchdown",1628,FALSE,TRUE
"2025_06_PHI_NYG","NYG",14,90,"Punt",1225,FALSE,FALSE
"2025_06_PHI_NYG","NYG",16,66,"Punt",838,FALSE,FALSE
"2025_06_PHI_NYG","NYG",18,23,"Touchdown",685,FALSE,TRUE
"2025_06_PHI_NYG","NYG",20,75,"End of half",410,FALSE,FALSE
"2025_06_PHI_NYG","PHI",1,60,"Field goal",1800,FALSE,TRUE
"2025_06_PHI_NYG","PHI",3,71,"Punt",1493,FALSE,FALSE
"2025_06_PHI_NYG","PHI",5,75,"Touchdown",1232,FALSE,TRUE
"2025_06_PHI_NYG","PHI",7,74,"Touchdown",890,FALSE,TRUE
"2025_06_PHI_NYG","PHI",9,93,"End of half",72,FALSE,FALSE
"2025_06_PHI_NYG","PHI",11,93,"Punt",1723,FALSE,FALSE
"2025_06_PHI_NYG","PHI",13,70,"Punt",1372,FALSE,FALSE
"2025_06_PHI_NYG","PHI",15,88,"Punt",974,FALSE,FALSE
"2025_06_PHI_NYG","PHI",17,66,"Turnover",771,FALSE,FALSE
"2025_06_PHI_NYG","PHI",19,95,"Turnover",579,FALSE,FALSE
"2025_06_SEA_JAX","JAX",1,80,"Punt",1798,FALSE,FALSE
"2025_06_SEA_JAX","JAX",3,87,"Punt",1565,FALSE,FALSE
"2025_06_SEA_JAX","JAX",5,61,"Touchdown",1238,FALSE,TRUE
"2025_06_SEA_JAX","JAX",7,88,"Punt",631,FALSE,FALSE
"2025_06_SEA_JAX","JAX",9,71,"Punt",509,FALSE,FALSE
"2025_06_SEA_JAX","JAX",11,78,"Missed field goal",306,FALSE,FALSE
"2025_06_SEA_JAX","JAX",13,78,"End of half",7,TRUE,FALSE
"2025_06_SEA_JAX","JAX",15,69,"Punt",1509,FALSE,FALSE
"2025_06_SEA_JAX","JAX",17,82,"Touchdown",1203,FALSE,TRUE
"2025_06_SEA_JAX","JAX",19,88,"Punt",649,FALSE,FALSE
"2025_06_SEA_JAX","JAX",21,79,"Punt",457,FALSE,FALSE
"2025_06_SEA_JAX","JAX",23,64,"Punt",243,FALSE,FALSE
"2025_06_SEA_JAX","SEA",2,69,"Punt",1650,FALSE,FALSE
"2025_06_SEA_JAX","SEA",4,80,"Punt",1354,FALSE,FALSE
"2025_06_SEA_JAX","SEA",6,72,"Field goal",969,FALSE,TRUE
"2025_06_SEA_JAX","SEA",8,61,"Touchdown",522,FALSE,TRUE
"2025_06_SEA_JAX","SEA",10,80,"Punt",401,FALSE,FALSE
"2025_06_SEA_JAX","SEA",12,60,"Field goal",58,FALSE,TRUE
"2025_06_SEA_JAX","SEA",14,77,"Touchdown",1795,FALSE,TRUE
"2025_06_SEA_JAX","SEA",16,81,"Punt",1329,FALSE,FALSE
"2025_06_SEA_JAX","SEA",18,65,"Punt",780,FALSE,FALSE
"2025_06_SEA_JAX","SEA",20,65,"Punt",551,FALSE,FALSE
"2025_06_SEA_JAX","SEA",22,93,"Punt",344,FALSE,FALSE
"2025_06_SEA_JAX","SEA",24,73,"End of half",173,FALSE,FALSE
"2025_06_SF_TB","SF",2,84,"Turnover",1620,FALSE,FALSE
"2025_06_SF_TB","SF",4,70,"Field goal",1488,FALSE,TRUE
"2025_06_SF_TB","SF",6,86,"Punt",1257,FALSE,FALSE
"2025_06_SF_TB","SF",8,84,"Touchdown",902,FALSE,TRUE
"2025_06_SF_TB","SF",10,63,"Field goal",303,FALSE,TRUE
"2025_06_SF_TB","SF",12,71,"Field goal",39,FALSE,TRUE
"2025_06_SF_TB","SF",14,76,"Field goal",1793,FALSE,TRUE
"2025_06_SF_TB","SF",16,68,"Punt",1054,FALSE,FALSE
"2025_06_SF_TB","SF",18,61,"Turnover",521,FALSE,FALSE
"2025_06_SF_TB","SF",20,66,"Turnover on downs",110,FALSE,FALSE
"2025_06_SF_TB","TB",1,84,"Punt",1795,FALSE,FALSE
"2025_06_SF_TB","TB",3,12,"Touchdown",1537,FALSE,TRUE
"2025_06_SF_TB","TB",5,64,"Punt",1368,FALSE,FALSE
"2025_06_SF_TB","TB",7,71,"Punt",994,FALSE,FALSE
"2025_06_SF_TB","TB",9,68,"Touchdown",614,FALSE,TRUE
"2025_06_SF_TB","TB",11,72,"Touchdown",118,FALSE,TRUE
"2025_06_SF_TB","TB",15,66,"Touchdown",1341,FALSE,TRUE
"2025_06_SF_TB","TB",17,86,"Missed field goal",793,FALSE,FALSE
"2025_06_SF_TB","TB",19,65,"Field goal",343,FALSE,TRUE
"2025_06_SF_TB","TB",21,40,"End of half",35,TRUE,FALSE
"2025_06_TEN_LV","LV",2,80,"Field goal",1671,FALSE,TRUE
"2025_06_TEN_LV","LV",4,65,"Punt",886,FALSE,FALSE
"2025_06_TEN_LV","LV",6,55,"Punt",664,FALSE,FALSE
"2025_06_TEN_LV","LV",8,2,"Touchdown",368,FALSE,TRUE
"2025_06_TEN_LV","LV",10,59,"Punt",174,FALSE,FALSE
"2025_06_TEN_LV","LV",12,77,"End of half",5,TRUE,FALSE
"2025_06_TEN_LV","LV",13,70,"Touchdown",1793,FALSE,TRUE
"2025_06_TEN_LV","LV",15,71,"Turnover",957,FALSE,FALSE
"2025_06_TEN_LV","LV",17,70,"Field goal",766,FALSE,TRUE
"2025_06_TEN_LV","LV",19,41,"Punt",181,FALSE,FALSE
"2025_06_TEN_LV","LV",21,39,"End of half",47,TRUE,FALSE
"2025_06_TEN_LV","TEN",1,65,"Punt",1800,FALSE,FALSE
"2025_06_TEN_LV","TEN",3,68,"Punt",1140,FALSE,FALSE
"2025_06_TEN_LV","TEN",5,88,"Punt",806,FALSE,FALSE
"2025_06_TEN_LV","TEN",7,91,"Turnover",459,FALSE,FALSE
"2025_06_TEN_LV","TEN",9,73,"Punt",308,FALSE,FALSE
"2025_06_TEN_LV","TEN",11,84,"Turnover",113,FALSE,FALSE
"2025_06_TEN_LV","TEN",14,79,"Field goal",1317,FALSE,TRUE
"2025_06_TEN_LV","TEN",16,80,"Punt",831,FALSE,FALSE
"2025_06_TEN_LV","TEN",18,65,"Touchdown",434,FALSE,TRUE
"2025_06_TEN_LV","TEN",20,90,"Turnover",157,FALSE,FALSE
"2025_07_ATL_SF","ATL",1,78,"Punt",1792,FALSE,FALSE
"2025_07_ATL_SF","ATL",3,80,"Field goal",1414,FALSE,TRUE
"2025_07_ATL_SF","ATL",5,66,"Punt",586,FALSE,FALSE
"2025_07_ATL_SF","ATL",7,69,"Turnover",102,FALSE,FALSE
"2025_07_ATL_SF","ATL",9,79,"End of half",32,FALSE,FALSE
"2025_07_ATL_SF","ATL",11,48,"Touchdown",1502,FALSE,TRUE
"2025_07_ATL_SF","ATL",13,67,"Punt",1158,FALSE,FALSE
"2025_07_ATL_SF","ATL",15,83,"Turnover on downs",768,FALSE,FALSE
"2025_07_ATL_SF","ATL",17,77,"Turnover on downs",141,FALSE,FALSE
"2025_07_ATL_SF","SF",2,84,"Punt",1688,FALSE,FALSE
"2025_07_ATL_SF","SF",4,65,"Turnover",774,FALSE,FALSE
"2025_07_ATL_SF","SF",6,80,"Touchdown",478,FALSE,TRUE
"2025_07_ATL_SF","SF",8,40,"Field goal",88,FALSE,TRUE
"2025_07_ATL_SF","SF",10,68,"Field goal",1795,FALSE,TRUE
"2025_07_ATL_SF","SF",12,75,"Punt",1283,FALSE,FALSE
"2025_07_ATL_SF","SF",14,96,"Punt",958,FALSE,FALSE
"2025_07_ATL_SF","SF",16,64,"Touchdown",496,FALSE,TRUE
"2025_07_ATL_SF","SF",18,45,"End of half",87,FALSE,FALSE
"2025_07_CAR_NYJ","CAR",2,66,"Field goal",1636,FALSE,TRUE
"2025_07_CAR_NYJ","CAR",4,93,"Turnover on downs",1061,FALSE,FALSE
"2025_07_CAR_NYJ","CAR",6,65,"Punt",662,FALSE,FALSE
"2025_07_CAR_NYJ","CAR",8,52,"Punt",457,FALSE,FALSE
"2025_07_CAR_NYJ","CAR",10,52,"Touchdown",221,FALSE,TRUE
"2025_07_CAR_NYJ","CAR",12,49,"Field goal",1794,FALSE,TRUE
"2025_07_CAR_NYJ","CAR",14,92,"Punt",1326,FALSE,FALSE
"2025_07_CAR_NYJ","CAR",16,80,"Punt",934,FALSE,FALSE
"2025_07_CAR_NYJ","CAR",18,65,"Punt",386,FALSE,FALSE
"2025_07_CAR_NYJ","CAR",20,60,"Punt",268,FALSE,FALSE
"2025_07_CAR_NYJ","CAR",22,57,"End of half",104,FALSE,FALSE
"2025_07_CAR_NYJ","NYJ",1,55,"Turnover on downs",1794,FALSE,FALSE
"2025_07_CAR_NYJ","NYJ",3,74,"Punt",1236,FALSE,FALSE
"2025_07_CAR_NYJ","NYJ",5,49,"Field goal",890,FALSE,TRUE
"2025_07_CAR_NYJ","NYJ",7,87,"Punt",532,FALSE,FALSE
"2025_07_CAR_NYJ","NYJ",9,96,"Punt",367,FALSE,FALSE
"2025_07_CAR_NYJ","NYJ",11,67,"End of half",65,FALSE,FALSE
"2025_07_CAR_NYJ","NYJ",13,67,"Punt",1536,FALSE,FALSE
"2025_07_CAR_NYJ","NYJ",15,79,"Turnover",1125,FALSE,FALSE
"2025_07_CAR_NYJ","NYJ",17,85,"Field goal",533,FALSE,TRUE
"2025_07_CAR_NYJ","NYJ",19,72,"Turnover",281,FALSE,FALSE
"2025_07_CAR_NYJ","NYJ",21,86,"Punt",169,FALSE,FALSE
"2025_07_GB_ARI","ARI",1,73,"Field goal",1796,FALSE,TRUE
"2025_07_GB_ARI","ARI",3,61,"Punt",978,FALSE,FALSE
"2025_07_GB_ARI","ARI",5,71,"Field goal",540,FALSE,TRUE
"2025_07_GB_ARI","ARI",7,71,"Touchdown",184,FALSE,TRUE
"2025_07_GB_ARI","ARI",10,80,"Turnover",1699,FALSE,FALSE
"2025_07_GB_ARI","ARI",12,65,"Touchdown",1487,FALSE,TRUE
"2025_07_GB_ARI","ARI",14,45,"Field goal",885,FALSE,TRUE
"2025_07_GB_ARI","ARI",16,72,"Turnover on downs",478,FALSE,FALSE
"2025_07_GB_ARI","ARI",18,65,"Turnover on downs",110,FALSE,FALSE
"2025_07_GB_ARI","GB",2,74,"Turnover on downs",1349,FALSE,FALSE
"2025_07_GB_ARI","GB",4,80,"Field goal",806,FALSE,TRUE
"2025_07_GB_ARI","GB",6,68,"Punt",295,FALSE,FALSE
"2025_07_GB_ARI","GB",8,65,"Field goal",7,FALSE,TRUE
"2025_07_GB_ARI","GB",9,70,"Punt",1795,FALSE,FALSE
"2025_07_GB_ARI","GB",11,44,"Touchdown",1603,FALSE,TRUE
"2025_07_GB_ARI","GB",13,67,"Touchdown",1150,FALSE,TRUE
"2025_07_GB_ARI","GB",15,84,"Punt",537,FALSE,FALSE
"2025_07_GB_ARI","GB",17,48,"Touchdown",351,FALSE,TRUE
"2025_07_GB_ARI","GB",19,73,"End of half",6,TRUE,FALSE
"2025_07_HOU_SEA","HOU",2,96,"Punt",1696,FALSE,FALSE
"2025_07_HOU_SEA","HOU",4,63,"Punt",1342,FALSE,FALSE
"2025_07_HOU_SEA","HOU",6,70,"Punt",893,FALSE,FALSE
"2025_07_HOU_SEA","HOU",8,76,"Punt",634,FALSE,FALSE
"2025_07_HOU_SEA","HOU",10,77,"Field goal",422,FALSE,TRUE
"2025_07_HOU_SEA","HOU",12,57,"Field goal",13,FALSE,TRUE
"2025_07_HOU_SEA","HOU",13,75,"Turnover",1794,FALSE,FALSE
"2025_07_HOU_SEA","HOU",15,68,"Punt",1526,FALSE,FALSE
"2025_07_HOU_SEA","HOU",18,68,"Turnover on downs",1209,FALSE,FALSE
"2025_07_HOU_SEA","HOU",20,80,"Punt",948,FALSE,FALSE
"2025_07_HOU_SEA","HOU",22,79,"Punt",793,FALSE,FALSE
"2025_07_HOU_SEA","HOU",24,54,"Turnover on downs",647,FALSE,FALSE
"2025_07_HOU_SEA","HOU",26,52,"Turnover on downs",503,FALSE,FALSE
"2025_07_HOU_SEA","HOU",28,50,"Touchdown",274,FALSE,TRUE
"2025_07_HOU_SEA","SEA",1,71,"Punt",1793,FALSE,FALSE
"2025_07_HOU_SEA","SEA",3,44,"Touchdown",1506,FALSE,TRUE
"2025_07_HOU_SEA","SEA",5,80,"Touchdown",1208,FALSE,TRUE
"2025_07_HOU_SEA","SEA",7,68,"Punt",783,FALSE,FALSE
"2025_07_HOU_SEA","SEA",9,57,"Turnover",550,FALSE,FALSE
"2025_07_HOU_SEA","SEA",11,70,"Missed field goal",133,FALSE,FALSE
"2025_07_HOU_SEA","SEA",14,38,"Field goal",1742,FALSE,TRUE
"2025_07_HOU_SEA","SEA",16,96,"Opp touchdown",1431,FALSE,FALSE
"2025_07_HOU_SEA","SEA",17,62,"Field goal",1339,FALSE,TRUE
"2025_07_HOU_SEA","SEA",19,39,"Touchdown",1091,FALSE,TRUE
"2025_07_HOU_SEA","SEA",21,53,"Punt",900,FALSE,FALSE
"2025_07_HOU_SEA","SEA",23,64,"Turnover",758,FALSE,FALSE
"2025_07_HOU_SEA","SEA",25,55,"Turnover",535,FALSE,FALSE
"2025_07_HOU_SEA","SEA",27,94,"Punt",304,FALSE,FALSE
"2025_07_HOU_SEA","SEA",29,72,"End of half",118,FALSE,FALSE
"2025_07_IND_LAC","IND",1,75,"Touchdown",1794,FALSE,TRUE
"2025_07_IND_LAC","IND",3,70,"Touchdown",1349,FALSE,TRUE
"2025_07_IND_LAC","IND",5,80,"Touchdown",810,FALSE,TRUE
"2025_07_IND_LAC","IND",7,63,"Punt",398,FALSE,FALSE
"2025_07_IND_LAC","IND",9,80,"Field goal",114,FALSE,TRUE
"2025_07_IND_LAC","IND",11,14,"Touchdown",1671,FALSE,TRUE
"2025_07_IND_LAC","IND",13,73,"Touchdown",1268,FALSE,TRUE
"2025_07_IND_LAC","IND",15,63,"Punt",815,FALSE,FALSE
"2025_07_IND_LAC","IND",17,78,"End of half",207,FALSE,FALSE
"2025_07_IND_LAC","LAC",2,69,"Field goal",1651,FALSE,TRUE
"2025_07_IND_LAC","LAC",4,78,"Punt",889,FALSE,FALSE
"2025_07_IND_LAC","LAC",6,65,"Turnover",530,FALSE,FALSE
"2025_07_IND_LAC","LAC",8,80,"Turnover",342,FALSE,FALSE
"2025_07_IND_LAC","LAC",10,70,"Touchdown",1795,FALSE,TRUE
"2025_07_IND_LAC","LAC",12,76,"Touchdown",1618,FALSE,TRUE
"2025_07_IND_LAC","LAC",14,76,"Touchdown",1108,FALSE,TRUE
"2025_07_IND_LAC","LAC",16,89,"Turnover on downs",761,FALSE,FALSE
"2025_07_LA_JAX","JAX",1,70,"Punt",1793,FALSE,FALSE
"2025_07_LA_JAX","JAX",3,67,"Punt",1292,FALSE,FALSE
"2025_07_LA_JAX","JAX",5,65,"Punt",1011,FALSE,FALSE
"2025_07_LA_JAX","JAX",7,70,"Missed field goal",599,FALSE,FALSE
"2025_07_LA_JAX","JAX",9,65,"Turnover on downs",277,FALSE,FALSE
"2025_07_LA_JAX","JAX",12,83,"Turnover on downs",1730,FALSE,FALSE
"2025_07_LA_JAX","JAX",14,91,"Turnover on downs",1390,FALSE,FALSE
"2025_07_LA_JAX","JAX",16,57,"Punt",1182,FALSE,FALSE
"2025_07_LA_JAX","JAX",18,79,"Punt",953,FALSE,FALSE
"2025_07_LA_JAX","JAX",20,80,"Touchdown",671,FALSE,TRUE
"2025_07_LA_JAX","JAX",22,65,"Turnover on downs",298,FALSE,FALSE
"2025_07_LA_JAX","LA",2,60,"Touchdown",1713,FALSE,TRUE
"2025_07_LA_JAX","LA",4,79,"Touchdown",1200,FALSE,TRUE
"2025_07_LA_JAX","LA",6,91,"Punt",671,FALSE,FALSE
"2025_07_LA_JAX","LA",8,60,"Touchdown",418,FALSE,TRUE
"2025_07_LA_JAX","LA",10,93,"End of half",105,FALSE,FALSE
"2025_07_LA_JAX","LA",11,64,"Punt",1795,FALSE,FALSE
"2025_07_LA_JAX","LA",13,70,"Punt",1537,FALSE,FALSE
"2025_07_LA_JAX","LA",15,73,"Punt",1234,FALSE,FALSE
"2025_07_LA_JAX","LA",17,84,"Punt",1055,FALSE,FALSE
"2025_07_LA_JAX","LA",19,62,"Touchdown",927,FALSE,TRUE
"2025_07_LA_JAX","LA",21,45,"Touchdown",544,FALSE,TRUE
"2025_07_LA_JAX","LA",23,86,"End of half",109,TRUE,FALSE
"2025_07_LV_KC","KC",2,92,"Touchdown",1604,FALSE,TRUE
"2025_07_LV_KC","KC",4,84,"Touchdown",1077,FALSE,TRUE
"2025_07_LV_KC","KC",6,94,"Touchdown",392,FALSE,TRUE
"2025_07_LV_KC","KC",8,65,"Touchdown",1800,FALSE,TRUE
"2025_07_LV_KC","KC",10,86,"Field goal",1322,FALSE,TRUE
"2025_07_LV_KC","KC",12,41,"Punt",908,FALSE,FALSE
"2025_07_LV_KC","KC",14,68,"Punt",701,FALSE,FALSE
"2025_07_LV_KC","KC",16,11,"Turnover on downs",424,FALSE,FALSE
"2025_07_LV_KC","KC",18,57,"Punt",156,FALSE,FALSE
"2025_07_LV_KC","LV",1,62,"Punt",1794,FALSE,FALSE
"2025_07_LV_KC","LV",3,65,"Punt",1258,FALSE,FALSE
"2025_07_LV_KC","LV",5,63,"Punt",551,FALSE,FALSE
"2025_07_LV_KC","LV",7,65,"End of half",10,FALSE,FALSE
"2025_07_LV_KC","LV",9,65,"Punt",1440,FALSE,FALSE
"2025_07_LV_KC","LV",11,65,"Turnover on downs",1050,FALSE,FALSE
"2025_07_LV_KC","LV",13,92,"Punt",793,FALSE,FALSE
"2025_07_LV_KC","LV",15,86,"Turnover",428,FALSE,FALSE
"2025_07_LV_KC","LV",17,96,"Punt",287,FALSE,FALSE
"2025_07_LV_KC","LV",19,74,"End of half",27,FALSE,FALSE
"2025_07_MIA_CLE","CLE",1,67,"Punt",1795,FALSE,FALSE
"2025_07_MIA_CLE","CLE",3,69,"Field goal",1440,FALSE,TRUE
"2025_07_MIA_CLE","CLE",5,83,"Touchdown",848,FALSE,TRUE
"2025_07_MIA_CLE","CLE",6,46,"Touchdown",673,FALSE,TRUE
"2025_07_MIA_CLE","CLE",8,90,"Punt",244,FALSE,FALSE
"2025_07_MIA_CLE","CLE",12,44,"Punt",1655,FALSE,FALSE
"2025_07_MIA_CLE","CLE",14,72,"Punt",1093,FALSE,FALSE
"2025_07_MIA_CLE","CLE",16,2,"Touchdown",659,FALSE,TRUE
"2025_07_MIA_CLE","CLE",18,42,"Punt",598,FALSE,FALSE
"2025_07_MIA_CLE","CLE",20,62,"Punt",405,FALSE,FALSE
"2025_07_MIA_CLE","CLE",22,41,"End of half",37,TRUE,FALSE
"2025_07_MIA_CLE","MIA",2,90,"Punt",1657,FALSE,FALSE
"2025_07_MIA_CLE","MIA",4,77,"Field goal",1032,FALSE,TRUE
"2025_07_MIA_CLE","MIA",7,53,"Punt",358,FALSE,FALSE
"2025_07_MIA_CLE","MIA",9,40,"Field goal",173,FALSE,TRUE
"2025_07_MIA_CLE","MIA",10,70,"Opp touchdown",1796,FALSE,FALSE
"2025_07_MIA_CLE","MIA",11,80,"Punt",1782,FALSE,FALSE
"2025_07_MIA_CLE","MIA",13,92,"Turnover on downs",1523,FALSE,FALSE
"2025_07_MIA_CLE","MIA",15,95,"Turnover",748,FALSE,FALSE
"2025_07_MIA_CLE","MIA",17,71,"Turnover",649,FALSE,FALSE
"2025_07_MIA_CLE","MIA",19,80,"Punt",496,FALSE,FALSE
"2025_07_MIA_CLE","MIA",21,91,"Turnover on downs",221,FALSE,FALSE
"2025_07_NE_TEN","NE",2,65,"Field goal",1640,FALSE,TRUE
"2025_07_NE_TEN","NE",4,76,"Punt",1198,FALSE,FALSE
"2025_07_NE_TEN","NE",6,93,"Touchdown",736,FALSE,TRUE
"2025_07_NE_TEN","NE",8,60,"Touchdown",108,FALSE,TRUE
"2025_07_NE_TEN","NE",10,88,"Touchdown",1792,FALSE,TRUE
"2025_07_NE_TEN","NE",13,65,"Punt",1221,FALSE,FALSE
"2025_07_NE_TEN","NE",15,93,"Punt",957,FALSE,FALSE
"2025_07_NE_TEN","NE",17,65,"Punt",347,FALSE,FALSE
"2025_07_NE_TEN","NE",19,43,"End of half",217,FALSE,FALSE
"2025_07_NE_TEN","TEN",1,65,"Field goal",1800,FALSE,TRUE
"2025_07_NE_TEN","TEN",3,59,"Touchdown",1301,FALSE,TRUE
"2025_07_NE_TEN","TEN",5,74,"Punt",1027,FALSE,FALSE
"2025_07_NE_TEN","TEN",7,64,"Field goal",328,FALSE,TRUE
"2025_07_NE_TEN","TEN",9,65,"Turnover on downs",49,FALSE,FALSE
"2025_07_NE_TEN","TEN",11,77,"Opp touchdown",1345,FALSE,FALSE
"2025_07_NE_TEN","TEN",12,65,"Punt",1340,FALSE,FALSE
"2025_07_NE_TEN","TEN",14,77,"Punt",1085,FALSE,FALSE
"2025_07_NE_TEN","TEN",16,85,"Turnover on downs",526,FALSE,FALSE
"2025_07_NE_TEN","TEN",18,75,"Turnover",320,FALSE,FALSE
"2025_07_NO_CHI","CHI",1,65,"Punt",1800,FALSE,FALSE
"2025_07_NO_CHI","CHI",3,24,"Field goal",1675,FALSE,TRUE
"2025_07_NO_CHI","CHI",5,76,"Turnover",1378,FALSE,FALSE
"2025_07_NO_CHI","CHI",7,56,"Field goal",1075,FALSE,TRUE
"2025_07_NO_CHI","CHI",9,30,"Touchdown",666,FALSE,TRUE
"2025_07_NO_CHI","CHI",11,55,"Touchdown",446,FALSE,TRUE
"2025_07_NO_CHI","CHI",13,57,"Punt",98,FALSE,FALSE
"2025_07_NO_CHI","CHI",15,73,"End of half",16,FALSE,FALSE
"2025_07_NO_CHI","CHI",17,72,"Field goal",1473,FALSE,TRUE
"2025_07_NO_CHI","CHI",19,88,"Punt",1055,FALSE,FALSE
"2025_07_NO_CHI","CHI",21,66,"Field goal",640,FALSE,TRUE
"2025_07_NO_CHI","CHI",23,68,"End of half",260,FALSE,FALSE
"2025_07_NO_CHI","NO",2,81,"Turnover",1715,FALSE,FALSE
"2025_07_NO_CHI","NO",4,67,"Punt",1469,FALSE,FALSE
"2025_07_NO_CHI","NO",6,48,"Missed field goal",1268,FALSE,FALSE
"2025_07_NO_CHI","NO",8,65,"Turnover",846,FALSE,FALSE
"2025_07_NO_CHI","NO",10,65,"Punt",545,FALSE,FALSE
"2025_07_NO_CHI","NO",12,67,"Turnover on downs",165,FALSE,FALSE
"2025_07_NO_CHI","NO",14,91,"Touchdown",68,FALSE,TRUE
"2025_07_NO_CHI","NO",16,80,"Touchdown",1794,FALSE,TRUE
"2025_07_NO_CHI","NO",18,73,"Turnover",1142,FALSE,FALSE
"2025_07_NO_CHI","NO",20,79,"Punt",800,FALSE,FALSE
"2025_07_NO_CHI","NO",22,76,"Turnover",376,FALSE,FALSE
"2025_07_NYG_DEN","DEN",2,80,"Punt",1665,FALSE,FALSE
"2025_07_NYG_DEN","DEN",4,85,"Punt",1568,FALSE,FALSE
"2025_07_NYG_DEN","DEN",6,94,"Punt",1313,FALSE,FALSE
"2025_07_NYG_DEN","DEN",8,68,"Punt",960,FALSE,FALSE
"2025_07_NYG_DEN","DEN",10,65,"Turnover on downs",526,FALSE,FALSE
"2025_07_NYG_DEN","DEN",12,76,"End of half",64,FALSE,FALSE
"2025_07_NYG_DEN","DEN",13,73,"Punt",1796,FALSE,FALSE
"2025_07_NYG_DEN","DEN",15,88,"Punt",1322,FALSE,FALSE
"2025_07_NYG_DEN","DEN",17,78,"Touchdown",1056,FALSE,TRUE
"2025_07_NYG_DEN","DEN",19,74,"Touchdown",609,FALSE,TRUE
"2025_07_NYG_DEN","DEN",21,19,"Touchdown",287,FALSE,TRUE
"2025_07_NYG_DEN","DEN",23,68,"Touchdown",162,FALSE,TRUE
"2025_07_NYG_DEN","DEN",25,77,"Field goal",33,FALSE,TRUE
"2025_07_NYG_DEN","NYG",1,65,"Punt",1800,FALSE,FALSE
"2025_07_NYG_DEN","NYG",3,68,"Punt",1643,FALSE,FALSE
"2025_07_NYG_DEN","NYG",5,77,"Touchdown",1405,FALSE,TRUE
"2025_07_NYG_DEN","NYG",7,73,"Punt",1013,FALSE,FALSE
"2025_07_NYG_DEN","NYG",9,82,"Touchdown",885,FALSE,TRUE
"2025_07_NYG_DEN","NYG",11,98,"Punt",215,FALSE,FALSE
"2025_07_NYG_DEN","NYG",14,85,"Punt",1663,FALSE,FALSE
"2025_07_NYG_DEN","NYG",16,59,"Touchdown",1264,FALSE,TRUE
"2025_07_NYG_DEN","NYG",18,67,"Touchdown",842,FALSE,TRUE
"2025_07_NYG_DEN","NYG",20,70,"Turnover",307,FALSE,FALSE
"2025_07_NYG_DEN","NYG",22,72,"Punt",225,FALSE,FALSE
"2025_07_NYG_DEN","NYG",24,65,"Touchdown",111,FALSE,TRUE
"2025_07_PHI_MIN","MIN",2,80,"Field goal",1319,FALSE,TRUE
"2025_07_PHI_MIN","MIN",4,84,"Opp touchdown",931,FALSE,FALSE
"2025_07_PHI_MIN","MIN",5,74,"Turnover",801,FALSE,FALSE
"2025_07_PHI_MIN","MIN",7,80,"Field goal",577,FALSE,TRUE
"2025_07_PHI_MIN","MIN",9,68,"Punt",260,FALSE,FALSE
"2025_07_PHI_MIN","MIN",11,52,"Field goal",1790,FALSE,TRUE
"2025_07_PHI_MIN","MIN",13,60,"Touchdown",1387,FALSE,TRUE
"2025_07_PHI_MIN","MIN",15,68,"Field goal",855,FALSE,TRUE
"2025_07_PHI_MIN","MIN",17,72,"Field goal",390,FALSE,TRUE
"2025_07_PHI_MIN","PHI",1,75,"Touchdown",1796,FALSE,TRUE
"2025_07_PHI_MIN","PHI",3,66,"Punt",1019,FALSE,FALSE
"2025_07_PHI_MIN","PHI",6,56,"Punt",722,FALSE,FALSE
"2025_07_PHI_MIN","PHI",8,74,"Punt",389,FALSE,FALSE
"2025_07_PHI_MIN","PHI",10,84,"End of half",59,FALSE,FALSE
"2025_07_PHI_MIN","PHI",12,84,"Touchdown",1437,FALSE,TRUE
"2025_07_PHI_MIN","PHI",14,70,"Missed field goal",1113,FALSE,FALSE
"2025_07_PHI_MIN","PHI",16,70,"Touchdown",599,FALSE,TRUE
"2025_07_PHI_MIN","PHI",18,57,"Turnover on downs",112,FALSE,FALSE
"2025_07_PIT_CIN","CIN",2,73,"Punt",1545,FALSE,FALSE
"2025_07_PIT_CIN","CIN",4,83,"Punt",1258,FALSE,FALSE
"2025_07_PIT_CIN","CIN",6,72,"Touchdown",621,FALSE,TRUE
"2025_07_PIT_CIN","CIN",8,76,"Touchdown",265,FALSE,TRUE
"2025_07_PIT_CIN","CIN",10,70,"Field goal",40,FALSE,TRUE
"2025_07_PIT_CIN","CIN",11,68,"Field goal",1794,FALSE,TRUE
"2025_07_PIT_CIN","CIN",13,67,"Touchdown",1129,FALSE,TRUE
"2025_07_PIT_CIN","CIN",15,80,"Field goal",660,FALSE,TRUE
"2025_07_PIT_CIN","CIN",17,90,"Punt",316,FALSE,FALSE
"2025_07_PIT_CIN","CIN",19,70,"Field goal",135,FALSE,TRUE
"2025_07_PIT_CIN","PIT",1,69,"Touchdown",1795,FALSE,TRUE
"2025_07_PIT_CIN","PIT",3,74,"Punt",1345,FALSE,FALSE
"2025_07_PIT_CIN","PIT",5,73,"Field goal",1065,FALSE,TRUE
"2025_07_PIT_CIN","PIT",7,70,"Turnover",272,FALSE,FALSE
"2025_07_PIT_CIN","PIT",9,70,"Turnover",167,FALSE,FALSE
"2025_07_PIT_CIN","PIT",12,61,"Touchdown",1368,FALSE,TRUE
"2025_07_PIT_CIN","PIT",14,73,"Touchdown",891,FALSE,TRUE
"2025_07_PIT_CIN","PIT",16,61,"Punt",412,FALSE,FALSE
"2025_07_PIT_CIN","PIT",18,58,"Touchdown",166,FALSE,TRUE
"2025_07_PIT_CIN","PIT",20,65,"End of half",7,FALSE,FALSE
"2025_07_TB_DET","DET",1,69,"Touchdown",1797,FALSE,TRUE
"2025_07_TB_DET","DET",3,65,"Turnover",1477,FALSE,FALSE
"2025_07_TB_DET","DET",5,86,"Turnover on downs",1268,FALSE,FALSE
"2025_07_TB_DET","DET",7,86,"Punt",796,FALSE,FALSE
"2025_07_TB_DET","DET",9,87,"Touchdown",455,FALSE,TRUE
"2025_07_TB_DET","DET",11,86,"Punt",253,FALSE,FALSE
"2025_07_TB_DET","DET",13,41,"Missed field goal",163,FALSE,FALSE
"2025_07_TB_DET","DET",15,48,"Turnover",106,FALSE,FALSE
"2025_07_TB_DET","DET",18,73,"Touchdown",1421,FALSE,TRUE
"2025_07_TB_DET","DET",20,70,"Punt",1071,FALSE,FALSE
"2025_07_TB_DET","DET",22,40,"Field goal",691,FALSE,TRUE
"2025_07_TB_DET","DET",24,87,"Punt",264,FALSE,FALSE
"2025_07_TB_DET","DET",26,66,"Punt",148,FALSE,FALSE
"2025_07_TB_DET","TB",2,85,"Punt",1611,FALSE,FALSE
"2025_07_TB_DET","TB",4,60,"Punt",1362,FALSE,FALSE
"2025_07_TB_DET","TB",6,85,"Punt",943,FALSE,FALSE
"2025_07_TB_DET","TB",8,64,"Punt",608,FALSE,FALSE
"2025_07_TB_DET","TB",10,65,"Punt",351,FALSE,FALSE
"2025_07_TB_DET","TB",12,62,"Turnover",172,FALSE,FALSE
"2025_07_TB_DET","TB",14,55,"Turnover",112,FALSE,FALSE
"2025_07_TB_DET","TB",16,57,"Field goal",21,FALSE,TRUE
"2025_07_TB_DET","TB",17,67,"Touchdown",1795,FALSE,TRUE
"2025_07_TB_DET","TB",19,79,"Punt",1171,FALSE,FALSE
"2025_07_TB_DET","TB",21,89,"Turnover on downs",786,FALSE,FALSE
"2025_07_TB_DET","TB",23,71,"Turnover on downs",611,FALSE,FALSE
"2025_07_TB_DET","TB",25,67,"Turnover on downs",238,FALSE,FALSE
"2025_07_TB_DET","TB",27,79,"End of half",13,TRUE,FALSE
"2025_07_WAS_DAL","DAL",1,66,"Touchdown",1795,FALSE,TRUE
"2025_07_WAS_DAL","DAL",3,99,"Safety",1595,FALSE,FALSE
"2025_07_WAS_DAL","DAL",5,60,"Field goal",1358,FALSE,TRUE
"2025_07_WAS_DAL","DAL",7,74,"Touchdown",1178,FALSE,TRUE
"2025_07_WAS_DAL","DAL",9,80,"Punt",1026,FALSE,FALSE
"2025_07_WAS_DAL","DAL",11,54,"Field goal",656,FALSE,TRUE
"2025_07_WAS_DAL","DAL",13,73,"Punt",329,FALSE,FALSE
"2025_07_WAS_DAL","DAL",15,72,"Touchdown",40,FALSE,TRUE
"2025_07_WAS_DAL","DAL",18,55,"Touchdown",1607,FALSE,TRUE
"2025_07_WAS_DAL","DAL",21,67,"Field goal",1052,FALSE,TRUE
"2025_07_WAS_DAL","DAL",23,64,"Punt",626,FALSE,FALSE
"2025_07_WAS_DAL","DAL",25,75,"End of half",272,FALSE,FALSE
"2025_07_WAS_DAL","WAS",2,61,"Punt",1680,FALSE,FALSE
"2025_07_WAS_DAL","WAS",4,65,"Touchdown",1583,FALSE,TRUE
"2025_07_WAS_DAL","WAS",6,87,"Punt",1269,FALSE,FALSE
"2025_07_WAS_DAL","WAS",8,72,"Punt",1162,FALSE,FALSE
"2025_07_WAS_DAL","WAS",10,90,"Turnover on downs",850,FALSE,FALSE
"2025_07_WAS_DAL","WAS",12,90,"Punt",438,FALSE,FALSE
"2025_07_WAS_DAL","WAS",14,68,"Touchdown",116,FALSE,TRUE
"2025_07_WAS_DAL","WAS",16,74,"End of half",6,TRUE,FALSE
"2025_07_WAS_DAL","WAS",17,65,"Turnover",1794,FALSE,FALSE
"2025_07_WAS_DAL","WAS",19,60,"Opp touchdown",1364,FALSE,FALSE
"2025_07_WAS_DAL","WAS",20,53,"Touchdown",1221,FALSE,TRUE
"2025_07_WAS_DAL","WAS",22,72,"Turnover on downs",759,FALSE,FALSE
"2025_07_WAS_DAL","WAS",24,92,"Punt",410,FALSE,FALSE
"2025_08_BUF_CAR","BUF",2,76,"Field goal",1665,FALSE,TRUE
"2025_08_BUF_CAR","BUF",4,83,"Field goal",1120,FALSE,TRUE
"2025_08_BUF_CAR","BUF",6,77,"Touchdown",532,FALSE,TRUE
"2025_08_BUF_CAR","BUF",8,74,"Punt",342,FALSE,FALSE
"2025_08_BUF_CAR","BUF",10,1,"Touchdown",112,FALSE,TRUE
"2025_08_BUF_CAR","BUF",12,65,"Touchdown",1800,FALSE,TRUE
"2025_08_BUF_CAR","BUF",14,88,"Touchdown",1511,FALSE,TRUE
"2025_08_BUF_CAR","BUF",16,19,"Touchdown",1181,FALSE,TRUE
"2025_08_BUF_CAR","BUF",18,84,"Punt",628,FALSE,FALSE
"2025_08_BUF_CAR","BUF",20,73,"Punt",199,FALSE,FALSE
"2025_08_BUF_CAR","CAR",1,69,"Punt",1793,FALSE,FALSE
"2025_08_BUF_CAR","CAR",3,71,"Turnover",1327,FALSE,FALSE
"2025_08_BUF_CAR","CAR",5,65,"Field goal",783,FALSE,TRUE
"2025_08_BUF_CAR","CAR",7,73,"Punt",437,FALSE,FALSE
"2025_08_BUF_CAR","CAR",9,87,"Turnover",200,FALSE,FALSE
"2025_08_BUF_CAR","CAR",11,69,"Missed field goal",104,FALSE,FALSE
"2025_08_BUF_CAR","CAR",13,65,"Punt",1638,FALSE,FALSE
"2025_08_BUF_CAR","CAR",15,71,"Turnover",1190,FALSE,FALSE
"2025_08_BUF_CAR","CAR",17,67,"Touchdown",972,FALSE,TRUE
"2025_08_BUF_CAR","CAR",19,81,"Punt",297,FALSE,FALSE
"2025_08_BUF_CAR","CAR",21,77,"End of half",106,FALSE,FALSE
"2025_08_CHI_BAL","BAL",2,72,"Punt",1305,FALSE,FALSE
"2025_08_CHI_BAL","BAL",4,62,"Touchdown",900,FALSE,TRUE
"2025_08_CHI_BAL","BAL",6,78,"Field goal",393,FALSE,TRUE
"2025_08_CHI_BAL","BAL",8,66,"Field goal",1795,FALSE,TRUE
"2025_08_CHI_BAL","BAL",10,90,"Field goal",1377,FALSE,TRUE
"2025_08_CHI_BAL","BAL",12,56,"Punt",736,FALSE,FALSE
"2025_08_CHI_BAL","BAL",14,9,"Touchdown",540,FALSE,TRUE
"2025_08_CHI_BAL","BAL",16,66,"Touchdown",300,FALSE,TRUE
"2025_08_CHI_BAL","BAL",18,99,"End of half",24,FALSE,FALSE
"2025_08_CHI_BAL","CHI",1,78,"Field goal",1795,FALSE,TRUE
"2025_08_CHI_BAL","CHI",3,83,"Field goal",1174,FALSE,TRUE
"2025_08_CHI_BAL","CHI",5,47,"Punt",488,FALSE,FALSE
"2025_08_CHI_BAL","CHI",7,72,"Missed field goal",62,FALSE,FALSE
"2025_08_CHI_BAL","CHI",9,72,"Punt",1499,FALSE,FALSE
"2025_08_CHI_BAL","CHI",11,83,"Touchdown",1107,FALSE,TRUE
"2025_08_CHI_BAL","CHI",13,96,"Turnover",588,FALSE,FALSE
"2025_08_CHI_BAL","CHI",15,78,"Field goal",489,FALSE,TRUE
"2025_08_CHI_BAL","CHI",17,65,"Turnover on downs",129,FALSE,FALSE
"2025_08_CLE_NE","CLE",2,70,"Touchdown",1419,FALSE,TRUE
"2025_08_CLE_NE","CLE",4,66,"Punt",1089,FALSE,FALSE
"2025_08_CLE_NE","CLE",6,34,"Missed field goal",783,FALSE,FALSE
"2025_08_CLE_NE","CLE",8,76,"Punt",456,FALSE,FALSE
"2025_08_CLE_NE","CLE",10,80,"Punt",255,FALSE,FALSE
"2025_08_CLE_NE","CLE",12,69,"Punt",1795,FALSE,FALSE
"2025_08_CLE_NE","CLE",14,70,"Turnover",1445,FALSE,FALSE
"2025_08_CLE_NE","CLE",16,85,"Turnover",1297,FALSE,FALSE
"2025_08_CLE_NE","CLE",18,69,"Turnover on downs",946,FALSE,FALSE
"2025_08_CLE_NE","CLE",20,26,"Touchdown",617,FALSE,TRUE
"2025_08_CLE_NE","CLE",22,99,"Safety",291,FALSE,FALSE
"2025_08_CLE_NE","CLE",23,67,"Turnover on downs",245,FALSE,FALSE
"2025_08_CLE_NE","NE",1,72,"Field goal",1795,FALSE,TRUE
"2025_08_CLE_NE","NE",3,68,"Punt",1204,FALSE,FALSE
"2025_08_CLE_NE","NE",5,85,"Turnover",953,FALSE,FALSE
"2025_08_CLE_NE","NE",7,63,"Field goal",682,FALSE,TRUE
"2025_08_CLE_NE","NE",9,66,"Punt",363,FALSE,FALSE
"2025_08_CLE_NE","NE",11,83,"Field goal",129,FALSE,TRUE
"2025_08_CLE_NE","NE",13,77,"Touchdown",1693,FALSE,TRUE
"2025_08_CLE_NE","NE",15,6,"Touchdown",1351,FALSE,TRUE
"2025_08_CLE_NE","NE",17,81,"Touchdown",1122,FALSE,TRUE
"2025_08_CLE_NE","NE",19,87,"Punt",734,FALSE,FALSE
"2025_08_CLE_NE","NE",21,44,"Turnover",563,FALSE,FALSE
"2025_08_CLE_NE","NE",24,34,"End of half",198,FALSE,FALSE
"2025_08_DAL_DEN","DAL",2,52,"Field goal",1715,FALSE,TRUE
"2025_08_DAL_DEN","DAL",4,73,"Punt",1389,FALSE,FALSE
"2025_08_DAL_DEN","DAL",6,66,"Punt",1077,FALSE,FALSE
"2025_08_DAL_DEN","DAL",8,59,"Touchdown",824,FALSE,TRUE
"2025_08_DAL_DEN","DAL",10,80,"Punt",227,FALSE,FALSE
"2025_08_DAL_DEN","DAL",12,65,"Turnover",39,FALSE,FALSE
"2025_08_DAL_DEN","DAL",14,65,"Touchdown",1800,FALSE,TRUE
"2025_08_DAL_DEN","DAL",16,65,"Punt",1262,FALSE,FALSE
"2025_08_DAL_DEN","DAL",18,72,"Turnover",763,FALSE,FALSE
"2025_08_DAL_DEN","DAL",20,65,"Touchdown",434,FALSE,TRUE
"2025_08_DAL_DEN","DAL",22,71,"Punt",144,FALSE,FALSE
"2025_08_DAL_DEN","DEN",1,72,"Turnover",1795,FALSE,FALSE
"2025_08_DAL_DEN","DEN",3,74,"Touchdown",1530,FALSE,TRUE
"2025_08_DAL_DEN","DEN",5,62,"Touchdown",1243,FALSE,TRUE
"2025_08_DAL_DEN","DEN",7,90,"Punt",889,FALSE,FALSE
"2025_08_DAL_DEN","DEN",9,65,"Touchdown",449,FALSE,TRUE
"2025_08_DAL_DEN","DEN",11,72,"Touchdown",134,FALSE,TRUE
"2025_08_DAL_DEN","DEN",13,78,"End of half",14,TRUE,FALSE
"2025_08_DAL_DEN","DEN",15,46,"Field goal",1379,FALSE,TRUE
"2025_08_DAL_DEN","DEN",17,84,"Touchdown",1098,FALSE,TRUE
"2025_08_DAL_DEN","DEN",19,55,"Touchdown",615,FALSE,TRUE
"2025_08_DAL_DEN","DEN",21,71,"Punt",279,FALSE,FALSE
"2025_08_DAL_DEN","DEN",23,91,"End of half",28,TRUE,FALSE
"2025_08_GB_PIT","GB",1,80,"Punt",1794,FALSE,FALSE
"2025_08_GB_PIT","GB",3,67,"Touchdown",1413,FALSE,TRUE
"2025_08_GB_PIT","GB",5,82,"Missed field goal",1100,FALSE,FALSE
"2025_08_GB_PIT","GB",7,74,"Punt",732,FALSE,FALSE
"2025_08_GB_PIT","GB",9,66,"Punt",346,FALSE,FALSE
"2025_08_GB_PIT","GB",11,80,"Missed field goal",34,FALSE,FALSE
"2025_08_GB_PIT","GB",13,90,"Touchdown",1741,FALSE,TRUE
"2025_08_GB_PIT","GB",15,78,"Touchdown",1225,FALSE,TRUE
"2025_08_GB_PIT","GB",17,45,"Touchdown",778,FALSE,TRUE
"2025_08_GB_PIT","GB",19,56,"Field goal",536,FALSE,TRUE
"2025_08_GB_PIT","GB",21,26,"Field goal",307,FALSE,TRUE
"2025_08_GB_PIT","GB",23,48,"End of half",126,FALSE,FALSE
"2025_08_GB_PIT","PIT",2,80,"Field goal",1706,FALSE,TRUE
"2025_08_GB_PIT","PIT",4,65,"Punt",1205,FALSE,FALSE
"2025_08_GB_PIT","PIT",6,53,"Field goal",890,FALSE,TRUE
"2025_08_GB_PIT","PIT",8,64,"Field goal",666,FALSE,TRUE
"2025_08_GB_PIT","PIT",10,84,"Touchdown",246,FALSE,TRUE
"2025_08_GB_PIT","PIT",12,73,"Punt",1793,FALSE,FALSE
"2025_08_GB_PIT","PIT",14,77,"Field goal",1423,FALSE,TRUE
"2025_08_GB_PIT","PIT",16,77,"Punt",887,FALSE,FALSE
"2025_08_GB_PIT","PIT",18,75,"Punt",651,FALSE,FALSE
"2025_08_GB_PIT","PIT",20,77,"Turnover",323,FALSE,FALSE
"2025_08_GB_PIT","PIT",22,70,"Touchdown",232,FALSE,TRUE
"2025_08_MIA_ATL","ATL",2,68,"Punt",1703,FALSE,FALSE
"2025_08_MIA_ATL","ATL",4,69,"Field goal",1047,FALSE,TRUE
"2025_08_MIA_ATL","ATL",6,96,"Punt",632,FALSE,FALSE
"2025_08_MIA_ATL","ATL",8,72,"Punt",369,FALSE,FALSE
"2025_08_MIA_ATL","ATL",10,64,"End of half",4,TRUE,FALSE
"2025_08_MIA_ATL","ATL",11,71,"Punt",1794,FALSE,FALSE
"2025_08_MIA_ATL","ATL",13,75,"Turnover",1580,FALSE,FALSE
"2025_08_MIA_ATL","ATL",15,86,"Turnover on downs",1149,FALSE,FALSE
"2025_08_MIA_ATL","ATL",17,80,"Turnover on downs",802,FALSE,FALSE
"2025_08_MIA_ATL","ATL",19,65,"Touchdown",516,FALSE,TRUE
"2025_08_MIA_ATL","ATL",21,73,"End of half",62,FALSE,FALSE
"2025_08_MIA_ATL","MIA",1,66,"Punt",1795,FALSE,FALSE
"2025_08_MIA_ATL","MIA",3,79,"Touchdown",1566,FALSE,TRUE
"2025_08_MIA_ATL","MIA",5,73,"Punt",773,FALSE,FALSE
"2025_08_MIA_ATL","MIA",7,40,"Field goal",510,FALSE,TRUE
"2025_08_MIA_ATL","MIA",9,82,"Touchdown",280,FALSE,TRUE
"2025_08_MIA_ATL","MIA",12,86,"Punt",1706,FALSE,FALSE
"2025_08_MIA_ATL","MIA",14,84,"Touchdown",1523,FALSE,TRUE
"2025_08_MIA_ATL","MIA",16,41,"Touchdown",1054,FALSE,TRUE
"2025_08_MIA_ATL","MIA",18,37,"Field goal",656,FALSE,TRUE
"2025_08_MIA_ATL","MIA",20,48,"Turnover on downs",300,FALSE,FALSE
"2025_08_MIN_LAC","LAC",2,83,"Touchdown",1600,FALSE,TRUE
"2025_08_MIN_LAC","LAC",4,59,"Touchdown",1032,FALSE,TRUE
"2025_08_MIN_LAC","LAC",6,75,"Missed field goal",530,FALSE,FALSE
"2025_08_MIN_LAC","LAC",8,94,"Touchdown",244,FALSE,TRUE
"2025_08_MIN_LAC","LAC",10,67,"Field goal",1794,FALSE,TRUE
"2025_08_MIN_LAC","LAC",12,85,"Turnover",1323,FALSE,FALSE
"2025_08_MIN_LAC","LAC",14,73,"Touchdown",1171,FALSE,TRUE
"2025_08_MIN_LAC","LAC",16,52,"Field goal",713,FALSE,TRUE
"2025_08_MIN_LAC","LAC",18,36,"Field goal",379,FALSE,TRUE
"2025_08_MIN_LAC","MIN",1,84,"Punt",1790,FALSE,FALSE
"2025_08_MIN_LAC","MIN",3,82,"Punt",1135,FALSE,FALSE
"2025_08_MIN_LAC","MIN",5,70,"Field goal",781,FALSE,TRUE
"2025_08_MIN_LAC","MIN",7,61,"Punt",366,FALSE,FALSE
"2025_08_MIN_LAC","MIN",9,59,"Missed field goal",45,FALSE,FALSE
"2025_08_MIN_LAC","MIN",11,78,"Punt",1493,FALSE,FALSE
"2025_08_MIN_LAC","MIN",13,26,"Touchdown",1318,FALSE,TRUE
"2025_08_MIN_LAC","MIN",15,69,"Turnover",754,FALSE,FALSE
"2025_08_MIN_LAC","MIN",17,65,"Turnover on downs",421,FALSE,FALSE
"2025_08_MIN_LAC","MIN",19,65,"End of half",116,FALSE,FALSE
"2025_08_NYG_PHI","NYG",2,69,"Punt",1777,FALSE,FALSE
"2025_08_NYG_PHI","NYG",4,52,"Touchdown",1270,FALSE,TRUE
"2025_08_NYG_PHI","NYG",6,69,"Punt",692,FALSE,FALSE
"2025_08_NYG_PHI","NYG",8,66,"Field goal",373,FALSE,TRUE
"2025_08_NYG_PHI","NYG",10,65,"End of half",21,TRUE,FALSE
"2025_08_NYG_PHI","NYG",11,65,"Punt",1794,FALSE,FALSE
"2025_08_NYG_PHI","NYG",13,75,"Field goal",1316,FALSE,TRUE
"2025_08_NYG_PHI","NYG",15,67,"Punt",672,FALSE,FALSE
"2025_08_NYG_PHI","NYG",17,65,"Touchdown",359,FALSE,TRUE
"2025_08_NYG_PHI","PHI",1,65,"Touchdown",1800,FALSE,TRUE
"2025_08_NYG_PHI","PHI",3,75,"Missed field goal",1634,FALSE,FALSE
"2025_08_NYG_PHI","PHI",5,53,"Touchdown",1069,FALSE,TRUE
"2025_08_NYG_PHI","PHI",7,87,"Punt",474,FALSE,FALSE
"2025_08_NYG_PHI","PHI",9,58,"Touchdown",166,FALSE,TRUE
"2025_08_NYG_PHI","PHI",12,76,"Field goal",1690,FALSE,TRUE
"2025_08_NYG_PHI","PHI",14,72,"Touchdown",910,FALSE,TRUE
"2025_08_NYG_PHI","PHI",16,73,"Touchdown",569,FALSE,TRUE
"2025_08_NYG_PHI","PHI",18,45,"End of half",163,FALSE,FALSE
"2025_08_NYJ_CIN","CIN",1,75,"Field goal",1794,FALSE,TRUE
"2025_08_NYJ_CIN","CIN",3,35,"Touchdown",1396,FALSE,TRUE
"2025_08_NYJ_CIN","CIN",5,75,"Punt",1074,FALSE,FALSE
"2025_08_NYJ_CIN","CIN",7,69,"Touchdown",724,FALSE,TRUE
"2025_08_NYJ_CIN","CIN",9,65,"Touchdown",318,FALSE,TRUE
"2025_08_NYJ_CIN","CIN",12,80,"Punt",1645,FALSE,FALSE
"2025_08_NYJ_CIN","CIN",14,65,"Touchdown",1272,FALSE,TRUE
"2025_08_NYJ_CIN","CIN",16,73,"Touchdown",852,FALSE,TRUE
"2025_08_NYJ_CIN","CIN",18,72,"Punt",468,FALSE,FALSE
"2025_08_NYJ_CIN","CIN",20,75,"Turnover on downs",108,FALSE,FALSE
"2025_08_NYJ_CIN","NYJ",2,72,"Turnover on downs",1508,FALSE,FALSE
"2025_08_NYJ_CIN","NYJ",4,75,"Punt",1230,FALSE,FALSE
"2025_08_NYJ_CIN","NYJ",6,74,"Field goal",976,FALSE,TRUE
"2025_08_NYJ_CIN","NYJ",8,78,"Touchdown",637,FALSE,TRUE
"2025_08_NYJ_CIN","NYJ",10,65,"Field goal",75,FALSE,TRUE
"2025_08_NYJ_CIN","NYJ",11,76,"Punt",1793,FALSE,FALSE
"2025_08_NYJ_CIN","NYJ",13,86,"Field goal",1543,FALSE,TRUE
"2025_08_NYJ_CIN","NYJ",15,66,"Touchdown",1049,FALSE,TRUE
"2025_08_NYJ_CIN","NYJ",17,60,"Touchdown",614,FALSE,TRUE
"2025_08_NYJ_CIN","NYJ",19,58,"Touchdown",410,FALSE,TRUE
"2025_08_NYJ_CIN","NYJ",21,45,"End of half",27,TRUE,FALSE
"2025_08_SF_HOU","HOU",1,72,"Field goal",1794,FALSE,TRUE
"2025_08_SF_HOU","HOU",3,87,"Field goal",1117,FALSE,TRUE
"2025_08_SF_HOU","HOU",5,82,"Touchdown",805,FALSE,TRUE
"2025_08_SF_HOU","HOU",7,80,"Field goal",352,FALSE,TRUE
"2025_08_SF_HOU","HOU",9,71,"Turnover",17,FALSE,FALSE
"2025_08_SF_HOU","HOU",11,94,"Touchdown",1716,FALSE,TRUE
"2025_08_SF_HOU","HOU",13,69,"Field goal",922,FALSE,TRUE
"2025_08_SF_HOU","HOU",15,72,"Punt",478,FALSE,FALSE
"2025_08_SF_HOU","HOU",17,99,"Punt",116,FALSE,FALSE
"2025_08_SF_HOU","HOU",19,56,"End of half",9,TRUE,FALSE
"2025_08_SF_HOU","SF",2,65,"Punt",1214,FALSE,FALSE
"2025_08_SF_HOU","SF",4,75,"Punt",892,FALSE,FALSE
"2025_08_SF_HOU","SF",6,65,"Punt",452,FALSE,FALSE
"2025_08_SF_HOU","SF",8,35,"Touchdown",51,FALSE,TRUE
"2025_08_SF_HOU","SF",10,60,"Punt",1800,FALSE,FALSE
"2025_08_SF_HOU","SF",12,76,"Touchdown",1344,FALSE,TRUE
"2025_08_SF_HOU","SF",14,68,"Punt",575,FALSE,FALSE
"2025_08_SF_HOU","SF",16,99,"Turnover",253,FALSE,FALSE
"2025_08_SF_HOU","SF",18,50,"Turnover on downs",53,FALSE,FALSE
"2025_08_TB_NO","NO",1,63,"Turnover",1794,FALSE,FALSE
"2025_08_TB_NO","NO",3,72,"Punt",1439,FALSE,FALSE
"2025_08_TB_NO","NO",5,99,"Opp touchdown",443,FALSE,FALSE
"2025_08_TB_NO","NO",6,80,"Punt",397,FALSE,FALSE
"2025_08_TB_NO","NO",8,66,"Turnover",108,FALSE,FALSE
"2025_08_TB_NO","NO",10,45,"Field goal",47,FALSE,TRUE
"2025_08_TB_NO","NO",13,85,"Punt",1503,FALSE,FALSE
"2025_08_TB_NO","NO",15,70,"Turnover",1137,FALSE,FALSE
"2025_08_TB_NO","NO",17,76,"Turnover on downs",837,FALSE,FALSE
"2025_08_TB_NO","NO",19,67,"Turnover on downs",561,FALSE,FALSE
"2025_08_TB_NO","NO",21,81,"End of half",149,FALSE,FALSE
"2025_08_TB_NO","TB",2,68,"Punt",1633,FALSE,FALSE
"2025_08_TB_NO","TB",4,92,"Turnover on downs",1062,FALSE,FALSE
"2025_08_TB_NO","TB",7,87,"Punt",238,FALSE,FALSE
"2025_08_TB_NO","TB",9,47,"Turnover",104,FALSE,FALSE
"2025_08_TB_NO","TB",12,73,"Touchdown",1796,FALSE,TRUE
"2025_08_TB_NO","TB",14,55,"Field goal",1399,FALSE,TRUE
"2025_08_TB_NO","TB",16,50,"Field goal",988,FALSE,TRUE
"2025_08_TB_NO","TB",18,44,"Field goal",704,FALSE,TRUE
"2025_08_TB_NO","TB",20,76,"Punt",292,FALSE,FALSE
"2025_08_TEN_IND","IND",1,78,"Field goal",1795,FALSE,TRUE
"2025_08_TEN_IND","IND",3,73,"Touchdown",1203,FALSE,TRUE
"2025_08_TEN_IND","IND",5,71,"Touchdown",669,FALSE,TRUE
"2025_08_TEN_IND","IND",7,63,"Punt",374,FALSE,FALSE
"2025_08_TEN_IND","IND",9,85,"Punt",107,FALSE,FALSE
"2025_08_TEN_IND","IND",11,52,"End of half",1,FALSE,FALSE
"2025_08_TEN_IND","IND",13,80,"Touchdown",1582,FALSE,TRUE
"2025_08_TEN_IND","IND",15,74,"Touchdown",1478,FALSE,TRUE
"2025_08_TEN_IND","IND",17,46,"Touchdown",996,FALSE,TRUE
"2025_08_TEN_IND","IND",19,80,"Punt",414,FALSE,FALSE
"2025_08_TEN_IND","IND",21,65,"Punt",156,FALSE,FALSE
"2025_08_TEN_IND","TEN",2,85,"Punt",1476,FALSE,FALSE
"2025_08_TEN_IND","TEN",4,69,"Touchdown",903,FALSE,TRUE
"2025_08_TEN_IND","TEN",6,69,"Punt",460,FALSE,FALSE
"2025_08_TEN_IND","TEN",8,77,"Punt",318,FALSE,FALSE
"2025_08_TEN_IND","TEN",10,80,"Missed field goal",26,FALSE,FALSE
"2025_08_TEN_IND","TEN",12,70,"Punt",1794,FALSE,FALSE
"2025_08_TEN_IND","TEN",14,70,"Punt",1565,FALSE,FALSE
"2025_08_TEN_IND","TEN",16,83,"Turnover on downs",1203,FALSE,FALSE
"2025_08_TEN_IND","TEN",18,75,"Turnover",856,FALSE,FALSE
"2025_08_TEN_IND","TEN",20,67,"Touchdown",330,FALSE,TRUE
"2025_08_TEN_IND","TEN",22,85,"End of half",72,FALSE,FALSE
"2025_08_WAS_KC","KC",2,68,"Turnover",1482,FALSE,FALSE
"2025_08_WAS_KC","KC",4,65,"Turnover",961,FALSE,FALSE
"2025_08_WAS_KC","KC",6,72,"Touchdown",625,FALSE,TRUE
"2025_08_WAS_KC","KC",8,85,"End of half",53,FALSE,FALSE
"2025_08_WAS_KC","KC",9,80,"Touchdown",1794,FALSE,TRUE
"2025_08_WAS_KC","KC",11,75,"Touchdown",1385,FALSE,TRUE
"2025_08_WAS_KC","KC",13,94,"Touchdown",894,FALSE,TRUE
"2025_08_WAS_KC","KC",15,85,"Punt",406,FALSE,FALSE
"2025_08_WAS_KC","KC",17,65,"End of half",12,TRUE,FALSE
"2025_08_WAS_KC","WAS",1,57,"Turnover",1795,FALSE,FALSE
"2025_08_WAS_KC","WAS",3,93,"Turnover on downs",1235,FALSE,FALSE
"2025_08_WAS_KC","WAS",5,59,"Turnover on downs",779,FALSE,FALSE
"2025_08_WAS_KC","WAS",7,66,"Touchdown",341,FALSE,TRUE
"2025_08_WAS_KC","WAS",10,98,"Punt",1510,FALSE,FALSE
"2025_08_WAS_KC","WAS",12,65,"Punt",1100,FALSE,FALSE
"2025_08_WAS_KC","WAS",14,65,"Punt",472,FALSE,FALSE
"2025_08_WAS_KC","WAS",16,80,"Turnover",136,FALSE,FALSE
"2025_09_ARI_DAL","ARI",2,89,"Field goal",1532,FALSE,TRUE
"2025_09_ARI_DAL","ARI",4,47,"Touchdown",1022,FALSE,TRUE
"2025_09_ARI_DAL","ARI",6,76,"Opp touchdown",390,FALSE,FALSE
"2025_09_ARI_DAL","ARI",7,74,"Touchdown",230,FALSE,TRUE
"2025_09_ARI_DAL","ARI",9,74,"Touchdown",1793,FALSE,TRUE
"2025_09_ARI_DAL","ARI",11,61,"Field goal",1328,FALSE,TRUE
"2025_09_ARI_DAL","ARI",13,78,"Punt",894,FALSE,FALSE
"2025_09_ARI_DAL","ARI",15,67,"Punt",645,FALSE,FALSE
"2025_09_ARI_DAL","ARI",17,63,"Turnover on downs",274,FALSE,FALSE
"2025_09_ARI_DAL","ARI",19,59,"End of half",79,TRUE,FALSE
"2025_09_ARI_DAL","DAL",1,66,"Turnover on downs",1793,FALSE,FALSE
"2025_09_ARI_DAL","DAL",3,77,"Punt",1112,FALSE,FALSE
"2025_09_ARI_DAL","DAL",5,74,"Turnover",732,FALSE,FALSE
"2025_09_ARI_DAL","DAL",8,62,"Missed field goal",41,FALSE,FALSE
"2025_09_ARI_DAL","DAL",10,73,"Field goal",1663,FALSE,TRUE
"2025_09_ARI_DAL","DAL",12,73,"Turnover on downs",1048,FALSE,FALSE
"2025_09_ARI_DAL","DAL",14,78,"Touchdown",772,FALSE,TRUE
"2025_09_ARI_DAL","DAL",16,63,"Turnover",431,FALSE,FALSE
"2025_09_ARI_DAL","DAL",18,63,"Turnover",151,FALSE,FALSE
"2025_09_ATL_NE","ATL",1,68,"Punt",1793,FALSE,FALSE
"2025_09_ATL_NE","ATL",3,69,"Punt",1358,FALSE,FALSE
"2025_09_ATL_NE","ATL",5,53,"Touchdown",1099,FALSE,TRUE
"2025_09_ATL_NE","ATL",7,70,"Punt",526,FALSE,FALSE
"2025_09_ATL_NE","ATL",9,72,"Turnover on downs",304,FALSE,FALSE
"2025_09_ATL_NE","ATL",11,6,"Touchdown",23,FALSE,TRUE
"2025_09_ATL_NE","ATL",14,84,"Punt",1281,FALSE,FALSE
"2025_09_ATL_NE","ATL",16,51,"Field goal",1177,FALSE,TRUE
"2025_09_ATL_NE","ATL",18,85,"Touchdown",581,FALSE,TRUE
"2025_09_ATL_NE","ATL",20,81,"Punt",210,FALSE,FALSE
"2025_09_ATL_NE","NE",2,75,"Touchdown",1699,FALSE,TRUE
"2025_09_ATL_NE","NE",4,94,"Punt",1187,FALSE,FALSE
"2025_09_ATL_NE","NE",6,65,"Touchdown",924,FALSE,TRUE
"2025_09_ATL_NE","NE",8,72,"Touchdown",465,FALSE,TRUE
"2025_09_ATL_NE","NE",10,71,"Turnover",77,FALSE,FALSE
"2025_09_ATL_NE","NE",12,65,"End of half",12,TRUE,FALSE
"2025_09_ATL_NE","NE",13,69,"Field goal",1794,FALSE,TRUE
"2025_09_ATL_NE","NE",15,52,"Turnover",1223,FALSE,FALSE
"2025_09_ATL_NE","NE",17,78,"Punt",842,FALSE,FALSE
"2025_09_ATL_NE","NE",19,71,"Punt",274,FALSE,FALSE
"2025_09_ATL_NE","NE",21,82,"End of half",113,FALSE,FALSE
"2025_09_BAL_MIA","BAL",2,67,"Punt",1621,FALSE,FALSE
"2025_09_BAL_MIA","BAL",4,7,"Touchdown",1475,FALSE,TRUE
"2025_09_BAL_MIA","BAL",6,75,"Touchdown",1056,FALSE,TRUE
"2025_09_BAL_MIA","BAL",8,77,"Punt",638,FALSE,FALSE
"2025_09_BAL_MIA","BAL",10,72,"Punt",472,FALSE,FALSE
"2025_09_BAL_MIA","BAL",12,87,"Punt",64,FALSE,FALSE
"2025_09_BAL_MIA","BAL",14,68,"Touchdown",1797,FALSE,TRUE
"2025_09_BAL_MIA","BAL",16,60,"Touchdown",1283,FALSE,TRUE
"2025_09_BAL_MIA","BAL",18,85,"Punt",1050,FALSE,FALSE
"2025_09_BAL_MIA","BAL",20,90,"Punt",663,FALSE,FALSE
"2025_09_BAL_MIA","BAL",22,88,"End of half",390,FALSE,FALSE
"2025_09_BAL_MIA","MIA",1,57,"Field goal",1796,FALSE,TRUE
"2025_09_BAL_MIA","MIA",3,96,"Turnover",1525,FALSE,FALSE
"2025_09_BAL_MIA","MIA",5,74,"Missed field goal",1401,FALSE,FALSE
"2025_09_BAL_MIA","MIA",7,65,"Punt",850,FALSE,FALSE
"2025_09_BAL_MIA","MIA",9,29,"Field goal",529,FALSE,TRUE
"2025_09_BAL_MIA","MIA",11,80,"Turnover on downs",337,FALSE,FALSE
"2025_09_BAL_MIA","MIA",13,81,"End of half",30,FALSE,FALSE
"2025_09_BAL_MIA","MIA",15,87,"Punt",1383,FALSE,FALSE
"2025_09_BAL_MIA","MIA",17,70,"Punt",1151,FALSE,FALSE
"2025_09_BAL_MIA","MIA",19,92,"Turnover",919,FALSE,FALSE
"2025_09_BAL_MIA","MIA",21,82,"Turnover",481,FALSE,FALSE
"2025_09_CAR_GB","CAR",1,73,"Punt",1796,FALSE,FALSE
"2025_09_CAR_GB","CAR",3,84,"Turnover",1294,FALSE,FALSE
"2025_09_CAR_GB","CAR",5,76,"Touchdown",461,FALSE,TRUE
"2025_09_CAR_GB","CAR",8,67,"Punt",1534,FALSE,FALSE
"2025_09_CAR_GB","CAR",10,38,"Touchdown",1287,FALSE,TRUE
"2025_09_CAR_GB","CAR",12,87,"Punt",645,FALSE,FALSE
"2025_09_CAR_GB","CAR",14,71,"Field goal",148,FALSE,TRUE
"2025_09_CAR_GB","GB",2,72,"Turnover",1641,FALSE,FALSE
"2025_09_CAR_GB","GB",4,80,"Field goal",775,FALSE,TRUE
"2025_09_CAR_GB","GB",6,58,"Field goal",134,FALSE,TRUE
"2025_09_CAR_GB","GB",7,68,"Missed field goal",1797,FALSE,FALSE
"2025_09_CAR_GB","GB",9,89,"Turnover",1361,FALSE,FALSE
"2025_09_CAR_GB","GB",11,71,"Turnover on downs",1028,FALSE,FALSE
"2025_09_CAR_GB","GB",13,71,"Touchdown",444,FALSE,TRUE
"2025_09_CHI_CIN","CHI",2,73,"Touchdown",1783,FALSE,TRUE
"2025_09_CHI_CIN","CHI",4,74,"Touchdown",1235,FALSE,TRUE
"2025_09_CHI_CIN","CHI",6,82,"Punt",732,FALSE,FALSE
"2025_09_CHI_CIN","CHI",8,65,"Field goal",347,FALSE,TRUE
"2025_09_CHI_CIN","CHI",10,80,"Missed field goal",64,FALSE,FALSE
"2025_09_CHI_CIN","CHI",12,77,"Touchdown",1795,FALSE,TRUE
"2025_09_CHI_CIN","CHI",14,74,"Touchdown",1215,FALSE,TRUE
"2025_09_CHI_CIN","CHI",16,38,"Field goal",894,FALSE,TRUE
"2025_09_CHI_CIN","CHI",18,56,"Touchdown",353,FALSE,TRUE
"2025_09_CHI_CIN","CHI",20,96,"Punt",162,FALSE,FALSE
"2025_09_CHI_CIN","CHI",23,72,"Touchdown",50,FALSE,TRUE
"2025_09_CHI_CIN","CIN",3,55,"Field goal",1417,FALSE,TRUE
"2025_09_CHI_CIN","CIN",5,69,"Punt",889,FALSE,FALSE
"2025_09_CHI_CIN","CIN",7,85,"Field goal",607,FALSE,TRUE
"2025_09_CHI_CIN","CIN",9,63,"Touchdown",84,FALSE,TRUE
"2025_09_CHI_CIN","CIN",11,63,"End of half",3,TRUE,FALSE
"2025_09_CHI_CIN","CIN",13,69,"Touchdown",1387,FALSE,TRUE
"2025_09_CHI_CIN","CIN",15,73,"Turnover",1010,FALSE,FALSE
"2025_09_CHI_CIN","CIN",17,74,"Missed field goal",717,FALSE,FALSE
"2025_09_CHI_CIN","CIN",19,67,"Turnover",287,FALSE,FALSE
"2025_09_CHI_CIN","CIN",21,55,"Touchdown",135,FALSE,TRUE
"2025_09_CHI_CIN","CIN",22,57,"Touchdown",102,FALSE,TRUE
"2025_09_CHI_CIN","CIN",24,65,"Turnover",17,FALSE,FALSE
"2025_09_DEN_HOU","DEN",2,59,"Missed field goal",1344,FALSE,FALSE
"2025_09_DEN_HOU","DEN",4,65,"Punt",904,FALSE,FALSE
"2025_09_DEN_HOU","DEN",6,86,"Turnover",810,FALSE,FALSE
"2025_09_DEN_HOU","DEN",8,70,"Touchdown",426,FALSE,TRUE
"2025_09_DEN_HOU","DEN",10,80,"Punt",112,FALSE,FALSE
"2025_09_DEN_HOU","DEN",13,76,"Punt",1795,FALSE,FALSE
"2025_09_DEN_HOU","DEN",15,68,"Punt",1452,FALSE,FALSE
"2025_09_DEN_HOU","DEN",17,88,"Punt",1228,FALSE,FALSE
"2025_09_DEN_HOU","DEN",19,61,"Touchdown",979,FALSE,TRUE
"2025_09_DEN_HOU","DEN",21,80,"Punt",643,FALSE,FALSE
"2025_09_DEN_HOU","DEN",23,80,"Punt",432,FALSE,FALSE
"2025_09_DEN_HOU","DEN",25,80,"Punt",280,FALSE,FALSE
"2025_09_DEN_HOU","DEN",27,64,"Field goal",50,FALSE,TRUE
"2025_09_DEN_HOU","HOU",1,64,"Missed field goal",1794,FALSE,FALSE
"2025_09_DEN_HOU","HOU",3,59,"Field goal",1167,FALSE,TRUE
"2025_09_DEN_HOU","HOU",5,79,"Punt",883,FALSE,FALSE
"2025_09_DEN_HOU","HOU",7,51,"Field goal",756,FALSE,TRUE
"2025_09_DEN_HOU","HOU",9,73,"Field goal",287,FALSE,TRUE
"2025_09_DEN_HOU","HOU",11,66,"Punt",62,FALSE,FALSE
"2025_09_DEN_HOU","HOU",12,30,"Field goal",39,FALSE,TRUE
"2025_09_DEN_HOU","HOU",14,47,"Field goal",1629,FALSE,TRUE
"2025_09_DEN_HOU","HOU",16,56,"Punt",1313,FALSE,FALSE
"2025_09_DEN_HOU","HOU",18,88,"Punt",1073,FALSE,FALSE
"2025_09_DEN_HOU","HOU",20,71,"Punt",743,FALSE,FALSE
"2025_09_DEN_HOU","HOU",22,64,"Punt",586,FALSE,FALSE
"2025_09_DEN_HOU","HOU",24,80,"Punt",364,FALSE,FALSE
"2025_09_DEN_HOU","HOU",26,87,"Punt",74,FALSE,FALSE
"2025_09_IND_PIT","IND",2,79,"Touchdown",1701,FALSE,TRUE
"2025_09_IND_PIT","IND",5,95,"Turnover",1157,FALSE,FALSE
"2025_09_IND_PIT","IND",7,75,"Turnover",363,FALSE,FALSE
"2025_09_IND_PIT","IND",9,70,"Punt",257,FALSE,FALSE
"2025_09_IND_PIT","IND",11,74,"Punt",1793,FALSE,FALSE
"2025_09_IND_PIT","IND",13,80,"Turnover",1323,FALSE,FALSE
"2025_09_IND_PIT","IND",15,75,"Field goal",856,FALSE,TRUE
"2025_09_IND_PIT","IND",17,68,"Turnover",508,FALSE,FALSE
"2025_09_IND_PIT","IND",19,76,"Touchdown",399,FALSE,TRUE
"2025_09_IND_PIT","IND",21,76,"Turnover",216,FALSE,FALSE
"2025_09_IND_PIT","IND",23,88,"Field goal",61,FALSE,TRUE
"2025_09_IND_PIT","PIT",1,61,"Punt",1794,FALSE,FALSE
"2025_09_IND_PIT","PIT",3,74,"Punt",1380,FALSE,FALSE
"2025_09_IND_PIT","PIT",4,11,"Turnover on downs",1250,FALSE,FALSE
"2025_09_IND_PIT","PIT",6,56,"Touchdown",681,FALSE,TRUE
"2025_09_IND_PIT","PIT",8,14,"Touchdown",312,FALSE,TRUE
"2025_09_IND_PIT","PIT",10,82,"Field goal",199,FALSE,TRUE
"2025_09_IND_PIT","PIT",12,80,"Punt",1517,FALSE,FALSE
"2025_09_IND_PIT","PIT",14,56,"Touchdown",1089,FALSE,TRUE
"2025_09_IND_PIT","PIT",16,71,"Punt",639,FALSE,FALSE
"2025_09_IND_PIT","PIT",18,34,"Field goal",478,FALSE,TRUE
"2025_09_IND_PIT","PIT",20,44,"Turnover",269,FALSE,FALSE
"2025_09_IND_PIT","PIT",22,61,"Punt",164,FALSE,FALSE
"2025_09_IND_PIT","PIT",24,48,"End of half",8,TRUE,FALSE
"2025_09_JAX_LV","JAX",1,60,"Punt",1800,FALSE,FALSE
"2025_09_JAX_LV","JAX",3,83,"Turnover",1591,FALSE,FALSE
"2025_09_JAX_LV","JAX",5,63,"Punt",688,FALSE,FALSE
"2025_09_JAX_LV","JAX",7,69,"Field goal",28,FALSE,TRUE
"2025_09_JAX_LV","JAX",9,32,"Field goal",1748,FALSE,TRUE
"2025_09_JAX_LV","JAX",11,69,"Touchdown",1279,FALSE,TRUE
"2025_09_JAX_LV","JAX",13,74,"Touchdown",571,FALSE,TRUE
"2025_09_JAX_LV","JAX",15,72,"Field goal",107,FALSE,TRUE
"2025_09_JAX_LV","JAX",17,44,"Touchdown",590,FALSE,TRUE
"2025_09_JAX_LV","LV",2,86,"Punt",1709,FALSE,FALSE
"2025_09_JAX_LV","LV",4,80,"Turnover on downs",964,FALSE,FALSE
"2025_09_JAX_LV","LV",6,95,"Touchdown",339,FALSE,TRUE
"2025_09_JAX_LV","LV",8,71,"Turnover",1792,FALSE,FALSE
"2025_09_JAX_LV","LV",10,43,"Field goal",1484,FALSE,TRUE
"2025_09_JAX_LV","LV",12,69,"Touchdown",884,FALSE,TRUE
"2025_09_JAX_LV","LV",14,62,"Touchdown",240,FALSE,TRUE
"2025_09_JAX_LV","LV",16,66,"End of half",10,FALSE,FALSE
"2025_09_JAX_LV","LV",18,45,"Touchdown",196,FALSE,TRUE
"2025_09_KC_BUF","BUF",1,84,"Touchdown",1793,FALSE,TRUE
"2025_09_KC_BUF","BUF",3,70,"Turnover on downs",1319,FALSE,FALSE
"2025_09_KC_BUF","BUF",5,70,"Punt",890,FALSE,FALSE
"2025_09_KC_BUF","BUF",7,70,"Touchdown",561,FALSE,TRUE
"2025_09_KC_BUF","BUF",9,60,"Touchdown",252,FALSE,TRUE
"2025_09_KC_BUF","BUF",11,65,"End of half",3,TRUE,FALSE
"2025_09_KC_BUF","BUF",13,83,"Punt",1703,FALSE,FALSE
"2025_09_KC_BUF","BUF",15,74,"Touchdown",1231,FALSE,TRUE
"2025_09_KC_BUF","BUF",17,69,"Punt",681,FALSE,FALSE
"2025_09_KC_BUF","BUF",19,67,"Missed field goal",258,FALSE,FALSE
"2025_09_KC_BUF","KC",2,67,"Punt",1373,FALSE,FALSE
"2025_09_KC_BUF","KC",4,53,"Touchdown",1157,FALSE,TRUE
"2025_09_KC_BUF","KC",6,64,"Field goal",767,FALSE,TRUE
"2025_09_KC_BUF","KC",8,60,"Turnover on downs",391,FALSE,FALSE
"2025_09_KC_BUF","KC",10,67,"Field goal",86,FALSE,TRUE
"2025_09_KC_BUF","KC",12,69,"Punt",1794,FALSE,FALSE
"2025_09_KC_BUF","KC",14,89,"Punt",1418,FALSE,FALSE
"2025_09_KC_BUF","KC",16,66,"Touchdown",987,FALSE,TRUE
"2025_09_KC_BUF","KC",18,87,"Turnover",406,FALSE,FALSE
"2025_09_KC_BUF","KC",20,58,"End of half",22,FALSE,FALSE
"2025_09_LAC_TEN","LAC",2,85,"Opp touchdown",1623,FALSE,FALSE
"2025_09_LAC_TEN","LAC",3,76,"Touchdown",1574,FALSE,TRUE
"2025_09_LAC_TEN","LAC",5,88,"Opp touchdown",1180,FALSE,FALSE
"2025_09_LAC_TEN","LAC",6,65,"Field goal",1075,FALSE,TRUE
"2025_09_LAC_TEN","LAC",8,70,"Touchdown",724,FALSE,TRUE
"2025_09_LAC_TEN","LAC",10,80,"Punt",296,FALSE,FALSE
"2025_09_LAC_TEN","LAC",12,74,"Field goal",143,FALSE,TRUE
"2025_09_LAC_TEN","LAC",14,72,"Punt",1795,FALSE,FALSE
"2025_09_LAC_TEN","LAC",16,99,"Touchdown",1321,FALSE,TRUE
"2025_09_LAC_TEN","LAC",18,60,"Punt",651,FALSE,FALSE
"2025_09_LAC_TEN","LAC",20,65,"End of half",259,FALSE,FALSE
"2025_09_LAC_TEN","TEN",1,78,"Punt",1793,FALSE,FALSE
"2025_09_LAC_TEN","TEN",4,68,"Punt",1337,FALSE,FALSE
"2025_09_LAC_TEN","TEN",7,65,"Punt",846,FALSE,FALSE
"2025_09_LAC_TEN","TEN",9,60,"Field goal",517,FALSE,TRUE
"2025_09_LAC_TEN","TEN",11,57,"Punt",232,FALSE,FALSE
"2025_09_LAC_TEN","TEN",13,69,"End of half",14,FALSE,FALSE
"2025_09_LAC_TEN","TEN",15,72,"Turnover on downs",1694,FALSE,FALSE
"2025_09_LAC_TEN","TEN",17,70,"Punt",770,FALSE,FALSE
"2025_09_LAC_TEN","TEN",19,59,"Field goal",512,FALSE,TRUE
"2025_09_MIN_DET","DET",1,72,"Touchdown",1796,FALSE,TRUE
"2025_09_MIN_DET","DET",3,72,"Punt",1512,FALSE,FALSE
"2025_09_MIN_DET","DET",5,70,"Punt",1144,FALSE,FALSE
"2025_09_MIN_DET","DET",7,35,"Touchdown",838,FALSE,TRUE
"2025_09_MIN_DET","DET",9,71,"Punt",276,FALSE,FALSE
"2025_09_MIN_DET","DET",11,61,"Punt",47,FALSE,FALSE
"2025_09_MIN_DET","DET",14,92,"Punt",1651,FALSE,FALSE
"2025_09_MIN_DET","DET",16,91,"Turnover",1458,FALSE,FALSE
"2025_09_MIN_DET","DET",18,61,"Field goal",1258,FALSE,TRUE
"2025_09_MIN_DET","DET",20,60,"Missed field goal",790,FALSE,FALSE
"2025_09_MIN_DET","DET",22,69,"Touchdown",203,FALSE,TRUE
"2025_09_MIN_DET","MIN",2,36,"Touchdown",1646,FALSE,TRUE
"2025_09_MIN_DET","MIN",4,64,"Touchdown",1368,FALSE,TRUE
"2025_09_MIN_DET","MIN",6,93,"Punt",931,FALSE,FALSE
"2025_09_MIN_DET","MIN",8,73,"Field goal",572,FALSE,TRUE
"2025_09_MIN_DET","MIN",10,75,"Turnover",193,FALSE,FALSE
"2025_09_MIN_DET","MIN",12,89,"End of half",21,TRUE,FALSE
"2025_09_MIN_DET","MIN",13,71,"Punt",1796,FALSE,FALSE
"2025_09_MIN_DET","MIN",15,70,"Punt",1584,FALSE,FALSE
"2025_09_MIN_DET","MIN",17,35,"Touchdown",1399,FALSE,TRUE
"2025_09_MIN_DET","MIN",19,74,"Punt",900,FALSE,FALSE
"2025_09_MIN_DET","MIN",21,26,"Field goal",380,FALSE,TRUE
"2025_09_MIN_DET","MIN",23,77,"End of half",111,FALSE,FALSE
"2025_09_NO_LA","LA",2,88,"Touchdown",1681,FALSE,TRUE
"2025_09_NO_LA","LA",4,58,"Punt",1193,FALSE,FALSE
"2025_09_NO_LA","LA",6,62,"Touchdown",1041,FALSE,TRUE
"2025_09_NO_LA","LA",8,65,"Touchdown",470,FALSE,TRUE
"2025_09_NO_LA","LA",10,84,"Missed field goal",327,FALSE,FALSE
"2025_09_NO_LA","LA",12,65,"End of half",7,TRUE,FALSE
"2025_09_NO_LA","LA",13,80,"Touchdown",1800,FALSE,TRUE
"2025_09_NO_LA","LA",15,52,"Touchdown",1142,FALSE,TRUE
"2025_09_NO_LA","LA",17,92,"Punt",583,FALSE,FALSE
"2025_09_NO_LA","LA",19,80,"End of half",333,FALSE,FALSE
"2025_09_NO_LA","NO",1,70,"Punt",1794,FALSE,FALSE
"2025_09_NO_LA","NO",3,65,"Punt",1278,FALSE,FALSE
"2025_09_NO_LA","NO",5,96,"Punt",1136,FALSE,FALSE
"2025_09_NO_LA","NO",7,65,"Field goal",688,FALSE,TRUE
"2025_09_NO_LA","NO",9,65,"Punt",385,FALSE,FALSE
"2025_09_NO_LA","NO",11,71,"Touchdown",54,FALSE,TRUE
"2025_09_NO_LA","NO",14,65,"Turnover",1214,FALSE,FALSE
"2025_09_NO_LA","NO",16,65,"Turnover on downs",760,FALSE,FALSE
"2025_09_NO_LA","NO",18,51,"Turnover",429,FALSE,FALSE
"2025_09_SEA_WAS","SEA",2,90,"Touchdown",1571,FALSE,TRUE
"2025_09_SEA_WAS","SEA",4,60,"Touchdown",769,FALSE,TRUE
"2025_09_SEA_WAS","SEA",5,26,"Touchdown",526,FALSE,TRUE
"2025_09_SEA_WAS","SEA",7,87,"Touchdown",404,FALSE,TRUE
"2025_09_SEA_WAS","SEA",9,76,"Field goal",49,FALSE,TRUE
"2025_09_SEA_WAS","SEA",10,81,"Punt",1795,FALSE,FALSE
"2025_09_SEA_WAS","SEA",12,88,"Turnover",1550,FALSE,FALSE
"2025_09_SEA_WAS","SEA",14,60,"Touchdown",1241,FALSE,TRUE
"2025_09_SEA_WAS","SEA",16,86,"Punt",894,FALSE,FALSE
"2025_09_SEA_WAS","SEA",18,72,"Punt",427,FALSE,FALSE
"2025_09_SEA_WAS","WAS",1,74,"Punt",1795,FALSE,FALSE
"2025_09_SEA_WAS","WAS",3,80,"Turnover",1084,FALSE,FALSE
"2025_09_SEA_WAS","WAS",6,80,"Punt",521,FALSE,FALSE
"2025_09_SEA_WAS","WAS",8,69,"Touchdown",268,FALSE,TRUE
"2025_09_SEA_WAS","WAS",11,79,"Punt",1699,FALSE,FALSE
"2025_09_SEA_WAS","WAS",13,53,"Turnover on downs",1451,FALSE,FALSE
"2025_09_SEA_WAS","WAS",15,65,"Punt",1013,FALSE,FALSE
"2025_09_SEA_WAS","WAS",17,65,"Touchdown",750,FALSE,TRUE
"2025_09_SEA_WAS","WAS",19,83,"End of half",280,FALSE,FALSE
"2025_09_SF_NYG","NYG",1,64,"Touchdown",1794,FALSE,TRUE
"2025_09_SF_NYG","NYG",3,68,"Punt",1150,FALSE,FALSE
"2025_09_SF_NYG","NYG",5,65,"Punt",784,FALSE,FALSE
"2025_09_SF_NYG","NYG",7,93,"Punt",343,FALSE,FALSE
"2025_09_SF_NYG","NYG",9,72,"Punt",110,FALSE,FALSE
"2025_09_SF_NYG","NYG",11,27,"Missed field goal",33,FALSE,FALSE
"2025_09_SF_NYG","NYG",14,67,"Field goal",1490,FALSE,TRUE
"2025_09_SF_NYG","NYG",16,79,"Punt",1193,FALSE,FALSE
"2025_09_SF_NYG","NYG",18,65,"Touchdown",689,FALSE,TRUE
"2025_09_SF_NYG","NYG",20,69,"Touchdown",246,FALSE,TRUE
"2025_09_SF_NYG","SF",2,68,"Touchdown",1545,FALSE,TRUE
"2025_09_SF_NYG","SF",4,80,"Touchdown",1031,FALSE,TRUE
"2025_09_SF_NYG","SF",6,82,"Punt",568,FALSE,FALSE
"2025_09_SF_NYG","SF",8,41,"Field goal",212,FALSE,TRUE
"2025_09_SF_NYG","SF",10,72,"Turnover",38,FALSE,FALSE
"2025_09_SF_NYG","SF",12,65,"End of half",15,TRUE,FALSE
"2025_09_SF_NYG","SF",13,60,"Field goal",1800,FALSE,TRUE
"2025_09_SF_NYG","SF",15,76,"Punt",1296,FALSE,FALSE
"2025_09_SF_NYG","SF",17,76,"Touchdown",993,FALSE,TRUE
"2025_09_SF_NYG","SF",19,60,"Touchdown",463,FALSE,TRUE
"2025_09_SF_NYG","SF",21,48,"End of half",80,FALSE,FALSE
"2025_10_ARI_SEA","ARI",2,80,"Opp touchdown",1549,FALSE,FALSE
"2025_10_ARI_SEA","ARI",3,76,"Punt",1457,FALSE,FALSE
"2025_10_ARI_SEA","ARI",5,71,"Opp touchdown",978,FALSE,FALSE
"2025_10_ARI_SEA","ARI",6,76,"Punt",844,FALSE,FALSE
"2025_10_ARI_SEA","ARI",8,65,"Turnover on downs",513,FALSE,FALSE
"2025_10_ARI_SEA","ARI",10,3,"Touchdown",207,FALSE,TRUE
"2025_10_ARI_SEA","ARI",12,74,"Punt",92,FALSE,FALSE
"2025_10_ARI_SEA","ARI",14,75,"Turnover on downs",1794,FALSE,FALSE
"2025_10_ARI_SEA","ARI",16,19,"Touchdown",1479,FALSE,TRUE
"2025_10_ARI_SEA","ARI",18,24,"Turnover on downs",1298,FALSE,FALSE
"2025_10_ARI_SEA","ARI",20,84,"Touchdown",710,FALSE,TRUE
"2025_10_ARI_SEA","ARI",22,80,"Punt",331,FALSE,FALSE
"2025_10_ARI_SEA","SEA",1,65,"Touchdown",1795,FALSE,TRUE
"2025_10_ARI_SEA","SEA",4,81,"Touchdown",1274,FALSE,TRUE
"2025_10_ARI_SEA","SEA",7,76,"Touchdown",737,FALSE,TRUE
"2025_10_ARI_SEA","SEA",9,99,"Turnover",257,FALSE,FALSE
"2025_10_ARI_SEA","SEA",11,63,"Field goal",161,FALSE,TRUE
"2025_10_ARI_SEA","SEA",13,94,"End of half",44,TRUE,FALSE
"2025_10_ARI_SEA","SEA",15,98,"Turnover",1488,FALSE,FALSE
"2025_10_ARI_SEA","SEA",17,75,"Turnover",1418,FALSE,FALSE
"2025_10_ARI_SEA","SEA",19,92,"Field goal",1172,FALSE,TRUE
"2025_10_ARI_SEA","SEA",21,45,"Field goal",589,FALSE,TRUE
"2025_10_ARI_SEA","SEA",23,70,"End of half",243,FALSE,FALSE
"2025_10_ATL_IND","ATL",2,72,"Turnover",1558,FALSE,FALSE
"2025_10_ATL_IND","ATL",4,81,"Touchdown",1410,FALSE,TRUE
"2025_10_ATL_IND","ATL",6,73,"Punt",1214,FALSE,FALSE
"2025_10_ATL_IND","ATL",8,57,"Punt",640,FALSE,FALSE
"2025_10_ATL_IND","ATL",10,55,"Touchdown",414,FALSE,TRUE
"2025_10_ATL_IND","ATL",12,72,"End of half",8,TRUE,FALSE
"2025_10_ATL_IND","ATL",13,69,"Field goal",1795,FALSE,TRUE
"2025_10_ATL_IND","ATL",15,56,"Punt",1521,FALSE,FALSE
"2025_10_ATL_IND","ATL",17,93,"Punt",947,FALSE,FALSE
"2025_10_ATL_IND","ATL",19,77,"Punt",536,FALSE,FALSE
"2025_10_ATL_IND","ATL",21,71,"Touchdown",357,FALSE,TRUE
"2025_10_ATL_IND","ATL",23,74,"End of half",21,FALSE,FALSE
"2025_10_ATL_IND","ATL",24,70,"Punt",595,FALSE,FALSE
"2025_10_ATL_IND","IND",1,75,"Turnover on downs",1796,FALSE,FALSE
"2025_10_ATL_IND","IND",3,23,"Touchdown",1455,FALSE,TRUE
"2025_10_ATL_IND","IND",5,65,"Touchdown",1267,FALSE,TRUE
"2025_10_ATL_IND","IND",7,98,"Missed field goal",1059,FALSE,FALSE
"2025_10_ATL_IND","IND",9,93,"Punt",533,FALSE,FALSE
"2025_10_ATL_IND","IND",11,86,"Turnover",199,FALSE,FALSE
"2025_10_ATL_IND","IND",14,44,"Turnover",1639,FALSE,FALSE
"2025_10_ATL_IND","IND",16,87,"Turnover on downs",1480,FALSE,FALSE
"2025_10_ATL_IND","IND",18,47,"Field goal",868,FALSE,TRUE
"2025_10_ATL_IND","IND",20,91,"Touchdown",415,FALSE,TRUE
"2025_10_ATL_IND","IND",22,48,"Field goal",97,FALSE,TRUE
"2025_10_ATL_IND","IND",25,57,"Touchdown",449,FALSE,TRUE
"2025_10_BAL_MIN","BAL",1,69,"Punt",1795,FALSE,FALSE
"2025_10_BAL_MIN","BAL",3,68,"Field goal",1482,FALSE,TRUE
"2025_10_BAL_MIN","BAL",5,85,"Punt",1026,FALSE,FALSE
"2025_10_BAL_MIN","BAL",7,70,"Punt",651,FALSE,FALSE
"2025_10_BAL_MIN","BAL",9,78,"Field goal",407,FALSE,TRUE
"2025_10_BAL_MIN","BAL",11,75,"Field goal",30,FALSE,TRUE
"2025_10_BAL_MIN","BAL",14,71,"Field goal",1661,FALSE,TRUE
"2025_10_BAL_MIN","BAL",15,23,"Touchdown",1513,FALSE,TRUE
"2025_10_BAL_MIN","BAL",17,38,"Missed field goal",1244,FALSE,FALSE
"2025_10_BAL_MIN","BAL",19,67,"Touchdown",1030,FALSE,TRUE
"2025_10_BAL_MIN","BAL",21,86,"Punt",435,FALSE,FALSE
"2025_10_BAL_MIN","BAL",23,83,"Punt",199,FALSE,FALSE
"2025_10_BAL_MIN","BAL",25,40,"End of half",9,TRUE,FALSE
"2025_10_BAL_MIN","MIN",2,86,"Touchdown",1693,FALSE,TRUE
"2025_10_BAL_MIN","MIN",4,71,"Punt",1160,FALSE,FALSE
"2025_10_BAL_MIN","MIN",6,57,"Field goal",895,FALSE,TRUE
"2025_10_BAL_MIN","MIN",8,84,"Turnover",550,FALSE,FALSE
"2025_10_BAL_MIN","MIN",10,65,"Punt",71,FALSE,FALSE
"2025_10_BAL_MIN","MIN",13,76,"Turnover",1795,FALSE,FALSE
"2025_10_BAL_MIN","MIN",16,67,"Turnover on downs",1370,FALSE,FALSE
"2025_10_BAL_MIN","MIN",18,54,"Field goal",1195,FALSE,TRUE
"2025_10_BAL_MIN","MIN",20,71,"Turnover on downs",635,FALSE,FALSE
"2025_10_BAL_MIN","MIN",22,65,"Touchdown",335,FALSE,TRUE
"2025_10_BAL_MIN","MIN",24,92,"Turnover on downs",104,FALSE,FALSE
"2025_10_BUF_MIA","BUF",2,75,"Punt",1713,FALSE,FALSE
"2025_10_BUF_MIA","BUF",4,71,"Turnover on downs",1184,FALSE,FALSE
"2025_10_BUF_MIA","BUF",6,69,"Punt",888,FALSE,FALSE
"2025_10_BUF_MIA","BUF",8,85,"Turnover",693,FALSE,FALSE
"2025_10_BUF_MIA","BUF",10,69,"Punt",176,FALSE,FALSE
"2025_10_BUF_MIA","BUF",12,80,"End of half",43,FALSE,FALSE
"2025_10_BUF_MIA","BUF",13,82,"Turnover",1794,FALSE,FALSE
"2025_10_BUF_MIA","BUF",15,98,"Touchdown",1020,FALSE,TRUE
"2025_10_BUF_MIA","BUF",17,88,"Turnover",535,FALSE,FALSE
"2025_10_BUF_MIA","BUF",19,65,"Touchdown",391,FALSE,TRUE
"2025_10_BUF_MIA","BUF",21,65,"Punt",197,FALSE,FALSE
"2025_10_BUF_MIA","MIA",1,65,"Turnover",1800,FALSE,FALSE
"2025_10_BUF_MIA","MIA",3,92,"Touchdown",1636,FALSE,TRUE
"2025_10_BUF_MIA","MIA",5,51,"Touchdown",976,FALSE,TRUE
"2025_10_BUF_MIA","MIA",7,77,"Punt",825,FALSE,FALSE
"2025_10_BUF_MIA","MIA",9,95,"Field goal",542,FALSE,TRUE
"2025_10_BUF_MIA","MIA",11,67,"Punt",69,FALSE,FALSE
"2025_10_BUF_MIA","MIA",14,80,"Punt",1259,FALSE,FALSE
"2025_10_BUF_MIA","MIA",16,78,"Turnover",752,FALSE,FALSE
"2025_10_BUF_MIA","MIA",18,62,"Touchdown",430,FALSE,TRUE
"2025_10_BUF_MIA","MIA",20,37,"Touchdown",215,FALSE,TRUE
"2025_10_BUF_MIA","MIA",22,98,"End of half",64,TRUE,FALSE
"2025_10_CLE_NYJ","CLE",1,70,"Punt",1793,FALSE,FALSE
"2025_10_CLE_NYJ","CLE",3,95,"Touchdown",1596,FALSE,TRUE
"2025_10_CLE_NYJ","CLE",5,71,"Opp touchdown",1274,FALSE,FALSE
"2025_10_CLE_NYJ","CLE",6,80,"Punt",1244,FALSE,FALSE
"2025_10_CLE_NYJ","CLE",8,74,"Punt",912,FALSE,FALSE
"2025_10_CLE_NYJ","CLE",10,22,"Touchdown",641,FALSE,TRUE
"2025_10_CLE_NYJ","CLE",12,77,"Punt",225,FALSE,FALSE
"2025_10_CLE_NYJ","CLE",14,61,"Field goal",45,FALSE,TRUE
"2025_10_CLE_NYJ","CLE",16,90,"Punt",1704,FALSE,FALSE
"2025_10_CLE_NYJ","CLE",18,81,"Punt",1284,FALSE,FALSE
"2025_10_CLE_NYJ","CLE",20,66,"Turnover on downs",843,FALSE,FALSE
"2025_10_CLE_NYJ","CLE",22,69,"Field goal",367,FALSE,TRUE
"2025_10_CLE_NYJ","NYJ",2,59,"Punt",1712,FALSE,FALSE
"2025_10_CLE_NYJ","NYJ",7,78,"Punt",1004,FALSE,FALSE
"2025_10_CLE_NYJ","NYJ",9,80,"Turnover",650,FALSE,FALSE
"2025_10_CLE_NYJ","NYJ",11,72,"Field goal",628,FALSE,TRUE
"2025_10_CLE_NYJ","NYJ",13,67,"Punt",99,FALSE,FALSE
"2025_10_CLE_NYJ","NYJ",15,55,"Punt",1794,FALSE,FALSE
"2025_10_CLE_NYJ","NYJ",17,74,"Punt",1375,FALSE,FALSE
"2025_10_CLE_NYJ","NYJ",19,58,"Touchdown",1115,FALSE,TRUE
"2025_10_CLE_NYJ","NYJ",21,60,"Field goal",615,FALSE,TRUE
"2025_10_CLE_NYJ","NYJ",23,67,"End of half",172,FALSE,FALSE
"2025_10_DET_WAS","DET",2,78,"Touchdown",1708,FALSE,TRUE
"2025_10_DET_WAS","DET",4,65,"Touchdown",1243,FALSE,TRUE
"2025_10_DET_WAS","DET",6,87,"Touchdown",892,FALSE,TRUE
"2025_10_DET_WAS","DET",8,68,"Field goal",213,FALSE,TRUE
"2025_10_DET_WAS","DET",10,72,"Touchdown",1796,FALSE,TRUE
"2025_10_DET_WAS","DET",12,82,"Field goal",1322,FALSE,TRUE
"2025_10_DET_WAS","DET",14,84,"Touchdown",953,FALSE,TRUE
"2025_10_DET_WAS","DET",16,45,"Field goal",416,FALSE,TRUE
"2025_10_DET_WAS","DET",18,78,"End of half",129,FALSE,FALSE
"2025_10_DET_WAS","WAS",1,74,"Punt",1797,FALSE,FALSE
"2025_10_DET_WAS","WAS",3,52,"Field goal",1396,FALSE,TRUE
"2025_10_DET_WAS","WAS",5,73,"Punt",1009,FALSE,FALSE
"2025_10_DET_WAS","WAS",7,75,"Touchdown",581,FALSE,TRUE
"2025_10_DET_WAS","WAS",9,75,"End of half",11,TRUE,FALSE
"2025_10_DET_WAS","WAS",11,69,"Touchdown",1621,FALSE,TRUE
"2025_10_DET_WAS","WAS",13,79,"Punt",1044,FALSE,FALSE
"2025_10_DET_WAS","WAS",15,81,"Touchdown",765,FALSE,TRUE
"2025_10_DET_WAS","WAS",17,72,"Punt",268,FALSE,FALSE
"2025_10_JAX_HOU","HOU",1,69,"Turnover",1795,FALSE,FALSE
"2025_10_JAX_HOU","HOU",4,65,"Punt",1392,FALSE,FALSE
"2025_10_JAX_HOU","HOU",6,83,"Opp touchdown",811,FALSE,FALSE
"2025_10_JAX_HOU","HOU",7,65,"Field goal",700,FALSE,TRUE
"2025_10_JAX_HOU","HOU",9,65,"Touchdown",242,FALSE,TRUE
"2025_10_JAX_HOU","HOU",11,55,"End of half",11,FALSE,FALSE
"2025_10_JAX_HOU","HOU",13,60,"Turnover on downs",1517,FALSE,FALSE
"2025_10_JAX_HOU","HOU",15,65,"Touchdown",993,FALSE,TRUE
"2025_10_JAX_HOU","HOU",17,51,"Touchdown",604,FALSE,TRUE
"2025_10_JAX_HOU","HOU",19,93,"Touchdown",370,FALSE,TRUE
"2025_10_JAX_HOU","JAX",2,40,"Field goal",1742,FALSE,TRUE
"2025_10_JAX_HOU","JAX",3,19,"Touchdown",1557,FALSE,TRUE
"2025_10_JAX_HOU","JAX",5,72,"Punt",1025,FALSE,FALSE
"2025_10_JAX_HOU","JAX",8,74,"Field goal",480,FALSE,TRUE
"2025_10_JAX_HOU","JAX",10,64,"Turnover",74,FALSE,FALSE
"2025_10_JAX_HOU","JAX",12,74,"Field goal",1796,FALSE,TRUE
"2025_10_JAX_HOU","JAX",14,58,"Touchdown",1345,FALSE,TRUE
"2025_10_JAX_HOU","JAX",16,87,"Punt",730,FALSE,FALSE
"2025_10_JAX_HOU","JAX",18,55,"Punt",442,FALSE,FALSE
"2025_10_JAX_HOU","JAX",20,67,"Opp touchdown",27,FALSE,FALSE
"2025_10_LA_SF","LA",1,64,"Touchdown",1794,FALSE,TRUE
"2025_10_LA_SF","LA",3,86,"Touchdown",1434,FALSE,TRUE
"2025_10_LA_SF","LA",5,59,"Touchdown",1094,FALSE,TRUE
"2025_10_LA_SF","LA",7,89,"Punt",520,FALSE,FALSE
"2025_10_LA_SF","LA",9,70,"Punt",188,FALSE,FALSE
"2025_10_LA_SF","LA",11,92,"End of half",11,TRUE,FALSE
"2025_10_LA_SF","LA",13,64,"Touchdown",1467,FALSE,TRUE
"2025_10_LA_SF","LA",15,64,"Touchdown",743,FALSE,TRUE
"2025_10_LA_SF","LA",17,38,"Touchdown",509,FALSE,TRUE
"2025_10_LA_SF","LA",19,43,"End of half",178,FALSE,FALSE
"2025_10_LA_SF","SF",2,65,"Punt",1514,FALSE,FALSE
"2025_10_LA_SF","SF",4,65,"Turnover",1234,FALSE,FALSE
"2025_10_LA_SF","SF",6,65,"Turnover on downs",821,FALSE,FALSE
"2025_10_LA_SF","SF",8,36,"Touchdown",404,FALSE,TRUE
"2025_10_LA_SF","SF",10,84,"Punt",66,FALSE,FALSE
"2025_10_LA_SF","SF",12,65,"Touchdown",1800,FALSE,TRUE
"2025_10_LA_SF","SF",14,70,"Touchdown",1056,FALSE,TRUE
"2025_10_LA_SF","SF",16,65,"Turnover",604,FALSE,FALSE
"2025_10_LA_SF","SF",18,65,"Touchdown",310,FALSE,TRUE
"2025_10_LV_DEN","DEN",2,98,"Punt",1454,FALSE,FALSE
"2025_10_LV_DEN","DEN",4,80,"Punt",1076,FALSE,FALSE
"2025_10_LV_DEN","DEN",6,67,"Punt",871,FALSE,FALSE
"2025_10_LV_DEN","DEN",8,99,"Punt",538,FALSE,FALSE
"2025_10_LV_DEN","DEN",10,53,"Touchdown",358,FALSE,TRUE
"2025_10_LV_DEN","DEN",12,73,"Turnover",110,FALSE,FALSE
"2025_10_LV_DEN","DEN",14,91,"Punt",1794,FALSE,FALSE
"2025_10_LV_DEN","DEN",16,84,"Missed field goal",1640,FALSE,FALSE
"2025_10_LV_DEN","DEN",18,33,"Punt",1222,FALSE,FALSE
"2025_10_LV_DEN","DEN",20,12,"Field goal",989,FALSE,TRUE
"2025_10_LV_DEN","DEN",22,67,"Punt",830,FALSE,FALSE
"2025_10_LV_DEN","DEN",24,80,"Turnover",515,FALSE,FALSE
"2025_10_LV_DEN","DEN",26,62,"End of half",266,FALSE,FALSE
"2025_10_LV_DEN","LV",1,65,"Punt",1800,FALSE,FALSE
"2025_10_LV_DEN","LV",3,41,"Touchdown",1327,FALSE,TRUE
"2025_10_LV_DEN","LV",5,78,"Punt",991,FALSE,FALSE
"2025_10_LV_DEN","LV",7,71,"Punt",719,FALSE,FALSE
"2025_10_LV_DEN","LV",9,43,"Turnover on downs",460,FALSE,FALSE
"2025_10_LV_DEN","LV",11,65,"Punt",161,FALSE,FALSE
"2025_10_LV_DEN","LV",13,64,"End of half",27,FALSE,FALSE
"2025_10_LV_DEN","LV",15,71,"Punt",1730,FALSE,FALSE
"2025_10_LV_DEN","LV",17,51,"Turnover",1234,FALSE,FALSE
"2025_10_LV_DEN","LV",19,80,"Punt",1077,FALSE,FALSE
"2025_10_LV_DEN","LV",21,69,"Punt",900,FALSE,FALSE
"2025_10_LV_DEN","LV",23,90,"Punt",768,FALSE,FALSE
"2025_10_LV_DEN","LV",25,45,"Missed field goal",430,FALSE,FALSE
"2025_10_NE_TB","NE",2,66,"Punt",1579,FALSE,FALSE
"2025_10_NE_TB","NE",4,94,"Punt",1262,FALSE,FALSE
"2025_10_NE_TB","NE",6,72,"Touchdown",911,FALSE,TRUE
"2025_10_NE_TB","NE",8,93,"Punt",795,FALSE,FALSE
"2025_10_NE_TB","NE",10,78,"Touchdown",430,FALSE,TRUE
"2025_10_NE_TB","NE",11,65,"Touchdown",1800,FALSE,TRUE
"2025_10_NE_TB","NE",13,70,"Punt",1598,FALSE,FALSE
"2025_10_NE_TB","NE",15,65,"Turnover on downs",1152,FALSE,FALSE
"2025_10_NE_TB","NE",17,80,"Punt",753,FALSE,FALSE
"2025_10_NE_TB","NE",19,58,"Turnover",483,FALSE,FALSE
"2025_10_NE_TB","NE",21,70,"Touchdown",107,FALSE,TRUE
"2025_10_NE_TB","NE",23,50,"End of half",32,TRUE,FALSE
"2025_10_NE_TB","TB",1,65,"Touchdown",1800,FALSE,TRUE
"2025_10_NE_TB","TB",3,80,"Punt",1402,FALSE,FALSE
"2025_10_NE_TB","TB",5,77,"Punt",1007,FALSE,FALSE
"2025_10_NE_TB","TB",7,70,"Punt",894,FALSE,FALSE
"2025_10_NE_TB","TB",9,75,"Field goal",701,FALSE,TRUE
"2025_10_NE_TB","TB",12,73,"Punt",1746,FALSE,FALSE
"2025_10_NE_TB","TB",14,92,"Touchdown",1502,FALSE,TRUE
"2025_10_NE_TB","TB",16,58,"Punt",974,FALSE,FALSE
"2025_10_NE_TB","TB",18,76,"Punt",612,FALSE,FALSE
"2025_10_NE_TB","TB",20,80,"Turnover on downs",317,FALSE,FALSE
"2025_10_NE_TB","TB",22,65,"Touchdown",91,FALSE,TRUE
"2025_10_NO_CAR","CAR",1,67,"Touchdown",1795,FALSE,TRUE
"2025_10_NO_CAR","CAR",3,72,"Punt",1066,FALSE,FALSE
"2025_10_NO_CAR","CAR",5,53,"Punt",888,FALSE,FALSE
"2025_10_NO_CAR","CAR",7,62,"Punt",556,FALSE,FALSE
"2025_10_NO_CAR","CAR",9,87,"Punt",369,FALSE,FALSE
"2025_10_NO_CAR","CAR",11,81,"End of half",21,FALSE,FALSE
"2025_10_NO_CAR","CAR",13,90,"Missed field goal",1670,FALSE,FALSE
"2025_10_NO_CAR","CAR",14,30,"Turnover",1289,FALSE,FALSE
"2025_10_NO_CAR","CAR",16,60,"Turnover",818,FALSE,FALSE
"2025_10_NO_CAR","CAR",18,68,"Turnover on downs",615,FALSE,FALSE
"2025_10_NO_CAR","NO",2,80,"Field goal",1379,FALSE,TRUE
"2025_10_NO_CAR","NO",4,98,"Punt",947,FALSE,FALSE
"2025_10_NO_CAR","NO",6,75,"Touchdown",798,FALSE,TRUE
"2025_10_NO_CAR","NO",8,92,"Punt",463,FALSE,FALSE
"2025_10_NO_CAR","NO",10,84,"Punt",234,FALSE,FALSE
"2025_10_NO_CAR","NO",12,63,"Punt",1795,FALSE,FALSE
"2025_10_NO_CAR","NO",15,83,"Turnover on downs",1170,FALSE,FALSE
"2025_10_NO_CAR","NO",17,43,"Touchdown",774,FALSE,TRUE
"2025_10_NO_CAR","NO",19,59,"End of half",455,FALSE,FALSE
"2025_10_NYG_CHI","CHI",1,60,"Turnover on downs",1800,FALSE,FALSE
"2025_10_NYG_CHI","CHI",3,47,"Touchdown",1462,FALSE,TRUE
"2025_10_NYG_CHI","CHI",5,72,"Punt",1114,FALSE,FALSE
"2025_10_NYG_CHI","CHI",7,65,"Punt",786,FALSE,FALSE
"2025_10_NYG_CHI","CHI",9,81,"Turnover on downs",326,FALSE,FALSE
"2025_10_NYG_CHI","CHI",11,60,"End of half",3,TRUE,FALSE
"2025_10_NYG_CHI","CHI",13,75,"Punt",1629,FALSE,FALSE
"2025_10_NYG_CHI","CHI",15,84,"Field goal",1205,FALSE,TRUE
"2025_10_NYG_CHI","CHI",17,64,"Turnover on downs",612,FALSE,FALSE
"2025_10_NYG_CHI","CHI",19,91,"Touchdown",373,FALSE,TRUE
"2025_10_NYG_CHI","CHI",21,53,"Touchdown",173,FALSE,TRUE
"2025_10_NYG_CHI","CHI",23,46,"End of half",38,TRUE,FALSE
"2025_10_NYG_CHI","NYG",2,69,"Turnover on downs",1633,FALSE,FALSE
"2025_10_NYG_CHI","NYG",4,65,"Punt",1240,FALSE,FALSE
"2025_10_NYG_CHI","NYG",6,80,"Touchdown",940,FALSE,TRUE
"2025_10_NYG_CHI","NYG",8,89,"Turnover on downs",683,FALSE,FALSE
"2025_10_NYG_CHI","NYG",10,67,"Field goal",68,FALSE,TRUE
"2025_10_NYG_CHI","NYG",12,56,"Touchdown",1791,FALSE,TRUE
"2025_10_NYG_CHI","NYG",14,80,"Turnover",1452,FALSE,FALSE
"2025_10_NYG_CHI","NYG",16,80,"Field goal",934,FALSE,TRUE
"2025_10_NYG_CHI","NYG",18,43,"Punt",521,FALSE,FALSE
"2025_10_NYG_CHI","NYG",20,65,"Punt",236,FALSE,FALSE
"2025_10_NYG_CHI","NYG",22,65,"Turnover on downs",107,FALSE,FALSE
"2025_10_PHI_GB","GB",1,61,"Punt",1793,FALSE,FALSE
"2025_10_PHI_GB","GB",3,64,"Punt",949,FALSE,FALSE
"2025_10_PHI_GB","GB",5,78,"Punt",749,FALSE,FALSE
"2025_10_PHI_GB","GB",7,59,"Punt",445,FALSE,FALSE
"2025_10_PHI_GB","GB",9,68,"Turnover",114,FALSE,FALSE
"2025_10_PHI_GB","GB",12,73,"Turnover on downs",1432,FALSE,FALSE
"2025_10_PHI_GB","GB",14,80,"Punt",1052,FALSE,FALSE
"2025_10_PHI_GB","GB",16,75,"Touchdown",631,FALSE,TRUE
"2025_10_PHI_GB","GB",18,90,"Turnover",138,FALSE,FALSE
"2025_10_PHI_GB","GB",20,64,"Missed field goal",27,FALSE,FALSE
"2025_10_PHI_GB","PHI",2,91,"Turnover",1475,FALSE,FALSE
"2025_10_PHI_GB","PHI",4,79,"Punt",886,FALSE,FALSE
"2025_10_PHI_GB","PHI",6,80,"Punt",508,FALSE,FALSE
"2025_10_PHI_GB","PHI",8,74,"Punt",397,FALSE,FALSE
"2025_10_PHI_GB","PHI",10,65,"Turnover on downs",23,FALSE,FALSE
"2025_10_PHI_GB","PHI",11,71,"Field goal",1794,FALSE,TRUE
"2025_10_PHI_GB","PHI",13,59,"Punt",1182,FALSE,FALSE
"2025_10_PHI_GB","PHI",15,80,"Touchdown",766,FALSE,TRUE
"2025_10_PHI_GB","PHI",17,72,"Punt",345,FALSE,FALSE
"2025_10_PHI_GB","PHI",19,39,"Turnover on downs",86,FALSE,FALSE
"2025_10_PIT_LAC","LAC",2,89,"Punt",1710,FALSE,FALSE
"2025_10_PIT_LAC","LAC",4,69,"Punt",1520,FALSE,FALSE
"2025_10_PIT_LAC","LAC",6,66,"Punt",1203,FALSE,FALSE
"2025_10_PIT_LAC","LAC",8,65,"Field goal",790,FALSE,TRUE
"2025_10_PIT_LAC","LAC",10,81,"Punt",349,FALSE,FALSE
"2025_10_PIT_LAC","LAC",12,38,"Touchdown",129,FALSE,TRUE
"2025_10_PIT_LAC","LAC",14,67,"Punt",1794,FALSE,FALSE
"2025_10_PIT_LAC","LAC",16,77,"Field goal",1419,FALSE,TRUE
"2025_10_PIT_LAC","LAC",18,64,"Missed field goal",1209,FALSE,FALSE
"2025_10_PIT_LAC","LAC",20,90,"Touchdown",761,FALSE,TRUE
"2025_10_PIT_LAC","LAC",22,39,"Punt",519,FALSE,FALSE
"2025_10_PIT_LAC","LAC",23,21,"Field goal",385,FALSE,TRUE
"2025_10_PIT_LAC","LAC",25,49,"End of half",176,FALSE,FALSE
"2025_10_PIT_LAC","PIT",1,60,"Punt",1800,FALSE,FALSE
"2025_10_PIT_LAC","PIT",3,46,"Field goal",1624,FALSE,TRUE
"2025_10_PIT_LAC","PIT",5,94,"Safety",1307,FALSE,FALSE
"2025_10_PIT_LAC","PIT",7,79,"Missed field goal",1091,FALSE,FALSE
"2025_10_PIT_LAC","PIT",9,72,"Punt",447,FALSE,FALSE
"2025_10_PIT_LAC","PIT",11,77,"Turnover",180,FALSE,FALSE
"2025_10_PIT_LAC","PIT",13,65,"End of half",12,FALSE,FALSE
"2025_10_PIT_LAC","PIT",15,92,"Punt",1604,FALSE,FALSE
"2025_10_PIT_LAC","PIT",17,82,"Punt",1260,FALSE,FALSE
"2025_10_PIT_LAC","PIT",19,55,"Turnover on downs",945,FALSE,FALSE
"2025_10_PIT_LAC","PIT",21,63,"Turnover",558,FALSE,FALSE
"2025_10_PIT_LAC","PIT",24,65,"Touchdown",294,FALSE,TRUE
"2025_11_BAL_CLE","BAL",2,79,"Field goal",1656,FALSE,TRUE
"2025_11_BAL_CLE","BAL",4,65,"Punt",895,FALSE,FALSE
"2025_11_BAL_CLE","BAL",7,71,"Opp touchdown",518,FALSE,FALSE
"2025_11_BAL_CLE","BAL",8,63,"Touchdown",457,FALSE,TRUE
"2025_11_BAL_CLE","BAL",10,66,"Punt",53,FALSE,FALSE
"2025_11_BAL_CLE","BAL",12,65,"Punt",1800,FALSE,FALSE
"2025_11_BAL_CLE","BAL",14,67,"Punt",1498,FALSE,FALSE
"2025_11_BAL_CLE","BAL",16,16,"Turnover",1177,FALSE,FALSE
"2025_11_BAL_CLE","BAL",18,68,"Field goal",962,FALSE,TRUE
"2025_11_BAL_CLE","BAL",20,80,"Field goal",649,FALSE,TRUE
"2025_11_BAL_CLE","BAL",22,44,"Touchdown",272,FALSE,TRUE
"2025_11_BAL_CLE","BAL",24,74,"End of half",57,TRUE,FALSE
"2025_11_BAL_CLE","CLE",1,70,"Punt",1796,FALSE,FALSE
"2025_11_BAL_CLE","CLE",3,67,"Field goal",1190,FALSE,TRUE
"2025_11_BAL_CLE","CLE",5,80,"Punt",763,FALSE,FALSE
"2025_11_BAL_CLE","CLE",6,6,"Field goal",616,FALSE,TRUE
"2025_11_BAL_CLE","CLE",9,70,"Field goal",252,FALSE,TRUE
"2025_11_BAL_CLE","CLE",11,89,"End of half",26,FALSE,FALSE
"2025_11_BAL_CLE","CLE",13,75,"Punt",1663,FALSE,FALSE
"2025_11_BAL_CLE","CLE",15,83,"Turnover",1206,FALSE,FALSE
"2025_11_BAL_CLE","CLE",17,77,"Punt",1168,FALSE,FALSE
"2025_11_BAL_CLE","CLE",19,68,"Punt",841,FALSE,FALSE
"2025_11_BAL_CLE","CLE",21,80,"Punt",292,FALSE,FALSE
"2025_11_BAL_CLE","CLE",23,65,"Turnover on downs",151,FALSE,FALSE
"2025_11_CAR_ATL","ATL",1,69,"Punt",1795,FALSE,FALSE
"2025_11_CAR_ATL","ATL",3,75,"Touchdown",1219,FALSE,TRUE
"2025_11_CAR_ATL","ATL",5,95,"Touchdown",959,FALSE,TRUE
"2025_11_CAR_ATL","ATL",7,59,"Touchdown",324,FALSE,TRUE
"2025_11_CAR_ATL","ATL",9,71,"End of half",19,FALSE,FALSE
"2025_11_CAR_ATL","ATL",12,91,"Punt",1389,FALSE,FALSE
"2025_11_CAR_ATL","ATL",14,78,"Punt",953,FALSE,FALSE
"2025_11_CAR_ATL","ATL",16,82,"Punt",614,FALSE,FALSE
"2025_11_CAR_ATL","ATL",18,39,"Field goal",182,FALSE,TRUE
"2025_11_CAR_ATL","ATL",20,55,"Field goal",61,FALSE,TRUE
"2025_11_CAR_ATL","ATL",22,80,"Punt",600,FALSE,FALSE
"2025_11_CAR_ATL","CAR",2,73,"Touchdown",1675,FALSE,TRUE
"2025_11_CAR_ATL","CAR",4,65,"Punt",1113,FALSE,FALSE
"2025_11_CAR_ATL","CAR",6,80,"Punt",472,FALSE,FALSE
"2025_11_CAR_ATL","CAR",8,69,"Field goal",95,FALSE,TRUE
"2025_11_CAR_ATL","CAR",10,68,"Touchdown",1795,FALSE,TRUE
"2025_11_CAR_ATL","CAR",11,32,"Turnover on downs",1621,FALSE,FALSE
"2025_11_CAR_ATL","CAR",13,79,"Field goal",1212,FALSE,TRUE
"2025_11_CAR_ATL","CAR",15,84,"Punt",733,FALSE,FALSE
"2025_11_CAR_ATL","CAR",17,93,"Turnover on downs",474,FALSE,FALSE
"2025_11_CAR_ATL","CAR",19,65,"Touchdown",163,FALSE,TRUE
"2025_11_CAR_ATL","CAR",21,72,"End of half",11,TRUE,FALSE
"2025_11_CAR_ATL","CAR",23,70,"Field goal",525,FALSE,TRUE
"2025_11_CHI_MIN","CHI",2,90,"Punt",1520,FALSE,FALSE
"2025_11_CHI_MIN","CHI",4,80,"Punt",1371,FALSE,FALSE
"2025_11_CHI_MIN","CHI",6,75,"Punt",1025,FALSE,FALSE
"2025_11_CHI_MIN","CHI",8,74,"Touchdown",800,FALSE,TRUE
"2025_11_CHI_MIN","CHI",10,25,"Field goal",214,FALSE,TRUE
"2025_11_CHI_MIN","CHI",12,80,"Punt",35,FALSE,FALSE
"2025_11_CHI_MIN","CHI",14,69,"Field goal",1795,FALSE,TRUE
"2025_11_CHI_MIN","CHI",16,80,"Field goal",1338,FALSE,TRUE
"2025_11_CHI_MIN","CHI",18,79,"Punt",964,FALSE,FALSE
"2025_11_CHI_MIN","CHI",20,65,"Missed field goal",753,FALSE,FALSE
"2025_11_CHI_MIN","CHI",22,82,"Punt",438,FALSE,FALSE
"2025_11_CHI_MIN","CHI",24,40,"Field goal",42,FALSE,TRUE
"2025_11_CHI_MIN","MIN",1,80,"Punt",1800,FALSE,FALSE
"2025_11_CHI_MIN","MIN",3,64,"Punt",1460,FALSE,FALSE
"2025_11_CHI_MIN","MIN",5,60,"Field goal",1283,FALSE,TRUE
"2025_11_CHI_MIN","MIN",7,73,"Punt",888,FALSE,FALSE
"2025_11_CHI_MIN","MIN",9,80,"Turnover",290,FALSE,FALSE
"2025_11_CHI_MIN","MIN",11,66,"Turnover",114,FALSE,FALSE
"2025_11_CHI_MIN","MIN",13,61,"End of half",10,FALSE,FALSE
"2025_11_CHI_MIN","MIN",15,80,"Punt",1525,FALSE,FALSE
"2025_11_CHI_MIN","MIN",17,79,"Punt",1025,FALSE,FALSE
"2025_11_CHI_MIN","MIN",19,24,"Touchdown",794,FALSE,TRUE
"2025_11_CHI_MIN","MIN",21,65,"Punt",488,FALSE,FALSE
"2025_11_CHI_MIN","MIN",23,85,"Touchdown",194,FALSE,TRUE
"2025_11_CIN_PIT","CIN",2,71,"Touchdown",1505,FALSE,TRUE
"2025_11_CIN_PIT","CIN",4,90,"Punt",909,FALSE,FALSE
"2025_11_CIN_PIT","CIN",6,74,"Punt",550,FALSE,FALSE
"2025_11_CIN_PIT","CIN",8,83,"Punt",301,FALSE,FALSE
"2025_11_CIN_PIT","CIN",10,70,"End of half",3,TRUE,FALSE
"2025_11_CIN_PIT","CIN",11,76,"Field goal",1795,FALSE,TRUE
"2025_11_CIN_PIT","CIN",13,68,"Opp touchdown",1151,FALSE,FALSE
"2025_11_CIN_PIT","CIN",14,77,"Field goal",931,FALSE,TRUE
"2025_11_CIN_PIT","CIN",16,72,"Opp touchdown",214,FALSE,FALSE
"2025_11_CIN_PIT","CIN",17,65,"Turnover on downs",202,FALSE,FALSE
"2025_11_CIN_PIT","PIT",1,78,"Touchdown",1795,FALSE,TRUE
"2025_11_CIN_PIT","PIT",3,81,"Punt",1204,FALSE,FALSE
"2025_11_CIN_PIT","PIT",5,80,"Punt",649,FALSE,FALSE
"2025_11_CIN_PIT","PIT",7,77,"Punt",494,FALSE,FALSE
"2025_11_CIN_PIT","PIT",9,93,"Field goal",111,FALSE,TRUE
"2025_11_CIN_PIT","PIT",12,73,"Field goal",1607,FALSE,TRUE
"2025_11_CIN_PIT","PIT",15,65,"Touchdown",581,FALSE,TRUE
"2025_11_CIN_PIT","PIT",18,85,"End of half",5,TRUE,FALSE
"2025_11_DAL_LV","DAL",1,74,"Punt",1793,FALSE,FALSE
"2025_11_DAL_LV","DAL",3,96,"Turnover",1527,FALSE,FALSE
"2025_11_DAL_LV","DAL",5,69,"Field goal",1370,FALSE,TRUE
"2025_11_DAL_LV","DAL",7,68,"Touchdown",1015,FALSE,TRUE
"2025_11_DAL_LV","DAL",9,79,"Touchdown",709,FALSE,TRUE
"2025_11_DAL_LV","DAL",11,69,"Touchdown",144,FALSE,TRUE
"2025_11_DAL_LV","DAL",14,80,"Touchdown",1706,FALSE,TRUE
"2025_11_DAL_LV","DAL",16,57,"Punt",796,FALSE,FALSE
"2025_11_DAL_LV","DAL",18,38,"Turnover on downs",699,FALSE,FALSE
"2025_11_DAL_LV","DAL",20,6,"Turnover on downs",151,TRUE,FALSE
"2025_11_DAL_LV","LV",2,69,"Punt",1701,FALSE,FALSE
"2025_11_DAL_LV","LV",4,15,"Field goal",1451,FALSE,TRUE
"2025_11_DAL_LV","LV",6,73,"Field goal",1230,FALSE,TRUE
"2025_11_DAL_LV","LV",8,69,"Punt",887,FALSE,FALSE
"2025_11_DAL_LV","LV",10,78,"Turnover",307,FALSE,FALSE
"2025_11_DAL_LV","LV",12,70,"Field goal",64,FALSE,TRUE
"2025_11_DAL_LV","LV",13,68,"Punt",1794,FALSE,FALSE
"2025_11_DAL_LV","LV",15,62,"Touchdown",1269,FALSE,TRUE
"2025_11_DAL_LV","LV",17,98,"Safety",703,FALSE,FALSE
"2025_11_DAL_LV","LV",19,95,"Turnover on downs",236,FALSE,FALSE
"2025_11_DAL_LV","LV",21,93,"End of half",36,TRUE,FALSE
"2025_11_DET_PHI","DET",2,86,"Turnover",1636,FALSE,FALSE
"2025_11_DET_PHI","DET",4,79,"Punt",1478,FALSE,FALSE
"2025_11_DET_PHI","DET",6,88,"Punt",1236,FALSE,FALSE
"2025_11_DET_PHI","DET",8,61,"Turnover on downs",887,FALSE,FALSE
"2025_11_DET_PHI","DET",10,65,"Turnover on downs",758,FALSE,FALSE
"2025_11_DET_PHI","DET",12,74,"Touchdown",357,FALSE,TRUE
"2025_11_DET_PHI","DET",14,65,"End of half",16,TRUE,FALSE
"2025_11_DET_PHI","DET",15,65,"Turnover on downs",1800,FALSE,FALSE
"2025_11_DET_PHI","DET",17,72,"Turnover on downs",1530,FALSE,FALSE
"2025_11_DET_PHI","DET",19,85,"Turnover on downs",1077,FALSE,FALSE
"2025_11_DET_PHI","DET",21,72,"Punt",606,FALSE,FALSE
"2025_11_DET_PHI","DET",23,85,"Punt",374,FALSE,FALSE
"2025_11_DET_PHI","DET",25,29,"Field goal",177,FALSE,TRUE
"2025_11_DET_PHI","PHI",1,65,"Punt",1800,FALSE,FALSE
"2025_11_DET_PHI","PHI",3,11,"Field goal",1568,FALSE,TRUE
"2025_11_DET_PHI","PHI",5,80,"Punt",1399,FALSE,FALSE
"2025_11_DET_PHI","PHI",7,85,"Punt",979,FALSE,FALSE
"2025_11_DET_PHI","PHI",9,48,"Punt",782,FALSE,FALSE
"2025_11_DET_PHI","PHI",11,43,"Field goal",676,FALSE,TRUE
"2025_11_DET_PHI","PHI",13,64,"Touchdown",300,FALSE,TRUE
"2025_11_DET_PHI","PHI",16,68,"Punt",1635,FALSE,FALSE
"2025_11_DET_PHI","PHI",18,96,"Punt",1210,FALSE,FALSE
"2025_11_DET_PHI","PHI",20,55,"Field goal",975,FALSE,TRUE
"2025_11_DET_PHI","PHI",22,85,"Punt",546,FALSE,FALSE
"2025_11_DET_PHI","PHI",24,80,"Turnover on downs",306,FALSE,FALSE
"2025_11_DET_PHI","PHI",26,65,"End of half",118,FALSE,FALSE
"2025_11_GB_NYG","GB",2,75,"Punt",1528,FALSE,FALSE
"2025_11_GB_NYG","GB",4,62,"Touchdown",1275,FALSE,TRUE
"2025_11_GB_NYG","GB",6,84,"Touchdown",747,FALSE,TRUE
"2025_11_GB_NYG","GB",8,72,"Punt",65,FALSE,FALSE
"2025_11_GB_NYG","GB",10,66,"Touchdown",1791,FALSE,TRUE
"2025_11_GB_NYG","GB",12,83,"Punt",1014,FALSE,FALSE
"2025_11_GB_NYG","GB",14,65,"Touchdown",442,FALSE,TRUE
"2025_11_GB_NYG","GB",16,80,"Punt",36,FALSE,FALSE
"2025_11_GB_NYG","NYG",1,65,"Touchdown",1794,FALSE,TRUE
"2025_11_GB_NYG","NYG",3,85,"Punt",1390,FALSE,FALSE
"2025_11_GB_NYG","NYG",5,77,"Punt",829,FALSE,FALSE
"2025_11_GB_NYG","NYG",7,68,"Touchdown",453,FALSE,TRUE
"2025_11_GB_NYG","NYG",9,72,"End of half",20,TRUE,FALSE
"2025_11_GB_NYG","NYG",11,73,"Turnover on downs",1595,FALSE,FALSE
"2025_11_GB_NYG","NYG",13,85,"Touchdown",921,FALSE,TRUE
"2025_11_GB_NYG","NYG",15,65,"Turnover",242,FALSE,FALSE
"2025_11_GB_NYG","NYG",17,65,"Turnover",10,FALSE,FALSE
"2025_11_HOU_TEN","HOU",1,65,"Turnover on downs",1794,FALSE,FALSE
"2025_11_HOU_TEN","HOU",3,67,"Punt",943,FALSE,FALSE
"2025_11_HOU_TEN","HOU",5,86,"Punt",589,FALSE,FALSE
"2025_11_HOU_TEN","HOU",7,62,"Punt",107,FALSE,FALSE
"2025_11_HOU_TEN","HOU",9,65,"End of half",9,FALSE,FALSE
"2025_11_HOU_TEN","HOU",11,65,"Touchdown",1545,FALSE,TRUE
"2025_11_HOU_TEN","HOU",13,86,"Field goal",1254,FALSE,TRUE
"2025_11_HOU_TEN","HOU",15,34,"Field goal",810,FALSE,TRUE
"2025_11_HOU_TEN","HOU",17,62,"Punt",628,FALSE,FALSE
"2025_11_HOU_TEN","HOU",19,54,"Punt",432,FALSE,FALSE
"2025_11_HOU_TEN","HOU",21,65,"Field goal",95,FALSE,TRUE
"2025_11_HOU_TEN","TEN",2,88,"Field goal",1400,FALSE,TRUE
"2025_11_HOU_TEN","TEN",4,86,"Punt",815,FALSE,FALSE
"2025_11_HOU_TEN","TEN",6,80,"Punt",171,FALSE,FALSE
"2025_11_HOU_TEN","TEN",8,79,"Punt",49,FALSE,FALSE
"2025_11_HOU_TEN","TEN",10,65,"Field goal",1800,FALSE,TRUE
"2025_11_HOU_TEN","TEN",12,70,"Punt",1336,FALSE,FALSE
"2025_11_HOU_TEN","TEN",14,74,"Turnover",985,FALSE,FALSE
"2025_11_HOU_TEN","TEN",16,80,"Punt",719,FALSE,FALSE
"2025_11_HOU_TEN","TEN",18,88,"Punt",572,FALSE,FALSE
"2025_11_HOU_TEN","TEN",20,95,"Touchdown",297,FALSE,TRUE
"2025_11_KC_DEN","DEN",1,65,"Field goal",1800,FALSE,TRUE
"2025_11_KC_DEN","DEN",3,11,"Field goal",1281,FALSE,TRUE
"2025_11_KC_DEN","DEN",5,60,"Punt",949,FALSE,FALSE
"2025_11_KC_DEN","DEN",7,71,"Punt",272,FALSE,FALSE
"2025_11_KC_DEN","DEN",9,73,"Punt",106,FALSE,FALSE
"2025_11_KC_DEN","DEN",12,89,"Touchdown",1504,FALSE,TRUE
"2025_11_KC_DEN","DEN",14,80,"Field goal",941,FALSE,TRUE
"2025_11_KC_DEN","DEN",16,72,"Punt",591,FALSE,FALSE
"2025_11_KC_DEN","DEN",18,55,"Field goal",390,FALSE,TRUE
"2025_11_KC_DEN","DEN",20,74,"Field goal",179,FALSE,TRUE
"2025_11_KC_DEN","KC",2,72,"Punt",1350,FALSE,FALSE
"2025_11_KC_DEN","KC",4,71,"Field goal",1189,FALSE,TRUE
"2025_11_KC_DEN","KC",6,89,"Field goal",850,FALSE,TRUE
"2025_11_KC_DEN","KC",8,90,"Punt",184,FALSE,FALSE
"2025_11_KC_DEN","KC",10,76,"Turnover on downs",27,FALSE,FALSE
"2025_11_KC_DEN","KC",11,68,"Turnover",1794,FALSE,FALSE
"2025_11_KC_DEN","KC",13,75,"Touchdown",1137,FALSE,TRUE
"2025_11_KC_DEN","KC",15,73,"Touchdown",764,FALSE,TRUE
"2025_11_KC_DEN","KC",17,88,"Punt",491,FALSE,FALSE
"2025_11_KC_DEN","KC",19,74,"Punt",245,FALSE,FALSE
"2025_11_LAC_JAX","JAX",2,88,"Turnover on downs",1708,FALSE,FALSE
"2025_11_LAC_JAX","JAX",4,74,"Touchdown",1106,FALSE,TRUE
"2025_11_LAC_JAX","JAX",6,67,"Turnover",774,FALSE,FALSE
"2025_11_LAC_JAX","JAX",8,60,"Touchdown",486,FALSE,TRUE
"2025_11_LAC_JAX","JAX",10,99,"End of half",20,FALSE,FALSE
"2025_11_LAC_JAX","JAX",11,65,"Touchdown",1800,FALSE,TRUE
"2025_11_LAC_JAX","JAX",13,76,"Touchdown",1256,FALSE,TRUE
"2025_11_LAC_JAX","JAX",15,13,"Touchdown",675,FALSE,TRUE
"2025_11_LAC_JAX","JAX",17,37,"Turnover on downs",622,FALSE,FALSE
"2025_11_LAC_JAX","JAX",19,62,"End of half",302,FALSE,FALSE
"2025_11_LAC_JAX","LAC",1,77,"Punt",1795,FALSE,FALSE
"2025_11_LAC_JAX","LAC",3,58,"Field goal",1392,FALSE,TRUE
"2025_11_LAC_JAX","LAC",5,79,"Punt",895,FALSE,FALSE
"2025_11_LAC_JAX","LAC",7,42,"Field goal",768,FALSE,TRUE
"2025_11_LAC_JAX","LAC",9,75,"Punt",212,FALSE,FALSE
"2025_11_LAC_JAX","LAC",12,72,"Punt",1360,FALSE,FALSE
"2025_11_LAC_JAX","LAC",14,72,"Turnover",691,FALSE,FALSE
"2025_11_LAC_JAX","LAC",16,65,"Turnover on downs",662,FALSE,FALSE
"2025_11_LAC_JAX","LAC",18,69,"Turnover on downs",481,FALSE,FALSE
"2025_11_NYJ_NE","NE",2,69,"Touchdown",1311,FALSE,TRUE
"2025_11_NYJ_NE","NE",4,83,"Touchdown",763,FALSE,TRUE
"2025_11_NYJ_NE","NE",6,85,"Punt",367,FALSE,FALSE
"2025_11_NYJ_NE","NE",8,59,"Missed field goal",108,FALSE,FALSE
"2025_11_NYJ_NE","NE",9,66,"Punt",1796,FALSE,FALSE
"2025_11_NYJ_NE","NE",11,69,"Touchdown",1576,FALSE,TRUE
"2025_11_NYJ_NE","NE",13,72,"Field goal",1086,FALSE,TRUE
"2025_11_NYJ_NE","NE",15,80,"Punt",548,FALSE,FALSE
"2025_11_NYJ_NE","NE",17,11,"Field goal",449,FALSE,TRUE
"2025_11_NYJ_NE","NE",19,85,"End of half",117,FALSE,FALSE
"2025_11_NYJ_NE","NYJ",1,72,"Touchdown",1795,FALSE,TRUE
"2025_11_NYJ_NE","NYJ",3,69,"Punt",850,FALSE,FALSE
"2025_11_NYJ_NE","NYJ",5,62,"Punt",469,FALSE,FALSE
"2025_11_NYJ_NE","NYJ",7,93,"Punt",199,FALSE,FALSE
"2025_11_NYJ_NE","NYJ",10,68,"Punt",1747,FALSE,FALSE
"2025_11_NYJ_NE","NYJ",12,65,"Touchdown",1366,FALSE,TRUE
"2025_11_NYJ_NE","NYJ",14,72,"Punt",719,FALSE,FALSE
"2025_11_NYJ_NE","NYJ",16,85,"Turnover",454,FALSE,FALSE
"2025_11_NYJ_NE","NYJ",18,65,"Turnover on downs",396,FALSE,FALSE
"2025_11_SEA_LA","LA",1,70,"Turnover on downs",1795,FALSE,FALSE
"2025_11_SEA_LA","LA",3,3,"Touchdown",1548,FALSE,TRUE
"2025_11_SEA_LA","LA",5,74,"Touchdown",1286,FALSE,TRUE
"2025_11_SEA_LA","LA",7,60,"Punt",544,FALSE,FALSE
"2025_11_SEA_LA","LA",10,35,"Turnover",1753,FALSE,FALSE
"2025_11_SEA_LA","LA",12,78,"Punt",1376,FALSE,FALSE
"2025_11_SEA_LA","LA",14,88,"Punt",1112,FALSE,FALSE
"2025_11_SEA_LA","LA",16,25,"Touchdown",964,FALSE,TRUE
"2025_11_SEA_LA","LA",18,49,"Punt",645,FALSE,FALSE
"2025_11_SEA_LA","LA",20,75,"Punt",479,FALSE,FALSE
"2025_11_SEA_LA","LA",22,69,"Punt",137,FALSE,FALSE
"2025_11_SEA_LA","SEA",2,92,"Turnover",1627,FALSE,FALSE
"2025_11_SEA_LA","SEA",4,65,"Field goal",1418,FALSE,TRUE
"2025_11_SEA_LA","SEA",6,65,"Field goal",964,FALSE,TRUE
"2025_11_SEA_LA","SEA",8,92,"Field goal",467,FALSE,TRUE
"2025_11_SEA_LA","SEA",9,65,"Turnover",1800,FALSE,FALSE
"2025_11_SEA_LA","SEA",11,66,"Field goal",1736,FALSE,TRUE
"2025_11_SEA_LA","SEA",13,69,"Punt",1250,FALSE,FALSE
"2025_11_SEA_LA","SEA",15,63,"Turnover",982,FALSE,FALSE
"2025_11_SEA_LA","SEA",17,70,"Turnover",855,FALSE,FALSE
"2025_11_SEA_LA","SEA",19,87,"Punt",570,FALSE,FALSE
"2025_11_SEA_LA","SEA",21,84,"Touchdown",360,FALSE,TRUE
"2025_11_SEA_LA","SEA",23,99,"Missed field goal",101,FALSE,FALSE
"2025_11_SF_ARI","ARI",2,73,"Punt",1778,FALSE,FALSE
"2025_11_SF_ARI","ARI",4,72,"Touchdown",1485,FALSE,TRUE
"2025_11_SF_ARI","ARI",6,44,"Missed field goal",1064,FALSE,FALSE
"2025_11_SF_ARI","ARI",8,71,"Field goal",810,FALSE,TRUE
"2025_11_SF_ARI","ARI",10,92,"Punt",315,FALSE,FALSE
"2025_11_SF_ARI","ARI",12,72,"Turnover",55,FALSE,FALSE
"2025_11_SF_ARI","ARI",14,69,"Punt",1793,FALSE,FALSE
"2025_11_SF_ARI","ARI",16,75,"Turnover",1340,FALSE,FALSE
"2025_11_SF_ARI","ARI",18,70,"Turnover",1045,FALSE,FALSE
"2025_11_SF_ARI","ARI",20,65,"Touchdown",705,FALSE,TRUE
"2025_11_SF_ARI","ARI",22,65,"Touchdown",284,FALSE,TRUE
"2025_11_SF_ARI","SF",1,1,"Touchdown",1787,FALSE,TRUE
"2025_11_SF_ARI","SF",3,70,"Touchdown",1619,FALSE,TRUE
"2025_11_SF_ARI","SF",5,65,"Punt",1198,FALSE,FALSE
"2025_11_SF_ARI","SF",7,52,"Touchdown",955,FALSE,TRUE
"2025_11_SF_ARI","SF",9,48,"Punt",380,FALSE,FALSE
"2025_11_SF_ARI","SF",11,61,"Field goal",170,FALSE,TRUE
"2025_11_SF_ARI","SF",13,67,"Field goal",19,FALSE,TRUE
"2025_11_SF_ARI","SF",15,68,"Field goal",1652,FALSE,TRUE
"2025_11_SF_ARI","SF",17,14,"Touchdown",1162,FALSE,TRUE
"2025_11_SF_ARI","SF",19,97,"Punt",832,FALSE,FALSE
"2025_11_SF_ARI","SF",21,45,"Touchdown",504,FALSE,TRUE
"2025_11_SF_ARI","SF",23,45,"End of half",161,FALSE,FALSE
"2025_11_TB_BUF","BUF",2,95,"Turnover",1537,FALSE,FALSE
"2025_11_TB_BUF","BUF",4,36,"Touchdown",1424,FALSE,TRUE
"2025_11_TB_BUF","BUF",6,67,"Touchdown",712,FALSE,TRUE
"2025_11_TB_BUF","BUF",8,51,"Turnover",329,FALSE,FALSE
"2025_11_TB_BUF","BUF",10,92,"Touchdown",68,FALSE,TRUE
"2025_11_TB_BUF","BUF",12,56,"Punt",1792,FALSE,FALSE
"2025_11_TB_BUF","BUF",15,46,"Field goal",1338,FALSE,TRUE
"2025_11_TB_BUF","BUF",17,25,"Touchdown",1133,FALSE,TRUE
"2025_11_TB_BUF","BUF",19,81,"Touchdown",812,FALSE,TRUE
"2025_11_TB_BUF","BUF",21,85,"Touchdown",435,FALSE,TRUE
"2025_11_TB_BUF","BUF",23,61,"Punt",104,FALSE,FALSE
"2025_11_TB_BUF","TB",1,65,"Punt",1800,FALSE,FALSE
"2025_11_TB_BUF","TB",3,7,"Field goal",1526,FALSE,TRUE
"2025_11_TB_BUF","TB",5,69,"Touchdown",1143,FALSE,TRUE
"2025_11_TB_BUF","TB",7,66,"Touchdown",525,FALSE,TRUE
"2025_11_TB_BUF","TB",9,68,"Punt",263,FALSE,FALSE
"2025_11_TB_BUF","TB",11,64,"Field goal",29,FALSE,TRUE
"2025_11_TB_BUF","TB",13,96,"Punt",1665,FALSE,FALSE
"2025_11_TB_BUF","TB",14,43,"Touchdown",1572,FALSE,TRUE
"2025_11_TB_BUF","TB",16,72,"Turnover",1192,FALSE,FALSE
"2025_11_TB_BUF","TB",18,62,"Touchdown",1121,FALSE,TRUE
"2025_11_TB_BUF","TB",20,69,"Punt",539,FALSE,FALSE
"2025_11_TB_BUF","TB",22,65,"Turnover",155,FALSE,FALSE
"2025_11_TB_BUF","TB",24,80,"End of half",38,TRUE,FALSE
"2025_11_WAS_MIA","MIA",1,80,"Field goal",1800,FALSE,TRUE
"2025_11_WAS_MIA","MIA",3,77,"Field goal",1049,FALSE,TRUE
"2025_11_WAS_MIA","MIA",5,59,"Punt",451,FALSE,FALSE
"2025_11_WAS_MIA","MIA",8,65,"Turnover on downs",1584,FALSE,FALSE
"2025_11_WAS_MIA","MIA",10,53,"Touchdown",1069,FALSE,TRUE
"2025_11_WAS_MIA","MIA",12,98,"Punt",363,FALSE,FALSE
"2025_11_WAS_MIA","MIA",13,42,"Turnover on downs",251,FALSE,FALSE
"2025_11_WAS_MIA","MIA",15,54,"End of half",10,FALSE,FALSE
"2025_11_WAS_MIA","MIA",17,33,"Field goal",593,FALSE,TRUE
"2025_11_WAS_MIA","WAS",2,79,"Field goal",1529,FALSE,TRUE
"2025_11_WAS_MIA","WAS",4,72,"Missed field goal",682,FALSE,FALSE
"2025_11_WAS_MIA","WAS",6,94,"Field goal",337,FALSE,TRUE
"2025_11_WAS_MIA","WAS",7,59,"Touchdown",1796,FALSE,TRUE
"2025_11_WAS_MIA","WAS",9,98,"Punt",1266,FALSE,FALSE
"2025_11_WAS_MIA","WAS",11,70,"Turnover on downs",749,FALSE,FALSE
"2025_11_WAS_MIA","WAS",14,97,"Missed field goal",101,FALSE,FALSE
"2025_11_WAS_MIA","WAS",16,65,"Turnover",600,FALSE,FALSE
"2025_12_ATL_NO","ATL",1,74,"Punt",1795,FALSE,FALSE
"2025_12_ATL_NO","ATL",3,39,"Field goal",1676,FALSE,TRUE
"2025_12_ATL_NO","ATL",5,71,"Punt",1410,FALSE,FALSE
"2025_12_ATL_NO","ATL",7,77,"Touchdown",917,FALSE,TRUE
"2025_12_ATL_NO","ATL",9,81,"Opp touchdown",536,FALSE,FALSE
"2025_12_ATL_NO","ATL",10,64,"Field goal",395,FALSE,TRUE
"2025_12_ATL_NO","ATL",12,62,"Field goal",52,FALSE,TRUE
"2025_12_ATL_NO","ATL",14,98,"Punt",1352,FALSE,FALSE
"2025_12_ATL_NO","ATL",16,68,"Touchdown",724,FALSE,TRUE
"2025_12_ATL_NO","ATL",18,73,"Punt",562,FALSE,FALSE
"2025_12_ATL_NO","ATL",20,42,"Punt",204,FALSE,FALSE
"2025_12_ATL_NO","ATL",22,80,"End of half",10,TRUE,FALSE
"2025_12_ATL_NO","NO",2,58,"Turnover",1698,FALSE,FALSE
"2025_12_ATL_NO","NO",4,16,"Missed field goal",1531,FALSE,FALSE
"2025_12_ATL_NO","NO",6,92,"Punt",1202,FALSE,FALSE
"2025_12_ATL_NO","NO",8,71,"Punt",683,FALSE,FALSE
"2025_12_ATL_NO","NO",11,65,"Missed field goal",116,FALSE,FALSE
"2025_12_ATL_NO","NO",13,75,"Turnover on downs",1796,FALSE,FALSE
"2025_12_ATL_NO","NO",15,59,"Field goal",1237,FALSE,TRUE
"2025_12_ATL_NO","NO",17,65,"Punt",664,FALSE,FALSE
"2025_12_ATL_NO","NO",19,88,"Turnover on downs",296,FALSE,FALSE
"2025_12_ATL_NO","NO",21,88,"Turnover",177,FALSE,FALSE
"2025_12_BUF_HOU","BUF",2,81,"Touchdown",1735,FALSE,TRUE
"2025_12_BUF_HOU","BUF",4,88,"Punt",1167,FALSE,FALSE
"2025_12_BUF_HOU","BUF",6,95,"Field goal",998,FALSE,TRUE
"2025_12_BUF_HOU","BUF",8,75,"Turnover",221,FALSE,FALSE
"2025_12_BUF_HOU","BUF",12,65,"End of half",5,TRUE,FALSE
"2025_12_BUF_HOU","BUF",13,80,"Punt",1796,FALSE,FALSE
"2025_12_BUF_HOU","BUF",15,90,"Punt",1443,FALSE,FALSE
"2025_12_BUF_HOU","BUF",17,92,"Turnover",1247,FALSE,FALSE
"2025_12_BUF_HOU","BUF",19,65,"Turnover on downs",917,FALSE,FALSE
"2025_12_BUF_HOU","BUF",21,62,"Field goal",549,FALSE,TRUE
"2025_12_BUF_HOU","BUF",23,82,"Turnover",168,FALSE,FALSE
"2025_12_BUF_HOU","HOU",1,78,"Punt",1795,FALSE,FALSE
"2025_12_BUF_HOU","HOU",3,59,"Field goal",1443,FALSE,TRUE
"2025_12_BUF_HOU","HOU",5,66,"Punt",1060,FALSE,FALSE
"2025_12_BUF_HOU","HOU",7,77,"Touchdown",569,FALSE,TRUE
"2025_12_BUF_HOU","HOU",9,30,"Field goal",206,FALSE,TRUE
"2025_12_BUF_HOU","HOU",11,75,"Touchdown",95,FALSE,TRUE
"2025_12_BUF_HOU","HOU",14,69,"Punt",1571,FALSE,FALSE
"2025_12_BUF_HOU","HOU",16,53,"Punt",1349,FALSE,FALSE
"2025_12_BUF_HOU","HOU",18,22,"Field goal",1149,FALSE,TRUE
"2025_12_BUF_HOU","HOU",20,75,"Punt",609,FALSE,FALSE
"2025_12_BUF_HOU","HOU",22,79,"Punt",335,FALSE,FALSE
"2025_12_BUF_HOU","HOU",24,91,"End of half",18,TRUE,FALSE
"2025_12_CAR_SF","CAR",2,65,"Punt",1277,FALSE,FALSE
"2025_12_CAR_SF","CAR",4,16,"Turnover",1109,FALSE,FALSE
"2025_12_CAR_SF","CAR",6,80,"Punt",575,FALSE,FALSE
"2025_12_CAR_SF","CAR",8,33,"Field goal",379,FALSE,TRUE
"2025_12_CAR_SF","CAR",10,75,"Punt",55,FALSE,FALSE
"2025_12_CAR_SF","CAR",12,73,"Punt",1794,FALSE,FALSE
"2025_12_CAR_SF","CAR",14,68,"Touchdown",1177,FALSE,TRUE
"2025_12_CAR_SF","CAR",16,65,"Turnover",561,FALSE,FALSE
"2025_12_CAR_SF","CAR",18,66,"Missed field goal",284,FALSE,FALSE
"2025_12_CAR_SF","SF",1,72,"Touchdown",1796,FALSE,TRUE
"2025_12_CAR_SF","SF",3,92,"Turnover",1120,FALSE,FALSE
"2025_12_CAR_SF","SF",5,80,"Turnover",982,FALSE,FALSE
"2025_12_CAR_SF","SF",7,83,"Turnover",480,FALSE,FALSE
"2025_12_CAR_SF","SF",9,54,"Field goal",141,FALSE,TRUE
"2025_12_CAR_SF","SF",11,65,"End of half",17,FALSE,FALSE
"2025_12_CAR_SF","SF",13,80,"Touchdown",1645,FALSE,TRUE
"2025_12_CAR_SF","SF",15,70,"Field goal",942,FALSE,TRUE
"2025_12_CAR_SF","SF",17,74,"Punt",387,FALSE,FALSE
"2025_12_CAR_SF","SF",19,53,"End of half",161,FALSE,FALSE
"2025_12_CLE_LV","CLE",1,68,"Punt",1792,FALSE,FALSE
"2025_12_CLE_LV","CLE",3,13,"Touchdown",1452,FALSE,TRUE
"2025_12_CLE_LV","CLE",5,60,"Punt",1317,FALSE,FALSE
"2025_12_CLE_LV","CLE",7,73,"Touchdown",1090,FALSE,TRUE
"2025_12_CLE_LV","CLE",9,62,"Turnover",688,FALSE,FALSE
"2025_12_CLE_LV","CLE",11,59,"Punt",546,FALSE,FALSE
"2025_12_CLE_LV","CLE",13,72,"Turnover",244,FALSE,FALSE
"2025_12_CLE_LV","CLE",15,72,"Punt",140,FALSE,FALSE
"2025_12_CLE_LV","CLE",17,91,"End of half",18,TRUE,FALSE
"2025_12_CLE_LV","CLE",19,48,"Punt",1559,FALSE,FALSE
"2025_12_CLE_LV","CLE",21,87,"Punt",1385,FALSE,FALSE
"2025_12_CLE_LV","CLE",23,78,"Field goal",953,FALSE,TRUE
"2025_12_CLE_LV","CLE",25,67,"Touchdown",561,FALSE,TRUE
"2025_12_CLE_LV","CLE",27,72,"Punt",304,FALSE,FALSE
"2025_12_CLE_LV","CLE",29,51,"Punt",130,FALSE,FALSE
"2025_12_CLE_LV","LV",2,86,"Punt",1671,FALSE,FALSE
"2025_12_CLE_LV","LV",4,65,"Punt",1404,FALSE,FALSE
"2025_12_CLE_LV","LV",6,74,"Punt",1221,FALSE,FALSE
"2025_12_CLE_LV","LV",8,75,"Missed field goal",943,FALSE,FALSE
"2025_12_CLE_LV","LV",10,26,"Field goal",680,FALSE,TRUE
"2025_12_CLE_LV","LV",12,79,"Punt",452,FALSE,FALSE
"2025_12_CLE_LV","LV",14,76,"Punt",230,FALSE,FALSE
"2025_12_CLE_LV","LV",16,77,"Punt",95,FALSE,FALSE
"2025_12_CLE_LV","LV",18,63,"Turnover on downs",1794,FALSE,FALSE
"2025_12_CLE_LV","LV",20,80,"Punt",1446,FALSE,FALSE
"2025_12_CLE_LV","LV",22,65,"Turnover on downs",1115,FALSE,FALSE
"2025_12_CLE_LV","LV",24,82,"Punt",722,FALSE,FALSE
"2025_12_CLE_LV","LV",26,65,"Touchdown",498,FALSE,TRUE
"2025_12_CLE_LV","LV",28,69,"Turnover",246,FALSE,FALSE
"2025_12_CLE_LV","LV",30,90,"End of half",52,FALSE,FALSE
"2025_12_IND_KC","IND",1,69,"Punt",1795,FALSE,FALSE
"2025_12_IND_KC","IND",3,3,"Touchdown",1434,FALSE,TRUE
"2025_12_IND_KC","IND",5,75,"Touchdown",887,FALSE,TRUE
"2025_12_IND_KC","IND",7,69,"Punt",131,FALSE,FALSE
"2025_12_IND_KC","IND",9,67,"End of half",1,TRUE,FALSE
"2025_12_IND_KC","IND",11,63,"Field goal",1695,FALSE,TRUE
"2025_12_IND_KC","IND",13,74,"Field goal",1275,FALSE,TRUE
"2025_12_IND_KC","IND",15,94,"Punt",888,FALSE,FALSE
"2025_12_IND_KC","IND",17,67,"Punt",511,FALSE,FALSE
"2025_12_IND_KC","IND",19,51,"Punt",345,FALSE,FALSE
"2025_12_IND_KC","IND",21,67,"Punt",595,FALSE,FALSE
"2025_12_IND_KC","KC",2,96,"Turnover",1473,FALSE,FALSE
"2025_12_IND_KC","KC",4,74,"Field goal",1386,FALSE,TRUE
"2025_12_IND_KC","KC",6,78,"Field goal",625,FALSE,TRUE
"2025_12_IND_KC","KC",8,85,"Field goal",101,FALSE,TRUE
"2025_12_IND_KC","KC",10,71,"Punt",1795,FALSE,FALSE
"2025_12_IND_KC","KC",12,80,"Punt",1444,FALSE,FALSE
"2025_12_IND_KC","KC",14,72,"Turnover",978,FALSE,FALSE
"2025_12_IND_KC","KC",16,56,"Touchdown",826,FALSE,TRUE
"2025_12_IND_KC","KC",18,88,"Punt",447,FALSE,FALSE
"2025_12_IND_KC","KC",20,94,"Field goal",283,FALSE,TRUE
"2025_12_IND_KC","KC",22,90,"Field goal",473,FALSE,TRUE
"2025_12_JAX_ARI","ARI",1,72,"Punt",1792,FALSE,FALSE
"2025_12_JAX_ARI","ARI",3,77,"Punt",1324,FALSE,FALSE
"2025_12_JAX_ARI","ARI",6,65,"Touchdown",775,FALSE,TRUE
"2025_12_JAX_ARI","ARI",8,87,"Missed field goal",366,FALSE,FALSE
"2025_12_JAX_ARI","ARI",11,80,"Punt",1678,FALSE,FALSE
"2025_12_JAX_ARI","ARI",13,79,"Punt",1381,FALSE,FALSE
"2025_12_JAX_ARI","ARI",15,39,"Punt",1109,FALSE,FALSE
"2025_12_JAX_ARI","ARI",17,78,"Punt",816,FALSE,FALSE
"2025_12_JAX_ARI","ARI",19,41,"Touchdown",519,FALSE,TRUE
"2025_12_JAX_ARI","ARI",21,70,"Turnover on downs",222,FALSE,FALSE
"2025_12_JAX_ARI","ARI",23,80,"Field goal",98,FALSE,TRUE
"2025_12_JAX_ARI","ARI",26,72,"Turnover on downs",458,FALSE,FALSE
"2025_12_JAX_ARI","JAX",2,97,"Touchdown",1475,FALSE,TRUE
"2025_12_JAX_ARI","JAX",4,92,"Opp touchdown",1100,FALSE,FALSE
"2025_12_JAX_ARI","JAX",5,65,"Field goal",1046,FALSE,TRUE
"2025_12_JAX_ARI","JAX",7,65,"Punt",451,FALSE,FALSE
"2025_12_JAX_ARI","JAX",9,77,"End of half",13,FALSE,FALSE
"2025_12_JAX_ARI","JAX",10,57,"Turnover",1792,FALSE,FALSE
"2025_12_JAX_ARI","JAX",12,27,"Touchdown",1555,FALSE,TRUE
"2025_12_JAX_ARI","JAX",14,77,"Turnover",1203,FALSE,FALSE
"2025_12_JAX_ARI","JAX",16,91,"Punt",995,FALSE,FALSE
"2025_12_JAX_ARI","JAX",18,99,"Turnover",742,FALSE,FALSE
"2025_12_JAX_ARI","JAX",20,65,"Touchdown",432,FALSE,TRUE
"2025_12_JAX_ARI","JAX",22,28,"Turnover on downs",118,FALSE,FALSE
"2025_12_JAX_ARI","JAX",24,65,"End of half",3,TRUE,FALSE
"2025_12_JAX_ARI","JAX",25,65,"Field goal",600,FALSE,TRUE
"2025_12_MIN_GB","GB",2,70,"Touchdown",1668,FALSE,TRUE
"2025_12_MIN_GB","GB",4,98,"Punt",1204,FALSE,FALSE
"2025_12_MIN_GB","GB",6,82,"Field goal",626,FALSE,TRUE
"2025_12_MIN_GB","GB",8,65,"End of half",10,TRUE,FALSE
"2025_12_MIN_GB","GB",9,72,"Punt",1794,FALSE,FALSE
"2025_12_MIN_GB","GB",10,5,"Touchdown",1597,FALSE,TRUE
"2025_12_MIN_GB","GB",12,92,"Punt",1425,FALSE,FALSE
"2025_12_MIN_GB","GB",14,55,"Field goal",1025,FALSE,TRUE
"2025_12_MIN_GB","GB",16,40,"Field goal",617,FALSE,TRUE
"2025_12_MIN_GB","GB",18,40,"Punt",450,FALSE,FALSE
"2025_12_MIN_GB","GB",20,63,"End of half",217,FALSE,FALSE
"2025_12_MIN_GB","MIN",1,65,"Field goal",1800,FALSE,TRUE
"2025_12_MIN_GB","MIN",3,72,"Punt",1450,FALSE,FALSE
"2025_12_MIN_GB","MIN",5,76,"Turnover on downs",963,FALSE,FALSE
"2025_12_MIN_GB","MIN",7,73,"Field goal",140,FALSE,TRUE
"2025_12_MIN_GB","MIN",11,66,"Punt",1548,FALSE,FALSE
"2025_12_MIN_GB","MIN",13,87,"Punt",1161,FALSE,FALSE
"2025_12_MIN_GB","MIN",15,81,"Punt",726,FALSE,FALSE
"2025_12_MIN_GB","MIN",17,65,"Turnover",456,FALSE,FALSE
"2025_12_MIN_GB","MIN",19,93,"Turnover",346,FALSE,FALSE
"2025_12_NE_CIN","CIN",2,81,"Field goal",1611,FALSE,TRUE
"2025_12_NE_CIN","CIN",4,76,"Punt",1228,FALSE,FALSE
"2025_12_NE_CIN","CIN",7,80,"Opp touchdown",576,FALSE,FALSE
"2025_12_NE_CIN","CIN",8,65,"Punt",462,FALSE,FALSE
"2025_12_NE_CIN","CIN",10,82,"Field goal",18,FALSE,TRUE
"2025_12_NE_CIN","CIN",11,69,"Punt",1796,FALSE,FALSE
"2025_12_NE_CIN","CIN",13,98,"Punt",1368,FALSE,FALSE
"2025_12_NE_CIN","CIN",15,76,"Punt",959,FALSE,FALSE
"2025_12_NE_CIN","CIN",17,71,"Touchdown",348,FALSE,TRUE
"2025_12_NE_CIN","CIN",19,72,"Turnover on downs",104,FALSE,FALSE
"2025_12_NE_CIN","NE",1,76,"Punt",1796,FALSE,FALSE
"2025_12_NE_CIN","NE",3,72,"Punt",1291,FALSE,FALSE
"2025_12_NE_CIN","NE",5,90,"Opp touchdown",900,FALSE,FALSE
"2025_12_NE_CIN","NE",6,70,"Touchdown",853,FALSE,TRUE
"2025_12_NE_CIN","NE",9,90,"Field goal",258,FALSE,TRUE
"2025_12_NE_CIN","NE",12,90,"Turnover on downs",1704,FALSE,FALSE
"2025_12_NE_CIN","NE",14,76,"Field goal",1198,FALSE,TRUE
"2025_12_NE_CIN","NE",16,80,"Field goal",781,FALSE,TRUE
"2025_12_NE_CIN","NE",18,60,"Field goal",273,FALSE,TRUE
"2025_12_NE_CIN","NE",20,74,"End of half",18,TRUE,FALSE
"2025_12_NYG_DET","DET",2,65,"Punt",1676,FALSE,FALSE
"2025_12_NYG_DET","DET",4,53,"Punt",1284,FALSE,FALSE
"2025_12_NYG_DET","DET",6,65,"Touchdown",896,FALSE,TRUE
"2025_12_NYG_DET","DET",8,72,"Punt",498,FALSE,FALSE
"2025_12_NYG_DET","DET",10,61,"Touchdown",241,FALSE,TRUE
"2025_12_NYG_DET","DET",12,57,"Field goal",31,FALSE,TRUE
"2025_12_NYG_DET","DET",13,76,"Punt",1794,FALSE,FALSE
"2025_12_NYG_DET","DET",15,90,"Turnover",1337,FALSE,FALSE
"2025_12_NYG_DET","DET",17,81,"Touchdown",729,FALSE,TRUE
"2025_12_NYG_DET","DET",19,45,"Punt",645,FALSE,FALSE
"2025_12_NYG_DET","DET",21,94,"Field goal",174,FALSE,TRUE
"2025_12_NYG_DET","DET",23,69,"Touchdown",593,FALSE,TRUE
"2025_12_NYG_DET","NYG",1,70,"Touchdown",1796,FALSE,TRUE
"2025_12_NYG_DET","NYG",3,92,"Punt",1376,FALSE,FALSE
"2025_12_NYG_DET","NYG",5,90,"Field goal",1203,FALSE,TRUE
"2025_12_NYG_DET","NYG",7,69,"Touchdown",694,FALSE,TRUE
"2025_12_NYG_DET","NYG",9,88,"Punt",370,FALSE,FALSE
"2025_12_NYG_DET","NYG",11,82,"Field goal",131,FALSE,TRUE
"2025_12_NYG_DET","NYG",14,93,"Punt",1549,FALSE,FALSE
"2025_12_NYG_DET","NYG",16,85,"Touchdown",1039,FALSE,TRUE
"2025_12_NYG_DET","NYG",18,65,"Turnover",650,FALSE,FALSE
"2025_12_NYG_DET","NYG",20,92,"Turnover on downs",588,FALSE,FALSE
"2025_12_NYG_DET","NYG",22,68,"End of half",24,FALSE,FALSE
"2025_12_NYG_DET","NYG",24,70,"Turnover on downs",578,FALSE,FALSE
"2025_12_NYJ_BAL","BAL",2,82,"Punt",1742,FALSE,FALSE
"2025_12_NYJ_BAL","BAL",4,94,"Punt",1139,FALSE,FALSE
"2025_12_NYJ_BAL","BAL",6,85,"Punt",853,FALSE,FALSE
"2025_12_NYJ_BAL","BAL",8,58,"Field goal",238,FALSE,TRUE
"2025_12_NYJ_BAL","BAL",10,80,"End of half",23,FALSE,FALSE
"2025_12_NYJ_BAL","BAL",11,74,"Touchdown",1793,FALSE,TRUE
"2025_12_NYJ_BAL","BAL",13,42,"Touchdown",1298,FALSE,TRUE
"2025_12_NYJ_BAL","BAL",15,75,"Field goal",875,FALSE,TRUE
"2025_12_NYJ_BAL","BAL",17,97,"Punt",411,FALSE,FALSE
"2025_12_NYJ_BAL","BAL",19,11,"Field goal",101,FALSE,TRUE
"2025_12_NYJ_BAL","BAL",21,87,"End of half",5,TRUE,FALSE
"2025_12_NYJ_BAL","NYJ",1,57,"Punt",1792,FALSE,FALSE
"2025_12_NYJ_BAL","NYJ",3,79,"Punt",1478,FALSE,FALSE
"2025_12_NYJ_BAL","NYJ",5,60,"Punt",1035,FALSE,FALSE
"2025_12_NYJ_BAL","NYJ",7,79,"Touchdown",633,FALSE,TRUE
"2025_12_NYJ_BAL","NYJ",9,61,"Punt",90,FALSE,FALSE
"2025_12_NYJ_BAL","NYJ",12,66,"Turnover on downs",1424,FALSE,FALSE
"2025_12_NYJ_BAL","NYJ",14,60,"Field goal",1113,FALSE,TRUE
"2025_12_NYJ_BAL","NYJ",16,67,"Turnover",568,FALSE,FALSE
"2025_12_NYJ_BAL","NYJ",18,95,"Turnover on downs",191,FALSE,FALSE
"2025_12_NYJ_BAL","NYJ",20,59,"Turnover",35,FALSE,FALSE
"2025_12_PHI_DAL","DAL",1,72,"Turnover on downs",1794,FALSE,FALSE
"2025_12_PHI_DAL","DAL",3,81,"Punt",1414,FALSE,FALSE
"2025_12_PHI_DAL","DAL",5,65,"Turnover",957,FALSE,FALSE
"2025_12_PHI_DAL","DAL",7,60,"Turnover",686,FALSE,FALSE
"2025_12_PHI_DAL","DAL",9,72,"Touchdown",172,FALSE,TRUE
"2025_12_PHI_DAL","DAL",12,92,"Punt",1713,FALSE,FALSE
"2025_12_PHI_DAL","DAL",14,96,"Missed field goal",1456,FALSE,FALSE
"2025_12_PHI_DAL","DAL",16,89,"Touchdown",1158,FALSE,TRUE
"2025_12_PHI_DAL","DAL",18,54,"Touchdown",789,FALSE,TRUE
"2025_12_PHI_DAL","DAL",20,67,"Punt",448,FALSE,FALSE
"2025_12_PHI_DAL","DAL",21,8,"Turnover on downs",309,FALSE,FALSE
"2025_12_PHI_DAL","DAL",23,73,"Field goal",95,FALSE,TRUE
"2025_12_PHI_DAL","PHI",2,50,"Touchdown",1611,FALSE,TRUE
"2025_12_PHI_DAL","PHI",4,76,"Touchdown",1325,FALSE,TRUE
"2025_12_PHI_DAL","PHI",6,66,"Touchdown",882,FALSE,TRUE
"2025_12_PHI_DAL","PHI",8,80,"Punt",301,FALSE,FALSE
"2025_12_PHI_DAL","PHI",10,72,"End of half",17,FALSE,FALSE
"2025_12_PHI_DAL","PHI",11,68,"Punt",1795,FALSE,FALSE
"2025_12_PHI_DAL","PHI",13,70,"Punt",1585,FALSE,FALSE
"2025_12_PHI_DAL","PHI",15,59,"Punt",1294,FALSE,FALSE
"2025_12_PHI_DAL","PHI",17,68,"Missed field goal",1016,FALSE,FALSE
"2025_12_PHI_DAL","PHI",19,69,"Turnover",695,FALSE,FALSE
"2025_12_PHI_DAL","PHI",22,98,"Punt",218,FALSE,FALSE
"2025_12_PIT_CHI","CHI",1,71,"Punt",1794,FALSE,FALSE
"2025_12_PIT_CHI","CHI",3,56,"Touchdown",1655,FALSE,TRUE
"2025_12_PIT_CHI","CHI",5,80,"Opp touchdown",924,FALSE,FALSE
"2025_12_PIT_CHI","CHI",6,74,"Turnover",877,FALSE,FALSE
"2025_12_PIT_CHI","CHI",8,70,"Touchdown",526,FALSE,TRUE
"2025_12_PIT_CHI","CHI",10,64,"Field goal",73,FALSE,TRUE
"2025_12_PIT_CHI","CHI",12,60,"Touchdown",1576,FALSE,TRUE
"2025_12_PIT_CHI","CHI",14,73,"Punt",1283,FALSE,FALSE
"2025_12_PIT_CHI","CHI",16,54,"Touchdown",1132,FALSE,TRUE
"2025_12_PIT_CHI","CHI",18,68,"Punt",380,FALSE,FALSE
"2025_12_PIT_CHI","CHI",20,56,"Punt",113,FALSE,FALSE
"2025_12_PIT_CHI","CHI",22,52,"End of half",17,TRUE,FALSE
"2025_12_PIT_CHI","PIT",2,79,"Turnover",1699,FALSE,FALSE
"2025_12_PIT_CHI","PIT",4,95,"Touchdown",1403,FALSE,TRUE
"2025_12_PIT_CHI","PIT",7,52,"Turnover on downs",707,FALSE,FALSE
"2025_12_PIT_CHI","PIT",9,80,"Touchdown",236,FALSE,TRUE
"2025_12_PIT_CHI","PIT",11,75,"Punt",1796,FALSE,FALSE
"2025_12_PIT_CHI","PIT",13,73,"Punt",1404,FALSE,FALSE
"2025_12_PIT_CHI","PIT",15,66,"Turnover",1208,FALSE,FALSE
"2025_12_PIT_CHI","PIT",17,73,"Touchdown",848,FALSE,TRUE
"2025_12_PIT_CHI","PIT",19,89,"Punt",277,FALSE,FALSE
"2025_12_PIT_CHI","PIT",21,80,"Turnover on downs",89,FALSE,FALSE
"2025_12_SEA_TEN","SEA",2,73,"Field goal",1245,FALSE,TRUE
"2025_12_SEA_TEN","SEA",4,67,"Touchdown",764,FALSE,TRUE
"2025_12_SEA_TEN","SEA",6,26,"Field goal",528,FALSE,TRUE
"2025_12_SEA_TEN","SEA",8,60,"Field goal",108,FALSE,TRUE
"2025_12_SEA_TEN","SEA",9,76,"Touchdown",1795,FALSE,TRUE
"2025_12_SEA_TEN","SEA",11,78,"Opp touchdown",1596,FALSE,FALSE
"2025_12_SEA_TEN","SEA",12,74,"Touchdown",1518,FALSE,TRUE
"2025_12_SEA_TEN","SEA",14,75,"Turnover on downs",978,FALSE,FALSE
"2025_12_SEA_TEN","SEA",16,80,"Punt",371,FALSE,FALSE
"2025_12_SEA_TEN","SEA",18,43,"End of half",43,TRUE,FALSE
"2025_12_SEA_TEN","TEN",1,67,"Field goal",1795,FALSE,TRUE
"2025_12_SEA_TEN","TEN",3,97,"Punt",1032,FALSE,FALSE
"2025_12_SEA_TEN","TEN",5,85,"Punt",656,FALSE,FALSE
"2025_12_SEA_TEN","TEN",7,73,"Turnover on downs",280,FALSE,FALSE
"2025_12_SEA_TEN","TEN",10,73,"Punt",1692,FALSE,FALSE
"2025_12_SEA_TEN","TEN",13,73,"Touchdown",1294,FALSE,TRUE
"2025_12_SEA_TEN","TEN",15,54,"Turnover on downs",797,FALSE,FALSE
"2025_12_SEA_TEN","TEN",17,62,"Touchdown",308,FALSE,TRUE
"2025_12_TB_LA","LA",2,80,"Touchdown",1510,FALSE,TRUE
"2025_12_TB_LA","LA",5,72,"Touchdown",948,FALSE,TRUE
"2025_12_TB_LA","LA",7,65,"Touchdown",303,FALSE,TRUE
"2025_12_TB_LA","LA",9,28,"Field goal",99,FALSE,TRUE
"2025_12_TB_LA","LA",11,60,"Turnover on downs",1800,FALSE,FALSE
"2025_12_TB_LA","LA",13,73,"Punt",1368,FALSE,FALSE
"2025_12_TB_LA","LA",15,64,"Field goal",1034,FALSE,TRUE
"2025_12_TB_LA","LA",17,75,"Punt",572,FALSE,FALSE
"2025_12_TB_LA","LA",19,80,"Punt",326,FALSE,FALSE
"2025_12_TB_LA","TB",1,72,"Punt",1794,FALSE,FALSE
"2025_12_TB_LA","TB",3,65,"Opp touchdown",1172,FALSE,FALSE
"2025_12_TB_LA","TB",4,65,"Punt",1002,FALSE,FALSE
"2025_12_TB_LA","TB",6,65,"Touchdown",646,FALSE,TRUE
"2025_12_TB_LA","TB",8,80,"Turnover on downs",186,FALSE,FALSE
"2025_12_TB_LA","TB",10,65,"Turnover",62,FALSE,FALSE
"2025_12_TB_LA","TB",12,48,"Turnover on downs",1677,FALSE,FALSE
"2025_12_TB_LA","TB",14,92,"Punt",1167,FALSE,FALSE
"2025_12_TB_LA","TB",16,65,"Turnover on downs",815,FALSE,FALSE
"2025_12_TB_LA","TB",18,48,"Punt",432,FALSE,FALSE
"2025_12_TB_LA","TB",20,71,"End of half",107,FALSE,FALSE
"2025_13_ARI_TB","ARI",2,93,"Turnover",1530,FALSE,FALSE
"2025_13_ARI_TB","ARI",4,77,"Punt",890,FALSE,FALSE
"2025_13_ARI_TB","ARI",6,69,"Punt",476,FALSE,FALSE
"2025_13_ARI_TB","ARI",8,77,"Field goal",91,FALSE,TRUE
"2025_13_ARI_TB","ARI",9,58,"Turnover",1793,FALSE,FALSE
"2025_13_ARI_TB","ARI",11,90,"Missed field goal",1669,FALSE,FALSE
"2025_13_ARI_TB","ARI",13,72,"Touchdown",1131,FALSE,TRUE
"2025_13_ARI_TB","ARI",15,88,"Turnover on downs",837,FALSE,FALSE
"2025_13_ARI_TB","ARI",17,73,"Touchdown",534,FALSE,TRUE
"2025_13_ARI_TB","ARI",19,91,"Turnover on downs",109,FALSE,FALSE
"2025_13_ARI_TB","TB",1,73,"Punt",1794,FALSE,FALSE
"2025_13_ARI_TB","TB",3,86,"Punt",1119,FALSE,FALSE
"2025_13_ARI_TB","TB",5,70,"Field goal",795,FALSE,TRUE
"2025_13_ARI_TB","TB",7,50,"Touchdown",370,FALSE,TRUE
"2025_13_ARI_TB","TB",10,60,"Punt",1743,FALSE,FALSE
"2025_13_ARI_TB","TB",12,67,"Touchdown",1366,FALSE,TRUE
"2025_13_ARI_TB","TB",14,80,"Punt",931,FALSE,FALSE
"2025_13_ARI_TB","TB",16,39,"Field goal",639,FALSE,TRUE
"2025_13_ARI_TB","TB",18,79,"Punt",293,FALSE,FALSE
"2025_13_ARI_TB","TB",20,16,"End of half",52,TRUE,FALSE
"2025_13_ATL_NYJ","ATL",1,76,"Punt",1796,FALSE,FALSE
"2025_13_ATL_NYJ","ATL",3,90,"Punt",1330,FALSE,FALSE
"2025_13_ATL_NYJ","ATL",6,72,"Punt",833,FALSE,FALSE
"2025_13_ATL_NYJ","ATL",8,77,"Punt",564,FALSE,FALSE
"2025_13_ATL_NYJ","ATL",10,62,"Touchdown",190,FALSE,TRUE
"2025_13_ATL_NYJ","ATL",13,95,"Touchdown",1724,FALSE,TRUE
"2025_13_ATL_NYJ","ATL",15,72,"Missed field goal",1433,FALSE,FALSE
"2025_13_ATL_NYJ","ATL",17,55,"Field goal",1004,FALSE,TRUE
"2025_13_ATL_NYJ","ATL",19,74,"Touchdown",798,FALSE,TRUE
"2025_13_ATL_NYJ","ATL",21,70,"Punt",108,FALSE,FALSE
"2025_13_ATL_NYJ","ATL",23,67,"Punt",57,FALSE,FALSE
"2025_13_ATL_NYJ","NYJ",2,85,"Punt",1603,FALSE,FALSE
"2025_13_ATL_NYJ","NYJ",4,95,"Punt",1071,FALSE,FALSE
"2025_13_ATL_NYJ","NYJ",5,2,"Touchdown",840,FALSE,TRUE
"2025_13_ATL_NYJ","NYJ",7,82,"Punt",652,FALSE,FALSE
"2025_13_ATL_NYJ","NYJ",9,81,"Punt",341,FALSE,FALSE
"2025_13_ATL_NYJ","NYJ",11,65,"End of half",9,TRUE,FALSE
"2025_13_ATL_NYJ","NYJ",12,65,"Punt",1800,FALSE,FALSE
"2025_13_ATL_NYJ","NYJ",14,65,"Touchdown",1476,FALSE,TRUE
"2025_13_ATL_NYJ","NYJ",16,60,"Missed field goal",1187,FALSE,FALSE
"2025_13_ATL_NYJ","NYJ",18,15,"Field goal",888,FALSE,TRUE
"2025_13_ATL_NYJ","NYJ",20,65,"Touchdown",526,FALSE,TRUE
"2025_13_ATL_NYJ","NYJ",22,86,"Punt",86,FALSE,FALSE
"2025_13_ATL_NYJ","NYJ",24,57,"Field goal",35,FALSE,TRUE
"2025_13_BUF_PIT","BUF",1,77,"Turnover",1794,FALSE,FALSE
"2025_13_BUF_PIT","BUF",3,82,"Punt",1351,FALSE,FALSE
"2025_13_BUF_PIT","BUF",5,87,"Punt",1001,FALSE,FALSE
"2025_13_BUF_PIT","BUF",7,80,"Turnover",832,FALSE,FALSE
"2025_13_BUF_PIT","BUF",9,69,"Field goal",484,FALSE,TRUE
"2025_13_BUF_PIT","BUF",13,56,"Touchdown",1696,FALSE,TRUE
"2025_13_BUF_PIT","BUF",15,83,"Touchdown",1342,FALSE,TRUE
"2025_13_BUF_PIT","BUF",17,91,"Field goal",611,FALSE,TRUE
"2025_13_BUF_PIT","PIT",2,65,"Punt",1571,FALSE,FALSE
"2025_13_BUF_PIT","PIT",4,80,"Punt",1099,FALSE,FALSE
"2025_13_BUF_PIT","PIT",6,59,"Punt",906,FALSE,FALSE
"2025_13_BUF_PIT","PIT",8,39,"Touchdown",632,FALSE,TRUE
"2025_13_BUF_PIT","PIT",10,87,"End of half",46,FALSE,FALSE
"2025_13_BUF_PIT","PIT",11,74,"Opp touchdown",1794,FALSE,FALSE
"2025_13_BUF_PIT","PIT",12,82,"Turnover",1778,FALSE,FALSE
"2025_13_BUF_PIT","PIT",14,75,"Punt",1429,FALSE,FALSE
"2025_13_BUF_PIT","PIT",16,66,"Turnover on downs",840,FALSE,FALSE
"2025_13_BUF_PIT","PIT",18,72,"End of half",63,FALSE,FALSE
"2025_13_CHI_PHI","CHI",1,67,"Turnover on downs",1794,FALSE,FALSE
"2025_13_CHI_PHI","CHI",3,78,"Touchdown",1317,FALSE,TRUE
"2025_13_CHI_PHI","CHI",5,80,"Field goal",784,FALSE,TRUE
"2025_13_CHI_PHI","CHI",7,80,"Punt",299,FALSE,FALSE
"2025_13_CHI_PHI","CHI",9,81,"End of half",96,FALSE,FALSE
"2025_13_CHI_PHI","CHI",11,76,"Punt",1729,FALSE,FALSE
"2025_13_CHI_PHI","CHI",13,51,"Punt",1592,FALSE,FALSE
"2025_13_CHI_PHI","CHI",15,64,"Turnover",1378,FALSE,FALSE
"2025_13_CHI_PHI","CHI",17,87,"Touchdown",1173,FALSE,TRUE
"2025_13_CHI_PHI","CHI",19,63,"Touchdown",675,FALSE,TRUE
"2025_13_CHI_PHI","CHI",21,47,"Turnover on downs",189,FALSE,FALSE
"2025_13_CHI_PHI","CHI",23,58,"End of half",9,TRUE,FALSE
"2025_13_CHI_PHI","PHI",2,75,"Punt",1474,FALSE,FALSE
"2025_13_CHI_PHI","PHI",4,65,"Field goal",991,FALSE,TRUE
"2025_13_CHI_PHI","PHI",6,70,"Punt",398,FALSE,FALSE
"2025_13_CHI_PHI","PHI",8,65,"Punt",167,FALSE,FALSE
"2025_13_CHI_PHI","PHI",10,73,"Punt",1793,FALSE,FALSE
"2025_13_CHI_PHI","PHI",12,74,"Turnover",1640,FALSE,FALSE
"2025_13_CHI_PHI","PHI",14,92,"Touchdown",1499,FALSE,TRUE
"2025_13_CHI_PHI","PHI",16,36,"Turnover",1296,FALSE,FALSE
"2025_13_CHI_PHI","PHI",18,79,"Punt",762,FALSE,FALSE
"2025_13_CHI_PHI","PHI",20,80,"Touchdown",379,FALSE,TRUE
"2025_13_CHI_PHI","PHI",22,70,"Missed field goal",72,FALSE,FALSE
"2025_13_CIN_BAL","BAL",2,69,"Touchdown",1473,FALSE,TRUE
"2025_13_CIN_BAL","BAL",4,86,"Turnover",1197,FALSE,FALSE
"2025_13_CIN_BAL","BAL",6,98,"Punt",1052,FALSE,FALSE
"2025_13_CIN_BAL","BAL",8,69,"Turnover",675,FALSE,FALSE
"2025_13_CIN_BAL","BAL",10,66,"Punt",150,FALSE,FALSE
"2025_13_CIN_BAL","BAL",12,80,"Turnover",36,FALSE,FALSE
"2025_13_CIN_BAL","BAL",14,67,"End of half",4,TRUE,FALSE
"2025_13_CIN_BAL","BAL",15,78,"Punt",1796,FALSE,FALSE
"2025_13_CIN_BAL","BAL",17,68,"Touchdown",1336,FALSE,TRUE
"2025_13_CIN_BAL","BAL",19,65,"Turnover",915,FALSE,FALSE
"2025_13_CIN_BAL","BAL",21,65,"Turnover on downs",565,FALSE,FALSE
"2025_13_CIN_BAL","BAL",23,84,"Turnover",301,FALSE,FALSE
"2025_13_CIN_BAL","BAL",25,65,"End of half",66,FALSE,FALSE
"2025_13_CIN_BAL","CIN",1,64,"Field goal",1794,FALSE,TRUE
"2025_13_CIN_BAL","CIN",3,67,"Punt",1287,FALSE,FALSE
"2025_13_CIN_BAL","CIN",5,2,"Turnover on downs",1109,FALSE,FALSE
"2025_13_CIN_BAL","CIN",7,53,"Field goal",993,FALSE,TRUE
"2025_13_CIN_BAL","CIN",9,80,"Field goal",502,FALSE,TRUE
"2025_13_CIN_BAL","CIN",11,80,"Punt",95,FALSE,FALSE
"2025_13_CIN_BAL","CIN",13,19,"Field goal",28,FALSE,TRUE
"2025_13_CIN_BAL","CIN",16,61,"Touchdown",1668,FALSE,TRUE
"2025_13_CIN_BAL","CIN",18,68,"Touchdown",1135,FALSE,TRUE
"2025_13_CIN_BAL","CIN",20,53,"Field goal",774,FALSE,TRUE
"2025_13_CIN_BAL","CIN",22,48,"Turnover",476,FALSE,FALSE
"2025_13_CIN_BAL","CIN",24,36,"Field goal",252,FALSE,TRUE
"2025_13_DEN_WAS","DEN",1,74,"Field goal",1796,FALSE,TRUE
"2025_13_DEN_WAS","DEN",3,89,"Punt",1176,FALSE,FALSE
"2025_13_DEN_WAS","DEN",5,66,"Field goal",861,FALSE,TRUE
"2025_13_DEN_WAS","DEN",7,64,"Touchdown",134,FALSE,TRUE
"2025_13_DEN_WAS","DEN",10,72,"Touchdown",1493,FALSE,TRUE
"2025_13_DEN_WAS","DEN",12,86,"Turnover",944,FALSE,FALSE
"2025_13_DEN_WAS","DEN",14,71,"Punt",752,FALSE,FALSE
"2025_13_DEN_WAS","DEN",16,80,"Punt",522,FALSE,FALSE
"2025_13_DEN_WAS","DEN",18,71,"Punt",211,FALSE,FALSE
"2025_13_DEN_WAS","DEN",20,76,"Touchdown",596,FALSE,TRUE
"2025_13_DEN_WAS","WAS",2,79,"Punt",1518,FALSE,FALSE
"2025_13_DEN_WAS","WAS",4,58,"Turnover",1077,FALSE,FALSE
"2025_13_DEN_WAS","WAS",6,71,"Touchdown",466,FALSE,TRUE
"2025_13_DEN_WAS","WAS",8,65,"End of half",16,TRUE,FALSE
"2025_13_DEN_WAS","WAS",9,72,"Touchdown",1793,FALSE,TRUE
"2025_13_DEN_WAS","WAS",11,69,"Punt",1133,FALSE,FALSE
"2025_13_DEN_WAS","WAS",13,36,"Field goal",846,FALSE,TRUE
"2025_13_DEN_WAS","WAS",15,73,"Punt",612,FALSE,FALSE
"2025_13_DEN_WAS","WAS",17,80,"Punt",282,FALSE,FALSE
"2025_13_DEN_WAS","WAS",19,85,"Field goal",180,FALSE,TRUE
"2025_13_DEN_WAS","WAS",21,65,"Touchdown",419,FALSE,TRUE
"2025_13_GB_DET","DET",2,65,"Punt",1452,FALSE,FALSE
"2025_13_GB_DET","DET",4,63,"Punt",1292,FALSE,FALSE
"2025_13_GB_DET","DET",6,65,"Touchdown",859,FALSE,TRUE
"2025_13_GB_DET","DET",8,65,"Touchdown",132,FALSE,TRUE
"2025_13_GB_DET","DET",10,66,"Turnover on downs",1792,FALSE,FALSE
"2025_13_GB_DET","DET",12,71,"Touchdown",1525,FALSE,TRUE
"2025_13_GB_DET","DET",14,74,"Turnover on downs",1000,FALSE,FALSE
"2025_13_GB_DET","DET",16,80,"Field goal",542,FALSE,TRUE
"2025_13_GB_DET","GB",1,83,"Field goal",1791,FALSE,TRUE
"2025_13_GB_DET","GB",3,83,"Punt",1399,FALSE,FALSE
"2025_13_GB_DET","GB",5,77,"Touchdown",1106,FALSE,TRUE
"2025_13_GB_DET","GB",7,70,"Touchdown",468,FALSE,TRUE
"2025_13_GB_DET","GB",9,74,"End of half",20,FALSE,FALSE
"2025_13_GB_DET","GB",11,51,"Touchdown",1568,FALSE,TRUE
"2025_13_GB_DET","GB",13,72,"Touchdown",1341,FALSE,TRUE
"2025_13_GB_DET","GB",15,78,"Punt",650,FALSE,FALSE
"2025_13_GB_DET","GB",17,65,"End of half",179,FALSE,FALSE
"2025_13_HOU_IND","HOU",2,68,"Field goal",1747,FALSE,TRUE
"2025_13_HOU_IND","HOU",4,68,"Punt",1234,FALSE,FALSE
"2025_13_HOU_IND","HOU",6,83,"Punt",936,FALSE,FALSE
"2025_13_HOU_IND","HOU",8,89,"Turnover",611,FALSE,FALSE
"2025_13_HOU_IND","HOU",10,67,"Touchdown",516,FALSE,TRUE
"2025_13_HOU_IND","HOU",12,80,"Turnover on downs",111,FALSE,FALSE
"2025_13_HOU_IND","HOU",13,73,"Field goal",1793,FALSE,TRUE
"2025_13_HOU_IND","HOU",15,65,"Touchdown",1066,FALSE,TRUE
"2025_13_HOU_IND","HOU",17,70,"Turnover on downs",515,FALSE,FALSE
"2025_13_HOU_IND","HOU",19,68,"End of half",105,FALSE,FALSE
"2025_13_HOU_IND","IND",1,65,"Punt",1800,FALSE,FALSE
"2025_13_HOU_IND","IND",3,73,"Punt",1370,FALSE,FALSE
"2025_13_HOU_IND","IND",5,77,"Punt",1068,FALSE,FALSE
"2025_13_HOU_IND","IND",7,63,"Turnover on downs",852,FALSE,FALSE
"2025_13_HOU_IND","IND",9,42,"Touchdown",605,FALSE,TRUE
"2025_13_HOU_IND","IND",11,77,"Punt",303,FALSE,FALSE
"2025_13_HOU_IND","IND",14,79,"Touchdown",1302,FALSE,TRUE
"2025_13_HOU_IND","IND",16,65,"Field goal",758,FALSE,TRUE
"2025_13_HOU_IND","IND",18,83,"Turnover on downs",285,FALSE,FALSE
"2025_13_JAX_TEN","JAX",1,66,"Punt",1793,FALSE,FALSE
"2025_13_JAX_TEN","JAX",3,84,"Touchdown",1199,FALSE,TRUE
"2025_13_JAX_TEN","JAX",4,35,"Touchdown",958,FALSE,TRUE
"2025_13_JAX_TEN","JAX",6,71,"Punt",748,FALSE,FALSE
"2025_13_JAX_TEN","JAX",8,80,"Punt",552,FALSE,FALSE
"2025_13_JAX_TEN","JAX",10,80,"Punt",319,FALSE,FALSE
"2025_13_JAX_TEN","JAX",12,79,"Field goal",20,FALSE,TRUE
"2025_13_JAX_TEN","JAX",14,71,"Touchdown",1701,FALSE,TRUE
"2025_13_JAX_TEN","JAX",16,77,"Punt",1087,FALSE,FALSE
"2025_13_JAX_TEN","JAX",18,66,"Punt",795,FALSE,FALSE
"2025_13_JAX_TEN","JAX",20,52,"Punt",408,FALSE,FALSE
"2025_13_JAX_TEN","JAX",22,46,"End of half",109,TRUE,FALSE
"2025_13_JAX_TEN","TEN",2,80,"Field goal",1564,FALSE,TRUE
"2025_13_JAX_TEN","TEN",5,75,"Punt",894,FALSE,FALSE
"2025_13_JAX_TEN","TEN",7,72,"Punt",656,FALSE,FALSE
"2025_13_JAX_TEN","TEN",9,59,"Punt",427,FALSE,FALSE
"2025_13_JAX_TEN","TEN",11,42,"Turnover on downs",152,FALSE,FALSE
"2025_13_JAX_TEN","TEN",13,81,"Punt",1794,FALSE,FALSE
"2025_13_JAX_TEN","TEN",15,68,"Punt",1299,FALSE,FALSE
"2025_13_JAX_TEN","TEN",17,38,"Turnover on downs",846,FALSE,FALSE
"2025_13_JAX_TEN","TEN",19,65,"Turnover on downs",689,FALSE,FALSE
"2025_13_JAX_TEN","TEN",21,95,"Turnover",320,FALSE,FALSE
"2025_13_KC_DAL","DAL",1,73,"Turnover",1793,FALSE,FALSE
"2025_13_KC_DAL","DAL",3,75,"Touchdown",1678,FALSE,TRUE
"2025_13_KC_DAL","DAL",5,84,"Field goal",900,FALSE,TRUE
"2025_13_KC_DAL","DAL",7,85,"Touchdown",363,FALSE,TRUE
"2025_13_KC_DAL","DAL",9,86,"End of half",12,FALSE,FALSE
"2025_13_KC_DAL","DAL",11,97,"Punt",1638,FALSE,FALSE
"2025_13_KC_DAL","DAL",13,96,"Field goal",1325,FALSE,TRUE
"2025_13_KC_DAL","DAL",15,68,"Touchdown",886,FALSE,TRUE
"2025_13_KC_DAL","DAL",17,90,"Field goal",566,FALSE,TRUE
"2025_13_KC_DAL","DAL",19,68,"End of half",201,FALSE,FALSE
"2025_13_KC_DAL","KC",2,37,"Touchdown",1720,FALSE,TRUE
"2025_13_KC_DAL","KC",4,72,"Touchdown",1305,FALSE,TRUE
"2025_13_KC_DAL","KC",6,76,"Punt",614,FALSE,FALSE
"2025_13_KC_DAL","KC",8,68,"Punt",185,FALSE,FALSE
"2025_13_KC_DAL","KC",10,54,"Punt",1790,FALSE,FALSE
"2025_13_KC_DAL","KC",12,63,"Punt",1551,FALSE,FALSE
"2025_13_KC_DAL","KC",14,80,"Touchdown",1144,FALSE,TRUE
"2025_13_KC_DAL","KC",16,61,"Punt",669,FALSE,FALSE
"2025_13_KC_DAL","KC",18,67,"Touchdown",309,FALSE,TRUE
"2025_13_LA_CAR","CAR",2,69,"Touchdown",1624,FALSE,TRUE
"2025_13_LA_CAR","CAR",4,80,"Punt",1142,FALSE,FALSE
"2025_13_LA_CAR","CAR",7,74,"Field goal",761,FALSE,TRUE
"2025_13_LA_CAR","CAR",9,66,"Punt",109,FALSE,FALSE
"2025_13_LA_CAR","CAR",11,71,"Touchdown",1795,FALSE,TRUE
"2025_13_LA_CAR","CAR",13,76,"Punt",1318,FALSE,FALSE
"2025_13_LA_CAR","CAR",15,65,"Touchdown",598,FALSE,TRUE
"2025_13_LA_CAR","CAR",17,66,"End of half",145,FALSE,FALSE
"2025_13_LA_CAR","LA",1,35,"Touchdown",1794,FALSE,TRUE
"2025_13_LA_CAR","LA",3,68,"Turnover",1351,FALSE,FALSE
"2025_13_LA_CAR","LA",5,72,"Opp touchdown",1057,FALSE,FALSE
"2025_13_LA_CAR","LA",6,64,"Touchdown",966,FALSE,TRUE
"2025_13_LA_CAR","LA",8,80,"Touchdown",332,FALSE,TRUE
"2025_13_LA_CAR","LA",10,91,"End of half",14,TRUE,FALSE
"2025_13_LA_CAR","LA",12,72,"Punt",1422,FALSE,FALSE
"2025_13_LA_CAR","LA",14,89,"Touchdown",814,FALSE,TRUE
"2025_13_LA_CAR","LA",16,72,"Turnover",389,FALSE,FALSE
"2025_13_LV_LAC","LAC",2,74,"Touchdown",1691,FALSE,TRUE
"2025_13_LV_LAC","LAC",4,93,"Turnover",1008,FALSE,FALSE
"2025_13_LV_LAC","LAC",6,27,"Turnover on downs",468,FALSE,FALSE
"2025_13_LV_LAC","LAC",8,66,"Punt",102,FALSE,FALSE
"2025_13_LV_LAC","LAC",10,67,"Touchdown",1794,FALSE,TRUE
"2025_13_LV_LAC","LAC",12,86,"Punt",1616,FALSE,FALSE
"2025_13_LV_LAC","LAC",14,60,"Touchdown",1345,FALSE,TRUE
"2025_13_LV_LAC","LAC",16,42,"Field goal",951,FALSE,TRUE
"2025_13_LV_LAC","LAC",18,68,"Touchdown",464,FALSE,TRUE
"2025_13_LV_LAC","LAC",20,37,"End of half",45,TRUE,FALSE
"2025_13_LV_LAC","LV",1,63,"Punt",1794,FALSE,FALSE
"2025_13_LV_LAC","LV",3,72,"Punt",1155,FALSE,FALSE
"2025_13_LV_LAC","LV",5,98,"Turnover",515,FALSE,FALSE
"2025_13_LV_LAC","LV",7,82,"Touchdown",392,FALSE,TRUE
"2025_13_LV_LAC","LV",9,80,"End of half",20,TRUE,FALSE
"2025_13_LV_LAC","LV",11,65,"Punt",1743,FALSE,FALSE
"2025_13_LV_LAC","LV",13,70,"Punt",1477,FALSE,FALSE
"2025_13_LV_LAC","LV",15,66,"Turnover on downs",1038,FALSE,FALSE
"2025_13_LV_LAC","LV",17,65,"Touchdown",889,FALSE,TRUE
"2025_13_LV_LAC","LV",19,66,"Turnover on downs",108,FALSE,FALSE
"2025_13_MIN_SEA","MIN",1,67,"Punt",1792,FALSE,FALSE
"2025_13_MIN_SEA","MIN",3,87,"Punt",1247,FALSE,FALSE
"2025_13_MIN_SEA","MIN",5,73,"Punt",1048,FALSE,FALSE
"2025_13_MIN_SEA","MIN",7,71,"Punt",424,FALSE,FALSE
"2025_13_MIN_SEA","MIN",9,13,"Opp touchdown",321,FALSE,FALSE
"2025_13_MIN_SEA","MIN",10,68,"Punt",172,FALSE,FALSE
"2025_13_MIN_SEA","MIN",12,69,"End of half",3,TRUE,FALSE
"2025_13_MIN_SEA","MIN",14,68,"Turnover",1568,FALSE,FALSE
"2025_13_MIN_SEA","MIN",16,67,"Turnover",1088,FALSE,FALSE
"2025_13_MIN_SEA","MIN",18,80,"Turnover",806,FALSE,FALSE
"2025_13_MIN_SEA","MIN",20,75,"Turnover",551,FALSE,FALSE
"2025_13_MIN_SEA","MIN",21,37,"Turnover on downs",333,FALSE,FALSE
"2025_13_MIN_SEA","MIN",23,98,"End of half",51,FALSE,FALSE
"2025_13_MIN_SEA","SEA",2,96,"Punt",1571,FALSE,FALSE
"2025_13_MIN_SEA","SEA",4,86,"Punt",1107,FALSE,FALSE
"2025_13_MIN_SEA","SEA",6,68,"Field goal",986,FALSE,TRUE
"2025_13_MIN_SEA","SEA",8,78,"Turnover",326,FALSE,FALSE
"2025_13_MIN_SEA","SEA",11,55,"Field goal",58,FALSE,TRUE
"2025_13_MIN_SEA","SEA",13,80,"Field goal",1800,FALSE,TRUE
"2025_13_MIN_SEA","SEA",15,63,"Field goal",1421,FALSE,TRUE
"2025_13_MIN_SEA","SEA",17,79,"Punt",962,FALSE,FALSE
"2025_13_MIN_SEA","SEA",19,32,"Touchdown",772,FALSE,TRUE
"2025_13_MIN_SEA","SEA",22,53,"Punt",190,FALSE,FALSE
"2025_13_NO_MIA","MIA",1,69,"Touchdown",1794,FALSE,TRUE
"2025_13_NO_MIA","MIA",3,82,"Punt",1441,FALSE,FALSE
"2025_13_NO_MIA","MIA",5,80,"Punt",1289,FALSE,FALSE
"2025_13_NO_MIA","MIA",7,89,"Field goal",1021,FALSE,TRUE
"2025_13_NO_MIA","MIA",9,37,"Turnover",751,FALSE,FALSE
"2025_13_NO_MIA","MIA",11,51,"Field goal",695,FALSE,TRUE
"2025_13_NO_MIA","MIA",13,42,"Field goal",68,FALSE,TRUE
"2025_13_NO_MIA","MIA",15,73,"Punt",1535,FALSE,FALSE
"2025_13_NO_MIA","MIA",17,96,"Punt",1186,FALSE,FALSE
"2025_13_NO_MIA","MIA",19,53,"Field goal",804,FALSE,TRUE
"2025_13_NO_MIA","MIA",21,65,"Turnover on downs",368,FALSE,FALSE
"2025_13_NO_MIA","MIA",24,65,"End of half",29,TRUE,FALSE
"2025_13_NO_MIA","NO",2,73,"Punt",1573,FALSE,FALSE
"2025_13_NO_MIA","NO",4,66,"Punt",1383,FALSE,FALSE
"2025_13_NO_MIA","NO",6,56,"Punt",1147,FALSE,FALSE
"2025_13_NO_MIA","NO",8,62,"Turnover",841,FALSE,FALSE
"2025_13_NO_MIA","NO",10,80,"Punt",744,FALSE,FALSE
"2025_13_NO_MIA","NO",12,72,"Turnover",360,FALSE,FALSE
"2025_13_NO_MIA","NO",14,65,"Touchdown",1800,FALSE,TRUE
"2025_13_NO_MIA","NO",16,90,"Punt",1438,FALSE,FALSE
"2025_13_NO_MIA","NO",18,88,"Punt",915,FALSE,FALSE
"2025_13_NO_MIA","NO",20,74,"Field goal",571,FALSE,TRUE
"2025_13_NO_MIA","NO",22,55,"Touchdown",183,FALSE,TRUE
"2025_13_NO_MIA","NO",23,55,"Turnover on downs",75,FALSE,FALSE
"2025_13_NYG_NE","NE",1,53,"Field goal",1791,FALSE,TRUE
"2025_13_NYG_NE","NE",4,61,"Touchdown",1118,FALSE,TRUE
"2025_13_NYG_NE","NE",6,75,"Punt",761,FALSE,FALSE
"2025_13_NYG_NE","NE",8,58,"Touchdown",382,FALSE,TRUE
"2025_13_NYG_NE","NE",9,27,"Field goal",203,FALSE,TRUE
"2025_13_NYG_NE","NE",11,77,"Field goal",67,FALSE,TRUE
"2025_13_NYG_NE","NE",13,62,"Missed field goal",1545,FALSE,FALSE
"2025_13_NYG_NE","NE",15,77,"Punt",888,FALSE,FALSE
"2025_13_NYG_NE","NE",17,63,"Field goal",461,FALSE,TRUE
"2025_13_NYG_NE","NE",19,58,"End of half",68,TRUE,FALSE
"2025_13_NYG_NE","NYG",2,75,"Opp touchdown",1447,FALSE,FALSE
"2025_13_NYG_NE","NYG",3,70,"Punt",1210,FALSE,FALSE
"2025_13_NYG_NE","NYG",5,62,"Touchdown",953,FALSE,TRUE
"2025_13_NYG_NE","NYG",7,56,"Turnover on downs",638,FALSE,FALSE
"2025_13_NYG_NE","NYG",10,69,"Punt",102,FALSE,FALSE
"2025_13_NYG_NE","NYG",12,71,"Turnover on downs",1795,FALSE,FALSE
"2025_13_NYG_NE","NYG",14,65,"Touchdown",1149,FALSE,TRUE
"2025_13_NYG_NE","NYG",16,86,"Punt",646,FALSE,FALSE
"2025_13_NYG_NE","NYG",18,65,"Turnover on downs",134,FALSE,FALSE
"2025_13_SF_CLE","CLE",2,87,"Punt",1692,FALSE,FALSE
"2025_13_SF_CLE","CLE",4,70,"Turnover on downs",1387,FALSE,FALSE
"2025_13_SF_CLE","CLE",6,61,"Punt",988,FALSE,FALSE
"2025_13_SF_CLE","CLE",8,90,"Touchdown",381,FALSE,TRUE
"2025_13_SF_CLE","CLE",10,73,"Punt",1795,FALSE,FALSE
"2025_13_SF_CLE","CLE",12,76,"Turnover",1446,FALSE,FALSE
"2025_13_SF_CLE","CLE",14,95,"Punt",988,FALSE,FALSE
"2025_13_SF_CLE","CLE",17,68,"Turnover on downs",660,FALSE,FALSE
"2025_13_SF_CLE","CLE",19,65,"Turnover on downs",249,FALSE,FALSE
"2025_13_SF_CLE","SF",1,75,"Punt",1795,FALSE,FALSE
"2025_13_SF_CLE","SF",3,16,"Touchdown",1522,FALSE,TRUE
"2025_13_SF_CLE","SF",5,79,"Punt",1079,FALSE,FALSE
"2025_13_SF_CLE","SF",7,80,"Punt",744,FALSE,FALSE
"2025_13_SF_CLE","SF",9,65,"Field goal",39,FALSE,TRUE
"2025_13_SF_CLE","SF",11,78,"Punt",1631,FALSE,FALSE
"2025_13_SF_CLE","SF",13,32,"Touchdown",1325,FALSE,TRUE
"2025_13_SF_CLE","SF",15,47,"Punt",928,FALSE,FALSE
"2025_13_SF_CLE","SF",16,18,"Touchdown",807,FALSE,TRUE
"2025_13_SF_CLE","SF",18,42,"Field goal",444,FALSE,TRUE
"2025_13_SF_CLE","SF",20,62,"End of half",100,FALSE,FALSE
"2025_14_CHI_GB","CHI",1,72,"Punt",1796,FALSE,FALSE
"2025_14_CHI_GB","CHI",3,36,"Punt",1247,FALSE,FALSE
"2025_14_CHI_GB","CHI",5,75,"Punt",1081,FALSE,FALSE
"2025_14_CHI_GB","CHI",7,74,"Field goal",554,FALSE,TRUE
"2025_14_CHI_GB","CHI",9,74,"Punt",33,FALSE,FALSE
"2025_14_CHI_GB","CHI",11,64,"Touchdown",1736,FALSE,TRUE
"2025_14_CHI_GB","CHI",13,60,"Field goal",1270,FALSE,TRUE
"2025_14_CHI_GB","CHI",15,83,"Touchdown",992,FALSE,TRUE
"2025_14_CHI_GB","CHI",17,74,"Turnover",206,FALSE,FALSE
"2025_14_CHI_GB","GB",2,89,"Turnover",1722,FALSE,FALSE
"2025_14_CHI_GB","GB",4,89,"Punt",1224,FALSE,FALSE
"2025_14_CHI_GB","GB",6,80,"Touchdown",909,FALSE,TRUE
"2025_14_CHI_GB","GB",8,60,"Touchdown",74,FALSE,TRUE
"2025_14_CHI_GB","GB",10,65,"Punt",1795,FALSE,FALSE
"2025_14_CHI_GB","GB",12,63,"Touchdown",1388,FALSE,TRUE
"2025_14_CHI_GB","GB",14,73,"Punt",1090,FALSE,FALSE
"2025_14_CHI_GB","GB",16,65,"Touchdown",480,FALSE,TRUE
"2025_14_CHI_GB","GB",18,80,"End of half",22,TRUE,FALSE
"2025_14_CIN_BUF","BUF",2,77,"Field goal",1298,FALSE,TRUE
"2025_14_CIN_BUF","BUF",4,70,"Touchdown",806,FALSE,TRUE
"2025_14_CIN_BUF","BUF",6,68,"Turnover on downs",191,FALSE,FALSE
"2025_14_CIN_BUF","BUF",8,74,"End of half",10,TRUE,FALSE
"2025_14_CIN_BUF","BUF",9,75,"Touchdown",1793,FALSE,TRUE
"2025_14_CIN_BUF","BUF",11,72,"Turnover",1389,FALSE,FALSE
"2025_14_CIN_BUF","BUF",13,68,"Touchdown",514,FALSE,TRUE
"2025_14_CIN_BUF","BUF",16,29,"Touchdown",311,FALSE,TRUE
"2025_14_CIN_BUF","BUF",18,70,"End of half",127,FALSE,FALSE
"2025_14_CIN_BUF","CIN",1,67,"Touchdown",1794,FALSE,TRUE
"2025_14_CIN_BUF","CIN",3,55,"Touchdown",1008,FALSE,TRUE
"2025_14_CIN_BUF","CIN",5,69,"Touchdown",441,FALSE,TRUE
"2025_14_CIN_BUF","CIN",7,56,"Punt",71,FALSE,FALSE
"2025_14_CIN_BUF","CIN",10,73,"Punt",1452,FALSE,FALSE
"2025_14_CIN_BUF","CIN",12,80,"Touchdown",946,FALSE,TRUE
"2025_14_CIN_BUF","CIN",14,67,"Opp touchdown",447,FALSE,FALSE
"2025_14_CIN_BUF","CIN",15,66,"Turnover",319,FALSE,FALSE
"2025_14_CIN_BUF","CIN",17,66,"Touchdown",177,FALSE,TRUE
"2025_14_DAL_DET","DAL",2,68,"Field goal",1540,FALSE,TRUE
"2025_14_DAL_DET","DAL",4,95,"Punt",1327,FALSE,FALSE
"2025_14_DAL_DET","DAL",6,70,"Field goal",1030,FALSE,TRUE
"2025_14_DAL_DET","DAL",8,79,"Turnover",501,FALSE,FALSE
"2025_14_DAL_DET","DAL",10,80,"Field goal",258,FALSE,TRUE
"2025_14_DAL_DET","DAL",12,70,"Turnover",1795,FALSE,FALSE
"2025_14_DAL_DET","DAL",14,65,"Touchdown",1754,FALSE,TRUE
"2025_14_DAL_DET","DAL",16,58,"Field goal",1245,FALSE,TRUE
"2025_14_DAL_DET","DAL",18,70,"Touchdown",705,FALSE,TRUE
"2025_14_DAL_DET","DAL",20,67,"Field goal",432,FALSE,TRUE
"2025_14_DAL_DET","DAL",22,69,"Turnover",131,FALSE,FALSE
"2025_14_DAL_DET","DET",1,64,"Field goal",1795,FALSE,TRUE
"2025_14_DAL_DET","DET",3,53,"Punt",1381,FALSE,FALSE
"2025_14_DAL_DET","DET",5,42,"Touchdown",1224,FALSE,TRUE
"2025_14_DAL_DET","DET",7,71,"Punt",558,FALSE,FALSE
"2025_14_DAL_DET","DET",9,53,"Touchdown",375,FALSE,TRUE
"2025_14_DAL_DET","DET",11,74,"Field goal",45,FALSE,TRUE
"2025_14_DAL_DET","DET",13,14,"Touchdown",1788,FALSE,TRUE
"2025_14_DAL_DET","DET",15,68,"Missed field goal",1534,FALSE,FALSE
"2025_14_DAL_DET","DET",17,68,"Field goal",1064,FALSE,TRUE
"2025_14_DAL_DET","DET",19,59,"Touchdown",585,FALSE,TRUE
"2025_14_DAL_DET","DET",21,51,"Touchdown",214,FALSE,TRUE
"2025_14_DAL_DET","DET",23,86,"End of half",66,TRUE,FALSE
"2025_14_DEN_LV","DEN",1,81,"Touchdown",1795,FALSE,TRUE
"2025_14_DEN_LV","DEN",3,81,"Punt",892,FALSE,FALSE
"2025_14_DEN_LV","DEN",6,88,"Turnover on downs",282,FALSE,FALSE
"2025_14_DEN_LV","DEN",8,44,"End of half",3,FALSE,FALSE
"2025_14_DEN_LV","DEN",10,91,"Touchdown",1698,FALSE,TRUE
"2025_14_DEN_LV","DEN",12,95,"Field goal",853,FALSE,TRUE
"2025_14_DEN_LV","DEN",14,44,"Turnover on downs",134,FALSE,FALSE
"2025_14_DEN_LV","LV",2,70,"Touchdown",1259,FALSE,TRUE
"2025_14_DEN_LV","LV",4,95,"Opp touchdown",603,FALSE,FALSE
"2025_14_DEN_LV","LV",5,69,"Punt",381,FALSE,FALSE
"2025_14_DEN_LV","LV",7,59,"Turnover on downs",22,FALSE,FALSE
"2025_14_DEN_LV","LV",9,69,"Punt",1794,FALSE,FALSE
"2025_14_DEN_LV","LV",11,60,"Turnover on downs",1145,FALSE,FALSE
"2025_14_DEN_LV","LV",13,65,"Touchdown",236,FALSE,TRUE
"2025_14_DEN_LV","LV",15,72,"Field goal",58,FALSE,TRUE
"2025_14_HOU_KC","HOU",2,87,"Punt",1724,FALSE,FALSE
"2025_14_HOU_KC","HOU",4,67,"Field goal",1305,FALSE,TRUE
"2025_14_HOU_KC","HOU",6,90,"Touchdown",894,FALSE,TRUE
"2025_14_HOU_KC","HOU",8,57,"Punt",514,FALSE,FALSE
"2025_14_HOU_KC","HOU",10,67,"End of half",60,FALSE,FALSE
"2025_14_HOU_KC","HOU",11,83,"Punt",1795,FALSE,FALSE
"2025_14_HOU_KC","HOU",13,65,"Punt",1492,FALSE,FALSE
"2025_14_HOU_KC","HOU",15,88,"Punt",1236,FALSE,FALSE
"2025_14_HOU_KC","HOU",17,77,"Punt",1006,FALSE,FALSE
"2025_14_HOU_KC","HOU",19,84,"Punt",893,FALSE,FALSE
"2025_14_HOU_KC","HOU",21,31,"Touchdown",618,FALSE,TRUE
"2025_14_HOU_KC","HOU",23,41,"Punt",326,FALSE,FALSE
"2025_14_HOU_KC","HOU",25,26,"Field goal",212,FALSE,TRUE
"2025_14_HOU_KC","KC",1,67,"Punt",1795,FALSE,FALSE
"2025_14_HOU_KC","KC",3,75,"Punt",1456,FALSE,FALSE
"2025_14_HOU_KC","KC",5,77,"Punt",1149,FALSE,FALSE
"2025_14_HOU_KC","KC",7,65,"Turnover",558,FALSE,FALSE
"2025_14_HOU_KC","KC",9,97,"Missed field goal",331,FALSE,FALSE
"2025_14_HOU_KC","KC",12,56,"Touchdown",1740,FALSE,TRUE
"2025_14_HOU_KC","KC",14,96,"Punt",1443,FALSE,FALSE
"2025_14_HOU_KC","KC",16,48,"Field goal",1175,FALSE,TRUE
"2025_14_HOU_KC","KC",18,62,"Turnover",944,FALSE,FALSE
"2025_14_HOU_KC","KC",20,78,"Turnover on downs",685,FALSE,FALSE
"2025_14_HOU_KC","KC",22,65,"Turnover on downs",416,FALSE,FALSE
"2025_14_HOU_KC","KC",24,92,"Turnover",224,FALSE,FALSE
"2025_14_HOU_KC","KC",26,70,"End of half",22,FALSE,FALSE
"2025_14_IND_JAX","IND",2,80,"Turnover",1684,FALSE,FALSE
"2025_14_IND_JAX","IND",4,76,"Touchdown",1530,FALSE,TRUE
"2025_14_IND_JAX","IND",6,65,"Punt",1047,FALSE,FALSE
"2025_14_IND_JAX","IND",8,81,"Turnover",827,FALSE,FALSE
"2025_14_IND_JAX","IND",10,73,"Field goal",765,FALSE,TRUE
"2025_14_IND_JAX","IND",12,53,"Turnover on downs",149,FALSE,FALSE
"2025_14_IND_JAX","IND",14,70,"End of half",2,TRUE,FALSE
"2025_14_IND_JAX","IND",15,74,"Field goal",1795,FALSE,TRUE
"2025_14_IND_JAX","IND",17,69,"Punt",1435,FALSE,FALSE
"2025_14_IND_JAX","IND",19,65,"Turnover",838,FALSE,FALSE
"2025_14_IND_JAX","IND",21,91,"Safety",421,FALSE,FALSE
"2025_14_IND_JAX","IND",23,65,"Touchdown",281,FALSE,TRUE
"2025_14_IND_JAX","JAX",1,74,"Punt",1796,FALSE,FALSE
"2025_14_IND_JAX","JAX",3,21,"Touchdown",1674,FALSE,TRUE
"2025_14_IND_JAX","JAX",5,74,"Touchdown",1163,FALSE,TRUE
"2025_14_IND_JAX","JAX",7,71,"Punt",887,FALSE,FALSE
"2025_14_IND_JAX","JAX",9,28,"Touchdown",779,FALSE,TRUE
"2025_14_IND_JAX","JAX",11,71,"Turnover",288,FALSE,FALSE
"2025_14_IND_JAX","JAX",13,55,"Touchdown",105,FALSE,TRUE
"2025_14_IND_JAX","JAX",16,78,"Punt",1491,FALSE,FALSE
"2025_14_IND_JAX","JAX",18,76,"Field goal",1306,FALSE,TRUE
"2025_14_IND_JAX","JAX",20,55,"Turnover on downs",770,FALSE,FALSE
"2025_14_IND_JAX","JAX",22,31,"Field goal",416,FALSE,TRUE
"2025_14_IND_JAX","JAX",24,69,"End of half",104,TRUE,FALSE
"2025_14_LA_ARI","ARI",1,67,"Touchdown",1794,FALSE,TRUE
"2025_14_LA_ARI","ARI",3,80,"Punt",1360,FALSE,FALSE
"2025_14_LA_ARI","ARI",5,82,"Field goal",985,FALSE,TRUE
"2025_14_LA_ARI","ARI",7,65,"Punt",167,FALSE,FALSE
"2025_14_LA_ARI","ARI",9,65,"Missed field goal",12,FALSE,FALSE
"2025_14_LA_ARI","ARI",11,65,"Punt",1509,FALSE,FALSE
"2025_14_LA_ARI","ARI",13,90,"Punt",1155,FALSE,FALSE
"2025_14_LA_ARI","ARI",15,80,"Turnover",961,FALSE,FALSE
"2025_14_LA_ARI","ARI",17,80,"Punt",909,FALSE,FALSE
"2025_14_LA_ARI","ARI",19,65,"Touchdown",826,FALSE,TRUE
"2025_14_LA_ARI","ARI",21,80,"Turnover on downs",508,FALSE,FALSE
"2025_14_LA_ARI","LA",2,68,"Field goal",1619,FALSE,TRUE
"2025_14_LA_ARI","LA",4,74,"Touchdown",1195,FALSE,TRUE
"2025_14_LA_ARI","LA",6,65,"Touchdown",508,FALSE,TRUE
"2025_14_LA_ARI","LA",8,92,"Touchdown",102,FALSE,TRUE
"2025_14_LA_ARI","LA",10,74,"Touchdown",1795,FALSE,TRUE
"2025_14_LA_ARI","LA",12,84,"Punt",1447,FALSE,FALSE
"2025_14_LA_ARI","LA",14,61,"Punt",1081,FALSE,FALSE
"2025_14_LA_ARI","LA",16,31,"Touchdown",918,FALSE,TRUE
"2025_14_LA_ARI","LA",18,48,"Touchdown",836,FALSE,TRUE
"2025_14_LA_ARI","LA",20,60,"Punt",668,FALSE,FALSE
"2025_14_LA_ARI","LA",22,84,"End of half",317,FALSE,FALSE
"2025_14_MIA_NYJ","MIA",1,69,"Touchdown",1796,FALSE,TRUE
"2025_14_MIA_NYJ","MIA",3,80,"Touchdown",1604,FALSE,TRUE
"2025_14_MIA_NYJ","MIA",5,29,"Touchdown",1347,FALSE,TRUE
"2025_14_MIA_NYJ","MIA",7,88,"Opp touchdown",1027,FALSE,FALSE
"2025_14_MIA_NYJ","MIA",8,67,"Punt",916,FALSE,FALSE
"2025_14_MIA_NYJ","MIA",10,59,"Punt",705,FALSE,FALSE
"2025_14_MIA_NYJ","MIA",12,80,"Field goal",430,FALSE,TRUE
"2025_14_MIA_NYJ","MIA",14,95,"Punt",30,FALSE,FALSE
"2025_14_MIA_NYJ","MIA",17,93,"Punt",1631,FALSE,FALSE
"2025_14_MIA_NYJ","MIA",19,71,"Punt",1402,FALSE,FALSE
"2025_14_MIA_NYJ","MIA",21,67,"Touchdown",728,FALSE,TRUE
"2025_14_MIA_NYJ","MIA",23,42,"Field goal",270,FALSE,TRUE
"2025_14_MIA_NYJ","MIA",25,80,"End of half",74,TRUE,FALSE
"2025_14_MIA_NYJ","NYJ",2,59,"Punt",1659,FALSE,FALSE
"2025_14_MIA_NYJ","NYJ",4,80,"Turnover",1428,FALSE,FALSE
"2025_14_MIA_NYJ","NYJ",6,65,"Punt",1119,FALSE,FALSE
"2025_14_MIA_NYJ","NYJ",9,87,"Punt",842,FALSE,FALSE
"2025_14_MIA_NYJ","NYJ",11,80,"Punt",593,FALSE,FALSE
"2025_14_MIA_NYJ","NYJ",13,65,"Turnover",116,FALSE,FALSE
"2025_14_MIA_NYJ","NYJ",15,46,"End of half",10,FALSE,FALSE
"2025_14_MIA_NYJ","NYJ",16,68,"Punt",1795,FALSE,FALSE
"2025_14_MIA_NYJ","NYJ",18,73,"Punt",1532,FALSE,FALSE
"2025_14_MIA_NYJ","NYJ",20,77,"Field goal",1058,FALSE,TRUE
"2025_14_MIA_NYJ","NYJ",22,64,"Turnover on downs",372,FALSE,FALSE
"2025_14_MIA_NYJ","NYJ",24,60,"Turnover",144,FALSE,FALSE
"2025_14_NO_TB","NO",1,45,"Touchdown",1791,FALSE,TRUE
"2025_14_NO_TB","NO",3,77,"Punt",1372,FALSE,FALSE
"2025_14_NO_TB","NO",5,48,"Missed field goal",957,FALSE,FALSE
"2025_14_NO_TB","NO",7,84,"Turnover",699,FALSE,FALSE
"2025_14_NO_TB","NO",9,72,"Punt",542,FALSE,FALSE
"2025_14_NO_TB","NO",11,51,"Turnover on downs",156,FALSE,FALSE
"2025_14_NO_TB","NO",14,47,"Touchdown",1666,FALSE,TRUE
"2025_14_NO_TB","NO",16,65,"Field goal",1352,FALSE,TRUE
"2025_14_NO_TB","NO",18,53,"Touchdown",768,FALSE,TRUE
"2025_14_NO_TB","NO",20,82,"Punt",288,FALSE,FALSE
"2025_14_NO_TB","NO",22,29,"End of half",81,TRUE,FALSE
"2025_14_NO_TB","TB",2,67,"Touchdown",1639,FALSE,TRUE
"2025_14_NO_TB","TB",4,80,"Turnover on downs",1270,FALSE,FALSE
"2025_14_NO_TB","TB",6,62,"Punt",821,FALSE,FALSE
"2025_14_NO_TB","TB",8,40,"Field goal",668,FALSE,TRUE
"2025_14_NO_TB","TB",10,72,"Turnover on downs",389,FALSE,FALSE
"2025_14_NO_TB","TB",12,55,"Turnover on downs",53,FALSE,FALSE
"2025_14_NO_TB","TB",13,80,"Turnover",1800,FALSE,FALSE
"2025_14_NO_TB","TB",15,65,"Touchdown",1587,FALSE,TRUE
"2025_14_NO_TB","TB",17,72,"Turnover on downs",987,FALSE,FALSE
"2025_14_NO_TB","TB",19,60,"Field goal",506,FALSE,TRUE
"2025_14_NO_TB","TB",21,80,"Turnover on downs",108,FALSE,FALSE
"2025_14_PHI_LAC","LAC",2,80,"Touchdown",1598,FALSE,TRUE
"2025_14_PHI_LAC","LAC",4,66,"Punt",1097,FALSE,FALSE
"2025_14_PHI_LAC","LAC",6,78,"Punt",882,FALSE,FALSE
"2025_14_PHI_LAC","LAC",8,57,"Field goal",499,FALSE,TRUE
"2025_14_PHI_LAC","LAC",10,30,"Turnover",278,FALSE,FALSE
"2025_14_PHI_LAC","LAC",12,69,"Turnover",43,FALSE,FALSE
"2025_14_PHI_LAC","LAC",14,67,"Field goal",1794,FALSE,TRUE
"2025_14_PHI_LAC","LAC",16,75,"Punt",1095,FALSE,FALSE
"2025_14_PHI_LAC","LAC",18,74,"Punt",886,FALSE,FALSE
"2025_14_PHI_LAC","LAC",20,35,"Field goal",663,FALSE,TRUE
"2025_14_PHI_LAC","LAC",22,75,"Punt",346,FALSE,FALSE
"2025_14_PHI_LAC","LAC",24,72,"Field goal",131,FALSE,TRUE
"2025_14_PHI_LAC","LAC",26,70,"Field goal",595,FALSE,TRUE
"2025_14_PHI_LAC","PHI",1,67,"Punt",1795,FALSE,FALSE
"2025_14_PHI_LAC","PHI",3,65,"Field goal",1429,FALSE,TRUE
"2025_14_PHI_LAC","PHI",5,90,"Punt",970,FALSE,FALSE
"2025_14_PHI_LAC","PHI",7,74,"Turnover",755,FALSE,FALSE
"2025_14_PHI_LAC","PHI",9,72,"Turnover",290,FALSE,FALSE
"2025_14_PHI_LAC","PHI",11,58,"Field goal",271,FALSE,TRUE
"2025_14_PHI_LAC","PHI",13,30,"Missed field goal",10,FALSE,FALSE
"2025_14_PHI_LAC","PHI",15,64,"Field goal",1224,FALSE,TRUE
"2025_14_PHI_LAC","PHI",17,61,"Touchdown",938,FALSE,TRUE
"2025_14_PHI_LAC","PHI",19,73,"Turnover",709,FALSE,FALSE
"2025_14_PHI_LAC","PHI",21,71,"Punt",441,FALSE,FALSE
"2025_14_PHI_LAC","PHI",23,60,"Field goal",213,FALSE,TRUE
"2025_14_PHI_LAC","PHI",25,72,"End of half",3,TRUE,FALSE
"2025_14_PHI_LAC","PHI",27,69,"Turnover",378,FALSE,FALSE
"2025_14_PIT_BAL","BAL",1,73,"Field goal",1794,FALSE,TRUE
"2025_14_PIT_BAL","BAL",3,74,"Punt",1328,FALSE,FALSE
"2025_14_PIT_BAL","BAL",5,89,"Punt",1087,FALSE,FALSE
"2025_14_PIT_BAL","BAL",7,74,"Turnover",633,FALSE,FALSE
"2025_14_PIT_BAL","BAL",9,60,"Touchdown",365,FALSE,TRUE
"2025_14_PIT_BAL","BAL",12,71,"Touchdown",1552,FALSE,TRUE
"2025_14_PIT_BAL","BAL",14,64,"Field goal",1104,FALSE,TRUE
"2025_14_PIT_BAL","BAL",16,68,"Field goal",679,FALSE,TRUE
"2025_14_PIT_BAL","BAL",18,78,"Turnover on downs",341,FALSE,FALSE
"2025_14_PIT_BAL","BAL",20,74,"End of half",116,FALSE,FALSE
"2025_14_PIT_BAL","PIT",2,65,"Touchdown",1552,FALSE,TRUE
"2025_14_PIT_BAL","PIT",4,68,"Punt",1193,FALSE,FALSE
"2025_14_PIT_BAL","PIT",6,80,"Field goal",925,FALSE,TRUE
"2025_14_PIT_BAL","PIT",8,36,"Touchdown",561,FALSE,TRUE
"2025_14_PIT_BAL","PIT",10,74,"End of half",11,TRUE,FALSE
"2025_14_PIT_BAL","PIT",11,60,"Field goal",1800,FALSE,TRUE
"2025_14_PIT_BAL","PIT",13,80,"Touchdown",1355,FALSE,TRUE
"2025_14_PIT_BAL","PIT",15,77,"Punt",817,FALSE,FALSE
"2025_14_PIT_BAL","PIT",17,59,"Punt",424,FALSE,FALSE
"2025_14_PIT_BAL","PIT",19,92,"Punt",142,FALSE,FALSE
"2025_14_SEA_ATL","ATL",1,77,"Punt",1795,FALSE,FALSE
"2025_14_SEA_ATL","ATL",3,39,"Field goal",1458,FALSE,TRUE
"2025_14_SEA_ATL","ATL",5,71,"Punt",943,FALSE,FALSE
"2025_14_SEA_ATL","ATL",7,30,"Missed field goal",569,FALSE,FALSE
"2025_14_SEA_ATL","ATL",9,88,"Field goal",349,FALSE,TRUE
"2025_14_SEA_ATL","ATL",12,65,"Turnover",1788,FALSE,FALSE
"2025_14_SEA_ATL","ATL",14,65,"Turnover",1276,FALSE,FALSE
"2025_14_SEA_ATL","ATL",16,68,"Field goal",1052,FALSE,TRUE
"2025_14_SEA_ATL","ATL",18,65,"Turnover",733,FALSE,FALSE
"2025_14_SEA_ATL","ATL",20,48,"Turnover on downs",500,FALSE,FALSE
"2025_14_SEA_ATL","ATL",22,96,"End of half",21,FALSE,FALSE
"2025_14_SEA_ATL","SEA",2,89,"Punt",1594,FALSE,FALSE
"2025_14_SEA_ATL","SEA",4,74,"Field goal",1328,FALSE,TRUE
"2025_14_SEA_ATL","SEA",6,90,"Turnover",683,FALSE,FALSE
"2025_14_SEA_ATL","SEA",8,66,"Punt",452,FALSE,FALSE
"2025_14_SEA_ATL","SEA",10,75,"Field goal",57,FALSE,TRUE
"2025_14_SEA_ATL","SEA",13,88,"Touchdown",1578,FALSE,TRUE
"2025_14_SEA_ATL","SEA",15,47,"Field goal",1194,FALSE,TRUE
"2025_14_SEA_ATL","SEA",17,60,"Touchdown",897,FALSE,TRUE
"2025_14_SEA_ATL","SEA",19,35,"Touchdown",689,FALSE,TRUE
"2025_14_SEA_ATL","SEA",21,96,"Punt",307,FALSE,FALSE
"2025_14_TEN_CLE","CLE",2,85,"Punt",1482,FALSE,FALSE
"2025_14_TEN_CLE","CLE",4,39,"Field goal",1125,FALSE,TRUE
"2025_14_TEN_CLE","CLE",6,60,"Touchdown",989,FALSE,TRUE
"2025_14_TEN_CLE","CLE",8,91,"Punt",699,FALSE,FALSE
"2025_14_TEN_CLE","CLE",10,74,"Touchdown",222,FALSE,TRUE
"2025_14_TEN_CLE","CLE",12,82,"End of half",26,FALSE,FALSE
"2025_14_TEN_CLE","CLE",13,78,"Punt",1795,FALSE,FALSE
"2025_14_TEN_CLE","CLE",15,72,"Punt",1498,FALSE,FALSE
"2025_14_TEN_CLE","CLE",17,77,"Punt",1355,FALSE,FALSE
"2025_14_TEN_CLE","CLE",19,80,"Turnover",1092,FALSE,FALSE
"2025_14_TEN_CLE","CLE",21,77,"Punt",945,FALSE,FALSE
"2025_14_TEN_CLE","CLE",23,80,"Turnover",667,FALSE,FALSE
"2025_14_TEN_CLE","CLE",25,74,"Punt",564,FALSE,FALSE
"2025_14_TEN_CLE","CLE",27,66,"Touchdown",371,FALSE,TRUE
"2025_14_TEN_CLE","CLE",29,80,"Touchdown",163,FALSE,TRUE
"2025_14_TEN_CLE","TEN",1,53,"Touchdown",1794,FALSE,TRUE
"2025_14_TEN_CLE","TEN",3,46,"Turnover",1327,FALSE,FALSE
"2025_14_TEN_CLE","TEN",5,65,"Touchdown",1002,FALSE,TRUE
"2025_14_TEN_CLE","TEN",7,65,"Punt",864,FALSE,FALSE
"2025_14_TEN_CLE","TEN",9,85,"Punt",405,FALSE,FALSE
"2025_14_TEN_CLE","TEN",11,65,"Punt",167,FALSE,FALSE
"2025_14_TEN_CLE","TEN",14,75,"Punt",1597,FALSE,FALSE
"2025_14_TEN_CLE","TEN",16,76,"Punt",1403,FALSE,FALSE
"2025_14_TEN_CLE","TEN",18,66,"Punt",1256,FALSE,FALSE
"2025_14_TEN_CLE","TEN",20,38,"Touchdown",1001,FALSE,TRUE
"2025_14_TEN_CLE","TEN",22,74,"Punt",831,FALSE,FALSE
"2025_14_TEN_CLE","TEN",24,8,"Touchdown",654,FALSE,TRUE
"2025_14_TEN_CLE","TEN",26,29,"Field goal",504,FALSE,TRUE
"2025_14_TEN_CLE","TEN",28,65,"Punt",267,FALSE,FALSE
"2025_14_TEN_CLE","TEN",30,46,"End of half",62,FALSE,FALSE
"2025_14_WAS_MIN","MIN",1,61,"Touchdown",1794,FALSE,TRUE
"2025_14_WAS_MIN","MIN",3,98,"Touchdown",1062,FALSE,TRUE
"2025_14_WAS_MIN","MIN",5,79,"Punt",258,FALSE,FALSE
"2025_14_WAS_MIN","MIN",7,86,"End of half",17,TRUE,FALSE
"2025_14_WAS_MIN","MIN",9,30,"Field goal",1396,FALSE,TRUE
"2025_14_WAS_MIN","MIN",11,37,"Touchdown",1197,FALSE,TRUE
"2025_14_WAS_MIN","MIN",13,66,"Touchdown",978,FALSE,TRUE
"2025_14_WAS_MIN","MIN",15,83,"End of half",473,FALSE,FALSE
"2025_14_WAS_MIN","WAS",2,85,"Turnover on downs",1552,FALSE,FALSE
"2025_14_WAS_MIN","WAS",4,76,"Punt",337,FALSE,FALSE
"2025_14_WAS_MIN","WAS",6,67,"Punt",105,FALSE,FALSE
"2025_14_WAS_MIN","WAS",8,77,"Turnover",1796,FALSE,FALSE
"2025_14_WAS_MIN","WAS",10,80,"Turnover",1321,FALSE,FALSE
"2025_14_WAS_MIN","WAS",12,70,"Punt",1069,FALSE,FALSE
"2025_14_WAS_MIN","WAS",14,65,"Turnover",686,FALSE,FALSE
"2025_15_ARI_HOU","ARI",3,78,"Punt",1615,FALSE,FALSE
"2025_15_ARI_HOU","ARI",5,71,"Touchdown",1265,FALSE,TRUE
"2025_15_ARI_HOU","ARI",7,71,"Punt",536,FALSE,FALSE
"2025_15_ARI_HOU","ARI",9,71,"Turnover on downs",98,FALSE,FALSE
"2025_15_ARI_HOU","ARI",11,75,"Turnover",1795,FALSE,FALSE
"2025_15_ARI_HOU","ARI",13,71,"Touchdown",1168,FALSE,TRUE
"2025_15_ARI_HOU","ARI",15,73,"Touchdown",809,FALSE,TRUE
"2025_15_ARI_HOU","ARI",17,96,"Punt",524,FALSE,FALSE
"2025_15_ARI_HOU","ARI",19,65,"Turnover on downs",189,FALSE,FALSE
"2025_15_ARI_HOU","HOU",1,59,"Touchdown",1793,FALSE,TRUE
"2025_15_ARI_HOU","HOU",2,22,"Field goal",1743,FALSE,TRUE
"2025_15_ARI_HOU","HOU",4,49,"Touchdown",1523,FALSE,TRUE
"2025_15_ARI_HOU","HOU",6,65,"Field goal",821,FALSE,TRUE
"2025_15_ARI_HOU","HOU",8,79,"Field goal",448,FALSE,TRUE
"2025_15_ARI_HOU","HOU",10,52,"Missed field goal",36,FALSE,FALSE
"2025_15_ARI_HOU","HOU",12,80,"Touchdown",1435,FALSE,TRUE
"2025_15_ARI_HOU","HOU",14,26,"Field goal",923,FALSE,TRUE
"2025_15_ARI_HOU","HOU",16,65,"Punt",661,FALSE,FALSE
"2025_15_ARI_HOU","HOU",18,55,"Touchdown",455,FALSE,TRUE
"2025_15_ARI_HOU","HOU",20,55,"End of half",73,TRUE,FALSE
"2025_15_ATL_TB","ATL",2,94,"Punt",1653,FALSE,FALSE
"2025_15_ATL_TB","ATL",4,65,"Touchdown",998,FALSE,TRUE
"2025_15_ATL_TB","ATL",6,71,"Punt",575,FALSE,FALSE
"2025_15_ATL_TB","ATL",8,65,"Touchdown",124,FALSE,TRUE
"2025_15_ATL_TB","ATL",10,65,"Punt",1800,FALSE,FALSE
"2025_15_ATL_TB","ATL",12,65,"Punt",1282,FALSE,FALSE
"2025_15_ATL_TB","ATL",14,87,"Turnover",953,FALSE,FALSE
"2025_15_ATL_TB","ATL",16,65,"Touchdown",814,FALSE,TRUE
"2025_15_ATL_TB","ATL",18,67,"Touchdown",502,FALSE,TRUE
"2025_15_ATL_TB","ATL",20,70,"Field goal",109,FALSE,TRUE
"2025_15_ATL_TB","TB",1,66,"Punt",1793,FALSE,FALSE
"2025_15_ATL_TB","TB",3,83,"Touchdown",1282,FALSE,TRUE
"2025_15_ATL_TB","TB",5,80,"Punt",731,FALSE,FALSE
"2025_15_ATL_TB","TB",7,80,"Field goal",389,FALSE,TRUE
"2025_15_ATL_TB","TB",9,74,"Field goal",33,FALSE,TRUE
"2025_15_ATL_TB","TB",11,90,"Touchdown",1596,FALSE,TRUE
"2025_15_ATL_TB","TB",13,90,"Punt",1166,FALSE,FALSE
"2025_15_ATL_TB","TB",15,25,"Touchdown",906,FALSE,TRUE
"2025_15_ATL_TB","TB",17,60,"Turnover",577,FALSE,FALSE
"2025_15_ATL_TB","TB",19,73,"Punt",209,FALSE,FALSE
"2025_15_BAL_CIN","BAL",1,66,"Punt",1794,FALSE,FALSE
"2025_15_BAL_CIN","BAL",3,85,"Punt",1075,FALSE,FALSE
"2025_15_BAL_CIN","BAL",5,65,"Turnover",697,FALSE,FALSE
"2025_15_BAL_CIN","BAL",7,79,"Touchdown",454,FALSE,TRUE
"2025_15_BAL_CIN","BAL",9,80,"Touchdown",65,FALSE,TRUE
"2025_15_BAL_CIN","BAL",12,68,"Field goal",1609,FALSE,TRUE
"2025_15_BAL_CIN","BAL",14,92,"Punt",1178,FALSE,FALSE
"2025_15_BAL_CIN","BAL",17,73,"End of half",122,FALSE,FALSE
"2025_15_BAL_CIN","CIN",2,80,"Punt",1575,FALSE,FALSE
"2025_15_BAL_CIN","CIN",4,57,"Turnover",940,FALSE,FALSE
"2025_15_BAL_CIN","CIN",6,73,"Punt",579,FALSE,FALSE
"2025_15_BAL_CIN","CIN",8,79,"Punt",270,FALSE,FALSE
"2025_15_BAL_CIN","CIN",10,62,"End of half",18,FALSE,FALSE
"2025_15_BAL_CIN","CIN",11,75,"Turnover on downs",1795,FALSE,FALSE
"2025_15_BAL_CIN","CIN",13,74,"Punt",1439,FALSE,FALSE
"2025_15_BAL_CIN","CIN",15,87,"Opp touchdown",922,FALSE,FALSE
"2025_15_BAL_CIN","CIN",16,70,"Turnover on downs",452,FALSE,FALSE
"2025_15_BUF_NE","BUF",2,49,"Punt",1514,FALSE,FALSE
"2025_15_BUF_NE","BUF",4,83,"Punt",1278,FALSE,FALSE
"2025_15_BUF_NE","BUF",6,70,"Punt",919,FALSE,FALSE
"2025_15_BUF_NE","BUF",8,42,"Touchdown",346,FALSE,TRUE
"2025_15_BUF_NE","BUF",10,44,"Touchdown",1792,FALSE,TRUE
"2025_15_BUF_NE","BUF",12,70,"Touchdown",1458,FALSE,TRUE
"2025_15_BUF_NE","BUF",14,91,"Touchdown",990,FALSE,TRUE
"2025_15_BUF_NE","BUF",16,65,"Touchdown",589,FALSE,TRUE
"2025_15_BUF_NE","BUF",18,71,"Punt",308,FALSE,FALSE
"2025_15_BUF_NE","BUF",20,22,"End of half",107,FALSE,FALSE
"2025_15_BUF_NE","NE",1,73,"Touchdown",1796,FALSE,TRUE
"2025_15_BUF_NE","NE",3,88,"Punt",1447,FALSE,FALSE
"2025_15_BUF_NE","NE",5,50,"Touchdown",1123,FALSE,TRUE
"2025_15_BUF_NE","NE",7,94,"Touchdown",630,FALSE,TRUE
"2025_15_BUF_NE","NE",9,65,"Field goal",116,FALSE,TRUE
"2025_15_BUF_NE","NE",11,74,"Punt",1583,FALSE,FALSE
"2025_15_BUF_NE","NE",13,81,"Turnover",1121,FALSE,FALSE
"2025_15_BUF_NE","NE",15,65,"Touchdown",603,FALSE,TRUE
"2025_15_BUF_NE","NE",17,73,"Punt",403,FALSE,FALSE
"2025_15_BUF_NE","NE",19,83,"Turnover on downs",163,FALSE,FALSE
"2025_15_CAR_NO","CAR",2,74,"Touchdown",1737,FALSE,TRUE
"2025_15_CAR_NO","CAR",4,88,"Punt",1065,FALSE,FALSE
"2025_15_CAR_NO","CAR",6,73,"Field goal",206,FALSE,TRUE
"2025_15_CAR_NO","CAR",8,70,"Touchdown",1795,FALSE,TRUE
"2025_15_CAR_NO","CAR",10,67,"Turnover on downs",1003,FALSE,FALSE
"2025_15_CAR_NO","CAR",12,77,"Punt",413,FALSE,FALSE
"2025_15_CAR_NO","CAR",14,71,"Punt",144,FALSE,FALSE
"2025_15_CAR_NO","CAR",16,65,"Turnover",2,FALSE,FALSE
"2025_15_CAR_NO","NO",1,72,"Punt",1795,FALSE,FALSE
"2025_15_CAR_NO","NO",3,66,"Punt",1293,FALSE,FALSE
"2025_15_CAR_NO","NO",5,95,"Touchdown",894,FALSE,TRUE
"2025_15_CAR_NO","NO",7,72,"End of half",15,TRUE,FALSE
"2025_15_CAR_NO","NO",9,72,"Field goal",1489,FALSE,TRUE
"2025_15_CAR_NO","NO",11,65,"Turnover on downs",656,FALSE,FALSE
"2025_15_CAR_NO","NO",13,78,"Touchdown",277,FALSE,TRUE
"2025_15_CAR_NO","NO",15,91,"Field goal",57,FALSE,TRUE
"2025_15_CLE_CHI","CHI",1,47,"Punt",1792,FALSE,FALSE
"2025_15_CLE_CHI","CHI",3,42,"Touchdown",1578,FALSE,TRUE
"2025_15_CLE_CHI","CHI",5,80,"Touchdown",1254,FALSE,TRUE
"2025_15_CLE_CHI","CHI",7,77,"Missed field goal",849,FALSE,FALSE
"2025_15_CLE_CHI","CHI",9,90,"Punt",112,FALSE,FALSE
"2025_15_CLE_CHI","CHI",11,74,"End of half",40,FALSE,FALSE
"2025_15_CLE_CHI","CHI",13,53,"Turnover on downs",1743,FALSE,FALSE
"2025_15_CLE_CHI","CHI",15,61,"Punt",1497,FALSE,FALSE
"2025_15_CLE_CHI","CHI",17,22,"Touchdown",1426,FALSE,TRUE
"2025_15_CLE_CHI","CHI",19,80,"Touchdown",1247,FALSE,TRUE
"2025_15_CLE_CHI","CHI",21,52,"Punt",889,FALSE,FALSE
"2025_15_CLE_CHI","CHI",23,22,"Field goal",535,FALSE,TRUE
"2025_15_CLE_CHI","CHI",25,87,"End of half",10,TRUE,FALSE
"2025_15_CLE_CHI","CLE",2,99,"Punt",1728,FALSE,FALSE
"2025_15_CLE_CHI","CLE",4,70,"Punt",1348,FALSE,FALSE
"2025_15_CLE_CHI","CLE",6,77,"Punt",983,FALSE,FALSE
"2025_15_CLE_CHI","CLE",8,75,"Punt",281,FALSE,FALSE
"2025_15_CLE_CHI","CLE",10,62,"Punt",70,FALSE,FALSE
"2025_15_CLE_CHI","CLE",12,80,"Punt",1800,FALSE,FALSE
"2025_15_CLE_CHI","CLE",14,48,"Field goal",1633,FALSE,TRUE
"2025_15_CLE_CHI","CLE",16,83,"Turnover",1433,FALSE,FALSE
"2025_15_CLE_CHI","CLE",18,73,"Turnover",1413,FALSE,FALSE
"2025_15_CLE_CHI","CLE",20,80,"Punt",943,FALSE,FALSE
"2025_15_CLE_CHI","CLE",22,88,"Turnover",710,FALSE,FALSE
"2025_15_CLE_CHI","CLE",24,71,"Turnover on downs",444,FALSE,FALSE
"2025_15_DET_LA","DET",1,65,"Missed field goal",1800,FALSE,FALSE
"2025_15_DET_LA","DET",3,17,"Touchdown",1392,FALSE,TRUE
"2025_15_DET_LA","DET",5,65,"Field goal",1064,FALSE,TRUE
"2025_15_DET_LA","DET",7,65,"Touchdown",511,FALSE,TRUE
"2025_15_DET_LA","DET",9,80,"Touchdown",189,FALSE,TRUE
"2025_15_DET_LA","DET",12,65,"Punt",1447,FALSE,FALSE
"2025_15_DET_LA","DET",14,78,"Punt",1042,FALSE,FALSE
"2025_15_DET_LA","DET",16,65,"Punt",928,FALSE,FALSE
"2025_15_DET_LA","DET",18,66,"Field goal",746,FALSE,TRUE
"2025_15_DET_LA","DET",20,65,"Touchdown",289,FALSE,TRUE
"2025_15_DET_LA","DET",22,80,"End of half",13,FALSE,FALSE
"2025_15_DET_LA","LA",2,67,"Turnover",1572,FALSE,FALSE
"2025_15_DET_LA","LA",4,72,"Touchdown",1381,FALSE,TRUE
"2025_15_DET_LA","LA",6,69,"Touchdown",717,FALSE,TRUE
"2025_15_DET_LA","LA",8,72,"Punt",366,FALSE,FALSE
"2025_15_DET_LA","LA",10,66,"Field goal",24,FALSE,TRUE
"2025_15_DET_LA","LA",11,67,"Field goal",1793,FALSE,TRUE
"2025_15_DET_LA","LA",13,88,"Touchdown",1299,FALSE,TRUE
"2025_15_DET_LA","LA",15,50,"Touchdown",980,FALSE,TRUE
"2025_15_DET_LA","LA",17,80,"Punt",840,FALSE,FALSE
"2025_15_DET_LA","LA",19,68,"Touchdown",467,FALSE,TRUE
"2025_15_DET_LA","LA",21,65,"Punt",162,FALSE,FALSE
"2025_15_GB_DEN","DEN",1,69,"Turnover",1794,FALSE,FALSE
"2025_15_GB_DEN","DEN",3,60,"Punt",1316,FALSE,FALSE
"2025_15_GB_DEN","DEN",5,70,"Touchdown",846,FALSE,TRUE
"2025_15_GB_DEN","DEN",7,72,"Touchdown",262,FALSE,TRUE
"2025_15_GB_DEN","DEN",11,71,"Punt",1733,FALSE,FALSE
"2025_15_GB_DEN","DEN",13,71,"Touchdown",1666,FALSE,TRUE
"2025_15_GB_DEN","DEN",15,70,"Touchdown",1191,FALSE,TRUE
"2025_15_GB_DEN","DEN",17,65,"Touchdown",655,FALSE,TRUE
"2025_15_GB_DEN","DEN",19,52,"Turnover on downs",391,FALSE,FALSE
"2025_15_GB_DEN","DEN",21,46,"Turnover on downs",148,FALSE,FALSE
"2025_15_GB_DEN","DEN",23,33,"End of half",44,TRUE,FALSE
"2025_15_GB_DEN","GB",2,52,"Field goal",1600,FALSE,TRUE
"2025_15_GB_DEN","GB",4,97,"Field goal",1196,FALSE,TRUE
"2025_15_GB_DEN","GB",6,75,"Touchdown",499,FALSE,TRUE
"2025_15_GB_DEN","GB",8,86,"Field goal",111,FALSE,TRUE
"2025_15_GB_DEN","GB",10,71,"Touchdown",1796,FALSE,TRUE
"2025_15_GB_DEN","GB",12,81,"Turnover",1675,FALSE,FALSE
"2025_15_GB_DEN","GB",14,68,"Punt",1442,FALSE,FALSE
"2025_15_GB_DEN","GB",16,65,"Field goal",900,FALSE,TRUE
"2025_15_GB_DEN","GB",18,66,"Turnover",441,FALSE,FALSE
"2025_15_GB_DEN","GB",20,55,"Turnover on downs",299,FALSE,FALSE
"2025_15_GB_DEN","GB",22,62,"Turnover on downs",67,FALSE,FALSE
"2025_15_IND_SEA","IND",1,72,"Punt",1793,FALSE,FALSE
"2025_15_IND_SEA","IND",3,65,"Field goal",1437,FALSE,TRUE
"2025_15_IND_SEA","IND",5,65,"Punt",950,FALSE,FALSE
"2025_15_IND_SEA","IND",7,53,"Field goal",772,FALSE,TRUE
"2025_15_IND_SEA","IND",9,58,"Touchdown",349,FALSE,TRUE
"2025_15_IND_SEA","IND",12,55,"Punt",1482,FALSE,FALSE
"2025_15_IND_SEA","IND",14,76,"Punt",1244,FALSE,FALSE
"2025_15_IND_SEA","IND",16,65,"Punt",804,FALSE,FALSE
"2025_15_IND_SEA","IND",18,68,"Field goal",141,FALSE,TRUE
"2025_15_IND_SEA","IND",20,70,"Turnover",11,FALSE,FALSE
"2025_15_IND_SEA","SEA",2,90,"Punt",1560,FALSE,FALSE
"2025_15_IND_SEA","SEA",4,62,"Field goal",1115,FALSE,TRUE
"2025_15_IND_SEA","SEA",6,85,"Punt",887,FALSE,FALSE
"2025_15_IND_SEA","SEA",8,82,"Punt",494,FALSE,FALSE
"2025_15_IND_SEA","SEA",10,78,"Field goal",87,FALSE,TRUE
"2025_15_IND_SEA","SEA",11,71,"Field goal",1792,FALSE,TRUE
"2025_15_IND_SEA","SEA",13,93,"Punt",1385,FALSE,FALSE
"2025_15_IND_SEA","SEA",15,80,"Field goal",1054,FALSE,TRUE
"2025_15_IND_SEA","SEA",17,94,"Field goal",489,FALSE,TRUE
"2025_15_IND_SEA","SEA",19,63,"Field goal",42,FALSE,TRUE
"2025_15_IND_SEA","SEA",21,58,"End of half",4,TRUE,FALSE
"2025_15_LAC_KC","KC",1,68,"Touchdown",1796,FALSE,TRUE
"2025_15_LAC_KC","KC",3,68,"Punt",1044,FALSE,FALSE
"2025_15_LAC_KC","KC",5,64,"Punt",812,FALSE,FALSE
"2025_15_LAC_KC","KC",7,19,"Field goal",659,FALSE,TRUE
"2025_15_LAC_KC","KC",9,94,"Field goal",170,FALSE,TRUE
"2025_15_LAC_KC","KC",13,71,"Punt",1430,FALSE,FALSE
"2025_15_LAC_KC","KC",15,88,"Punt",1195,FALSE,FALSE
"2025_15_LAC_KC","KC",17,66,"Turnover",944,FALSE,FALSE
"2025_15_LAC_KC","KC",19,92,"Turnover",320,FALSE,FALSE
"2025_15_LAC_KC","LAC",2,71,"Field goal",1426,FALSE,TRUE
"2025_15_LAC_KC","LAC",4,91,"Punt",952,FALSE,FALSE
"2025_15_LAC_KC","LAC",6,79,"Turnover",714,FALSE,FALSE
"2025_15_LAC_KC","LAC",8,76,"Punt",479,FALSE,FALSE
"2025_15_LAC_KC","LAC",10,60,"Touchdown",33,FALSE,TRUE
"2025_15_LAC_KC","LAC",12,71,"Field goal",1796,FALSE,TRUE
"2025_15_LAC_KC","LAC",14,68,"Punt",1373,FALSE,FALSE
"2025_15_LAC_KC","LAC",16,60,"Field goal",1111,FALSE,TRUE
"2025_15_LAC_KC","LAC",18,99,"Punt",761,FALSE,FALSE
"2025_15_LAC_KC","LAC",20,82,"End of half",14,TRUE,FALSE
"2025_15_LV_PHI","LV",2,74,"Turnover on downs",1367,FALSE,FALSE
"2025_15_LV_PHI","LV",4,69,"Punt",763,FALSE,FALSE
"2025_15_LV_PHI","LV",6,72,"Punt",612,FALSE,FALSE
"2025_15_LV_PHI","LV",8,80,"Punt",117,FALSE,FALSE
"2025_15_LV_PHI","LV",10,64,"Turnover",1792,FALSE,FALSE
"2025_15_LV_PHI","LV",12,68,"Punt",1186,FALSE,FALSE
"2025_15_LV_PHI","LV",14,68,"Punt",888,FALSE,FALSE
"2025_15_LV_PHI","LV",16,98,"End of half",115,FALSE,FALSE
"2025_15_LV_PHI","PHI",1,67,"Touchdown",1794,FALSE,TRUE
"2025_15_LV_PHI","PHI",3,67,"Field goal",976,FALSE,TRUE
"2025_15_LV_PHI","PHI",5,75,"Punt",712,FALSE,FALSE
"2025_15_LV_PHI","PHI",7,70,"Touchdown",484,FALSE,TRUE
"2025_15_LV_PHI","PHI",9,79,"End of half",24,FALSE,FALSE
"2025_15_LV_PHI","PHI",11,73,"Touchdown",1579,FALSE,TRUE
"2025_15_LV_PHI","PHI",13,60,"Touchdown",1063,FALSE,TRUE
"2025_15_LV_PHI","PHI",15,81,"Turnover on downs",797,FALSE,FALSE
"2025_15_MIA_PIT","MIA",1,73,"Punt",1794,FALSE,FALSE
"2025_15_MIA_PIT","MIA",3,71,"Turnover",1514,FALSE,FALSE
"2025_15_MIA_PIT","MIA",5,80,"Punt",892,FALSE,FALSE
"2025_15_MIA_PIT","MIA",7,69,"Field goal",515,FALSE,TRUE
"2025_15_MIA_PIT","MIA",9,65,"End of half",17,FALSE,FALSE
"2025_15_MIA_PIT","MIA",11,60,"Punt",1580,FALSE,FALSE
"2025_15_MIA_PIT","MIA",13,71,"Punt",1193,FALSE,FALSE
"2025_15_MIA_PIT","MIA",15,65,"Touchdown",773,FALSE,TRUE
"2025_15_MIA_PIT","MIA",17,86,"Touchdown",443,FALSE,TRUE
"2025_15_MIA_PIT","MIA",19,97,"End of half",124,FALSE,FALSE
"2025_15_MIA_PIT","PIT",2,80,"Punt",1657,FALSE,FALSE
"2025_15_MIA_PIT","PIT",4,81,"Punt",1374,FALSE,FALSE
"2025_15_MIA_PIT","PIT",6,71,"Punt",664,FALSE,FALSE
"2025_15_MIA_PIT","PIT",8,60,"Touchdown",311,FALSE,TRUE
"2025_15_MIA_PIT","PIT",10,71,"Touchdown",1796,FALSE,TRUE
"2025_15_MIA_PIT","PIT",12,77,"Touchdown",1446,FALSE,TRUE
"2025_15_MIA_PIT","PIT",14,81,"Touchdown",1092,FALSE,TRUE
"2025_15_MIA_PIT","PIT",16,64,"Punt",576,FALSE,FALSE
"2025_15_MIA_PIT","PIT",18,50,"Punt",150,FALSE,FALSE
"2025_15_MIN_DAL","DAL",2,35,"Touchdown",1742,FALSE,TRUE
"2025_15_MIN_DAL","DAL",4,97,"Punt",1171,FALSE,FALSE
"2025_15_MIN_DAL","DAL",6,73,"Touchdown",1050,FALSE,TRUE
"2025_15_MIN_DAL","DAL",8,57,"Missed field goal",563,FALSE,FALSE
"2025_15_MIN_DAL","DAL",10,60,"Field goal",108,FALSE,TRUE
"2025_15_MIN_DAL","DAL",12,58,"Field goal",1794,FALSE,TRUE
"2025_15_MIN_DAL","DAL",14,90,"Field goal",1510,FALSE,TRUE
"2025_15_MIN_DAL","DAL",16,65,"Missed field goal",972,FALSE,FALSE
"2025_15_MIN_DAL","DAL",18,90,"Turnover on downs",543,FALSE,FALSE
"2025_15_MIN_DAL","DAL",20,65,"Field goal",68,FALSE,TRUE
"2025_15_MIN_DAL","MIN",1,68,"Turnover",1793,FALSE,FALSE
"2025_15_MIN_DAL","MIN",3,86,"Punt",1399,FALSE,FALSE
"2025_15_MIN_DAL","MIN",5,53,"Touchdown",1088,FALSE,TRUE
"2025_15_MIN_DAL","MIN",7,75,"Touchdown",888,FALSE,TRUE
"2025_15_MIN_DAL","MIN",9,59,"Field goal",351,FALSE,TRUE
"2025_15_MIN_DAL","MIN",13,58,"Punt",1569,FALSE,FALSE
"2025_15_MIN_DAL","MIN",15,73,"Touchdown",1184,FALSE,TRUE
"2025_15_MIN_DAL","MIN",17,51,"Touchdown",740,FALSE,TRUE
"2025_15_MIN_DAL","MIN",19,61,"Field goal",330,FALSE,TRUE
"2025_15_MIN_DAL","MIN",21,45,"End of half",18,TRUE,FALSE
"2025_15_NYJ_JAX","JAX",1,72,"Touchdown",1796,FALSE,TRUE
"2025_15_NYJ_JAX","JAX",3,38,"Touchdown",1426,FALSE,TRUE
"2025_15_NYJ_JAX","JAX",5,55,"Touchdown",1000,FALSE,TRUE
"2025_15_NYJ_JAX","JAX",7,90,"Punt",640,FALSE,FALSE
"2025_15_NYJ_JAX","JAX",9,60,"Field goal",303,FALSE,TRUE
"2025_15_NYJ_JAX","JAX",11,47,"Touchdown",67,FALSE,TRUE
"2025_15_NYJ_JAX","JAX",14,72,"Touchdown",1543,FALSE,TRUE
"2025_15_NYJ_JAX","JAX",16,42,"Field goal",1181,FALSE,TRUE
"2025_15_NYJ_JAX","JAX",18,45,"Touchdown",838,FALSE,TRUE
"2025_15_NYJ_JAX","JAX",20,71,"Turnover",632,FALSE,FALSE
"2025_15_NYJ_JAX","JAX",22,80,"Punt",447,FALSE,FALSE
"2025_15_NYJ_JAX","JAX",24,76,"End of half",84,TRUE,FALSE
"2025_15_NYJ_JAX","NYJ",2,65,"Turnover on downs",1518,FALSE,FALSE
"2025_15_NYJ_JAX","NYJ",4,65,"Touchdown",1284,FALSE,TRUE
"2025_15_NYJ_JAX","NYJ",6,65,"Punt",854,FALSE,FALSE
"2025_15_NYJ_JAX","NYJ",8,64,"Field goal",579,FALSE,TRUE
"2025_15_NYJ_JAX","NYJ",10,65,"Turnover",93,FALSE,FALSE
"2025_15_NYJ_JAX","NYJ",12,65,"End of half",21,FALSE,FALSE
"2025_15_NYJ_JAX","NYJ",13,65,"Field goal",1800,FALSE,TRUE
"2025_15_NYJ_JAX","NYJ",15,65,"Turnover on downs",1321,FALSE,FALSE
"2025_15_NYJ_JAX","NYJ",17,65,"Touchdown",1003,FALSE,TRUE
"2025_15_NYJ_JAX","NYJ",19,65,"Punt",820,FALSE,FALSE
"2025_15_NYJ_JAX","NYJ",21,16,"Turnover",580,FALSE,FALSE
"2025_15_NYJ_JAX","NYJ",23,77,"Turnover",296,FALSE,FALSE
"2025_15_TEN_SF","SF",2,70,"Touchdown",1731,FALSE,TRUE
"2025_15_TEN_SF","SF",4,70,"Touchdown",977,FALSE,TRUE
"2025_15_TEN_SF","SF",6,65,"Field goal",463,FALSE,TRUE
"2025_15_TEN_SF","SF",8,67,"Touchdown",1793,FALSE,TRUE
"2025_15_TEN_SF","SF",10,95,"Touchdown",1584,FALSE,TRUE
"2025_15_TEN_SF","SF",12,56,"Turnover",911,FALSE,FALSE
"2025_15_TEN_SF","SF",14,60,"Field goal",856,FALSE,TRUE
"2025_15_TEN_SF","SF",16,65,"Field goal",333,FALSE,TRUE
"2025_15_TEN_SF","TEN",1,70,"Punt",1794,FALSE,FALSE
"2025_15_TEN_SF","TEN",3,70,"Field goal",1363,FALSE,TRUE
"2025_15_TEN_SF","TEN",5,68,"Touchdown",779,FALSE,TRUE
"2025_15_TEN_SF","TEN",7,60,"Missed field goal",56,FALSE,FALSE
"2025_15_TEN_SF","TEN",9,65,"Punt",1674,FALSE,FALSE
"2025_15_TEN_SF","TEN",11,65,"Punt",1030,FALSE,FALSE
"2025_15_TEN_SF","TEN",13,44,"Touchdown",886,FALSE,TRUE
"2025_15_TEN_SF","TEN",15,64,"Touchdown",563,FALSE,TRUE
"2025_15_TEN_SF","TEN",17,65,"End of half",70,FALSE,FALSE
"2025_15_WAS_NYG","NYG",2,67,"Missed field goal",1456,FALSE,FALSE
"2025_15_WAS_NYG","NYG",4,91,"Punt",1034,FALSE,FALSE
"2025_15_WAS_NYG","NYG",6,81,"Punt",809,FALSE,FALSE
"2025_15_WAS_NYG","NYG",8,65,"Touchdown",506,FALSE,TRUE
"2025_15_WAS_NYG","NYG",10,75,"Opp touchdown",100,FALSE,FALSE
"2025_15_WAS_NYG","NYG",11,60,"Turnover",65,FALSE,FALSE
"2025_15_WAS_NYG","NYG",13,82,"Touchdown",1793,FALSE,TRUE
"2025_15_WAS_NYG","NYG",15,81,"Punt",1444,FALSE,FALSE
"2025_15_WAS_NYG","NYG",17,87,"Missed field goal",1259,FALSE,FALSE
"2025_15_WAS_NYG","NYG",19,67,"Turnover on downs",820,FALSE,FALSE
"2025_15_WAS_NYG","NYG",21,21,"Touchdown",339,FALSE,TRUE
"2025_15_WAS_NYG","NYG",23,51,"Turnover on downs",158,FALSE,FALSE
"2025_15_WAS_NYG","WAS",1,67,"Field goal",1795,FALSE,TRUE
"2025_15_WAS_NYG","WAS",3,58,"Punt",1319,FALSE,FALSE
"2025_15_WAS_NYG","WAS",5,47,"Touchdown",932,FALSE,TRUE
"2025_15_WAS_NYG","WAS",7,77,"Field goal",729,FALSE,TRUE
"2025_15_WAS_NYG","WAS",9,77,"Punt",211,FALSE,FALSE
"2025_15_WAS_NYG","WAS",12,24,"Field goal",10,FALSE,TRUE
"2025_15_WAS_NYG","WAS",14,90,"Punt",1598,FALSE,FALSE
"2025_15_WAS_NYG","WAS",16,64,"Punt",1342,FALSE,FALSE
"2025_15_WAS_NYG","WAS",18,59,"Touchdown",895,FALSE,TRUE
"2025_15_WAS_NYG","WAS",20,96,"Turnover",622,FALSE,FALSE
"2025_15_WAS_NYG","WAS",22,86,"Turnover",219,FALSE,FALSE
"2025_15_WAS_NYG","WAS",24,62,"End of half",97,TRUE,FALSE
"2025_16_ATL_ARI","ARI",1,60,"Field goal",1800,FALSE,TRUE
"2025_16_ATL_ARI","ARI",3,55,"Touchdown",1493,FALSE,TRUE
"2025_16_ATL_ARI","ARI",5,75,"Field goal",1031,FALSE,TRUE
"2025_16_ATL_ARI","ARI",7,65,"Field goal",716,FALSE,TRUE
"2025_16_ATL_ARI","ARI",9,70,"Missed field goal",21,FALSE,FALSE
"2025_16_ATL_ARI","ARI",11,73,"Missed field goal",1340,FALSE,FALSE
"2025_16_ATL_ARI","ARI",13,71,"Punt",741,FALSE,FALSE
"2025_16_ATL_ARI","ARI",15,53,"Field goal",440,FALSE,TRUE
"2025_16_ATL_ARI","ARI",17,60,"Turnover",125,FALSE,FALSE
"2025_16_ATL_ARI","ATL",2,65,"Turnover",1666,FALSE,FALSE
"2025_16_ATL_ARI","ATL",4,65,"Field goal",1363,FALSE,TRUE
"2025_16_ATL_ARI","ATL",6,65,"Touchdown",807,FALSE,TRUE
"2025_16_ATL_ARI","ATL",8,60,"Touchdown",302,FALSE,TRUE
"2025_16_ATL_ARI","ATL",10,65,"Field goal",1800,FALSE,TRUE
"2025_16_ATL_ARI","ATL",12,66,"Touchdown",1122,FALSE,TRUE
"2025_16_ATL_ARI","ATL",14,67,"Turnover",643,FALSE,FALSE
"2025_16_ATL_ARI","ATL",16,65,"Turnover on downs",277,FALSE,FALSE
"2025_16_ATL_ARI","ATL",18,63,"End of half",83,TRUE,FALSE
"2025_16_BUF_CLE","BUF",2,80,"Touchdown",1542,FALSE,TRUE
"2025_16_BUF_CLE","BUF",4,61,"Touchdown",1075,FALSE,TRUE
"2025_16_BUF_CLE","BUF",6,68,"Touchdown",333,FALSE,TRUE
"2025_16_BUF_CLE","BUF",8,86,"Punt",96,FALSE,FALSE
"2025_16_BUF_CLE","BUF",10,70,"Punt",1794,FALSE,FALSE
"2025_16_BUF_CLE","BUF",12,25,"Field goal",1539,FALSE,TRUE
"2025_16_BUF_CLE","BUF",14,69,"Turnover on downs",991,FALSE,FALSE
"2025_16_BUF_CLE","BUF",16,65,"Punt",520,FALSE,FALSE
"2025_16_BUF_CLE","BUF",18,30,"Turnover on downs",302,FALSE,FALSE
"2025_16_BUF_CLE","BUF",20,49,"End of half",98,FALSE,FALSE
"2025_16_BUF_CLE","CLE",1,69,"Touchdown",1796,FALSE,TRUE
"2025_16_BUF_CLE","CLE",3,63,"Turnover",1359,FALSE,FALSE
"2025_16_BUF_CLE","CLE",5,71,"Field goal",768,FALSE,TRUE
"2025_16_BUF_CLE","CLE",7,60,"Punt",143,FALSE,FALSE
"2025_16_BUF_CLE","CLE",9,30,"End of half",6,FALSE,FALSE
"2025_16_BUF_CLE","CLE",11,80,"Turnover",1666,FALSE,FALSE
"2025_16_BUF_CLE","CLE",13,67,"Touchdown",1472,FALSE,TRUE
"2025_16_BUF_CLE","CLE",15,66,"Field goal",810,FALSE,TRUE
"2025_16_BUF_CLE","CLE",17,64,"Turnover on downs",425,FALSE,FALSE
"2025_16_BUF_CLE","CLE",19,88,"Punt",167,FALSE,FALSE
"2025_16_CIN_MIA","CIN",1,75,"Punt",1795,FALSE,FALSE
"2025_16_CIN_MIA","CIN",3,91,"Touchdown",1378,FALSE,TRUE
"2025_16_CIN_MIA","CIN",5,65,"Punt",1039,FALSE,FALSE
"2025_16_CIN_MIA","CIN",7,80,"Field goal",703,FALSE,TRUE
"2025_16_CIN_MIA","CIN",9,56,"Touchdown",137,FALSE,TRUE
"2025_16_CIN_MIA","CIN",11,96,"End of half",39,FALSE,FALSE
"2025_16_CIN_MIA","CIN",13,34,"Touchdown",1682,FALSE,TRUE
"2025_16_CIN_MIA","CIN",15,35,"Touchdown",1459,FALSE,TRUE
"2025_16_CIN_MIA","CIN",17,53,"Touchdown",1219,FALSE,TRUE
"2025_16_CIN_MIA","CIN",19,52,"Touchdown",1032,FALSE,TRUE
"2025_16_CIN_MIA","CIN",21,54,"Punt",682,FALSE,FALSE
"2025_16_CIN_MIA","CIN",23,69,"Punt",217,FALSE,FALSE
"2025_16_CIN_MIA","MIA",2,86,"Punt",1630,FALSE,FALSE
"2025_16_CIN_MIA","MIA",4,65,"Touchdown",1130,FALSE,TRUE
"2025_16_CIN_MIA","MIA",6,88,"Punt",893,FALSE,FALSE
"2025_16_CIN_MIA","MIA",8,68,"Touchdown",356,FALSE,TRUE
"2025_16_CIN_MIA","MIA",10,60,"Punt",79,FALSE,FALSE
"2025_16_CIN_MIA","MIA",12,70,"Turnover",1795,FALSE,FALSE
"2025_16_CIN_MIA","MIA",14,69,"Turnover",1477,FALSE,FALSE
"2025_16_CIN_MIA","MIA",16,75,"Turnover on downs",1407,FALSE,FALSE
"2025_16_CIN_MIA","MIA",18,74,"Turnover",1038,FALSE,FALSE
"2025_16_CIN_MIA","MIA",20,69,"Punt",806,FALSE,FALSE
"2025_16_CIN_MIA","MIA",22,97,"Touchdown",550,FALSE,TRUE
"2025_16_CIN_MIA","MIA",24,96,"End of half",107,FALSE,FALSE
"2025_16_GB_CHI","CHI",2,92,"Turnover on downs",1487,FALSE,FALSE
"2025_16_GB_CHI","CHI",4,63,"Punt",759,FALSE,FALSE
"2025_16_GB_CHI","CHI",6,65,"Punt",101,FALSE,FALSE
"2025_16_GB_CHI","CHI",8,66,"Field goal",1794,FALSE,TRUE
"2025_16_GB_CHI","CHI",10,98,"Punt",1317,FALSE,FALSE
"2025_16_GB_CHI","CHI",12,80,"Field goal",927,FALSE,TRUE
"2025_16_GB_CHI","CHI",14,68,"Field goal",297,FALSE,TRUE
"2025_16_GB_CHI","CHI",15,53,"Touchdown",116,FALSE,TRUE
"2025_16_GB_CHI","CHI",18,64,"Touchdown",370,FALSE,TRUE
"2025_16_GB_CHI","GB",1,53,"Turnover on downs",1791,FALSE,FALSE
"2025_16_GB_CHI","GB",3,78,"Field goal",1131,FALSE,TRUE
"2025_16_GB_CHI","GB",5,95,"Field goal",574,FALSE,TRUE
"2025_16_GB_CHI","GB",7,92,"End of half",45,TRUE,FALSE
"2025_16_GB_CHI","GB",9,65,"Turnover",1632,FALSE,FALSE
"2025_16_GB_CHI","GB",11,64,"Touchdown",1155,FALSE,TRUE
"2025_16_GB_CHI","GB",13,63,"Field goal",645,FALSE,TRUE
"2025_16_GB_CHI","GB",16,73,"End of half",17,FALSE,FALSE
"2025_16_GB_CHI","GB",17,79,"Turnover on downs",591,FALSE,FALSE
"2025_16_JAX_DEN","DEN",2,92,"Punt",1705,FALSE,FALSE
"2025_16_JAX_DEN","DEN",4,87,"Missed field goal",1484,FALSE,FALSE
"2025_16_JAX_DEN","DEN",6,65,"Touchdown",907,FALSE,TRUE
"2025_16_JAX_DEN","DEN",8,68,"Field goal",676,FALSE,TRUE
"2025_16_JAX_DEN","DEN",10,76,"Punt",267,FALSE,FALSE
"2025_16_JAX_DEN","DEN",12,73,"Touchdown",1794,FALSE,TRUE
"2025_16_JAX_DEN","DEN",14,65,"Punt",1364,FALSE,FALSE
"2025_16_JAX_DEN","DEN",16,84,"Turnover",1131,FALSE,FALSE
"2025_16_JAX_DEN","DEN",18,68,"Field goal",809,FALSE,TRUE
"2025_16_JAX_DEN","DEN",20,81,"Turnover",568,FALSE,FALSE
"2025_16_JAX_DEN","DEN",22,80,"Turnover on downs",254,FALSE,FALSE
"2025_16_JAX_DEN","DEN",24,98,"End of half",98,FALSE,FALSE
"2025_16_JAX_DEN","JAX",1,71,"Punt",1796,FALSE,FALSE
"2025_16_JAX_DEN","JAX",3,59,"Punt",1610,FALSE,FALSE
"2025_16_JAX_DEN","JAX",5,66,"Touchdown",1211,FALSE,TRUE
"2025_16_JAX_DEN","JAX",7,72,"Punt",761,FALSE,FALSE
"2025_16_JAX_DEN","JAX",9,59,"Touchdown",545,FALSE,TRUE
"2025_16_JAX_DEN","JAX",11,87,"Field goal",108,FALSE,TRUE
"2025_16_JAX_DEN","JAX",13,75,"Touchdown",1676,FALSE,TRUE
"2025_16_JAX_DEN","JAX",15,80,"Touchdown",1263,FALSE,TRUE
"2025_16_JAX_DEN","JAX",17,34,"Field goal",1021,FALSE,TRUE
"2025_16_JAX_DEN","JAX",19,67,"Punt",638,FALSE,FALSE
"2025_16_JAX_DEN","JAX",21,70,"Punt",488,FALSE,FALSE
"2025_16_JAX_DEN","JAX",23,55,"Punt",132,FALSE,FALSE
"2025_16_KC_TEN","KC",1,72,"Punt",1793,FALSE,FALSE
"2025_16_KC_TEN","KC",3,55,"Punt",1498,FALSE,FALSE
"2025_16_KC_TEN","KC",5,94,"Punt",1040,FALSE,FALSE
"2025_16_KC_TEN","KC",7,97,"Safety",789,FALSE,FALSE
"2025_16_KC_TEN","KC",9,64,"Field goal",699,FALSE,TRUE
"2025_16_KC_TEN","KC",11,68,"Field goal",92,FALSE,TRUE
"2025_16_KC_TEN","KC",14,75,"Missed field goal",1524,FALSE,FALSE
"2025_16_KC_TEN","KC",16,50,"Field goal",1282,FALSE,TRUE
"2025_16_KC_TEN","KC",18,84,"Punt",709,FALSE,FALSE
"2025_16_KC_TEN","KC",20,65,"Punt",224,FALSE,FALSE
"2025_16_KC_TEN","TEN",2,68,"Turnover on downs",1667,FALSE,FALSE
"2025_16_KC_TEN","TEN",4,95,"Punt",1405,FALSE,FALSE
"2025_16_KC_TEN","TEN",6,58,"Punt",884,FALSE,FALSE
"2025_16_KC_TEN","TEN",8,48,"Punt",780,FALSE,FALSE
"2025_16_KC_TEN","TEN",10,89,"Touchdown",456,FALSE,TRUE
"2025_16_KC_TEN","TEN",13,75,"Touchdown",1793,FALSE,TRUE
"2025_16_KC_TEN","TEN",15,59,"Turnover on downs",1362,FALSE,FALSE
"2025_16_KC_TEN","TEN",17,64,"Touchdown",1075,FALSE,TRUE
"2025_16_KC_TEN","TEN",19,66,"Field goal",601,FALSE,TRUE
"2025_16_KC_TEN","TEN",21,45,"End of half",107,FALSE,FALSE
"2025_16_LAC_DAL","DAL",1,79,"Touchdown",1794,FALSE,TRUE
"2025_16_LAC_DAL","DAL",3,71,"Field goal",1298,FALSE,TRUE
"2025_16_LAC_DAL","DAL",5,80,"Touchdown",580,FALSE,TRUE
"2025_16_LAC_DAL","DAL",7,75,"End of half",15,FALSE,FALSE
"2025_16_LAC_DAL","DAL",9,80,"Punt",1604,FALSE,FALSE
"2025_16_LAC_DAL","DAL",11,81,"Turnover on downs",1345,FALSE,FALSE
"2025_16_LAC_DAL","DAL",13,67,"Turnover on downs",533,FALSE,FALSE
"2025_16_LAC_DAL","DAL",15,65,"Turnover",288,FALSE,FALSE
"2025_16_LAC_DAL","DAL",17,70,"End of half",33,FALSE,FALSE
"2025_16_LAC_DAL","LAC",2,65,"Touchdown",1515,FALSE,TRUE
"2025_16_LAC_DAL","LAC",4,87,"Touchdown",839,FALSE,TRUE
"2025_16_LAC_DAL","LAC",6,81,"Touchdown",481,FALSE,TRUE
"2025_16_LAC_DAL","LAC",8,76,"Field goal",1794,FALSE,TRUE
"2025_16_LAC_DAL","LAC",10,83,"Punt",1444,FALSE,FALSE
"2025_16_LAC_DAL","LAC",12,84,"Field goal",1035,FALSE,TRUE
"2025_16_LAC_DAL","LAC",14,46,"Touchdown",417,FALSE,TRUE
"2025_16_LAC_DAL","LAC",16,42,"Turnover on downs",240,FALSE,FALSE
"2025_16_LA_SEA","LA",1,71,"Turnover on downs",1791,FALSE,FALSE
"2025_16_LA_SEA","LA",3,76,"Field goal",1322,FALSE,TRUE
"2025_16_LA_SEA","LA",5,88,"Field goal",958,FALSE,TRUE
"2025_16_LA_SEA","LA",7,62,"Touchdown",624,FALSE,TRUE
"2025_16_LA_SEA","LA",9,80,"End of half",43,FALSE,FALSE
"2025_16_LA_SEA","LA",11,73,"Field goal",1671,FALSE,TRUE
"2025_16_LA_SEA","LA",13,1,"Touchdown",1294,FALSE,TRUE
"2025_16_LA_SEA","LA",15,85,"Touchdown",1112,FALSE,TRUE
"2025_16_LA_SEA","LA",17,89,"Opp touchdown",579,FALSE,FALSE
"2025_16_LA_SEA","LA",18,78,"Punt",478,FALSE,FALSE
"2025_16_LA_SEA","LA",20,74,"Punt",378,FALSE,FALSE
"2025_16_LA_SEA","LA",22,80,"Missed field goal",199,FALSE,FALSE
"2025_16_LA_SEA","LA",24,88,"Punt",102,FALSE,FALSE
"2025_16_LA_SEA","LA",26,80,"Touchdown",592,FALSE,TRUE
"2025_16_LA_SEA","SEA",2,61,"Touchdown",1490,FALSE,TRUE
"2025_16_LA_SEA","SEA",4,65,"Punt",1003,FALSE,FALSE
"2025_16_LA_SEA","SEA",6,65,"Punt",765,FALSE,FALSE
"2025_16_LA_SEA","SEA",8,65,"Turnover",223,FALSE,FALSE
"2025_16_LA_SEA","SEA",10,65,"Touchdown",1800,FALSE,TRUE
"2025_16_LA_SEA","SEA",12,65,"Turnover",1417,FALSE,FALSE
"2025_16_LA_SEA","SEA",14,65,"Punt",1290,FALSE,FALSE
"2025_16_LA_SEA","SEA",16,65,"Turnover",814,FALSE,FALSE
"2025_16_LA_SEA","SEA",19,57,"Touchdown",422,FALSE,TRUE
"2025_16_LA_SEA","SEA",21,77,"Punt",287,FALSE,FALSE
"2025_16_LA_SEA","SEA",23,62,"Punt",127,FALSE,FALSE
"2025_16_LA_SEA","SEA",25,85,"End of half",42,FALSE,FALSE
"2025_16_LA_SEA","SEA",27,65,"Touchdown",387,FALSE,TRUE
"2025_16_LV_HOU","HOU",2,76,"Punt",1766,FALSE,FALSE
"2025_16_LV_HOU","HOU",5,82,"Punt",1390,FALSE,FALSE
"2025_16_LV_HOU","HOU",7,84,"Punt",1094,FALSE,FALSE
"2025_16_LV_HOU","HOU",9,72,"Field goal",740,FALSE,TRUE
"2025_16_LV_HOU","HOU",11,89,"Field goal",319,FALSE,TRUE
"2025_16_LV_HOU","HOU",13,70,"End of half",19,FALSE,FALSE
"2025_16_LV_HOU","HOU",14,70,"Punt",1792,FALSE,FALSE
"2025_16_LV_HOU","HOU",16,70,"Punt",1478,FALSE,FALSE
"2025_16_LV_HOU","HOU",18,53,"Field goal",1261,FALSE,TRUE
"2025_16_LV_HOU","HOU",20,88,"Touchdown",815,FALSE,TRUE
"2025_16_LV_HOU","HOU",22,83,"End of half",319,FALSE,FALSE
"2025_16_LV_HOU","LV",1,71,"Punt",1793,FALSE,FALSE
"2025_16_LV_HOU","LV",3,79,"Opp touchdown",1619,FALSE,FALSE
"2025_16_LV_HOU","LV",4,75,"Punt",1538,FALSE,FALSE
"2025_16_LV_HOU","LV",6,80,"Punt",1328,FALSE,FALSE
"2025_16_LV_HOU","LV",8,61,"Touchdown",965,FALSE,TRUE
"2025_16_LV_HOU","LV",10,75,"Punt",546,FALSE,FALSE
"2025_16_LV_HOU","LV",12,69,"Punt",44,FALSE,FALSE
"2025_16_LV_HOU","LV",15,85,"Touchdown",1692,FALSE,TRUE
"2025_16_LV_HOU","LV",17,71,"Punt",1356,FALSE,FALSE
"2025_16_LV_HOU","LV",19,80,"Punt",1088,FALSE,FALSE
"2025_16_LV_HOU","LV",21,65,"Touchdown",461,FALSE,TRUE
"2025_16_MIN_NYG","MIN",1,60,"Field goal",1800,FALSE,TRUE
"2025_16_MIN_NYG","MIN",3,85,"Turnover",1216,FALSE,FALSE
"2025_16_MIN_NYG","MIN",5,77,"Field goal",659,FALSE,TRUE
"2025_16_MIN_NYG","MIN",7,16,"Touchdown",219,FALSE,TRUE
"2025_16_MIN_NYG","MIN",9,65,"Opp touchdown",53,FALSE,FALSE
"2025_16_MIN_NYG","MIN",10,65,"End of half",17,TRUE,FALSE
"2025_16_MIN_NYG","MIN",12,87,"Punt",1568,FALSE,FALSE
"2025_16_MIN_NYG","MIN",14,69,"Field goal",659,FALSE,TRUE
"2025_16_MIN_NYG","MIN",16,39,"End of half",118,FALSE,FALSE
"2025_16_MIN_NYG","NYG",2,65,"Turnover on downs",1543,FALSE,FALSE
"2025_16_MIN_NYG","NYG",4,44,"Field goal",1001,FALSE,TRUE
"2025_16_MIN_NYG","NYG",6,71,"Turnover",282,FALSE,FALSE
"2025_16_MIN_NYG","NYG",8,70,"Punt",113,FALSE,FALSE
"2025_16_MIN_NYG","NYG",11,69,"Punt",1795,FALSE,FALSE
"2025_16_MIN_NYG","NYG",13,75,"Field goal",1227,FALSE,TRUE
"2025_16_MIN_NYG","NYG",15,66,"Turnover on downs",248,FALSE,FALSE
"2025_16_NE_BAL","BAL",1,65,"Touchdown",1800,FALSE,TRUE
"2025_16_NE_BAL","BAL",3,96,"Turnover",1290,FALSE,FALSE
"2025_16_NE_BAL","BAL",5,65,"Punt",677,FALSE,FALSE
"2025_16_NE_BAL","BAL",7,65,"Field goal",339,FALSE,TRUE
"2025_16_NE_BAL","BAL",9,68,"End of half",19,FALSE,FALSE
"2025_16_NE_BAL","BAL",11,67,"Missed field goal",1743,FALSE,FALSE
"2025_16_NE_BAL","BAL",13,65,"Touchdown",1363,FALSE,TRUE
"2025_16_NE_BAL","BAL",15,44,"Touchdown",1013,FALSE,TRUE
"2025_16_NE_BAL","BAL",17,69,"Punt",532,FALSE,FALSE
"2025_16_NE_BAL","BAL",19,68,"Turnover",123,FALSE,FALSE
"2025_16_NE_BAL","NE",2,64,"Turnover",1634,FALSE,FALSE
"2025_16_NE_BAL","NE",4,68,"Touchdown",1003,FALSE,TRUE
"2025_16_NE_BAL","NE",6,75,"Field goal",621,FALSE,TRUE
"2025_16_NE_BAL","NE",8,65,"Turnover",63,FALSE,FALSE
"2025_16_NE_BAL","NE",10,70,"Punt",1795,FALSE,FALSE
"2025_16_NE_BAL","NE",12,54,"Field goal",1538,FALSE,TRUE
"2025_16_NE_BAL","NE",14,75,"Turnover on downs",1175,FALSE,FALSE
"2025_16_NE_BAL","NE",16,73,"Touchdown",764,FALSE,TRUE
"2025_16_NE_BAL","NE",18,89,"Touchdown",302,FALSE,TRUE
"2025_16_NE_BAL","NE",20,36,"End of half",108,FALSE,FALSE
"2025_16_NYJ_NO","NO",1,72,"Turnover",1794,FALSE,FALSE
"2025_16_NYJ_NO","NO",3,60,"Field goal",1538,FALSE,TRUE
"2025_16_NYJ_NO","NO",5,66,"Field goal",1097,FALSE,TRUE
"2025_16_NYJ_NO","NO",7,79,"Turnover on downs",749,FALSE,FALSE
"2025_16_NYJ_NO","NO",9,91,"Field goal",437,FALSE,TRUE
"2025_16_NYJ_NO","NO",11,91,"Missed field goal",54,FALSE,FALSE
"2025_16_NYJ_NO","NO",13,73,"Punt",1592,FALSE,FALSE
"2025_16_NYJ_NO","NO",15,93,"Touchdown",1261,FALSE,TRUE
"2025_16_NYJ_NO","NO",17,46,"Field goal",765,FALSE,TRUE
"2025_16_NYJ_NO","NO",19,44,"Field goal",548,FALSE,TRUE
"2025_16_NYJ_NO","NO",21,44,"Touchdown",170,FALSE,TRUE
"2025_16_NYJ_NO","NYJ",2,37,"Field goal",1779,FALSE,TRUE
"2025_16_NYJ_NO","NYJ",4,80,"Punt",1291,FALSE,FALSE
"2025_16_NYJ_NO","NYJ",6,65,"Field goal",858,FALSE,TRUE
"2025_16_NYJ_NO","NYJ",8,45,"Punt",587,FALSE,FALSE
"2025_16_NYJ_NO","NYJ",10,65,"Punt",91,FALSE,FALSE
"2025_16_NYJ_NO","NYJ",12,65,"Punt",1800,FALSE,FALSE
"2025_16_NYJ_NO","NYJ",14,70,"Punt",1495,FALSE,FALSE
"2025_16_NYJ_NO","NYJ",16,65,"Turnover",941,FALSE,FALSE
"2025_16_NYJ_NO","NYJ",18,56,"Turnover",662,FALSE,FALSE
"2025_16_NYJ_NO","NYJ",20,65,"Turnover on downs",317,FALSE,FALSE
"2025_16_NYJ_NO","NYJ",22,68,"End of half",109,FALSE,FALSE
"2025_16_PHI_WAS","PHI",3,68,"Punt",1593,FALSE,FALSE
"2025_16_PHI_WAS","PHI",5,63,"Touchdown",1266,FALSE,TRUE
"2025_16_PHI_WAS","PHI",7,90,"Missed field goal",894,FALSE,FALSE
"2025_16_PHI_WAS","PHI",9,81,"Missed field goal",216,FALSE,FALSE
"2025_16_PHI_WAS","PHI",12,83,"Touchdown",1742,FALSE,TRUE
"2025_16_PHI_WAS","PHI",14,37,"Touchdown",932,FALSE,TRUE
"2025_16_PHI_WAS","PHI",16,80,"Punt",551,FALSE,FALSE
"2025_16_PHI_WAS","PHI",18,80,"Touchdown",398,FALSE,TRUE
"2025_16_PHI_WAS","PHI",20,48,"End of half",69,FALSE,FALSE
"2025_16_PHI_WAS","WAS",2,26,"Field goal",1795,FALSE,TRUE
"2025_16_PHI_WAS","WAS",4,85,"Punt",1463,FALSE,FALSE
"2025_16_PHI_WAS","WAS",6,69,"Punt",1050,FALSE,FALSE
"2025_16_PHI_WAS","WAS",8,67,"Touchdown",546,FALSE,TRUE
"2025_16_PHI_WAS","WAS",10,58,"End of half",4,TRUE,FALSE
"2025_16_PHI_WAS","WAS",11,68,"Punt",1795,FALSE,FALSE
"2025_16_PHI_WAS","WAS",13,74,"Turnover",1103,FALSE,FALSE
"2025_16_PHI_WAS","WAS",15,66,"Punt",686,FALSE,FALSE
"2025_16_PHI_WAS","WAS",17,60,"Punt",494,FALSE,FALSE
"2025_16_PHI_WAS","WAS",19,75,"Touchdown",261,FALSE,TRUE
"2025_16_PIT_DET","DET",1,72,"Punt",1796,FALSE,FALSE
"2025_16_PIT_DET","DET",3,66,"Turnover on downs",1455,FALSE,FALSE
"2025_16_PIT_DET","DET",5,62,"Field goal",810,FALSE,TRUE
"2025_16_PIT_DET","DET",7,85,"Punt",474,FALSE,FALSE
"2025_16_PIT_DET","DET",9,62,"Touchdown",242,FALSE,TRUE
"2025_16_PIT_DET","DET",11,65,"End of half",2,TRUE,FALSE
"2025_16_PIT_DET","DET",13,97,"Safety",1533,FALSE,FALSE
"2025_16_PIT_DET","DET",15,86,"Punt",892,FALSE,FALSE
"2025_16_PIT_DET","DET",17,74,"Touchdown",738,FALSE,TRUE
"2025_16_PIT_DET","DET",19,68,"Touchdown",396,FALSE,TRUE
"2025_16_PIT_DET","DET",21,73,"End of half",125,FALSE,FALSE
"2025_16_PIT_DET","PIT",2,71,"Field goal",1688,FALSE,TRUE
"2025_16_PIT_DET","PIT",4,97,"Punt",1027,FALSE,FALSE
"2025_16_PIT_DET","PIT",6,72,"Punt",604,FALSE,FALSE
"2025_16_PIT_DET","PIT",8,79,"Punt",378,FALSE,FALSE
"2025_16_PIT_DET","PIT",10,80,"Touchdown",115,FALSE,TRUE
"2025_16_PIT_DET","PIT",12,69,"Turnover",1795,FALSE,FALSE
"2025_16_PIT_DET","PIT",14,69,"Field goal",1477,FALSE,TRUE
"2025_16_PIT_DET","PIT",16,61,"Touchdown",865,FALSE,TRUE
"2025_16_PIT_DET","PIT",18,65,"Touchdown",519,FALSE,TRUE
"2025_16_PIT_DET","PIT",20,66,"Missed field goal",247,FALSE,FALSE
"2025_16_SF_IND","IND",1,72,"Touchdown",1794,FALSE,TRUE
"2025_16_SF_IND","IND",4,66,"Touchdown",1168,FALSE,TRUE
"2025_16_SF_IND","IND",6,80,"Punt",570,FALSE,FALSE
"2025_16_SF_IND","IND",8,65,"Field goal",111,FALSE,TRUE
"2025_16_SF_IND","IND",11,65,"Field goal",1553,FALSE,TRUE
"2025_16_SF_IND","IND",13,65,"Touchdown",1142,FALSE,TRUE
"2025_16_SF_IND","IND",15,80,"Punt",449,FALSE,FALSE
"2025_16_SF_IND","IND",17,71,"Opp touchdown",277,FALSE,FALSE
"2025_16_SF_IND","IND",18,65,"Turnover on downs",206,FALSE,FALSE
"2025_16_SF_IND","SF",2,69,"Touchdown",1526,FALSE,TRUE
"2025_16_SF_IND","SF",3,26,"Touchdown",1328,FALSE,TRUE
"2025_16_SF_IND","SF",5,69,"Touchdown",847,FALSE,TRUE
"2025_16_SF_IND","SF",7,82,"Field goal",429,FALSE,TRUE
"2025_16_SF_IND","SF",9,60,"Missed field goal",11,FALSE,FALSE
"2025_16_SF_IND","SF",10,64,"Touchdown",1794,FALSE,TRUE
"2025_16_SF_IND","SF",12,68,"Field goal",1390,FALSE,TRUE
"2025_16_SF_IND","SF",14,70,"Touchdown",755,FALSE,TRUE
"2025_16_SF_IND","SF",16,44,"Turnover",380,FALSE,FALSE
"2025_16_SF_IND","SF",19,43,"End of half",116,TRUE,FALSE
"2025_16_TB_CAR","CAR",1,65,"Field goal",1800,FALSE,TRUE
"2025_16_TB_CAR","CAR",3,65,"Punt",1141,FALSE,FALSE
"2025_16_TB_CAR","CAR",5,65,"Punt",489,FALSE,FALSE
"2025_16_TB_CAR","CAR",7,39,"Field goal",265,FALSE,TRUE
"2025_16_TB_CAR","CAR",9,63,"Touchdown",66,FALSE,TRUE
"2025_16_TB_CAR","CAR",12,65,"Touchdown",1301,FALSE,TRUE
"2025_16_TB_CAR","CAR",14,65,"Punt",684,FALSE,FALSE
"2025_16_TB_CAR","CAR",16,73,"Field goal",286,FALSE,TRUE
"2025_16_TB_CAR","CAR",18,65,"End of half",42,TRUE,FALSE
"2025_16_TB_CAR","TB",2,53,"Touchdown",1524,FALSE,TRUE
"2025_16_TB_CAR","TB",4,90,"Field goal",921,FALSE,TRUE
"2025_16_TB_CAR","TB",6,79,"Punt",443,FALSE,FALSE
"2025_16_TB_CAR","TB",8,67,"Punt",119,FALSE,FALSE
"2025_16_TB_CAR","TB",10,84,"End of half",2,TRUE,FALSE
"2025_16_TB_CAR","TB",11,66,"Touchdown",1796,FALSE,TRUE
"2025_16_TB_CAR","TB",13,43,"Field goal",900,FALSE,TRUE
"2025_16_TB_CAR","TB",15,88,"Punt",475,FALSE,FALSE
"2025_16_TB_CAR","TB",17,90,"Turnover",140,FALSE,FALSE
"2025_17_ARI_CIN","ARI",2,65,"Punt",1457,FALSE,FALSE
"2025_17_ARI_CIN","ARI",4,70,"Touchdown",892,FALSE,TRUE
"2025_17_ARI_CIN","ARI",6,67,"Punt",614,FALSE,FALSE
"2025_17_ARI_CIN","ARI",8,73,"Punt",196,FALSE,FALSE
"2025_17_ARI_CIN","ARI",10,71,"Punt",70,FALSE,FALSE
"2025_17_ARI_CIN","ARI",12,68,"Punt",1795,FALSE,FALSE
"2025_17_ARI_CIN","ARI",14,83,"Punt",1348,FALSE,FALSE
"2025_17_ARI_CIN","ARI",16,71,"Turnover on downs",994,FALSE,FALSE
"2025_17_ARI_CIN","ARI",18,92,"Touchdown",380,FALSE,TRUE
"2025_17_ARI_CIN","CIN",1,72,"Touchdown",1795,FALSE,TRUE
"2025_17_ARI_CIN","CIN",3,79,"Touchdown",1368,FALSE,TRUE
"2025_17_ARI_CIN","CIN",5,65,"Punt",704,FALSE,FALSE
"2025_17_ARI_CIN","CIN",7,98,"Field goal",549,FALSE,TRUE
"2025_17_ARI_CIN","CIN",9,36,"Touchdown",141,FALSE,TRUE
"2025_17_ARI_CIN","CIN",11,91,"End of half",14,TRUE,FALSE
"2025_17_ARI_CIN","CIN",13,84,"Touchdown",1737,FALSE,TRUE
"2025_17_ARI_CIN","CIN",15,82,"Touchdown",1283,FALSE,TRUE
"2025_17_ARI_CIN","CIN",17,86,"Punt",726,FALSE,FALSE
"2025_17_ARI_CIN","CIN",19,65,"End of half",110,TRUE,FALSE
"2025_17_BAL_GB","BAL",1,75,"Touchdown",1796,FALSE,TRUE
"2025_17_BAL_GB","BAL",3,74,"Touchdown",1238,FALSE,TRUE
"2025_17_BAL_GB","BAL",5,34,"Field goal",680,FALSE,TRUE
"2025_17_BAL_GB","BAL",7,30,"Field goal",382,FALSE,TRUE
"2025_17_BAL_GB","BAL",9,65,"Touchdown",84,FALSE,TRUE
"2025_17_BAL_GB","BAL",12,66,"Punt",1442,FALSE,FALSE
"2025_17_BAL_GB","BAL",14,85,"Touchdown",1016,FALSE,TRUE
"2025_17_BAL_GB","BAL",16,68,"Touchdown",416,FALSE,TRUE
"2025_17_BAL_GB","BAL",18,50,"End of half",29,TRUE,FALSE
"2025_17_BAL_GB","GB",2,69,"Touchdown",1310,FALSE,TRUE
"2025_17_BAL_GB","GB",4,75,"Turnover on downs",788,FALSE,FALSE
"2025_17_BAL_GB","GB",6,73,"Turnover",426,FALSE,FALSE
"2025_17_BAL_GB","GB",8,76,"Touchdown",211,FALSE,TRUE
"2025_17_BAL_GB","GB",10,75,"End of half",5,TRUE,FALSE
"2025_17_BAL_GB","GB",11,74,"Field goal",1796,FALSE,TRUE
"2025_17_BAL_GB","GB",13,86,"Touchdown",1201,FALSE,TRUE
"2025_17_BAL_GB","GB",15,72,"Turnover",604,FALSE,FALSE
"2025_17_BAL_GB","GB",17,65,"Turnover on downs",116,FALSE,FALSE
"2025_17_CHI_SF","CHI",3,71,"Punt",1552,FALSE,FALSE
"2025_17_CHI_SF","CHI",5,84,"Punt",1364,FALSE,FALSE
"2025_17_CHI_SF","CHI",7,77,"Touchdown",1187,FALSE,TRUE
"2025_17_CHI_SF","CHI",9,65,"Touchdown",824,FALSE,TRUE
"2025_17_CHI_SF","CHI",11,80,"Punt",198,FALSE,FALSE
"2025_17_CHI_SF","CHI",13,65,"Touchdown",1800,FALSE,TRUE
"2025_17_CHI_SF","CHI",15,80,"Touchdown",1187,FALSE,TRUE
"2025_17_CHI_SF","CHI",17,89,"Field goal",683,FALSE,TRUE
"2025_17_CHI_SF","CHI",19,65,"End of half",135,FALSE,FALSE
"2025_17_CHI_SF","SF",1,76,"Opp touchdown",1794,FALSE,FALSE
"2025_17_CHI_SF","SF",2,65,"Touchdown",1785,FALSE,TRUE
"2025_17_CHI_SF","SF",4,80,"Punt",1499,FALSE,FALSE
"2025_17_CHI_SF","SF",6,66,"Touchdown",1273,FALSE,TRUE
"2025_17_CHI_SF","SF",8,75,"Touchdown",1078,FALSE,TRUE
"2025_17_CHI_SF","SF",10,72,"Touchdown",733,FALSE,TRUE
"2025_17_CHI_SF","SF",12,91,"End of half",66,FALSE,FALSE
"2025_17_CHI_SF","SF",14,65,"Touchdown",1491,FALSE,TRUE
"2025_17_CHI_SF","SF",16,69,"Punt",888,FALSE,FALSE
"2025_17_CHI_SF","SF",18,75,"Touchdown",317,FALSE,TRUE
"2025_17_DAL_WAS","DAL",1,78,"Touchdown",1795,FALSE,TRUE
"2025_17_DAL_WAS","DAL",3,65,"Touchdown",1184,FALSE,TRUE
"2025_17_DAL_WAS","DAL",5,97,"Touchdown",549,FALSE,TRUE
"2025_17_DAL_WAS","DAL",7,74,"Field goal",271,FALSE,TRUE
"2025_17_DAL_WAS","DAL",10,93,"Punt",1668,FALSE,FALSE
"2025_17_DAL_WAS","DAL",12,87,"Field goal",1468,FALSE,TRUE
"2025_17_DAL_WAS","DAL",14,76,"Missed field goal",909,FALSE,FALSE
"2025_17_DAL_WAS","DAL",16,85,"Field goal",692,FALSE,TRUE
"2025_17_DAL_WAS","DAL",18,73,"End of half",124,FALSE,FALSE
"2025_17_DAL_WAS","WAS",2,76,"Field goal",1478,FALSE,TRUE
"2025_17_DAL_WAS","WAS",4,71,"Punt",721,FALSE,FALSE
"2025_17_DAL_WAS","WAS",6,60,"Touchdown",420,FALSE,TRUE
"2025_17_DAL_WAS","WAS",8,65,"End of half",19,FALSE,FALSE
"2025_17_DAL_WAS","WAS",9,74,"Punt",1794,FALSE,FALSE
"2025_17_DAL_WAS","WAS",11,72,"Touchdown",1484,FALSE,TRUE
"2025_17_DAL_WAS","WAS",13,65,"Field goal",1176,FALSE,TRUE
"2025_17_DAL_WAS","WAS",15,52,"Punt",811,FALSE,FALSE
"2025_17_DAL_WAS","WAS",17,72,"Field goal",233,FALSE,TRUE
"2025_17_DEN_KC","DEN",1,65,"Field goal",1800,FALSE,TRUE
"2025_17_DEN_KC","DEN",3,81,"Turnover",1126,FALSE,FALSE
"2025_17_DEN_KC","DEN",5,65,"Punt",764,FALSE,FALSE
"2025_17_DEN_KC","DEN",7,90,"Field goal",503,FALSE,TRUE
"2025_17_DEN_KC","DEN",10,72,"Touchdown",1595,FALSE,TRUE
"2025_17_DEN_KC","DEN",12,80,"Punt",891,FALSE,FALSE
"2025_17_DEN_KC","DEN",14,65,"Touchdown",483,FALSE,TRUE
"2025_17_DEN_KC","DEN",16,74,"End of half",14,TRUE,FALSE
"2025_17_DEN_KC","KC",2,74,"Punt",1313,FALSE,FALSE
"2025_17_DEN_KC","KC",4,35,"Touchdown",1073,FALSE,TRUE
"2025_17_DEN_KC","KC",6,82,"Punt",631,FALSE,FALSE
"2025_17_DEN_KC","KC",8,76,"End of half",14,FALSE,FALSE
"2025_17_DEN_KC","KC",9,63,"Field goal",1794,FALSE,TRUE
"2025_17_DEN_KC","KC",11,65,"Punt",1015,FALSE,FALSE
"2025_17_DEN_KC","KC",13,45,"Field goal",659,FALSE,TRUE
"2025_17_DEN_KC","KC",15,65,"Turnover on downs",105,FALSE,FALSE
"2025_17_DET_MIN","DET",2,63,"Punt",1703,FALSE,FALSE
"2025_17_DET_MIN","DET",4,91,"Turnover",1175,FALSE,FALSE
"2025_17_DET_MIN","DET",6,70,"Turnover",991,FALSE,FALSE
"2025_17_DET_MIN","DET",8,80,"Touchdown",673,FALSE,TRUE
"2025_17_DET_MIN","DET",10,80,"End of half",18,FALSE,FALSE
"2025_17_DET_MIN","DET",11,67,"Punt",1795,FALSE,FALSE
"2025_17_DET_MIN","DET",13,64,"Turnover",1473,FALSE,FALSE
"2025_17_DET_MIN","DET",15,70,"Turnover",1077,FALSE,FALSE
"2025_17_DET_MIN","DET",17,66,"Turnover",1012,FALSE,FALSE
"2025_17_DET_MIN","DET",19,84,"Punt",775,FALSE,FALSE
"2025_17_DET_MIN","DET",21,55,"Field goal",432,FALSE,TRUE
"2025_17_DET_MIN","DET",23,65,"Turnover",223,FALSE,FALSE
"2025_17_DET_MIN","DET",25,65,"End of half",64,FALSE,FALSE
"2025_17_DET_MIN","MIN",1,75,"Punt",1796,FALSE,FALSE
"2025_17_DET_MIN","MIN",3,80,"Punt",1534,FALSE,FALSE
"2025_17_DET_MIN","MIN",5,16,"Touchdown",1122,FALSE,TRUE
"2025_17_DET_MIN","MIN",7,47,"Punt",855,FALSE,FALSE
"2025_17_DET_MIN","MIN",9,65,"Punt",65,FALSE,FALSE
"2025_17_DET_MIN","MIN",12,86,"Punt",1565,FALSE,FALSE
"2025_17_DET_MIN","MIN",14,62,"Field goal",1377,FALSE,TRUE
"2025_17_DET_MIN","MIN",16,42,"Field goal",1072,FALSE,TRUE
"2025_17_DET_MIN","MIN",18,40,"Punt",894,FALSE,FALSE
"2025_17_DET_MIN","MIN",20,99,"Punt",533,FALSE,FALSE
"2025_17_DET_MIN","MIN",22,65,"Touchdown",279,FALSE,TRUE
"2025_17_DET_MIN","MIN",24,45,"Field goal",185,FALSE,TRUE
"2025_17_HOU_LAC","HOU",1,84,"Touchdown",1796,FALSE,TRUE
"2025_17_HOU_LAC","HOU",3,72,"Touchdown",1579,FALSE,TRUE
"2025_17_HOU_LAC","HOU",5,79,"Punt",1201,FALSE,FALSE
"2025_17_HOU_LAC","HOU",7,83,"Punt",936,FALSE,FALSE
"2025_17_HOU_LAC","HOU",9,64,"Turnover",580,FALSE,FALSE
"2025_17_HOU_LAC","HOU",11,77,"Punt",363,FALSE,FALSE
"2025_17_HOU_LAC","HOU",13,99,"Turnover",66,FALSE,FALSE
"2025_17_HOU_LAC","HOU",15,78,"End of half",10,TRUE,FALSE
"2025_17_HOU_LAC","HOU",17,85,"Punt",1705,FALSE,FALSE
"2025_17_HOU_LAC","HOU",19,47,"Field goal",1478,FALSE,TRUE
"2025_17_HOU_LAC","HOU",21,75,"Punt",906,FALSE,FALSE
"2025_17_HOU_LAC","HOU",23,55,"Field goal",636,FALSE,TRUE
"2025_17_HOU_LAC","HOU",25,74,"End of half",212,FALSE,FALSE
"2025_17_HOU_LAC","LAC",2,65,"Punt",1700,FALSE,FALSE
"2025_17_HOU_LAC","LAC",4,74,"Punt",1453,FALSE,FALSE
"2025_17_HOU_LAC","LAC",6,82,"Punt",1024,FALSE,FALSE
"2025_17_HOU_LAC","LAC",8,92,"Punt",665,FALSE,FALSE
"2025_17_HOU_LAC","LAC",10,37,"Field goal",528,FALSE,TRUE
"2025_17_HOU_LAC","LAC",12,87,"Turnover",199,FALSE,FALSE
"2025_17_HOU_LAC","LAC",14,32,"Missed field goal",45,FALSE,FALSE
"2025_17_HOU_LAC","LAC",16,65,"Punt",1800,FALSE,FALSE
"2025_17_HOU_LAC","LAC",18,70,"Punt",1606,FALSE,FALSE
"2025_17_HOU_LAC","LAC",20,64,"Touchdown",1258,FALSE,TRUE
"2025_17_HOU_LAC","LAC",22,98,"Punt",793,FALSE,FALSE
"2025_17_HOU_LAC","LAC",24,75,"Touchdown",384,FALSE,TRUE
"2025_17_JAX_IND","IND",1,44,"Field goal",1790,FALSE,TRUE
"2025_17_JAX_IND","IND",3,83,"Touchdown",1266,FALSE,TRUE
"2025_17_JAX_IND","IND",5,76,"Punt",334,FALSE,FALSE
"2025_17_JAX_IND","IND",7,90,"Punt",110,FALSE,FALSE
"2025_17_JAX_IND","IND",9,80,"End of half",15,TRUE,FALSE
"2025_17_JAX_IND","IND",11,80,"Punt",1690,FALSE,FALSE
"2025_17_JAX_IND","IND",13,39,"Touchdown",1337,FALSE,TRUE
"2025_17_JAX_IND","IND",15,65,"Punt",985,FALSE,FALSE
"2025_17_JAX_IND","IND",17,76,"Turnover",565,FALSE,FALSE
"2025_17_JAX_IND","IND",19,65,"Turnover on downs",418,FALSE,FALSE
"2025_17_JAX_IND","IND",21,65,"Turnover",18,FALSE,FALSE
"2025_17_JAX_IND","JAX",2,82,"Turnover",1566,FALSE,FALSE
"2025_17_JAX_IND","JAX",4,69,"Touchdown",764,FALSE,TRUE
"2025_17_JAX_IND","JAX",6,68,"Punt",228,FALSE,FALSE
"2025_17_JAX_IND","JAX",8,60,"Turnover",52,FALSE,FALSE
"2025_17_JAX_IND","JAX",10,64,"Punt",1794,FALSE,FALSE
"2025_17_JAX_IND","JAX",12,81,"Touchdown",1508,FALSE,TRUE
"2025_17_JAX_IND","JAX",14,67,"Field goal",1252,FALSE,TRUE
"2025_17_JAX_IND","JAX",16,70,"Turnover on downs",841,FALSE,FALSE
"2025_17_JAX_IND","JAX",18,21,"Field goal",474,FALSE,TRUE
"2025_17_JAX_IND","JAX",20,48,"Field goal",186,FALSE,TRUE
"2025_17_LA_ATL","ATL",1,73,"Punt",1791,FALSE,FALSE
"2025_17_LA_ATL","ATL",3,65,"Touchdown",1606,FALSE,TRUE
"2025_17_LA_ATL","ATL",5,87,"Punt",960,FALSE,FALSE
"2025_17_LA_ATL","ATL",8,99,"Punt",251,FALSE,FALSE
"2025_17_LA_ATL","ATL",10,93,"Touchdown",101,FALSE,TRUE
"2025_17_LA_ATL","ATL",13,68,"Field goal",1562,FALSE,TRUE
"2025_17_LA_ATL","ATL",15,74,"Opp touchdown",1193,FALSE,FALSE
"2025_17_LA_ATL","ATL",16,74,"Punt",925,FALSE,FALSE
"2025_17_LA_ATL","ATL",18,58,"Punt",544,FALSE,FALSE
"2025_17_LA_ATL","ATL",20,65,"Field goal",166,FALSE,TRUE
"2025_17_LA_ATL","LA",2,94,"Punt",1698,FALSE,FALSE
"2025_17_LA_ATL","LA",4,65,"Turnover on downs",1271,FALSE,FALSE
"2025_17_LA_ATL","LA",6,88,"Opp touchdown",594,FALSE,FALSE
"2025_17_LA_ATL","LA",7,75,"Punt",503,FALSE,FALSE
"2025_17_LA_ATL","LA",9,53,"Turnover",108,FALSE,FALSE
"2025_17_LA_ATL","LA",11,74,"End of half",83,FALSE,FALSE
"2025_17_LA_ATL","LA",12,55,"Field goal",1791,FALSE,TRUE
"2025_17_LA_ATL","LA",14,65,"Touchdown",1366,FALSE,TRUE
"2025_17_LA_ATL","LA",17,80,"Turnover",816,FALSE,FALSE
"2025_17_LA_ATL","LA",19,89,"Touchdown",448,FALSE,TRUE
"2025_17_LA_ATL","LA",21,65,"Turnover on downs",21,FALSE,FALSE
"2025_17_NE_NYJ","NE",1,61,"Touchdown",1795,FALSE,TRUE
"2025_17_NE_NYJ","NE",3,85,"Touchdown",1453,FALSE,TRUE
"2025_17_NE_NYJ","NE",5,66,"Touchdown",1115,FALSE,TRUE
"2025_17_NE_NYJ","NE",7,74,"Touchdown",589,FALSE,TRUE
"2025_17_NE_NYJ","NE",9,91,"Touchdown",108,FALSE,TRUE
"2025_17_NE_NYJ","NE",12,47,"Touchdown",1606,FALSE,TRUE
"2025_17_NE_NYJ","NE",14,66,"Missed field goal",1231,FALSE,FALSE
"2025_17_NE_NYJ","NE",16,73,"Punt",887,FALSE,FALSE
"2025_17_NE_NYJ","NE",18,91,"Punt",239,FALSE,FALSE
"2025_17_NE_NYJ","NE",20,83,"End of half",51,TRUE,FALSE
"2025_17_NE_NYJ","NYJ",2,71,"Punt",1537,FALSE,FALSE
"2025_17_NE_NYJ","NYJ",4,64,"Turnover",1198,FALSE,FALSE
"2025_17_NE_NYJ","NYJ",6,70,"Field goal",890,FALSE,TRUE
"2025_17_NE_NYJ","NYJ",8,65,"Punt",181,FALSE,FALSE
"2025_17_NE_NYJ","NYJ",10,65,"End of half",31,FALSE,FALSE
"2025_17_NE_NYJ","NYJ",11,65,"Turnover on downs",1800,FALSE,FALSE
"2025_17_NE_NYJ","NYJ",13,72,"Turnover on downs",1390,FALSE,FALSE
"2025_17_NE_NYJ","NYJ",15,69,"Touchdown",1008,FALSE,TRUE
"2025_17_NE_NYJ","NYJ",17,78,"Turnover on downs",770,FALSE,FALSE
"2025_17_NE_NYJ","NYJ",19,58,"Turnover on downs",146,FALSE,FALSE
"2025_17_NO_TEN","NO",2,80,"Punt",1628,FALSE,FALSE
"2025_17_NO_TEN","NO",4,65,"Missed field goal",1450,FALSE,FALSE
"2025_17_NO_TEN","NO",6,80,"Punt",1171,FALSE,FALSE
"2025_17_NO_TEN","NO",8,82,"Field goal",769,FALSE,TRUE
"2025_17_NO_TEN","NO",11,80,"End of half",7,TRUE,FALSE
"2025_17_NO_TEN","NO",12,74,"Touchdown",1793,FALSE,TRUE
"2025_17_NO_TEN","NO",14,66,"Field goal",1335,FALSE,TRUE
"2025_17_NO_TEN","NO",16,73,"Turnover",766,FALSE,FALSE
"2025_17_NO_TEN","NO",18,80,"Touchdown",525,FALSE,TRUE
"2025_17_NO_TEN","NO",20,64,"Touchdown",294,FALSE,TRUE
"2025_17_NO_TEN","NO",22,62,"Punt",124,FALSE,FALSE
"2025_17_NO_TEN","TEN",1,65,"Punt",1800,FALSE,FALSE
"2025_17_NO_TEN","TEN",3,35,"Field goal",1544,FALSE,TRUE
"2025_17_NO_TEN","TEN",5,67,"Field goal",1356,FALSE,TRUE
"2025_17_NO_TEN","TEN",7,64,"Touchdown",1026,FALSE,TRUE
"2025_17_NO_TEN","TEN",9,76,"Opp touchdown",345,FALSE,FALSE
"2025_17_NO_TEN","TEN",10,80,"Touchdown",231,FALSE,TRUE
"2025_17_NO_TEN","TEN",13,65,"Field goal",1534,FALSE,TRUE
"2025_17_NO_TEN","TEN",15,65,"Field goal",1011,FALSE,TRUE
"2025_17_NO_TEN","TEN",17,80,"Punt",666,FALSE,FALSE
"2025_17_NO_TEN","TEN",19,65,"Punt",382,FALSE,FALSE
"2025_17_NO_TEN","TEN",21,65,"Turnover on downs",224,FALSE,FALSE
"2025_17_NO_TEN","TEN",23,69,"End of half",97,FALSE,FALSE
"2025_17_NYG_LV","LV",2,84,"Punt",1529,FALSE,FALSE
"2025_17_NYG_LV","LV",4,76,"Turnover",1366,FALSE,FALSE
"2025_17_NYG_LV","LV",6,59,"Field goal",893,FALSE,TRUE
"2025_17_NYG_LV","LV",8,65,"Punt",356,FALSE,FALSE
"2025_17_NYG_LV","LV",10,76,"Punt",1795,FALSE,FALSE
"2025_17_NYG_LV","LV",12,65,"Touchdown",1337,FALSE,TRUE
"2025_17_NYG_LV","LV",14,65,"Turnover",918,FALSE,FALSE
"2025_17_NYG_LV","LV",16,65,"Turnover on downs",220,FALSE,FALSE
"2025_17_NYG_LV","NYG",1,78,"Punt",1795,FALSE,FALSE
"2025_17_NYG_LV","NYG",3,73,"Punt",1442,FALSE,FALSE
"2025_17_NYG_LV","NYG",5,44,"Touchdown",1056,FALSE,TRUE
"2025_17_NYG_LV","NYG",7,65,"Touchdown",581,FALSE,TRUE
"2025_17_NYG_LV","NYG",9,85,"Field goal",203,FALSE,TRUE
"2025_17_NYG_LV","NYG",11,77,"Field goal",1612,FALSE,TRUE
"2025_17_NYG_LV","NYG",15,75,"Touchdown",749,FALSE,TRUE
"2025_17_NYG_LV","NYG",17,64,"End of half",100,TRUE,FALSE
"2025_17_PHI_BUF","BUF",2,90,"Punt",1725,FALSE,FALSE
"2025_17_PHI_BUF","BUF",4,74,"Turnover",1256,FALSE,FALSE
"2025_17_PHI_BUF","BUF",6,80,"Punt",935,FALSE,FALSE
"2025_17_PHI_BUF","BUF",8,68,"Punt",297,FALSE,FALSE
"2025_17_PHI_BUF","BUF",10,75,"End of half",3,TRUE,FALSE
"2025_17_PHI_BUF","BUF",11,80,"Punt",1792,FALSE,FALSE
"2025_17_PHI_BUF","BUF",13,80,"Punt",1558,FALSE,FALSE
"2025_17_PHI_BUF","BUF",15,68,"Turnover on downs",1263,FALSE,FALSE
"2025_17_PHI_BUF","BUF",17,41,"Punt",904,FALSE,FALSE
"2025_17_PHI_BUF","BUF",19,54,"Touchdown",662,FALSE,TRUE
"2025_17_PHI_BUF","BUF",21,83,"Touchdown",201,FALSE,TRUE
"2025_17_PHI_BUF","PHI",1,72,"Punt",1793,FALSE,FALSE
"2025_17_PHI_BUF","PHI",3,87,"Punt",1418,FALSE,FALSE
"2025_17_PHI_BUF","PHI",5,45,"Touchdown",1143,FALSE,TRUE
"2025_17_PHI_BUF","PHI",7,77,"Field goal",657,FALSE,TRUE
"2025_17_PHI_BUF","PHI",9,71,"Field goal",169,FALSE,TRUE
"2025_17_PHI_BUF","PHI",12,78,"Punt",1705,FALSE,FALSE
"2025_17_PHI_BUF","PHI",14,84,"Punt",1288,FALSE,FALSE
"2025_17_PHI_BUF","PHI",16,99,"Punt",1036,FALSE,FALSE
"2025_17_PHI_BUF","PHI",18,80,"Punt",768,FALSE,FALSE
"2025_17_PHI_BUF","PHI",20,70,"Punt",304,FALSE,FALSE
"2025_17_PHI_BUF","PHI",22,48,"End of half",4,TRUE,FALSE
"2025_17_PIT_CLE","CLE",1,73,"Field goal",1795,FALSE,TRUE
"2025_17_PIT_CLE","CLE",3,86,"Touchdown",1412,FALSE,TRUE
"2025_17_PIT_CLE","CLE",5,65,"Turnover on downs",894,FALSE,FALSE
"2025_17_PIT_CLE","CLE",7,84,"Turnover",508,FALSE,FALSE
"2025_17_PIT_CLE","CLE",9,78,"Punt",166,FALSE,FALSE
"2025_17_PIT_CLE","CLE",12,86,"Punt",1615,FALSE,FALSE
"2025_17_PIT_CLE","CLE",14,56,"Turnover",773,FALSE,FALSE
"2025_17_PIT_CLE","CLE",16,88,"Punt",584,FALSE,FALSE
"2025_17_PIT_CLE","CLE",18,90,"Punt",294,FALSE,FALSE
"2025_17_PIT_CLE","CLE",20,20,"Field goal",118,FALSE,TRUE
"2025_17_PIT_CLE","CLE",22,93,"End of half",17,TRUE,FALSE
"2025_17_PIT_CLE","PIT",2,74,"Punt",1540,FALSE,FALSE
"2025_17_PIT_CLE","PIT",4,80,"Field goal",1211,FALSE,TRUE
"2025_17_PIT_CLE","PIT",6,66,"Punt",614,FALSE,FALSE
"2025_17_PIT_CLE","PIT",8,31,"Turnover on downs",295,FALSE,FALSE
"2025_17_PIT_CLE","PIT",10,78,"Field goal",111,FALSE,TRUE
"2025_17_PIT_CLE","PIT",11,75,"Punt",1796,FALSE,FALSE
"2025_17_PIT_CLE","PIT",13,78,"Missed field goal",1260,FALSE,FALSE
"2025_17_PIT_CLE","PIT",15,66,"Punt",722,FALSE,FALSE
"2025_17_PIT_CLE","PIT",17,57,"Punt",423,FALSE,FALSE
"2025_17_PIT_CLE","PIT",19,80,"Turnover on downs",136,FALSE,FALSE
"2025_17_PIT_CLE","PIT",21,65,"Turnover on downs",100,FALSE,FALSE
"2025_17_SEA_CAR","CAR",1,65,"Punt",1800,FALSE,FALSE
"2025_17_SEA_CAR","CAR",3,80,"Punt",1540,FALSE,FALSE
"2025_17_SEA_CAR","CAR",5,65,"Punt",1096,FALSE,FALSE
"2025_17_SEA_CAR","CAR",7,77,"Turnover on downs",803,FALSE,FALSE
"2025_17_SEA_CAR","CAR",9,26,"Field goal",319,FALSE,TRUE
"2025_17_SEA_CAR","CAR",11,61,"End of half",17,FALSE,FALSE
"2025_17_SEA_CAR","CAR",13,80,"Turnover",1626,FALSE,FALSE
"2025_17_SEA_CAR","CAR",15,66,"Turnover",1419,FALSE,FALSE
"2025_17_SEA_CAR","CAR",17,69,"Touchdown",1225,FALSE,TRUE
"2025_17_SEA_CAR","CAR",19,73,"Turnover on downs",326,FALSE,FALSE
"2025_17_SEA_CAR","CAR",21,87,"Turnover on downs",146,FALSE,FALSE
"2025_17_SEA_CAR","SEA",2,82,"Punt",1688,FALSE,FALSE
"2025_17_SEA_CAR","SEA",4,70,"Field goal",1407,FALSE,TRUE
"2025_17_SEA_CAR","SEA",6,84,"Punt",1014,FALSE,FALSE
"2025_17_SEA_CAR","SEA",8,59,"Turnover",415,FALSE,FALSE
"2025_17_SEA_CAR","SEA",10,70,"Turnover on downs",219,FALSE,FALSE
"2025_17_SEA_CAR","SEA",12,60,"Turnover",1800,FALSE,FALSE
"2025_17_SEA_CAR","SEA",14,21,"Touchdown",1621,FALSE,TRUE
"2025_17_SEA_CAR","SEA",16,29,"Touchdown",1361,FALSE,TRUE
"2025_17_SEA_CAR","SEA",18,67,"Field goal",814,FALSE,TRUE
"2025_17_SEA_CAR","SEA",20,25,"Touchdown",220,FALSE,TRUE
"2025_17_SEA_CAR","SEA",22,13,"End of half",34,TRUE,FALSE
"2025_17_TB_MIA","MIA",1,65,"Punt",1800,FALSE,FALSE
"2025_17_TB_MIA","MIA",3,65,"Touchdown",1227,FALSE,TRUE
"2025_17_TB_MIA","MIA",5,87,"Field goal",839,FALSE,TRUE
"2025_17_TB_MIA","MIA",7,76,"Touchdown",357,FALSE,TRUE
"2025_17_TB_MIA","MIA",9,55,"End of half",20,FALSE,FALSE
"2025_17_TB_MIA","MIA",11,69,"Punt",1705,FALSE,FALSE
"2025_17_TB_MIA","MIA",13,45,"Field goal",1120,FALSE,TRUE
"2025_17_TB_MIA","MIA",15,96,"Punt",757,FALSE,FALSE
"2025_17_TB_MIA","MIA",17,74,"Punt",416,FALSE,FALSE
"2025_17_TB_MIA","MIA",19,59,"Punt",235,FALSE,FALSE
"2025_17_TB_MIA","MIA",21,47,"End of half",49,TRUE,FALSE
"2025_17_TB_MIA","TB",2,68,"Touchdown",1674,FALSE,TRUE
"2025_17_TB_MIA","TB",4,83,"Punt",1163,FALSE,FALSE
"2025_17_TB_MIA","TB",6,72,"Turnover",494,FALSE,FALSE
"2025_17_TB_MIA","TB",8,70,"Missed field goal",96,FALSE,FALSE
"2025_17_TB_MIA","TB",10,65,"Punt",1800,FALSE,FALSE
"2025_17_TB_MIA","TB",12,65,"Field goal",1615,FALSE,TRUE
"2025_17_TB_MIA","TB",14,65,"Punt",855,FALSE,FALSE
"2025_17_TB_MIA","TB",16,78,"Turnover",517,FALSE,FALSE
"2025_17_TB_MIA","TB",18,68,"Turnover",320,FALSE,FALSE
"2025_17_TB_MIA","TB",20,91,"Touchdown",110,FALSE,TRUE
"2025_18_ARI_LA","ARI",1,77,"Turnover",1794,FALSE,FALSE
"2025_18_ARI_LA","ARI",3,83,"Field goal",1561,FALSE,TRUE
"2025_18_ARI_LA","ARI",5,65,"Field goal",705,FALSE,TRUE
"2025_18_ARI_LA","ARI",7,82,"Turnover",77,FALSE,FALSE
"2025_18_ARI_LA","ARI",10,73,"Touchdown",1721,FALSE,TRUE
"2025_18_ARI_LA","ARI",12,76,"Touchdown",1508,FALSE,TRUE
"2025_18_ARI_LA","ARI",14,80,"Punt",942,FALSE,FALSE
"2025_18_ARI_LA","ARI",16,65,"Punt",639,FALSE,FALSE
"2025_18_ARI_LA","ARI",18,65,"Turnover on downs",255,FALSE,FALSE
"2025_18_ARI_LA","LA",2,23,"Field goal",1680,FALSE,TRUE
"2025_18_ARI_LA","LA",4,72,"Field goal",1100,FALSE,TRUE
"2025_18_ARI_LA","LA",6,74,"Touchdown",570,FALSE,TRUE
"2025_18_ARI_LA","LA",8,69,"Field goal",49,FALSE,TRUE
"2025_18_ARI_LA","LA",9,67,"Punt",1794,FALSE,FALSE
"2025_18_ARI_LA","LA",11,68,"Punt",1532,FALSE,FALSE
"2025_18_ARI_LA","LA",13,70,"Touchdown",1125,FALSE,TRUE
"2025_18_ARI_LA","LA",15,66,"Touchdown",812,FALSE,TRUE
"2025_18_ARI_LA","LA",17,81,"Touchdown",552,FALSE,TRUE
"2025_18_ARI_LA","LA",19,82,"End of half",107,TRUE,FALSE
"2025_18_BAL_PIT","BAL",1,85,"Touchdown",1795,FALSE,TRUE
"2025_18_BAL_PIT","BAL",3,86,"Punt",1465,FALSE,FALSE
"2025_18_BAL_PIT","BAL",5,45,"Field goal",1002,FALSE,TRUE
"2025_18_BAL_PIT","BAL",7,65,"Punt",532,FALSE,FALSE
"2025_18_BAL_PIT","BAL",9,65,"Punt",339,FALSE,FALSE
"2025_18_BAL_PIT","BAL",12,66,"Turnover",1397,FALSE,FALSE
"2025_18_BAL_PIT","BAL",14,77,"Punt",1162,FALSE,FALSE
"2025_18_BAL_PIT","BAL",16,71,"Touchdown",652,FALSE,TRUE
"2025_18_BAL_PIT","BAL",18,73,"Touchdown",223,FALSE,TRUE
"2025_18_BAL_PIT","BAL",20,53,"Missed field goal",47,FALSE,FALSE
"2025_18_BAL_PIT","PIT",2,63,"Punt",1547,FALSE,FALSE
"2025_18_BAL_PIT","PIT",4,75,"Turnover on downs",1199,FALSE,FALSE
"2025_18_BAL_PIT","PIT",6,75,"Field goal",803,FALSE,TRUE
"2025_18_BAL_PIT","PIT",8,83,"Punt",370,FALSE,FALSE
"2025_18_BAL_PIT","PIT",10,91,"End of half",189,FALSE,FALSE
"2025_18_BAL_PIT","PIT",11,67,"Touchdown",1795,FALSE,TRUE
"2025_18_BAL_PIT","PIT",13,26,"Field goal",1345,FALSE,TRUE
"2025_18_BAL_PIT","PIT",15,88,"Punt",964,FALSE,FALSE
"2025_18_BAL_PIT","PIT",17,60,"Touchdown",522,FALSE,TRUE
"2025_18_BAL_PIT","PIT",19,65,"Touchdown",140,FALSE,TRUE
"2025_18_CAR_TB","CAR",2,65,"Punt",1471,FALSE,FALSE
"2025_18_CAR_TB","CAR",4,65,"Punt",1017,FALSE,FALSE
"2025_18_CAR_TB","CAR",6,19,"Touchdown",738,FALSE,TRUE
"2025_18_CAR_TB","CAR",8,84,"Turnover",261,FALSE,FALSE
"2025_18_CAR_TB","CAR",10,65,"End of half",2,TRUE,FALSE
"2025_18_CAR_TB","CAR",11,65,"Missed field goal",1800,FALSE,FALSE
"2025_18_CAR_TB","CAR",13,93,"Punt",1388,FALSE,FALSE
"2025_18_CAR_TB","CAR",15,65,"Turnover",852,FALSE,FALSE
"2025_18_CAR_TB","CAR",17,72,"Touchdown",312,FALSE,TRUE
"2025_18_CAR_TB","CAR",19,97,"Turnover",18,FALSE,FALSE
"2025_18_CAR_TB","TB",1,74,"Touchdown",1796,FALSE,TRUE
"2025_18_CAR_TB","TB",3,80,"Field goal",1344,FALSE,TRUE
"2025_18_CAR_TB","TB",5,94,"Turnover",888,FALSE,FALSE
"2025_18_CAR_TB","TB",7,85,"Punt",644,FALSE,FALSE
"2025_18_CAR_TB","TB",9,58,"Field goal",111,FALSE,TRUE
"2025_18_CAR_TB","TB",12,56,"Punt",1527,FALSE,FALSE
"2025_18_CAR_TB","TB",14,69,"Field goal",1170,FALSE,TRUE
"2025_18_CAR_TB","TB",16,71,"Missed field goal",667,FALSE,FALSE
"2025_18_CAR_TB","TB",18,71,"Punt",143,FALSE,FALSE
"2025_18_CLE_CIN","CIN",1,66,"Punt",1795,FALSE,FALSE
"2025_18_CLE_CIN","CIN",3,29,"Touchdown",1522,FALSE,TRUE
"2025_18_CLE_CIN","CIN",5,70,"Opp touchdown",1280,FALSE,FALSE
"2025_18_CLE_CIN","CIN",6,70,"Opp touchdown",949,FALSE,FALSE
"2025_18_CLE_CIN","CIN",7,72,"Punt",841,FALSE,FALSE
"2025_18_CLE_CIN","CIN",9,78,"Punt",433,FALSE,FALSE
"2025_18_CLE_CIN","CIN",11,79,"Touchdown",281,FALSE,TRUE
"2025_18_CLE_CIN","CIN",14,70,"Punt",1375,FALSE,FALSE
"2025_18_CLE_CIN","CIN",16,91,"Punt",636,FALSE,FALSE
"2025_18_CLE_CIN","CIN",18,61,"Touchdown",161,FALSE,TRUE
"2025_18_CLE_CIN","CLE",2,95,"Turnover",1657,FALSE,FALSE
"2025_18_CLE_CIN","CLE",4,76,"Punt",1373,FALSE,FALSE
"2025_18_CLE_CIN","CLE",8,88,"Punt",584,FALSE,FALSE
"2025_18_CLE_CIN","CLE",10,70,"Punt",376,FALSE,FALSE
"2025_18_CLE_CIN","CLE",12,70,"End of half",23,FALSE,FALSE
"2025_18_CLE_CIN","CLE",13,65,"Field goal",1800,FALSE,TRUE
"2025_18_CLE_CIN","CLE",15,91,"Punt",1016,FALSE,FALSE
"2025_18_CLE_CIN","CLE",17,91,"Punt",229,FALSE,FALSE
"2025_18_CLE_CIN","CLE",19,71,"Field goal",83,FALSE,TRUE
"2025_18_DAL_NYG","DAL",2,99,"Turnover",1648,FALSE,FALSE
"2025_18_DAL_NYG","DAL",4,65,"Field goal",1455,FALSE,TRUE
"2025_18_DAL_NYG","DAL",6,11,"Touchdown",966,FALSE,TRUE
"2025_18_DAL_NYG","DAL",8,68,"Turnover on downs",577,FALSE,FALSE
"2025_18_DAL_NYG","DAL",10,81,"End of half",15,TRUE,FALSE
"2025_18_DAL_NYG","DAL",11,88,"Punt",1794,FALSE,FALSE
"2025_18_DAL_NYG","DAL",13,79,"Missed field goal",1483,FALSE,FALSE
"2025_18_DAL_NYG","DAL",15,69,"Touchdown",1205,FALSE,TRUE
"2025_18_DAL_NYG","DAL",17,73,"Turnover",556,FALSE,FALSE
"2025_18_DAL_NYG","DAL",19,74,"Punt",342,FALSE,FALSE
"2025_18_DAL_NYG","DAL",21,62,"End of half",19,FALSE,FALSE
"2025_18_DAL_NYG","NYG",1,60,"Punt",1800,FALSE,FALSE
"2025_18_DAL_NYG","NYG",3,28,"Field goal",1503,FALSE,TRUE
"2025_18_DAL_NYG","NYG",5,61,"Field goal",1215,FALSE,TRUE
"2025_18_DAL_NYG","NYG",7,65,"Field goal",928,FALSE,TRUE
"2025_18_DAL_NYG","NYG",9,96,"Touchdown",169,FALSE,TRUE
"2025_18_DAL_NYG","NYG",12,62,"Touchdown",1655,FALSE,TRUE
"2025_18_DAL_NYG","NYG",14,53,"Turnover",1311,FALSE,FALSE
"2025_18_DAL_NYG","NYG",16,73,"Field goal",891,FALSE,TRUE
"2025_18_DAL_NYG","NYG",18,33,"Touchdown",550,FALSE,TRUE
"2025_18_DAL_NYG","NYG",20,79,"Punt",260,FALSE,FALSE
"2025_18_DET_CHI","CHI",2,74,"Punt",1408,FALSE,FALSE
"2025_18_DET_CHI","CHI",4,69,"Punt",681,FALSE,FALSE
"2025_18_DET_CHI","CHI",6,69,"Turnover on downs",275,FALSE,FALSE
"2025_18_DET_CHI","CHI",8,72,"Punt",1793,FALSE,FALSE
"2025_18_DET_CHI","CHI",10,69,"Turnover",1529,FALSE,FALSE
"2025_18_DET_CHI","CHI",12,65,"Touchdown",1031,FALSE,TRUE
"2025_18_DET_CHI","CHI",14,88,"Touchdown",681,FALSE,TRUE
"2025_18_DET_CHI","CHI",16,74,"Punt",131,FALSE,FALSE
"2025_18_DET_CHI","DET",1,71,"Field goal",1794,FALSE,TRUE
"2025_18_DET_CHI","DET",3,78,"Field goal",1119,FALSE,TRUE
"2025_18_DET_CHI","DET",5,76,"Touchdown",586,FALSE,TRUE
"2025_18_DET_CHI","DET",7,70,"Missed field goal",30,FALSE,FALSE
"2025_18_DET_CHI","DET",9,80,"Punt",1718,FALSE,FALSE
"2025_18_DET_CHI","DET",11,80,"Field goal",1365,FALSE,TRUE
"2025_18_DET_CHI","DET",13,69,"Punt",851,FALSE,FALSE
"2025_18_DET_CHI","DET",15,80,"Turnover",325,FALSE,FALSE
"2025_18_DET_CHI","DET",17,63,"Field goal",101,FALSE,TRUE
"2025_18_GB_MIN","GB",2,65,"Punt",1527,FALSE,FALSE
"2025_18_GB_MIN","GB",4,70,"Punt",1285,FALSE,FALSE
"2025_18_GB_MIN","GB",6,90,"Punt",937,FALSE,FALSE
"2025_18_GB_MIN","GB",8,70,"Punt",754,FALSE,FALSE
"2025_18_GB_MIN","GB",10,78,"Punt",176,FALSE,FALSE
"2025_18_GB_MIN","GB",12,80,"End of half",23,TRUE,FALSE
"2025_18_GB_MIN","GB",13,70,"Punt",1795,FALSE,FALSE
"2025_18_GB_MIN","GB",15,88,"Punt",1328,FALSE,FALSE
"2025_18_GB_MIN","GB",17,75,"Punt",683,FALSE,FALSE
"2025_18_GB_MIN","GB",19,61,"Field goal",243,FALSE,TRUE
"2025_18_GB_MIN","MIN",1,71,"Field goal",1795,FALSE,TRUE
"2025_18_GB_MIN","MIN",3,98,"Punt",1442,FALSE,FALSE
"2025_18_GB_MIN","MIN",5,80,"Punt",1140,FALSE,FALSE
"2025_18_GB_MIN","MIN",7,78,"Punt",814,FALSE,FALSE
"2025_18_GB_MIN","MIN",9,91,"Field goal",544,FALSE,TRUE
"2025_18_GB_MIN","MIN",11,59,"Touchdown",107,FALSE,TRUE
"2025_18_GB_MIN","MIN",14,86,"Punt",1535,FALSE,FALSE
"2025_18_GB_MIN","MIN",16,92,"Turnover",1012,FALSE,FALSE
"2025_18_GB_MIN","MIN",18,82,"Field goal",584,FALSE,TRUE
"2025_18_IND_HOU","HOU",1,70,"Field goal",1794,FALSE,TRUE
"2025_18_IND_HOU","HOU",3,61,"Field goal",1530,FALSE,TRUE
"2025_18_IND_HOU","HOU",5,82,"Touchdown",928,FALSE,TRUE
"2025_18_IND_HOU","HOU",7,2,"Touchdown",518,FALSE,TRUE
"2025_18_IND_HOU","HOU",9,64,"Punt",425,FALSE,FALSE
"2025_18_IND_HOU","HOU",11,70,"Field goal",79,FALSE,TRUE
"2025_18_IND_HOU","HOU",13,55,"Punt",1676,FALSE,FALSE
"2025_18_IND_HOU","HOU",15,71,"Field goal",1519,FALSE,TRUE
"2025_18_IND_HOU","HOU",17,69,"Punt",995,FALSE,FALSE
"2025_18_IND_HOU","HOU",19,33,"Field goal",748,FALSE,TRUE
"2025_18_IND_HOU","HOU",21,65,"Field goal",159,FALSE,TRUE
"2025_18_IND_HOU","IND",2,69,"Touchdown",1619,FALSE,TRUE
"2025_18_IND_HOU","IND",4,76,"Field goal",1288,FALSE,TRUE
"2025_18_IND_HOU","IND",6,71,"Turnover",568,FALSE,FALSE
"2025_18_IND_HOU","IND",8,65,"Punt",512,FALSE,FALSE
"2025_18_IND_HOU","IND",10,92,"Touchdown",239,FALSE,TRUE
"2025_18_IND_HOU","IND",12,65,"Touchdown",1800,FALSE,TRUE
"2025_18_IND_HOU","IND",14,78,"Punt",1583,FALSE,FALSE
"2025_18_IND_HOU","IND",16,65,"Field goal",1313,FALSE,TRUE
"2025_18_IND_HOU","IND",18,92,"Turnover",887,FALSE,FALSE
"2025_18_IND_HOU","IND",20,65,"Field goal",675,FALSE,TRUE
"2025_18_IND_HOU","IND",22,75,"Opp touchdown",5,FALSE,FALSE
"2025_18_KC_LV","KC",1,65,"Punt",1800,FALSE,FALSE
"2025_18_KC_LV","KC",3,46,"Punt",1634,FALSE,FALSE
"2025_18_KC_LV","KC",5,54,"Field goal",1411,FALSE,TRUE
"2025_18_KC_LV","KC",7,90,"Punt",1024,FALSE,FALSE
"2025_18_KC_LV","KC",9,36,"Turnover",752,FALSE,FALSE
"2025_18_KC_LV","KC",11,65,"Punt",440,FALSE,FALSE
"2025_18_KC_LV","KC",13,91,"Turnover",255,FALSE,FALSE
"2025_18_KC_LV","KC",15,65,"End of half",112,FALSE,FALSE
"2025_18_KC_LV","KC",17,72,"Field goal",1604,FALSE,TRUE
"2025_18_KC_LV","KC",19,80,"Punt",796,FALSE,FALSE
"2025_18_KC_LV","KC",21,73,"Punt",684,FALSE,FALSE
"2025_18_KC_LV","KC",23,94,"Safety",356,FALSE,FALSE
"2025_18_KC_LV","KC",24,21,"Field goal",270,FALSE,TRUE
"2025_18_KC_LV","KC",26,74,"Field goal",143,FALSE,TRUE
"2025_18_KC_LV","KC",28,65,"End of half",8,FALSE,FALSE
"2025_18_KC_LV","LV",2,58,"Turnover",1672,FALSE,FALSE
"2025_18_KC_LV","LV",4,96,"Punt",1537,FALSE,FALSE
"2025_18_KC_LV","LV",6,68,"Punt",1190,FALSE,FALSE
"2025_18_KC_LV","LV",8,73,"Turnover on downs",810,FALSE,FALSE
"2025_18_KC_LV","LV",10,44,"Field goal",697,FALSE,TRUE
"2025_18_KC_LV","LV",12,88,"Punt",379,FALSE,FALSE
"2025_18_KC_LV","LV",14,18,"Field goal",177,FALSE,TRUE
"2025_18_KC_LV","LV",16,59,"Turnover on downs",1792,FALSE,FALSE
"2025_18_KC_LV","LV",18,66,"Field goal",1145,FALSE,TRUE
"2025_18_KC_LV","LV",20,79,"Punt",741,FALSE,FALSE
"2025_18_KC_LV","LV",22,87,"Punt",620,FALSE,FALSE
"2025_18_KC_LV","LV",25,74,"Punt",208,FALSE,FALSE
"2025_18_KC_LV","LV",27,68,"Field goal",55,FALSE,TRUE
"2025_18_LAC_DEN","DEN",2,87,"Field goal",1738,FALSE,TRUE
"2025_18_LAC_DEN","DEN",5,80,"Punt",1015,FALSE,FALSE
"2025_18_LAC_DEN","DEN",7,84,"Punt",851,FALSE,FALSE
"2025_18_LAC_DEN","DEN",9,86,"Punt",406,FALSE,FALSE
"2025_18_LAC_DEN","DEN",11,65,"End of half",3,TRUE,FALSE
"2025_18_LAC_DEN","DEN",12,65,"Punt",1800,FALSE,FALSE
"2025_18_LAC_DEN","DEN",14,60,"Field goal",1691,FALSE,TRUE
"2025_18_LAC_DEN","DEN",16,55,"Punt",1266,FALSE,FALSE
"2025_18_LAC_DEN","DEN",18,81,"Punt",937,FALSE,FALSE
"2025_18_LAC_DEN","DEN",20,20,"Field goal",801,FALSE,TRUE
"2025_18_LAC_DEN","DEN",22,56,"Field goal",477,FALSE,TRUE
"2025_18_LAC_DEN","DEN",24,89,"End of half",16,TRUE,FALSE
"2025_18_LAC_DEN","LAC",1,72,"Punt",1796,FALSE,FALSE
"2025_18_LAC_DEN","LAC",3,65,"Opp touchdown",1206,FALSE,FALSE
"2025_18_LAC_DEN","LAC",4,70,"Punt",1116,FALSE,FALSE
"2025_18_LAC_DEN","LAC",6,79,"Punt",930,FALSE,FALSE
"2025_18_LAC_DEN","LAC",8,73,"Punt",625,FALSE,FALSE
"2025_18_LAC_DEN","LAC",10,63,"Field goal",176,FALSE,TRUE
"2025_18_LAC_DEN","LAC",13,88,"Punt",1748,FALSE,FALSE
"2025_18_LAC_DEN","LAC",15,69,"Punt",1502,FALSE,FALSE
"2025_18_LAC_DEN","LAC",17,80,"Punt",1111,FALSE,FALSE
"2025_18_LAC_DEN","LAC",19,76,"Turnover",809,FALSE,FALSE
"2025_18_LAC_DEN","LAC",21,65,"Turnover on downs",705,FALSE,FALSE
"2025_18_LAC_DEN","LAC",23,65,"Turnover on downs",143,FALSE,FALSE
"2025_18_MIA_NE","MIA",2,65,"Turnover on downs",1694,FALSE,FALSE
"2025_18_MIA_NE","MIA",4,65,"Touchdown",955,FALSE,TRUE
"2025_18_MIA_NE","MIA",6,89,"Punt",580,FALSE,FALSE
"2025_18_MIA_NE","MIA",8,39,"Turnover",302,FALSE,FALSE
"2025_18_MIA_NE","MIA",10,40,"Field goal",91,FALSE,TRUE
"2025_18_MIA_NE","MIA",12,65,"Turnover",1800,FALSE,FALSE
"2025_18_MIA_NE","MIA",14,70,"Punt",1342,FALSE,FALSE
"2025_18_MIA_NE","MIA",16,74,"Punt",1032,FALSE,FALSE
"2025_18_MIA_NE","MIA",18,65,"Punt",759,FALSE,FALSE
"2025_18_MIA_NE","MIA",20,95,"Punt",566,FALSE,FALSE
"2025_18_MIA_NE","MIA",22,83,"Punt",345,FALSE,FALSE
"2025_18_MIA_NE","NE",1,70,"Touchdown",1795,FALSE,TRUE
"2025_18_MIA_NE","NE",3,92,"Touchdown",1250,FALSE,TRUE
"2025_18_MIA_NE","NE",5,65,"Punt",614,FALSE,FALSE
"2025_18_MIA_NE","NE",7,69,"Turnover on downs",453,FALSE,FALSE
"2025_18_MIA_NE","NE",9,37,"Missed field goal",267,FALSE,FALSE
"2025_18_MIA_NE","NE",11,68,"Field goal",24,FALSE,TRUE
"2025_18_MIA_NE","NE",13,80,"Touchdown",1598,FALSE,TRUE
"2025_18_MIA_NE","NE",15,63,"Touchdown",1164,FALSE,TRUE
"2025_18_MIA_NE","NE",17,51,"Touchdown",939,FALSE,TRUE
"2025_18_MIA_NE","NE",19,68,"Punt",661,FALSE,FALSE
"2025_18_MIA_NE","NE",21,69,"Punt",467,FALSE,FALSE
"2025_18_MIA_NE","NE",23,64,"End of half",288,FALSE,FALSE
"2025_18_NO_ATL","ATL",1,75,"Punt",1794,FALSE,FALSE
"2025_18_NO_ATL","ATL",3,39,"Turnover",1659,FALSE,FALSE
"2025_18_NO_ATL","ATL",5,73,"Punt",1269,FALSE,FALSE
"2025_18_NO_ATL","ATL",7,5,"Touchdown",1098,FALSE,TRUE
"2025_18_NO_ATL","ATL",9,53,"Field goal",853,FALSE,TRUE
"2025_18_NO_ATL","ATL",11,68,"Punt",266,FALSE,FALSE
"2025_18_NO_ATL","ATL",13,82,"End of half",41,FALSE,FALSE
"2025_18_NO_ATL","ATL",15,74,"Field goal",1563,FALSE,TRUE
"2025_18_NO_ATL","ATL",17,64,"Field goal",1029,FALSE,TRUE
"2025_18_NO_ATL","ATL",19,76,"Punt",580,FALSE,FALSE
"2025_18_NO_ATL","ATL",21,27,"Field goal",194,FALSE,TRUE
"2025_18_NO_ATL","ATL",23,43,"End of half",70,TRUE,FALSE
"2025_18_NO_ATL","NO",2,81,"Turnover",1670,FALSE,FALSE
"2025_18_NO_ATL","NO",4,86,"Punt",1386,FALSE,FALSE
"2025_18_NO_ATL","NO",6,89,"Punt",1160,FALSE,FALSE
"2025_18_NO_ATL","NO",8,74,"Missed field goal",1076,FALSE,FALSE
"2025_18_NO_ATL","NO",10,65,"Touchdown",619,FALSE,TRUE
"2025_18_NO_ATL","NO",12,80,"Punt",168,FALSE,FALSE
"2025_18_NO_ATL","NO",14,60,"Punt",1800,FALSE,FALSE
"2025_18_NO_ATL","NO",16,67,"Field goal",1424,FALSE,TRUE
"2025_18_NO_ATL","NO",18,75,"Punt",638,FALSE,FALSE
"2025_18_NO_ATL","NO",20,75,"Turnover",383,FALSE,FALSE
"2025_18_NO_ATL","NO",22,65,"Touchdown",172,FALSE,TRUE
"2025_18_NYJ_BUF","BUF",1,80,"Touchdown",1800,FALSE,TRUE
"2025_18_NYJ_BUF","BUF",3,68,"Turnover on downs",1289,FALSE,FALSE
"2025_18_NYJ_BUF","BUF",5,84,"Touchdown",1084,FALSE,TRUE
"2025_18_NYJ_BUF","BUF",7,51,"Touchdown",471,FALSE,TRUE
"2025_18_NYJ_BUF","BUF",9,98,"End of half",25,FALSE,FALSE
"2025_18_NYJ_BUF","BUF",11,54,"Touchdown",1669,FALSE,TRUE
"2025_18_NYJ_BUF","BUF",13,68,"Turnover on downs",1303,FALSE,FALSE
"2025_18_NYJ_BUF","BUF",15,55,"Touchdown",900,FALSE,TRUE
"2025_18_NYJ_BUF","BUF",17,77,"End of half",447,FALSE,FALSE
"2025_18_NYJ_BUF","NYJ",2,65,"Punt",1397,FALSE,FALSE
"2025_18_NYJ_BUF","NYJ",4,67,"Punt",1171,FALSE,FALSE
"2025_18_NYJ_BUF","NYJ",6,69,"Turnover on downs",698,FALSE,FALSE
"2025_18_NYJ_BUF","NYJ",8,75,"Punt",292,FALSE,FALSE
"2025_18_NYJ_BUF","NYJ",10,70,"Turnover on downs",1793,FALSE,FALSE
"2025_18_NYJ_BUF","NYJ",12,64,"Punt",1357,FALSE,FALSE
"2025_18_NYJ_BUF","NYJ",14,97,"Punt",1034,FALSE,FALSE
"2025_18_NYJ_BUF","NYJ",16,48,"Touchdown",716,FALSE,TRUE
"2025_18_SEA_SF","SEA",1,70,"Turnover on downs",1800,FALSE,FALSE
"2025_18_SEA_SF","SEA",3,35,"Touchdown",1252,FALSE,TRUE
"2025_18_SEA_SF","SEA",5,82,"Missed field goal",1046,FALSE,FALSE
"2025_18_SEA_SF","SEA",7,60,"Field goal",575,FALSE,TRUE
"2025_18_SEA_SF","SEA",9,65,"End of half",60,FALSE,FALSE
"2025_18_SEA_SF","SEA",11,63,"Punt",1507,FALSE,FALSE
"2025_18_SEA_SF","SEA",13,68,"Field goal",1171,FALSE,TRUE
"2025_18_SEA_SF","SEA",15,97,"Missed field goal",621,FALSE,FALSE
"2025_18_SEA_SF","SEA",17,24,"End of half",111,TRUE,FALSE
"2025_18_SEA_SF","SF",2,95,"Punt",1343,FALSE,FALSE
"2025_18_SEA_SF","SF",4,65,"Punt",1169,FALSE,FALSE
"2025_18_SEA_SF","SF",6,63,"Turnover on downs",748,FALSE,FALSE
"2025_18_SEA_SF","SF",8,60,"Field goal",319,FALSE,TRUE
"2025_18_SEA_SF","SF",10,88,"Punt",1795,FALSE,FALSE
"2025_18_SEA_SF","SF",12,91,"Punt",1307,FALSE,FALSE
"2025_18_SEA_SF","SF",14,70,"Turnover",849,FALSE,FALSE
"2025_18_SEA_SF","SF",16,80,"Turnover on downs",140,FALSE,FALSE
"2025_18_TEN_JAX","JAX",1,69,"Punt",1795,FALSE,FALSE
"2025_18_TEN_JAX","JAX",3,67,"Touchdown",1503,FALSE,TRUE
"2025_18_TEN_JAX","JAX",5,80,"Punt",1086,FALSE,FALSE
"2025_18_TEN_JAX","JAX",7,82,"Touchdown",892,FALSE,TRUE
"2025_18_TEN_JAX","JAX",10,86,"Touchdown",422,FALSE,TRUE
"2025_18_TEN_JAX","JAX",12,49,"Field goal",3,FALSE,TRUE
"2025_18_TEN_JAX","JAX",14,79,"Punt",1703,FALSE,FALSE
"2025_18_TEN_JAX","JAX",16,75,"Field goal",1314,FALSE,TRUE
"2025_18_TEN_JAX","JAX",18,51,"Touchdown",803,FALSE,TRUE
"2025_18_TEN_JAX","JAX",20,58,"End of half",115,TRUE,FALSE
"2025_18_TEN_JAX","TEN",2,58,"Touchdown",1711,FALSE,TRUE
"2025_18_TEN_JAX","TEN",4,76,"Punt",1254,FALSE,FALSE
"2025_18_TEN_JAX","TEN",6,69,"Punt",996,FALSE,FALSE
"2025_18_TEN_JAX","TEN",8,65,"Opp touchdown",707,FALSE,FALSE
"2025_18_TEN_JAX","TEN",9,65,"Punt",487,FALSE,FALSE
"2025_18_TEN_JAX","TEN",11,65,"Turnover on downs",116,FALSE,FALSE
"2025_18_TEN_JAX","TEN",13,65,"Punt",1800,FALSE,FALSE
"2025_18_TEN_JAX","TEN",15,85,"Punt",1461,FALSE,FALSE
"2025_18_TEN_JAX","TEN",17,65,"Turnover on downs",963,FALSE,FALSE
"2025_18_TEN_JAX","TEN",19,65,"Missed field goal",448,FALSE,FALSE
"2025_18_WAS_PHI","PHI",1,68,"Punt",1794,FALSE,FALSE
"2025_18_WAS_PHI","PHI",3,80,"Touchdown",1053,FALSE,TRUE
"2025_18_WAS_PHI","PHI",5,65,"Turnover on downs",543,FALSE,FALSE
"2025_18_WAS_PHI","PHI",7,22,"Turnover",113,FALSE,FALSE
"2025_18_WAS_PHI","PHI",10,91,"Punt",1727,FALSE,FALSE
"2025_18_WAS_PHI","PHI",12,28,"Touchdown",1552,FALSE,TRUE
"2025_18_WAS_PHI","PHI",14,73,"Field goal",1189,FALSE,TRUE
"2025_18_WAS_PHI","PHI",16,65,"Punt",570,FALSE,FALSE
"2025_18_WAS_PHI","PHI",18,65,"Turnover on downs",152,FALSE,FALSE
"2025_18_WAS_PHI","PHI",20,72,"Turnover on downs",53,FALSE,FALSE
"2025_18_WAS_PHI","WAS",2,85,"Missed field goal",1641,FALSE,FALSE
"2025_18_WAS_PHI","WAS",4,65,"Touchdown",817,FALSE,TRUE
"2025_18_WAS_PHI","WAS",6,94,"Turnover",283,FALSE,FALSE
"2025_18_WAS_PHI","WAS",8,71,"Field goal",48,FALSE,TRUE
"2025_18_WAS_PHI","WAS",9,74,"Punt",1792,FALSE,FALSE
"2025_18_WAS_PHI","WAS",11,67,"Turnover",1598,FALSE,FALSE
"2025_18_WAS_PHI","WAS",13,65,"Punt",1287,FALSE,FALSE
"2025_18_WAS_PHI","WAS",15,65,"Touchdown",930,FALSE,TRUE
"2025_18_WAS_PHI","WAS",17,77,"Touchdown",517,FALSE,TRUE
"2025_18_WAS_PHI","WAS",19,69,"Punt",77,FALSE,FALSE
"2025_18_WAS_PHI","WAS",21,21,"End of half",8,TRUE,FALSE
