"game_id","posteam","fixed_drive","offensive_drive","first_downs","bucket"
"2025_01_ARI_NO","ARI",1,TRUE,1,"1"
"2025_01_ARI_NO","ARI",3,TRUE,3,"3"
"2025_01_ARI_NO","ARI",5,TRUE,4,"4+"
"2025_01_ARI_NO","ARI",7,TRUE,5,"4+"
"2025_01_ARI_NO","ARI",10,TRUE,1,"1"
"2025_01_ARI_NO","ARI",12,TRUE,1,"1"
"2025_01_ARI_NO","ARI",14,TRUE,3,"3"
"2025_01_ARI_NO","ARI",16,TRUE,1,"1"
"2025_01_ARI_NO","ARI",18,TRUE,0,"0"
"2025_01_ARI_NO","NO",2,TRUE,0,"0"
"2025_01_ARI_NO","NO",4,TRUE,6,"4+"
"2025_01_ARI_NO","NO",6,TRUE,2,"2"
"2025_01_ARI_NO","NO",8,TRUE,0,"0"
"2025_01_ARI_NO","NO",9,TRUE,1,"1"
"2025_01_ARI_NO","NO",11,TRUE,4,"4+"
"2025_01_ARI_NO","NO",13,TRUE,1,"1"
"2025_01_ARI_NO","NO",15,TRUE,0,"0"
"2025_01_ARI_NO","NO",17,TRUE,3,"3"
"2025_01_ARI_NO","NO",19,TRUE,3,"3"
"2025_01_BAL_BUF","BAL",2,TRUE,4,"4+"
"2025_01_BAL_BUF","BAL",4,TRUE,4,"4+"
"2025_01_BAL_BUF","BAL",6,TRUE,2,"2"
"2025_01_BAL_BUF","BAL",8,TRUE,2,"2"
"2025_01_BAL_BUF","BAL",10,TRUE,2,"2"
"2025_01_BAL_BUF","BAL",12,TRUE,0,"0"
"2025_01_BAL_BUF","BAL",14,TRUE,2,"2"
"2025_01_BAL_BUF","BAL",16,TRUE,2,"2"
"2025_01_BAL_BUF","BAL",18,TRUE,0,"0"
"2025_01_BAL_BUF","BAL",20,TRUE,1,"1"
"2025_01_BAL_BUF","BAL",22,TRUE,0,"0"
"2025_01_BAL_BUF","BUF",1,TRUE,3,"3"
"2025_01_BAL_BUF","BUF",3,TRUE,0,"0"
"2025_01_BAL_BUF","BUF",5,TRUE,0,"0"
"2025_01_BAL_BUF","BUF",7,TRUE,4,"4+"
"2025_01_BAL_BUF","BUF",9,TRUE,2,"2"
"2025_01_BAL_BUF","BUF",11,TRUE,4,"4+"
"2025_01_BAL_BUF","BUF",13,TRUE,1,"1"
"2025_01_BAL_BUF","BUF",15,TRUE,4,"4+"
"2025_01_BAL_BUF","BUF",17,TRUE,1,"1"
"2025_01_BAL_BUF","BUF",19,TRUE,5,"4+"
"2025_01_BAL_BUF","BUF",21,TRUE,2,"2"
"2025_01_BAL_BUF","BUF",23,TRUE,3,"3"
"2025_01_CAR_JAX","CAR",2,TRUE,3,"3"
"2025_01_CAR_JAX","CAR",4,TRUE,0,"0"
"2025_01_CAR_JAX","CAR",6,TRUE,2,"2"
"2025_01_CAR_JAX","CAR",8,TRUE,1,"1"
"2025_01_CAR_JAX","CAR",10,TRUE,0,"0"
"2025_01_CAR_JAX","CAR",11,TRUE,2,"2"
"2025_01_CAR_JAX","CAR",13,TRUE,1,"1"
"2025_01_CAR_JAX","CAR",15,TRUE,0,"0"
"2025_01_CAR_JAX","CAR",17,TRUE,5,"4+"
"2025_01_CAR_JAX","CAR",19,TRUE,1,"1"
"2025_01_CAR_JAX","JAX",1,TRUE,3,"3"
"2025_01_CAR_JAX","JAX",3,TRUE,0,"0"
"2025_01_CAR_JAX","JAX",5,TRUE,3,"3"
"2025_01_CAR_JAX","JAX",7,TRUE,3,"3"
"2025_01_CAR_JAX","JAX",9,TRUE,3,"3"
"2025_01_CAR_JAX","JAX",12,TRUE,0,"0"
"2025_01_CAR_JAX","JAX",14,TRUE,1,"1"
"2025_01_CAR_JAX","JAX",16,TRUE,4,"4+"
"2025_01_CAR_JAX","JAX",18,TRUE,2,"2"
"2025_01_CAR_JAX","JAX",20,TRUE,0,"0"
"2025_01_CIN_CLE","CIN",1,TRUE,5,"4+"
"2025_01_CIN_CLE","CIN",3,TRUE,1,"1"
"2025_01_CIN_CLE","CIN",5,TRUE,4,"4+"
"2025_01_CIN_CLE","CIN",7,TRUE,0,"0"
"2025_01_CIN_CLE","CIN",9,TRUE,0,"0"
"2025_01_CIN_CLE","CIN",11,TRUE,1,"1"
"2025_01_CIN_CLE","CIN",13,TRUE,0,"0"
"2025_01_CIN_CLE","CIN",15,TRUE,0,"0"
"2025_01_CIN_CLE","CIN",17,TRUE,0,"0"
"2025_01_CIN_CLE","CIN",19,TRUE,0,"0"
"2025_01_CIN_CLE","CLE",2,TRUE,7,"4+"
"2025_01_CIN_CLE","CLE",4,TRUE,0,"0"
"2025_01_CIN_CLE","CLE",6,TRUE,3,"3"
"2025_01_CIN_CLE","CLE",8,TRUE,5,"4+"
"2025_01_CIN_CLE","CLE",10,TRUE,0,"0"
"2025_01_CIN_CLE","CLE",12,TRUE,1,"1"
"2025_01_CIN_CLE","CLE",14,TRUE,2,"2"
"2025_01_CIN_CLE","CLE",16,TRUE,2,"2"
"2025_01_CIN_CLE","CLE",18,TRUE,0,"0"
"2025_01_CIN_CLE","CLE",20,TRUE,1,"1"
"2025_01_DAL_PHI","DAL",1,TRUE,4,"4+"
"2025_01_DAL_PHI","DAL",3,TRUE,5,"4+"
"2025_01_DAL_PHI","DAL",5,TRUE,3,"3"
"2025_01_DAL_PHI","DAL",7,TRUE,4,"4+"
"2025_01_DAL_PHI","DAL",9,TRUE,3,"3"
"2025_01_DAL_PHI","DAL",11,TRUE,1,"1"
"2025_01_DAL_PHI","DAL",13,TRUE,1,"1"
"2025_01_DAL_PHI","DAL",15,TRUE,1,"1"
"2025_01_DAL_PHI","PHI",2,TRUE,5,"4+"
"2025_01_DAL_PHI","PHI",4,TRUE,5,"4+"
"2025_01_DAL_PHI","PHI",6,TRUE,3,"3"
"2025_01_DAL_PHI","PHI",8,TRUE,3,"3"
"2025_01_DAL_PHI","PHI",10,TRUE,0,"0"
"2025_01_DAL_PHI","PHI",12,TRUE,3,"3"
"2025_01_DAL_PHI","PHI",14,TRUE,0,"0"
"2025_01_DAL_PHI","PHI",16,TRUE,1,"1"
"2025_01_DET_GB","DET",2,TRUE,0,"0"
"2025_01_DET_GB","DET",4,TRUE,5,"4+"
"2025_01_DET_GB","DET",6,TRUE,3,"3"
"2025_01_DET_GB","DET",8,TRUE,0,"0"
"2025_01_DET_GB","DET",9,TRUE,2,"2"
"2025_01_DET_GB","DET",11,TRUE,1,"1"
"2025_01_DET_GB","DET",13,TRUE,0,"0"
"2025_01_DET_GB","DET",15,TRUE,0,"0"
"2025_01_DET_GB","DET",17,TRUE,5,"4+"
"2025_01_DET_GB","GB",1,TRUE,5,"4+"
"2025_01_DET_GB","GB",3,TRUE,1,"1"
"2025_01_DET_GB","GB",5,TRUE,2,"2"
"2025_01_DET_GB","GB",7,TRUE,0,"0"
"2025_01_DET_GB","GB",10,TRUE,0,"0"
"2025_01_DET_GB","GB",12,TRUE,3,"3"
"2025_01_DET_GB","GB",14,TRUE,3,"3"
"2025_01_DET_GB","GB",16,TRUE,0,"0"
"2025_01_DET_GB","GB",18,TRUE,0,"0"
"2025_01_HOU_LA","HOU",1,TRUE,0,"0"
"2025_01_HOU_LA","HOU",3,TRUE,4,"4+"
"2025_01_HOU_LA","HOU",5,TRUE,0,"0"
"2025_01_HOU_LA","HOU",7,TRUE,2,"2"
"2025_01_HOU_LA","HOU",9,TRUE,3,"3"
"2025_01_HOU_LA","HOU",11,TRUE,2,"2"
"2025_01_HOU_LA","HOU",13,TRUE,2,"2"
"2025_01_HOU_LA","HOU",15,TRUE,1,"1"
"2025_01_HOU_LA","HOU",17,TRUE,4,"4+"
"2025_01_HOU_LA","LA",2,TRUE,2,"2"
"2025_01_HOU_LA","LA",4,TRUE,1,"1"
"2025_01_HOU_LA","LA",6,TRUE,0,"0"
"2025_01_HOU_LA","LA",8,TRUE,4,"4+"
"2025_01_HOU_LA","LA",10,TRUE,4,"4+"
"2025_01_HOU_LA","LA",12,TRUE,0,"0"
"2025_01_HOU_LA","LA",14,TRUE,2,"2"
"2025_01_HOU_LA","LA",16,TRUE,3,"3"
"2025_01_HOU_LA","LA",18,TRUE,1,"1"
"2025_01_KC_LAC","KC",1,TRUE,0,"0"
"2025_01_KC_LAC","KC",3,TRUE,2,"2"
"2025_01_KC_LAC","KC",5,TRUE,0,"0"
"2025_01_KC_LAC","KC",7,TRUE,4,"4+"
"2025_01_KC_LAC","KC",9,TRUE,1,"1"
"2025_01_KC_LAC","KC",11,TRUE,5,"4+"
"2025_01_KC_LAC","KC",13,TRUE,3,"3"
"2025_01_KC_LAC","KC",15,TRUE,2,"2"
"2025_01_KC_LAC","LAC",2,TRUE,3,"3"
"2025_01_KC_LAC","LAC",4,TRUE,0,"0"
"2025_01_KC_LAC","LAC",6,TRUE,4,"4+"
"2025_01_KC_LAC","LAC",8,TRUE,3,"3"
"2025_01_KC_LAC","LAC",10,TRUE,0,"0"
"2025_01_KC_LAC","LAC",12,TRUE,5,"4+"
"2025_01_KC_LAC","LAC",14,TRUE,5,"4+"
"2025_01_KC_LAC","LAC",16,TRUE,2,"2"
"2025_01_LV_NE","LV",1,TRUE,3,"3"
"2025_01_LV_NE","LV",3,TRUE,3,"3"
"2025_01_LV_NE","LV",5,TRUE,0,"0"
"2025_01_LV_NE","LV",7,TRUE,0,"0"
"2025_01_LV_NE","LV",9,TRUE,0,"0"
"2025_01_LV_NE","LV",11,TRUE,3,"3"
"2025_01_LV_NE","LV",13,TRUE,4,"4+"
"2025_01_LV_NE","LV",15,TRUE,1,"1"
"2025_01_LV_NE","LV",17,TRUE,2,"2"
"2025_01_LV_NE","LV",19,TRUE,3,"3"
"2025_01_LV_NE","LV",21,TRUE,1,"1"
"2025_01_LV_NE","LV",23,TRUE,0,"0"
"2025_01_LV_NE","NE",2,TRUE,0,"0"
"2025_01_LV_NE","NE",4,TRUE,5,"4+"
"2025_01_LV_NE","NE",6,TRUE,3,"3"
"2025_01_LV_NE","NE",8,TRUE,2,"2"
"2025_01_LV_NE","NE",10,TRUE,0,"0"
"2025_01_LV_NE","NE",12,TRUE,2,"2"
"2025_01_LV_NE","NE",14,TRUE,0,"0"
"2025_01_LV_NE","NE",16,TRUE,0,"0"
"2025_01_LV_NE","NE",18,TRUE,1,"1"
"2025_01_LV_NE","NE",20,TRUE,1,"1"
"2025_01_LV_NE","NE",22,TRUE,4,"4+"
"2025_01_MIA_IND","IND",1,TRUE,3,"3"
"2025_01_MIA_IND","IND",3,TRUE,6,"4+"
"2025_01_MIA_IND","IND",5,TRUE,3,"3"
"2025_01_MIA_IND","IND",7,TRUE,5,"4+"
"2025_01_MIA_IND","IND",9,TRUE,2,"2"
"2025_01_MIA_IND","IND",11,TRUE,7,"4+"
"2025_01_MIA_IND","IND",13,TRUE,1,"1"
"2025_01_MIA_IND","MIA",2,TRUE,1,"1"
"2025_01_MIA_IND","MIA",4,TRUE,0,"0"
"2025_01_MIA_IND","MIA",6,TRUE,2,"2"
"2025_01_MIA_IND","MIA",8,TRUE,1,"1"
"2025_01_MIA_IND","MIA",10,TRUE,2,"2"
"2025_01_MIA_IND","MIA",12,TRUE,3,"3"
"2025_01_MIA_IND","MIA",14,TRUE,3,"3"
"2025_01_MIN_CHI","CHI",2,TRUE,4,"4+"
"2025_01_MIN_CHI","CHI",4,TRUE,1,"1"
"2025_01_MIN_CHI","CHI",6,TRUE,1,"1"
"2025_01_MIN_CHI","CHI",8,TRUE,0,"0"
"2025_01_MIN_CHI","CHI",10,TRUE,2,"2"
"2025_01_MIN_CHI","CHI",13,TRUE,0,"0"
"2025_01_MIN_CHI","CHI",16,TRUE,1,"1"
"2025_01_MIN_CHI","CHI",18,TRUE,4,"4+"
"2025_01_MIN_CHI","CHI",20,TRUE,0,"0"
"2025_01_MIN_CHI","CHI",22,TRUE,1,"1"
"2025_01_MIN_CHI","CHI",24,TRUE,5,"4+"
"2025_01_MIN_CHI","CHI",26,TRUE,0,"0"
"2025_01_MIN_CHI","MIN",1,TRUE,0,"0"
"2025_01_MIN_CHI","MIN",3,TRUE,0,"0"
"2025_01_MIN_CHI","MIN",5,TRUE,3,"3"
"2025_01_MIN_CHI","MIN",7,TRUE,0,"0"
"2025_01_MIN_CHI","MIN",9,TRUE,0,"0"
"2025_01_MIN_CHI","MIN",11,TRUE,1,"1"
"2025_01_MIN_CHI","MIN",14,TRUE,1,"1"
"2025_01_MIN_CHI","MIN",15,TRUE,0,"0"
"2025_01_MIN_CHI","MIN",17,TRUE,0,"0"
"2025_01_MIN_CHI","MIN",19,TRUE,3,"3"
"2025_01_MIN_CHI","MIN",21,TRUE,2,"2"
"2025_01_MIN_CHI","MIN",23,TRUE,4,"4+"
"2025_01_MIN_CHI","MIN",25,TRUE,0,"0"
"2025_01_NYG_WAS","NYG",2,TRUE,0,"0"
"2025_01_NYG_WAS","NYG",4,TRUE,5,"4+"
"2025_01_NYG_WAS","NYG",6,TRUE,0,"0"
"2025_01_NYG_WAS","NYG",8,TRUE,1,"1"
"2025_01_NYG_WAS","NYG",10,TRUE,1,"1"
"2025_01_NYG_WAS","NYG",12,TRUE,0,"0"
"2025_01_NYG_WAS","NYG",14,TRUE,4,"4+"
"2025_01_NYG_WAS","NYG",16,TRUE,2,"2"
"2025_01_NYG_WAS","NYG",18,TRUE,3,"3"
"2025_01_NYG_WAS","WAS",1,TRUE,1,"1"
"2025_01_NYG_WAS","WAS",3,TRUE,4,"4+"
"2025_01_NYG_WAS","WAS",5,TRUE,0,"0"
"2025_01_NYG_WAS","WAS",7,TRUE,5,"4+"
"2025_01_NYG_WAS","WAS",9,TRUE,3,"3"
"2025_01_NYG_WAS","WAS",11,TRUE,1,"1"
"2025_01_NYG_WAS","WAS",13,TRUE,1,"1"
"2025_01_NYG_WAS","WAS",15,TRUE,1,"1"
"2025_01_NYG_WAS","WAS",17,TRUE,5,"4+"
"2025_01_NYG_WAS","WAS",19,TRUE,3,"3"
"2025_01_PIT_NYJ","NYJ",1,TRUE,3,"3"
"2025_01_PIT_NYJ","NYJ",3,TRUE,3,"3"
"2025_01_PIT_NYJ","NYJ",5,TRUE,4,"4+"
"2025_01_PIT_NYJ","NYJ",7,TRUE,2,"2"
"2025_01_PIT_NYJ","NYJ",9,TRUE,0,"0"
"2025_01_PIT_NYJ","NYJ",11,TRUE,0,"0"
"2025_01_PIT_NYJ","NYJ",13,TRUE,5,"4+"
"2025_01_PIT_NYJ","NYJ",16,TRUE,5,"4+"
"2025_01_PIT_NYJ","NYJ",18,TRUE,0,"0"
"2025_01_PIT_NYJ","NYJ",20,TRUE,0,"0"
"2025_01_PIT_NYJ","PIT",2,TRUE,4,"4+"
"2025_01_PIT_NYJ","PIT",4,TRUE,1,"1"
"2025_01_PIT_NYJ","PIT",6,TRUE,0,"0"
"2025_01_PIT_NYJ","PIT",8,TRUE,4,"4+"
"2025_01_PIT_NYJ","PIT",10,TRUE,0,"0"
"2025_01_PIT_NYJ","PIT",12,TRUE,1,"1"
"2025_01_PIT_NYJ","PIT",14,TRUE,5,"4+"
"2025_01_PIT_NYJ","PIT",15,TRUE,1,"1"
"2025_01_PIT_NYJ","PIT",17,TRUE,0,"0"
"2025_01_PIT_NYJ","PIT",19,TRUE,3,"3"
"2025_01_PIT_NYJ","PIT",21,TRUE,0,"0"
"2025_01_SF_SEA","SEA",1,TRUE,1,"1"
"2025_01_SF_SEA","SEA",3,TRUE,5,"4+"
"2025_01_SF_SEA","SEA",5,TRUE,0,"0"
"2025_01_SF_SEA","SEA",7,TRUE,0,"0"
"2025_01_SF_SEA","SEA",9,TRUE,2,"2"
"2025_01_SF_SEA","SEA",12,TRUE,0,"0"
"2025_01_SF_SEA","SEA",14,TRUE,1,"1"
"2025_01_SF_SEA","SEA",16,TRUE,0,"0"
"2025_01_SF_SEA","SEA",18,TRUE,2,"2"
"2025_01_SF_SEA","SEA",20,TRUE,2,"2"
"2025_01_SF_SEA","SF",2,TRUE,6,"4+"
"2025_01_SF_SEA","SF",4,TRUE,0,"0"
"2025_01_SF_SEA","SF",6,TRUE,1,"1"
"2025_01_SF_SEA","SF",8,TRUE,4,"4+"
"2025_01_SF_SEA","SF",10,TRUE,0,"0"
"2025_01_SF_SEA","SF",11,TRUE,2,"2"
"2025_01_SF_SEA","SF",13,TRUE,4,"4+"
"2025_01_SF_SEA","SF",15,TRUE,4,"4+"
"2025_01_SF_SEA","SF",17,TRUE,0,"0"
"2025_01_SF_SEA","SF",19,TRUE,3,"3"
"2025_01_SF_SEA","SF",21,TRUE,0,"0"
"2025_01_TB_ATL","ATL",1,TRUE,2,"2"
"2025_01_TB_ATL","ATL",3,TRUE,2,"2"
"2025_01_TB_ATL","ATL",5,TRUE,0,"0"
"2025_01_TB_ATL","ATL",7,TRUE,1,"1"
"2025_01_TB_ATL","ATL",9,TRUE,4,"4+"
"2025_01_TB_ATL","ATL",11,TRUE,0,"0"
"2025_01_TB_ATL","ATL",13,TRUE,0,"0"
"2025_01_TB_ATL","ATL",15,TRUE,3,"3"
"2025_01_TB_ATL","ATL",17,TRUE,7,"4+"
"2025_01_TB_ATL","ATL",19,TRUE,4,"4+"
"2025_01_TB_ATL","TB",2,TRUE,0,"0"
"2025_01_TB_ATL","TB",4,TRUE,0,"0"
"2025_01_TB_ATL","TB",6,TRUE,4,"4+"
"2025_01_TB_ATL","TB",8,TRUE,2,"2"
"2025_01_TB_ATL","TB",10,TRUE,0,"0"
"2025_01_TB_ATL","TB",12,TRUE,2,"2"
"2025_01_TB_ATL","TB",14,TRUE,2,"2"
"2025_01_TB_ATL","TB",16,TRUE,2,"2"
"2025_01_TB_ATL","TB",18,TRUE,4,"4+"
"2025_01_TB_ATL","TB",20,TRUE,0,"0"
"2025_01_TEN_DEN","DEN",2,TRUE,3,"3"
"2025_01_TEN_DEN","DEN",4,TRUE,2,"2"
"2025_01_TEN_DEN","DEN",6,TRUE,0,"0"
"2025_01_TEN_DEN","DEN",8,TRUE,1,"1"
"2025_01_TEN_DEN","DEN",10,TRUE,1,"1"
"2025_01_TEN_DEN","DEN",12,TRUE,2,"2"
"2025_01_TEN_DEN","DEN",14,TRUE,0,"0"
"2025_01_TEN_DEN","DEN",15,TRUE,0,"0"
"2025_01_TEN_DEN","DEN",17,TRUE,3,"3"
"2025_01_TEN_DEN","DEN",19,TRUE,1,"1"
"2025_01_TEN_DEN","DEN",22,TRUE,3,"3"
"2025_01_TEN_DEN","DEN",24,TRUE,0,"0"
"2025_01_TEN_DEN","DEN",26,TRUE,3,"3"
"2025_01_TEN_DEN","DEN",28,TRUE,0,"0"
"2025_01_TEN_DEN","TEN",1,TRUE,1,"1"
"2025_01_TEN_DEN","TEN",3,TRUE,1,"1"
"2025_01_TEN_DEN","TEN",5,TRUE,1,"1"
"2025_01_TEN_DEN","TEN",7,TRUE,0,"0"
"2025_01_TEN_DEN","TEN",9,TRUE,2,"2"
"2025_01_TEN_DEN","TEN",11,TRUE,0,"0"
"2025_01_TEN_DEN","TEN",13,TRUE,0,"0"
"2025_01_TEN_DEN","TEN",16,TRUE,0,"0"
"2025_01_TEN_DEN","TEN",18,TRUE,1,"1"
"2025_01_TEN_DEN","TEN",20,TRUE,1,"1"
"2025_01_TEN_DEN","TEN",21,TRUE,0,"0"
"2025_01_TEN_DEN","TEN",23,TRUE,0,"0"
"2025_01_TEN_DEN","TEN",25,TRUE,0,"0"
"2025_01_TEN_DEN","TEN",27,TRUE,0,"0"
"2025_02_ATL_MIN","ATL",1,TRUE,2,"2"
"2025_02_ATL_MIN","ATL",3,TRUE,1,"1"
"2025_02_ATL_MIN","ATL",5,TRUE,3,"3"
"2025_02_ATL_MIN","ATL",7,TRUE,1,"1"
"2025_02_ATL_MIN","ATL",9,TRUE,1,"1"
"2025_02_ATL_MIN","ATL",12,TRUE,4,"4+"
"2025_02_ATL_MIN","ATL",14,TRUE,0,"0"
"2025_02_ATL_MIN","ATL",16,TRUE,1,"1"
"2025_02_ATL_MIN","ATL",18,TRUE,6,"4+"
"2025_02_ATL_MIN","ATL",20,TRUE,0,"0"
"2025_02_ATL_MIN","ATL",21,TRUE,0,"0"
"2025_02_ATL_MIN","MIN",2,TRUE,0,"0"
"2025_02_ATL_MIN","MIN",4,TRUE,0,"0"
"2025_02_ATL_MIN","MIN",6,TRUE,5,"4+"
"2025_02_ATL_MIN","MIN",8,TRUE,1,"1"
"2025_02_ATL_MIN","MIN",10,TRUE,1,"1"
"2025_02_ATL_MIN","MIN",11,TRUE,0,"0"
"2025_02_ATL_MIN","MIN",13,TRUE,1,"1"
"2025_02_ATL_MIN","MIN",15,TRUE,0,"0"
"2025_02_ATL_MIN","MIN",17,TRUE,0,"0"
"2025_02_ATL_MIN","MIN",19,TRUE,2,"2"
"2025_02_BUF_NYJ","BUF",2,TRUE,5,"4+"
"2025_02_BUF_NYJ","BUF",4,TRUE,1,"1"
"2025_02_BUF_NYJ","BUF",6,TRUE,2,"2"
"2025_02_BUF_NYJ","BUF",8,TRUE,3,"3"
"2025_02_BUF_NYJ","BUF",10,TRUE,2,"2"
"2025_02_BUF_NYJ","BUF",12,TRUE,0,"0"
"2025_02_BUF_NYJ","BUF",13,TRUE,3,"3"
"2025_02_BUF_NYJ","BUF",15,TRUE,6,"4+"
"2025_02_BUF_NYJ","BUF",17,TRUE,0,"0"
"2025_02_BUF_NYJ","BUF",19,TRUE,0,"0"
"2025_02_BUF_NYJ","BUF",21,TRUE,1,"1"
"2025_02_BUF_NYJ","NYJ",1,TRUE,0,"0"
"2025_02_BUF_NYJ","NYJ",3,TRUE,0,"0"
"2025_02_BUF_NYJ","NYJ",5,TRUE,2,"2"
"2025_02_BUF_NYJ","NYJ",7,TRUE,0,"0"
"2025_02_BUF_NYJ","NYJ",9,TRUE,2,"2"
"2025_02_BUF_NYJ","NYJ",11,TRUE,1,"1"
"2025_02_BUF_NYJ","NYJ",14,TRUE,0,"0"
"2025_02_BUF_NYJ","NYJ",16,TRUE,0,"0"
"2025_02_BUF_NYJ","NYJ",18,TRUE,2,"2"
"2025_02_BUF_NYJ","NYJ",20,TRUE,4,"4+"
"2025_02_CAR_ARI","ARI",3,TRUE,1,"1"
"2025_02_CAR_ARI","ARI",5,TRUE,1,"1"
"2025_02_CAR_ARI","ARI",7,TRUE,3,"3"
"2025_02_CAR_ARI","ARI",9,TRUE,3,"3"
"2025_02_CAR_ARI","ARI",11,TRUE,5,"4+"
"2025_02_CAR_ARI","ARI",13,TRUE,3,"3"
"2025_02_CAR_ARI","ARI",15,TRUE,0,"0"
"2025_02_CAR_ARI","ARI",18,TRUE,0,"0"
"2025_02_CAR_ARI","CAR",1,TRUE,0,"0"
"2025_02_CAR_ARI","CAR",2,TRUE,2,"2"
"2025_02_CAR_ARI","CAR",4,TRUE,2,"2"
"2025_02_CAR_ARI","CAR",6,TRUE,2,"2"
"2025_02_CAR_ARI","CAR",8,TRUE,0,"0"
"2025_02_CAR_ARI","CAR",10,TRUE,0,"0"
"2025_02_CAR_ARI","CAR",12,TRUE,6,"4+"
"2025_02_CAR_ARI","CAR",14,TRUE,6,"4+"
"2025_02_CAR_ARI","CAR",16,TRUE,6,"4+"
"2025_02_CAR_ARI","CAR",17,TRUE,2,"2"
"2025_02_CHI_DET","CHI",2,TRUE,4,"4+"
"2025_02_CHI_DET","CHI",4,TRUE,0,"0"
"2025_02_CHI_DET","CHI",6,TRUE,2,"2"
"2025_02_CHI_DET","CHI",8,TRUE,0,"0"
"2025_02_CHI_DET","CHI",10,TRUE,1,"1"
"2025_02_CHI_DET","CHI",12,TRUE,4,"4+"
"2025_02_CHI_DET","CHI",15,TRUE,0,"0"
"2025_02_CHI_DET","CHI",17,TRUE,1,"1"
"2025_02_CHI_DET","CHI",19,TRUE,1,"1"
"2025_02_CHI_DET","CHI",21,TRUE,3,"3"
"2025_02_CHI_DET","CHI",23,TRUE,0,"0"
"2025_02_CHI_DET","CHI",25,TRUE,3,"3"
"2025_02_CHI_DET","DET",1,TRUE,3,"3"
"2025_02_CHI_DET","DET",3,TRUE,1,"1"
"2025_02_CHI_DET","DET",5,TRUE,3,"3"
"2025_02_CHI_DET","DET",7,TRUE,0,"0"
"2025_02_CHI_DET","DET",9,TRUE,0,"0"
"2025_02_CHI_DET","DET",11,TRUE,5,"4+"
"2025_02_CHI_DET","DET",13,TRUE,5,"4+"
"2025_02_CHI_DET","DET",16,TRUE,1,"1"
"2025_02_CHI_DET","DET",18,TRUE,1,"1"
"2025_02_CHI_DET","DET",20,TRUE,4,"4+"
"2025_02_CHI_DET","DET",22,TRUE,2,"2"
"2025_02_CHI_DET","DET",24,TRUE,0,"0"
"2025_02_CLE_BAL","BAL",2,TRUE,1,"1"
"2025_02_CLE_BAL","BAL",4,TRUE,2,"2"
"2025_02_CLE_BAL","BAL",6,TRUE,0,"0"
"2025_02_CLE_BAL","BAL",8,TRUE,1,"1"
"2025_02_CLE_BAL","BAL",10,TRUE,0,"0"
"2025_02_CLE_BAL","BAL",12,TRUE,0,"0"
"2025_02_CLE_BAL","BAL",14,TRUE,0,"0"
"2025_02_CLE_BAL","BAL",15,TRUE,2,"2"
"2025_02_CLE_BAL","BAL",17,TRUE,1,"1"
"2025_02_CLE_BAL","BAL",19,TRUE,5,"4+"
"2025_02_CLE_BAL","BAL",22,TRUE,2,"2"
"2025_02_CLE_BAL","BAL",24,TRUE,0,"0"
"2025_02_CLE_BAL","CLE",1,TRUE,1,"1"
"2025_02_CLE_BAL","CLE",3,TRUE,0,"0"
"2025_02_CLE_BAL","CLE",5,TRUE,0,"0"
"2025_02_CLE_BAL","CLE",7,TRUE,1,"1"
"2025_02_CLE_BAL","CLE",9,TRUE,1,"1"
"2025_02_CLE_BAL","CLE",11,TRUE,1,"1"
"2025_02_CLE_BAL","CLE",13,TRUE,1,"1"
"2025_02_CLE_BAL","CLE",16,TRUE,0,"0"
"2025_02_CLE_BAL","CLE",18,TRUE,4,"4+"
"2025_02_CLE_BAL","CLE",20,TRUE,3,"3"
"2025_02_CLE_BAL","CLE",21,TRUE,1,"1"
"2025_02_CLE_BAL","CLE",23,TRUE,4,"4+"
"2025_02_DEN_IND","DEN",2,TRUE,4,"4+"
"2025_02_DEN_IND","DEN",4,TRUE,0,"0"
"2025_02_DEN_IND","DEN",6,TRUE,4,"4+"
"2025_02_DEN_IND","DEN",8,TRUE,6,"4+"
"2025_02_DEN_IND","DEN",10,TRUE,0,"0"
"2025_02_DEN_IND","DEN",12,TRUE,3,"3"
"2025_02_DEN_IND","DEN",14,TRUE,1,"1"
"2025_02_DEN_IND","DEN",16,TRUE,1,"1"
"2025_02_DEN_IND","DEN",18,TRUE,3,"3"
"2025_02_DEN_IND","IND",1,TRUE,3,"3"
"2025_02_DEN_IND","IND",3,TRUE,2,"2"
"2025_02_DEN_IND","IND",5,TRUE,4,"4+"
"2025_02_DEN_IND","IND",7,TRUE,1,"1"
"2025_02_DEN_IND","IND",9,TRUE,4,"4+"
"2025_02_DEN_IND","IND",11,TRUE,0,"0"
"2025_02_DEN_IND","IND",13,TRUE,4,"4+"
"2025_02_DEN_IND","IND",15,TRUE,2,"2"
"2025_02_DEN_IND","IND",17,TRUE,2,"2"
"2025_02_DEN_IND","IND",19,TRUE,3,"3"
"2025_02_JAX_CIN","CIN",2,TRUE,0,"0"
"2025_02_JAX_CIN","CIN",4,TRUE,6,"4+"
"2025_02_JAX_CIN","CIN",6,TRUE,2,"2"
"2025_02_JAX_CIN","CIN",8,TRUE,1,"1"
"2025_02_JAX_CIN","CIN",10,TRUE,1,"1"
"2025_02_JAX_CIN","CIN",12,TRUE,5,"4+"
"2025_02_JAX_CIN","CIN",14,TRUE,1,"1"
"2025_02_JAX_CIN","CIN",16,TRUE,1,"1"
"2025_02_JAX_CIN","CIN",18,TRUE,0,"0"
"2025_02_JAX_CIN","CIN",20,TRUE,1,"1"
"2025_02_JAX_CIN","CIN",22,TRUE,6,"4+"
"2025_02_JAX_CIN","JAX",1,TRUE,4,"4+"
"2025_02_JAX_CIN","JAX",3,TRUE,3,"3"
"2025_02_JAX_CIN","JAX",5,TRUE,4,"4+"
"2025_02_JAX_CIN","JAX",7,TRUE,0,"0"
"2025_02_JAX_CIN","JAX",9,TRUE,1,"1"
"2025_02_JAX_CIN","JAX",11,TRUE,0,"0"
"2025_02_JAX_CIN","JAX",13,TRUE,0,"0"
"2025_02_JAX_CIN","JAX",15,TRUE,2,"2"
"2025_02_JAX_CIN","JAX",17,TRUE,5,"4+"
"2025_02_JAX_CIN","JAX",19,TRUE,2,"2"
"2025_02_JAX_CIN","JAX",21,TRUE,0,"0"
"2025_02_JAX_CIN","JAX",23,TRUE,0,"0"
"2025_02_LAC_LV","LAC",2,TRUE,0,"0"
"2025_02_LAC_LV","LAC",4,TRUE,0,"0"
"2025_02_LAC_LV","LAC",6,TRUE,4,"4+"
"2025_02_LAC_LV","LAC",8,TRUE,0,"0"
"2025_02_LAC_LV","LAC",10,TRUE,2,"2"
"2025_02_LAC_LV","LAC",12,TRUE,1,"1"
"2025_02_LAC_LV","LAC",13,TRUE,3,"3"
"2025_02_LAC_LV","LAC",15,TRUE,2,"2"
"2025_02_LAC_LV","LAC",17,TRUE,0,"0"
"2025_02_LAC_LV","LAC",19,TRUE,0,"0"
"2025_02_LAC_LV","LAC",21,TRUE,2,"2"
"2025_02_LAC_LV","LV",1,TRUE,0,"0"
"2025_02_LAC_LV","LV",3,TRUE,3,"3"
"2025_02_LAC_LV","LV",5,TRUE,0,"0"
"2025_02_LAC_LV","LV",7,TRUE,3,"3"
"2025_02_LAC_LV","LV",9,TRUE,2,"2"
"2025_02_LAC_LV","LV",11,TRUE,1,"1"
"2025_02_LAC_LV","LV",14,TRUE,5,"4+"
"2025_02_LAC_LV","LV",16,TRUE,1,"1"
"2025_02_LAC_LV","LV",18,TRUE,0,"0"
"2025_02_LAC_LV","LV",20,TRUE,0,"0"
"2025_02_LA_TEN","LA",2,TRUE,2,"2"
"2025_02_LA_TEN","LA",4,TRUE,1,"1"
"2025_02_LA_TEN","LA",6,TRUE,3,"3"
"2025_02_LA_TEN","LA",8,TRUE,0,"0"
"2025_02_LA_TEN","LA",10,TRUE,0,"0"
"2025_02_LA_TEN","LA",12,TRUE,3,"3"
"2025_02_LA_TEN","LA",14,TRUE,4,"4+"
"2025_02_LA_TEN","LA",16,TRUE,1,"1"
"2025_02_LA_TEN","LA",18,TRUE,1,"1"
"2025_02_LA_TEN","LA",20,TRUE,4,"4+"
"2025_02_LA_TEN","LA",22,TRUE,2,"2"
"2025_02_LA_TEN","TEN",1,TRUE,0,"0"
"2025_02_LA_TEN","TEN",3,TRUE,0,"0"
"2025_02_LA_TEN","TEN",5,TRUE,3,"3"
"2025_02_LA_TEN","TEN",7,TRUE,2,"2"
"2025_02_LA_TEN","TEN",9,TRUE,4,"4+"
"2025_02_LA_TEN","TEN",11,TRUE,2,"2"
"2025_02_LA_TEN","TEN",13,TRUE,3,"3"
"2025_02_LA_TEN","TEN",15,TRUE,0,"0"
"2025_02_LA_TEN","TEN",17,TRUE,0,"0"
"2025_02_LA_TEN","TEN",19,TRUE,0,"0"
"2025_02_LA_TEN","TEN",21,TRUE,4,"4+"
"2025_02_NE_MIA","MIA",2,TRUE,0,"0"
"2025_02_NE_MIA","MIA",4,TRUE,4,"4+"
"2025_02_NE_MIA","MIA",6,TRUE,3,"3"
"2025_02_NE_MIA","MIA",8,TRUE,1,"1"
"2025_02_NE_MIA","MIA",10,TRUE,2,"2"
"2025_02_NE_MIA","MIA",12,TRUE,1,"1"
"2025_02_NE_MIA","MIA",15,TRUE,3,"3"
"2025_02_NE_MIA","MIA",17,TRUE,2,"2"
"2025_02_NE_MIA","NE",1,TRUE,4,"4+"
"2025_02_NE_MIA","NE",3,TRUE,4,"4+"
"2025_02_NE_MIA","NE",5,TRUE,6,"4+"
"2025_02_NE_MIA","NE",7,TRUE,0,"0"
"2025_02_NE_MIA","NE",9,TRUE,0,"0"
"2025_02_NE_MIA","NE",11,TRUE,3,"3"
"2025_02_NE_MIA","NE",13,TRUE,1,"1"
"2025_02_NE_MIA","NE",16,TRUE,0,"0"
"2025_02_NE_MIA","NE",18,TRUE,0,"0"
"2025_02_NYG_DAL","DAL",2,TRUE,0,"0"
"2025_02_NYG_DAL","DAL",4,TRUE,0,"0"
"2025_02_NYG_DAL","DAL",6,TRUE,2,"2"
"2025_02_NYG_DAL","DAL",8,TRUE,5,"4+"
"2025_02_NYG_DAL","DAL",10,TRUE,2,"2"
"2025_02_NYG_DAL","DAL",11,TRUE,0,"0"
"2025_02_NYG_DAL","DAL",13,TRUE,4,"4+"
"2025_02_NYG_DAL","DAL",15,TRUE,3,"3"
"2025_02_NYG_DAL","DAL",17,TRUE,4,"4+"
"2025_02_NYG_DAL","DAL",19,TRUE,5,"4+"
"2025_02_NYG_DAL","DAL",21,TRUE,1,"1"
"2025_02_NYG_DAL","DAL",22,TRUE,2,"2"
"2025_02_NYG_DAL","DAL",24,TRUE,0,"0"
"2025_02_NYG_DAL","DAL",26,TRUE,2,"2"
"2025_02_NYG_DAL","NYG",1,TRUE,4,"4+"
"2025_02_NYG_DAL","NYG",3,TRUE,2,"2"
"2025_02_NYG_DAL","NYG",5,TRUE,0,"0"
"2025_02_NYG_DAL","NYG",7,TRUE,3,"3"
"2025_02_NYG_DAL","NYG",9,TRUE,0,"0"
"2025_02_NYG_DAL","NYG",12,TRUE,2,"2"
"2025_02_NYG_DAL","NYG",14,TRUE,1,"1"
"2025_02_NYG_DAL","NYG",16,TRUE,4,"4+"
"2025_02_NYG_DAL","NYG",18,TRUE,3,"3"
"2025_02_NYG_DAL","NYG",20,TRUE,2,"2"
"2025_02_NYG_DAL","NYG",23,TRUE,1,"1"
"2025_02_NYG_DAL","NYG",25,TRUE,0,"0"
"2025_02_PHI_KC","KC",2,TRUE,0,"0"
"2025_02_PHI_KC","KC",4,TRUE,2,"2"
"2025_02_PHI_KC","KC",6,TRUE,2,"2"
"2025_02_PHI_KC","KC",8,TRUE,5,"4+"
"2025_02_PHI_KC","KC",10,TRUE,0,"0"
"2025_02_PHI_KC","KC",12,TRUE,0,"0"
"2025_02_PHI_KC","KC",14,TRUE,5,"4+"
"2025_02_PHI_KC","KC",16,TRUE,0,"0"
"2025_02_PHI_KC","KC",18,TRUE,3,"3"
"2025_02_PHI_KC","PHI",1,TRUE,1,"1"
"2025_02_PHI_KC","PHI",3,TRUE,0,"0"
"2025_02_PHI_KC","PHI",5,TRUE,4,"4+"
"2025_02_PHI_KC","PHI",7,TRUE,0,"0"
"2025_02_PHI_KC","PHI",9,TRUE,3,"3"
"2025_02_PHI_KC","PHI",11,TRUE,0,"0"
"2025_02_PHI_KC","PHI",13,TRUE,2,"2"
"2025_02_PHI_KC","PHI",15,TRUE,4,"4+"
"2025_02_PHI_KC","PHI",17,TRUE,1,"1"
"2025_02_PHI_KC","PHI",19,TRUE,1,"1"
"2025_02_SEA_PIT","PIT",2,TRUE,3,"3"
"2025_02_SEA_PIT","PIT",4,TRUE,1,"1"
"2025_02_SEA_PIT","PIT",6,TRUE,0,"0"
"2025_02_SEA_PIT","PIT",8,TRUE,0,"0"
"2025_02_SEA_PIT","PIT",10,TRUE,2,"2"
"2025_02_SEA_PIT","PIT",12,TRUE,0,"0"
"2025_02_SEA_PIT","PIT",13,TRUE,1,"1"
"2025_02_SEA_PIT","PIT",15,TRUE,1,"1"
"2025_02_SEA_PIT","PIT",17,TRUE,0,"0"
"2025_02_SEA_PIT","PIT",20,TRUE,2,"2"
"2025_02_SEA_PIT","PIT",22,TRUE,1,"1"
"2025_02_SEA_PIT","PIT",24,TRUE,2,"2"
"2025_02_SEA_PIT","SEA",1,TRUE,4,"4+"
"2025_02_SEA_PIT","SEA",3,TRUE,0,"0"
"2025_02_SEA_PIT","SEA",5,TRUE,3,"3"
"2025_02_SEA_PIT","SEA",7,TRUE,1,"1"
"2025_02_SEA_PIT","SEA",9,TRUE,1,"1"
"2025_02_SEA_PIT","SEA",11,TRUE,1,"1"
"2025_02_SEA_PIT","SEA",14,TRUE,5,"4+"
"2025_02_SEA_PIT","SEA",16,TRUE,0,"0"
"2025_02_SEA_PIT","SEA",18,TRUE,3,"3"
"2025_02_SEA_PIT","SEA",21,TRUE,3,"3"
"2025_02_SEA_PIT","SEA",23,TRUE,0,"0"
"2025_02_SF_NO","NO",1,TRUE,1,"1"
"2025_02_SF_NO","NO",3,TRUE,1,"1"
"2025_02_SF_NO","NO",5,TRUE,0,"0"
"2025_02_SF_NO","NO",7,TRUE,0,"0"
"2025_02_SF_NO","NO",9,TRUE,5,"4+"
"2025_02_SF_NO","NO",11,TRUE,0,"0"
"2025_02_SF_NO","NO",13,TRUE,4,"4+"
"2025_02_SF_NO","NO",15,TRUE,2,"2"
"2025_02_SF_NO","NO",17,TRUE,6,"4+"
"2025_02_SF_NO","NO",19,TRUE,0,"0"
"2025_02_SF_NO","NO",21,TRUE,2,"2"
"2025_02_SF_NO","SF",2,TRUE,0,"0"
"2025_02_SF_NO","SF",4,TRUE,6,"4+"
"2025_02_SF_NO","SF",6,TRUE,3,"3"
"2025_02_SF_NO","SF",8,TRUE,1,"1"
"2025_02_SF_NO","SF",10,TRUE,4,"4+"
"2025_02_SF_NO","SF",12,TRUE,2,"2"
"2025_02_SF_NO","SF",14,TRUE,3,"3"
"2025_02_SF_NO","SF",16,TRUE,3,"3"
"2025_02_SF_NO","SF",18,TRUE,1,"1"
"2025_02_SF_NO","SF",20,TRUE,0,"0"
"2025_02_SF_NO","SF",22,TRUE,0,"0"
"2025_02_TB_HOU","HOU",1,TRUE,3,"3"
"2025_02_TB_HOU","HOU",3,TRUE,2,"2"
"2025_02_TB_HOU","HOU",5,TRUE,1,"1"
"2025_02_TB_HOU","HOU",7,TRUE,1,"1"
"2025_02_TB_HOU","HOU",9,TRUE,0,"0"
"2025_02_TB_HOU","HOU",11,TRUE,1,"1"
"2025_02_TB_HOU","HOU",13,TRUE,0,"0"
"2025_02_TB_HOU","HOU",15,TRUE,3,"3"
"2025_02_TB_HOU","HOU",17,TRUE,0,"0"
"2025_02_TB_HOU","HOU",19,TRUE,1,"1"
"2025_02_TB_HOU","TB",2,TRUE,4,"4+"
"2025_02_TB_HOU","TB",4,TRUE,6,"4+"
"2025_02_TB_HOU","TB",6,TRUE,2,"2"
"2025_02_TB_HOU","TB",8,TRUE,0,"0"
"2025_02_TB_HOU","TB",10,TRUE,1,"1"
"2025_02_TB_HOU","TB",12,TRUE,1,"1"
"2025_02_TB_HOU","TB",14,TRUE,3,"3"
"2025_02_TB_HOU","TB",16,TRUE,3,"3"
"2025_02_TB_HOU","TB",18,TRUE,0,"0"
"2025_02_TB_HOU","TB",20,TRUE,5,"4+"
"2025_02_WAS_GB","GB",1,TRUE,3,"3"
"2025_02_WAS_GB","GB",3,TRUE,4,"4+"
"2025_02_WAS_GB","GB",5,TRUE,0,"0"
"2025_02_WAS_GB","GB",7,TRUE,5,"4+"
"2025_02_WAS_GB","GB",9,TRUE,0,"0"
"2025_02_WAS_GB","GB",11,TRUE,1,"1"
"2025_02_WAS_GB","GB",13,TRUE,3,"3"
"2025_02_WAS_GB","GB",15,TRUE,0,"0"
"2025_02_WAS_GB","GB",17,TRUE,6,"4+"
"2025_02_WAS_GB","GB",19,TRUE,0,"0"
"2025_02_WAS_GB","GB",21,TRUE,0,"0"
"2025_02_WAS_GB","GB",23,TRUE,0,"0"
"2025_02_WAS_GB","WAS",2,TRUE,0,"0"
"2025_02_WAS_GB","WAS",4,TRUE,0,"0"
"2025_02_WAS_GB","WAS",6,TRUE,1,"1"
"2025_02_WAS_GB","WAS",8,TRUE,2,"2"
"2025_02_WAS_GB","WAS",10,TRUE,1,"1"
"2025_02_WAS_GB","WAS",12,TRUE,1,"1"
"2025_02_WAS_GB","WAS",14,TRUE,0,"0"
"2025_02_WAS_GB","WAS",16,TRUE,4,"4+"
"2025_02_WAS_GB","WAS",18,TRUE,0,"0"
"2025_02_WAS_GB","WAS",20,TRUE,5,"4+"
"2025_02_WAS_GB","WAS",22,TRUE,1,"1"
"2025_03_ARI_SF","ARI",1,TRUE,2,"2"
"2025_03_ARI_SF","ARI",3,TRUE,3,"3"
"2025_03_ARI_SF","ARI",5,TRUE,3,"3"
"2025_03_ARI_SF","ARI",7,TRUE,0,"0"
"2025_03_ARI_SF","ARI",9,TRUE,0,"0"
"2025_03_ARI_SF","ARI",11,TRUE,4,"4+"
"2025_03_ARI_SF","ARI",13,TRUE,0,"0"
"2025_03_ARI_SF","ARI",15,TRUE,3,"3"
"2025_03_ARI_SF","ARI",17,TRUE,0,"0"
"2025_03_ARI_SF","ARI",19,TRUE,1,"1"
"2025_03_ARI_SF","SF",2,TRUE,0,"0"
"2025_03_ARI_SF","SF",4,TRUE,0,"0"
"2025_03_ARI_SF","SF",6,TRUE,3,"3"
"2025_03_ARI_SF","SF",8,TRUE,3,"3"
"2025_03_ARI_SF","SF",10,TRUE,1,"1"
"2025_03_ARI_SF","SF",12,TRUE,3,"3"
"2025_03_ARI_SF","SF",14,TRUE,2,"2"
"2025_03_ARI_SF","SF",16,TRUE,2,"2"
"2025_03_ARI_SF","SF",18,TRUE,0,"0"
"2025_03_ARI_SF","SF",20,TRUE,5,"4+"
"2025_03_ATL_CAR","ATL",1,TRUE,3,"3"
"2025_03_ATL_CAR","ATL",3,TRUE,0,"0"
"2025_03_ATL_CAR","ATL",4,TRUE,0,"0"
"2025_03_ATL_CAR","ATL",6,TRUE,2,"2"
"2025_03_ATL_CAR","ATL",8,TRUE,1,"1"
"2025_03_ATL_CAR","ATL",10,TRUE,2,"2"
"2025_03_ATL_CAR","ATL",12,TRUE,0,"0"
"2025_03_ATL_CAR","ATL",13,TRUE,2,"2"
"2025_03_ATL_CAR","ATL",15,TRUE,3,"3"
"2025_03_ATL_CAR","ATL",17,TRUE,2,"2"
"2025_03_ATL_CAR","ATL",19,TRUE,2,"2"
"2025_03_ATL_CAR","CAR",2,TRUE,4,"4+"
"2025_03_ATL_CAR","CAR",5,TRUE,1,"1"
"2025_03_ATL_CAR","CAR",7,TRUE,3,"3"
"2025_03_ATL_CAR","CAR",9,TRUE,0,"0"
"2025_03_ATL_CAR","CAR",11,TRUE,1,"1"
"2025_03_ATL_CAR","CAR",14,TRUE,2,"2"
"2025_03_ATL_CAR","CAR",16,TRUE,3,"3"
"2025_03_ATL_CAR","CAR",18,TRUE,1,"1"
"2025_03_ATL_CAR","CAR",20,TRUE,0,"0"
"2025_03_CIN_MIN","CIN",2,TRUE,0,"0"
"2025_03_CIN_MIN","CIN",4,TRUE,2,"2"
"2025_03_CIN_MIN","CIN",5,TRUE,0,"0"
"2025_03_CIN_MIN","CIN",7,TRUE,1,"1"
"2025_03_CIN_MIN","CIN",9,TRUE,2,"2"
"2025_03_CIN_MIN","CIN",11,TRUE,1,"1"
"2025_03_CIN_MIN","CIN",12,TRUE,0,"0"
"2025_03_CIN_MIN","CIN",14,TRUE,0,"0"
"2025_03_CIN_MIN","CIN",16,TRUE,0,"0"
"2025_03_CIN_MIN","CIN",18,TRUE,1,"1"
"2025_03_CIN_MIN","CIN",20,TRUE,4,"4+"
"2025_03_CIN_MIN","CIN",22,TRUE,0,"0"
"2025_03_CIN_MIN","CIN",24,TRUE,0,"0"
"2025_03_CIN_MIN","MIN",1,TRUE,4,"4+"
"2025_03_CIN_MIN","MIN",3,TRUE,0,"0"
"2025_03_CIN_MIN","MIN",6,TRUE,0,"0"
"2025_03_CIN_MIN","MIN",8,TRUE,2,"2"
"2025_03_CIN_MIN","MIN",10,TRUE,0,"0"
"2025_03_CIN_MIN","MIN",13,TRUE,3,"3"
"2025_03_CIN_MIN","MIN",15,TRUE,0,"0"
"2025_03_CIN_MIN","MIN",17,TRUE,6,"4+"
"2025_03_CIN_MIN","MIN",19,TRUE,4,"4+"
"2025_03_CIN_MIN","MIN",21,TRUE,0,"0"
"2025_03_CIN_MIN","MIN",23,TRUE,0,"0"
"2025_03_CIN_MIN","MIN",25,TRUE,2,"2"
"2025_03_DAL_CHI","CHI",1,TRUE,0,"0"
"2025_03_DAL_CHI","CHI",3,TRUE,3,"3"
"2025_03_DAL_CHI","CHI",5,TRUE,1,"1"
"2025_03_DAL_CHI","CHI",7,TRUE,0,"0"
"2025_03_DAL_CHI","CHI",9,TRUE,2,"2"
"2025_03_DAL_CHI","CHI",11,TRUE,4,"4+"
"2025_03_DAL_CHI","CHI",14,TRUE,7,"4+"
"2025_03_DAL_CHI","CHI",16,TRUE,2,"2"
"2025_03_DAL_CHI","CHI",18,TRUE,0,"0"
"2025_03_DAL_CHI","CHI",20,TRUE,0,"0"
"2025_03_DAL_CHI","DAL",2,TRUE,0,"0"
"2025_03_DAL_CHI","DAL",4,TRUE,3,"3"
"2025_03_DAL_CHI","DAL",6,TRUE,3,"3"
"2025_03_DAL_CHI","DAL",8,TRUE,4,"4+"
"2025_03_DAL_CHI","DAL",10,TRUE,0,"0"
"2025_03_DAL_CHI","DAL",12,TRUE,1,"1"
"2025_03_DAL_CHI","DAL",13,TRUE,2,"2"
"2025_03_DAL_CHI","DAL",15,TRUE,2,"2"
"2025_03_DAL_CHI","DAL",17,TRUE,5,"4+"
"2025_03_DAL_CHI","DAL",19,TRUE,3,"3"
"2025_03_DEN_LAC","DEN",2,TRUE,0,"0"
"2025_03_DEN_LAC","DEN",4,TRUE,0,"0"
"2025_03_DEN_LAC","DEN",6,TRUE,0,"0"
"2025_03_DEN_LAC","DEN",8,TRUE,2,"2"
"2025_03_DEN_LAC","DEN",10,TRUE,2,"2"
"2025_03_DEN_LAC","DEN",12,TRUE,0,"0"
"2025_03_DEN_LAC","DEN",13,TRUE,2,"2"
"2025_03_DEN_LAC","DEN",14,TRUE,0,"0"
"2025_03_DEN_LAC","DEN",16,TRUE,0,"0"
"2025_03_DEN_LAC","DEN",18,TRUE,2,"2"
"2025_03_DEN_LAC","DEN",20,TRUE,0,"0"
"2025_03_DEN_LAC","DEN",22,TRUE,0,"0"
"2025_03_DEN_LAC","LAC",1,TRUE,2,"2"
"2025_03_DEN_LAC","LAC",3,TRUE,2,"2"
"2025_03_DEN_LAC","LAC",5,TRUE,0,"0"
"2025_03_DEN_LAC","LAC",7,TRUE,4,"4+"
"2025_03_DEN_LAC","LAC",9,TRUE,4,"4+"
"2025_03_DEN_LAC","LAC",11,TRUE,0,"0"
"2025_03_DEN_LAC","LAC",15,TRUE,7,"4+"
"2025_03_DEN_LAC","LAC",17,TRUE,0,"0"
"2025_03_DEN_LAC","LAC",19,TRUE,3,"3"
"2025_03_DEN_LAC","LAC",21,TRUE,3,"3"
"2025_03_DEN_LAC","LAC",23,TRUE,3,"3"
"2025_03_DET_BAL","BAL",2,TRUE,4,"4+"
"2025_03_DET_BAL","BAL",4,TRUE,0,"0"
"2025_03_DET_BAL","BAL",6,TRUE,2,"2"
"2025_03_DET_BAL","BAL",8,TRUE,4,"4+"
"2025_03_DET_BAL","BAL",10,TRUE,5,"4+"
"2025_03_DET_BAL","BAL",12,TRUE,0,"0"
"2025_03_DET_BAL","BAL",14,TRUE,3,"3"
"2025_03_DET_BAL","BAL",16,TRUE,0,"0"
"2025_03_DET_BAL","BAL",18,TRUE,0,"0"
"2025_03_DET_BAL","BAL",20,TRUE,3,"3"
"2025_03_DET_BAL","DET",1,TRUE,4,"4+"
"2025_03_DET_BAL","DET",3,TRUE,0,"0"
"2025_03_DET_BAL","DET",5,TRUE,8,"4+"
"2025_03_DET_BAL","DET",7,TRUE,1,"1"
"2025_03_DET_BAL","DET",9,TRUE,1,"1"
"2025_03_DET_BAL","DET",11,TRUE,4,"4+"
"2025_03_DET_BAL","DET",13,TRUE,3,"3"
"2025_03_DET_BAL","DET",15,TRUE,0,"0"
"2025_03_DET_BAL","DET",17,TRUE,0,"0"
"2025_03_DET_BAL","DET",19,TRUE,3,"3"
"2025_03_DET_BAL","DET",21,TRUE,0,"0"
"2025_03_GB_CLE","CLE",1,TRUE,2,"2"
"2025_03_GB_CLE","CLE",3,TRUE,0,"0"
"2025_03_GB_CLE","CLE",5,TRUE,1,"1"
"2025_03_GB_CLE","CLE",7,TRUE,2,"2"
"2025_03_GB_CLE","CLE",10,TRUE,0,"0"
"2025_03_GB_CLE","CLE",12,TRUE,1,"1"
"2025_03_GB_CLE","CLE",14,TRUE,1,"1"
"2025_03_GB_CLE","CLE",16,TRUE,5,"4+"
"2025_03_GB_CLE","CLE",18,TRUE,2,"2"
"2025_03_GB_CLE","CLE",20,TRUE,1,"1"
"2025_03_GB_CLE","GB",2,TRUE,0,"0"
"2025_03_GB_CLE","GB",4,TRUE,3,"3"
"2025_03_GB_CLE","GB",6,TRUE,3,"3"
"2025_03_GB_CLE","GB",8,TRUE,0,"0"
"2025_03_GB_CLE","GB",9,TRUE,0,"0"
"2025_03_GB_CLE","GB",11,TRUE,5,"4+"
"2025_03_GB_CLE","GB",13,TRUE,0,"0"
"2025_03_GB_CLE","GB",15,TRUE,1,"1"
"2025_03_GB_CLE","GB",17,TRUE,0,"0"
"2025_03_GB_CLE","GB",19,TRUE,2,"2"
"2025_03_HOU_JAX","HOU",1,TRUE,0,"0"
"2025_03_HOU_JAX","HOU",3,TRUE,2,"2"
"2025_03_HOU_JAX","HOU",5,TRUE,0,"0"
"2025_03_HOU_JAX","HOU",7,TRUE,4,"4+"
"2025_03_HOU_JAX","HOU",9,TRUE,0,"0"
"2025_03_HOU_JAX","HOU",11,TRUE,0,"0"
"2025_03_HOU_JAX","HOU",13,TRUE,0,"0"
"2025_03_HOU_JAX","HOU",15,TRUE,0,"0"
"2025_03_HOU_JAX","HOU",17,TRUE,1,"1"
"2025_03_HOU_JAX","HOU",19,TRUE,0,"0"
"2025_03_HOU_JAX","HOU",21,TRUE,1,"1"
"2025_03_HOU_JAX","HOU",23,TRUE,1,"1"
"2025_03_HOU_JAX","HOU",25,TRUE,3,"3"
"2025_03_HOU_JAX","JAX",2,TRUE,0,"0"
"2025_03_HOU_JAX","JAX",4,TRUE,5,"4+"
"2025_03_HOU_JAX","JAX",6,TRUE,1,"1"
"2025_03_HOU_JAX","JAX",8,TRUE,0,"0"
"2025_03_HOU_JAX","JAX",10,TRUE,0,"0"
"2025_03_HOU_JAX","JAX",12,TRUE,1,"1"
"2025_03_HOU_JAX","JAX",14,TRUE,4,"4+"
"2025_03_HOU_JAX","JAX",16,TRUE,1,"1"
"2025_03_HOU_JAX","JAX",18,TRUE,0,"0"
"2025_03_HOU_JAX","JAX",20,TRUE,0,"0"
"2025_03_HOU_JAX","JAX",22,TRUE,1,"1"
"2025_03_HOU_JAX","JAX",24,TRUE,4,"4+"
"2025_03_HOU_JAX","JAX",26,TRUE,0,"0"
"2025_03_IND_TEN","IND",3,TRUE,2,"2"
"2025_03_IND_TEN","IND",5,TRUE,6,"4+"
"2025_03_IND_TEN","IND",7,TRUE,0,"0"
"2025_03_IND_TEN","IND",9,TRUE,1,"1"
"2025_03_IND_TEN","IND",11,TRUE,2,"2"
"2025_03_IND_TEN","IND",12,TRUE,4,"4+"
"2025_03_IND_TEN","IND",14,TRUE,3,"3"
"2025_03_IND_TEN","IND",16,TRUE,3,"3"
"2025_03_IND_TEN","IND",18,TRUE,1,"1"
"2025_03_IND_TEN","TEN",1,TRUE,0,"0"
"2025_03_IND_TEN","TEN",2,TRUE,1,"1"
"2025_03_IND_TEN","TEN",4,TRUE,0,"0"
"2025_03_IND_TEN","TEN",6,TRUE,4,"4+"
"2025_03_IND_TEN","TEN",8,TRUE,3,"3"
"2025_03_IND_TEN","TEN",10,TRUE,1,"1"
"2025_03_IND_TEN","TEN",13,TRUE,6,"4+"
"2025_03_IND_TEN","TEN",15,TRUE,6,"4+"
"2025_03_IND_TEN","TEN",17,TRUE,0,"0"
"2025_03_KC_NYG","KC",2,TRUE,3,"3"
"2025_03_KC_NYG","KC",4,TRUE,4,"4+"
"2025_03_KC_NYG","KC",6,TRUE,2,"2"
"2025_03_KC_NYG","KC",8,TRUE,0,"0"
"2025_03_KC_NYG","KC",10,TRUE,3,"3"
"2025_03_KC_NYG","KC",11,TRUE,5,"4+"
"2025_03_KC_NYG","KC",13,TRUE,1,"1"
"2025_03_KC_NYG","KC",15,TRUE,4,"4+"
"2025_03_KC_NYG","KC",17,TRUE,0,"0"
"2025_03_KC_NYG","KC",19,TRUE,0,"0"
"2025_03_KC_NYG","NYG",1,TRUE,3,"3"
"2025_03_KC_NYG","NYG",3,TRUE,1,"1"
"2025_03_KC_NYG","NYG",5,TRUE,0,"0"
"2025_03_KC_NYG","NYG",7,TRUE,5,"4+"
"2025_03_KC_NYG","NYG",9,TRUE,1,"1"
"2025_03_KC_NYG","NYG",12,TRUE,1,"1"
"2025_03_KC_NYG","NYG",14,TRUE,5,"4+"
"2025_03_KC_NYG","NYG",16,TRUE,3,"3"
"2025_03_KC_NYG","NYG",18,TRUE,0,"0"
"2025_03_LA_PHI","LA",1,TRUE,1,"1"
"2025_03_LA_PHI","LA",3,TRUE,3,"3"
"2025_03_LA_PHI","LA",5,TRUE,2,"2"
"2025_03_LA_PHI","LA",7,TRUE,4,"4+"
"2025_03_LA_PHI","LA",9,TRUE,2,"2"
"2025_03_LA_PHI","LA",11,TRUE,1,"1"
"2025_03_LA_PHI","LA",14,TRUE,1,"1"
"2025_03_LA_PHI","LA",16,TRUE,1,"1"
"2025_03_LA_PHI","LA",18,TRUE,2,"2"
"2025_03_LA_PHI","LA",20,TRUE,2,"2"
"2025_03_LA_PHI","LA",22,TRUE,3,"3"
"2025_03_LA_PHI","PHI",2,TRUE,4,"4+"
"2025_03_LA_PHI","PHI",4,TRUE,0,"0"
"2025_03_LA_PHI","PHI",6,TRUE,0,"0"
"2025_03_LA_PHI","PHI",8,TRUE,0,"0"
"2025_03_LA_PHI","PHI",10,TRUE,0,"0"
"2025_03_LA_PHI","PHI",12,TRUE,0,"0"
"2025_03_LA_PHI","PHI",13,TRUE,0,"0"
"2025_03_LA_PHI","PHI",15,TRUE,3,"3"
"2025_03_LA_PHI","PHI",17,TRUE,6,"4+"
"2025_03_LA_PHI","PHI",19,TRUE,0,"0"
"2025_03_LA_PHI","PHI",21,TRUE,6,"4+"
"2025_03_LV_WAS","LV",2,TRUE,1,"1"
"2025_03_LV_WAS","LV",4,TRUE,0,"0"
"2025_03_LV_WAS","LV",6,TRUE,0,"0"
"2025_03_LV_WAS","LV",8,TRUE,5,"4+"
"2025_03_LV_WAS","LV",10,TRUE,1,"1"
"2025_03_LV_WAS","LV",12,TRUE,0,"0"
"2025_03_LV_WAS","LV",14,TRUE,0,"0"
"2025_03_LV_WAS","LV",15,TRUE,1,"1"
"2025_03_LV_WAS","LV",17,TRUE,5,"4+"
"2025_03_LV_WAS","LV",19,TRUE,2,"2"
"2025_03_LV_WAS","LV",21,TRUE,2,"2"
"2025_03_LV_WAS","LV",23,TRUE,0,"0"
"2025_03_LV_WAS","WAS",1,TRUE,2,"2"
"2025_03_LV_WAS","WAS",3,TRUE,1,"1"
"2025_03_LV_WAS","WAS",5,TRUE,4,"4+"
"2025_03_LV_WAS","WAS",7,TRUE,2,"2"
"2025_03_LV_WAS","WAS",9,TRUE,1,"1"
"2025_03_LV_WAS","WAS",11,TRUE,1,"1"
"2025_03_LV_WAS","WAS",13,TRUE,0,"0"
"2025_03_LV_WAS","WAS",16,TRUE,2,"2"
"2025_03_LV_WAS","WAS",18,TRUE,3,"3"
"2025_03_LV_WAS","WAS",20,TRUE,0,"0"
"2025_03_LV_WAS","WAS",22,TRUE,1,"1"
"2025_03_MIA_BUF","BUF",2,TRUE,5,"4+"
"2025_03_MIA_BUF","BUF",4,TRUE,5,"4+"
"2025_03_MIA_BUF","BUF",6,TRUE,2,"2"
"2025_03_MIA_BUF","BUF",8,TRUE,0,"0"
"2025_03_MIA_BUF","BUF",9,TRUE,5,"4+"
"2025_03_MIA_BUF","BUF",11,TRUE,0,"0"
"2025_03_MIA_BUF","BUF",13,TRUE,1,"1"
"2025_03_MIA_BUF","BUF",15,TRUE,4,"4+"
"2025_03_MIA_BUF","BUF",17,TRUE,1,"1"
"2025_03_MIA_BUF","MIA",1,TRUE,4,"4+"
"2025_03_MIA_BUF","MIA",3,TRUE,0,"0"
"2025_03_MIA_BUF","MIA",5,TRUE,0,"0"
"2025_03_MIA_BUF","MIA",7,TRUE,6,"4+"
"2025_03_MIA_BUF","MIA",10,TRUE,0,"0"
"2025_03_MIA_BUF","MIA",12,TRUE,0,"0"
"2025_03_MIA_BUF","MIA",14,TRUE,4,"4+"
"2025_03_MIA_BUF","MIA",16,TRUE,3,"3"
"2025_03_MIA_BUF","MIA",18,TRUE,2,"2"
"2025_03_NO_SEA","NO",1,TRUE,1,"1"
"2025_03_NO_SEA","NO",3,TRUE,0,"0"
"2025_03_NO_SEA","NO",4,TRUE,0,"0"
"2025_03_NO_SEA","NO",6,TRUE,5,"4+"
"2025_03_NO_SEA","NO",8,TRUE,0,"0"
"2025_03_NO_SEA","NO",10,TRUE,3,"3"
"2025_03_NO_SEA","NO",12,TRUE,4,"4+"
"2025_03_NO_SEA","NO",14,TRUE,0,"0"
"2025_03_NO_SEA","NO",16,TRUE,6,"4+"
"2025_03_NO_SEA","NO",18,TRUE,0,"0"
"2025_03_NO_SEA","NO",20,TRUE,0,"0"
"2025_03_NO_SEA","NO",22,TRUE,0,"0"
"2025_03_NO_SEA","SEA",2,TRUE,3,"3"
"2025_03_NO_SEA","SEA",5,TRUE,1,"1"
"2025_03_NO_SEA","SEA",7,TRUE,2,"2"
"2025_03_NO_SEA","SEA",9,TRUE,3,"3"
"2025_03_NO_SEA","SEA",11,TRUE,1,"1"
"2025_03_NO_SEA","SEA",13,TRUE,3,"3"
"2025_03_NO_SEA","SEA",15,TRUE,4,"4+"
"2025_03_NO_SEA","SEA",17,TRUE,0,"0"
"2025_03_NO_SEA","SEA",19,TRUE,1,"1"
"2025_03_NO_SEA","SEA",21,TRUE,2,"2"
"2025_03_NO_SEA","SEA",23,TRUE,1,"1"
"2025_03_NYJ_TB","NYJ",1,TRUE,4,"4+"
"2025_03_NYJ_TB","NYJ",3,TRUE,2,"2"
"2025_03_NYJ_TB","NYJ",5,TRUE,0,"0"
"2025_03_NYJ_TB","NYJ",7,TRUE,0,"0"
"2025_03_NYJ_TB","NYJ",9,TRUE,0,"0"
"2025_03_NYJ_TB","NYJ",11,TRUE,0,"0"
"2025_03_NYJ_TB","NYJ",13,TRUE,1,"1"
"2025_03_NYJ_TB","NYJ",14,TRUE,0,"0"
"2025_03_NYJ_TB","NYJ",16,TRUE,2,"2"
"2025_03_NYJ_TB","NYJ",18,TRUE,6,"4+"
"2025_03_NYJ_TB","NYJ",20,TRUE,6,"4+"
"2025_03_NYJ_TB","TB",2,TRUE,3,"3"
"2025_03_NYJ_TB","TB",4,TRUE,4,"4+"
"2025_03_NYJ_TB","TB",6,TRUE,0,"0"
"2025_03_NYJ_TB","TB",8,TRUE,0,"0"
"2025_03_NYJ_TB","TB",10,TRUE,1,"1"
"2025_03_NYJ_TB","TB",12,TRUE,0,"0"
"2025_03_NYJ_TB","TB",15,TRUE,5,"4+"
"2025_03_NYJ_TB","TB",17,TRUE,0,"0"
"2025_03_NYJ_TB","TB",19,TRUE,3,"3"
"2025_03_NYJ_TB","TB",21,TRUE,1,"1"
"2025_03_NYJ_TB","TB",22,TRUE,2,"2"
"2025_03_PIT_NE","NE",1,TRUE,1,"1"
"2025_03_PIT_NE","NE",3,TRUE,1,"1"
"2025_03_PIT_NE","NE",5,TRUE,6,"4+"
"2025_03_PIT_NE","NE",7,TRUE,5,"4+"
"2025_03_PIT_NE","NE",10,TRUE,0,"0"
"2025_03_PIT_NE","NE",12,TRUE,1,"1"
"2025_03_PIT_NE","NE",14,TRUE,6,"4+"
"2025_03_PIT_NE","NE",16,TRUE,3,"3"
"2025_03_PIT_NE","NE",18,TRUE,2,"2"
"2025_03_PIT_NE","PIT",2,TRUE,5,"4+"
"2025_03_PIT_NE","PIT",4,TRUE,6,"4+"
"2025_03_PIT_NE","PIT",6,TRUE,0,"0"
"2025_03_PIT_NE","PIT",8,TRUE,0,"0"
"2025_03_PIT_NE","PIT",9,TRUE,0,"0"
"2025_03_PIT_NE","PIT",11,TRUE,0,"0"
"2025_03_PIT_NE","PIT",13,TRUE,0,"0"
"2025_03_PIT_NE","PIT",15,TRUE,1,"1"
"2025_03_PIT_NE","PIT",17,TRUE,4,"4+"
"2025_03_PIT_NE","PIT",19,TRUE,0,"0"
"2025_04_BAL_KC","BAL",1,TRUE,5,"4+"
"2025_04_BAL_KC","BAL",3,TRUE,2,"2"
"2025_04_BAL_KC","BAL",5,TRUE,1,"1"
"2025_04_BAL_KC","BAL",7,TRUE,0,"0"
"2025_04_BAL_KC","BAL",9,TRUE,0,"0"
"2025_04_BAL_KC","BAL",11,TRUE,2,"2"
"2025_04_BAL_KC","BAL",13,TRUE,3,"3"
"2025_04_BAL_KC","BAL",15,TRUE,0,"0"
"2025_04_BAL_KC","BAL",17,TRUE,2,"2"
"2025_04_BAL_KC","BAL",19,TRUE,2,"2"
"2025_04_BAL_KC","KC",2,TRUE,3,"3"
"2025_04_BAL_KC","KC",4,TRUE,4,"4+"
"2025_04_BAL_KC","KC",6,TRUE,3,"3"
"2025_04_BAL_KC","KC",8,TRUE,3,"3"
"2025_04_BAL_KC","KC",10,TRUE,1,"1"
"2025_04_BAL_KC","KC",12,TRUE,4,"4+"
"2025_04_BAL_KC","KC",14,TRUE,3,"3"
"2025_04_BAL_KC","KC",16,TRUE,1,"1"
"2025_04_BAL_KC","KC",18,TRUE,2,"2"
"2025_04_BAL_KC","KC",20,TRUE,0,"0"
"2025_04_CAR_NE","CAR",1,TRUE,6,"4+"
"2025_04_CAR_NE","CAR",3,TRUE,2,"2"
"2025_04_CAR_NE","CAR",4,TRUE,1,"1"
"2025_04_CAR_NE","CAR",6,TRUE,3,"3"
"2025_04_CAR_NE","CAR",8,TRUE,0,"0"
"2025_04_CAR_NE","CAR",10,TRUE,1,"1"
"2025_04_CAR_NE","CAR",12,TRUE,0,"0"
"2025_04_CAR_NE","CAR",14,TRUE,2,"2"
"2025_04_CAR_NE","CAR",16,TRUE,0,"0"
"2025_04_CAR_NE","CAR",18,TRUE,1,"1"
"2025_04_CAR_NE","CAR",20,TRUE,5,"4+"
"2025_04_CAR_NE","NE",2,TRUE,0,"0"
"2025_04_CAR_NE","NE",5,TRUE,4,"4+"
"2025_04_CAR_NE","NE",7,TRUE,4,"4+"
"2025_04_CAR_NE","NE",9,TRUE,2,"2"
"2025_04_CAR_NE","NE",11,TRUE,0,"0"
"2025_04_CAR_NE","NE",13,TRUE,4,"4+"
"2025_04_CAR_NE","NE",15,TRUE,0,"0"
"2025_04_CAR_NE","NE",17,TRUE,2,"2"
"2025_04_CAR_NE","NE",19,TRUE,0,"0"
"2025_04_CAR_NE","NE",21,TRUE,0,"0"
"2025_04_CHI_LV","CHI",1,TRUE,0,"0"
"2025_04_CHI_LV","CHI",3,TRUE,0,"0"
"2025_04_CHI_LV","CHI",5,TRUE,1,"1"
"2025_04_CHI_LV","CHI",7,TRUE,2,"2"
"2025_04_CHI_LV","CHI",9,TRUE,1,"1"
"2025_04_CHI_LV","CHI",11,TRUE,2,"2"
"2025_04_CHI_LV","CHI",14,TRUE,2,"2"
"2025_04_CHI_LV","CHI",16,TRUE,0,"0"
"2025_04_CHI_LV","CHI",18,TRUE,2,"2"
"2025_04_CHI_LV","CHI",20,TRUE,6,"4+"
"2025_04_CHI_LV","CHI",22,TRUE,0,"0"
"2025_04_CHI_LV","LV",2,TRUE,1,"1"
"2025_04_CHI_LV","LV",4,TRUE,0,"0"
"2025_04_CHI_LV","LV",6,TRUE,4,"4+"
"2025_04_CHI_LV","LV",8,TRUE,0,"0"
"2025_04_CHI_LV","LV",10,TRUE,1,"1"
"2025_04_CHI_LV","LV",12,TRUE,2,"2"
"2025_04_CHI_LV","LV",13,TRUE,0,"0"
"2025_04_CHI_LV","LV",15,TRUE,6,"4+"
"2025_04_CHI_LV","LV",17,TRUE,0,"0"
"2025_04_CHI_LV","LV",19,TRUE,2,"2"
"2025_04_CHI_LV","LV",21,TRUE,1,"1"
"2025_04_CIN_DEN","CIN",1,TRUE,4,"4+"
"2025_04_CIN_DEN","CIN",3,TRUE,1,"1"
"2025_04_CIN_DEN","CIN",5,TRUE,1,"1"
"2025_04_CIN_DEN","CIN",7,TRUE,0,"0"
"2025_04_CIN_DEN","CIN",9,TRUE,0,"0"
"2025_04_CIN_DEN","CIN",11,TRUE,0,"0"
"2025_04_CIN_DEN","CIN",13,TRUE,0,"0"
"2025_04_CIN_DEN","CIN",15,TRUE,2,"2"
"2025_04_CIN_DEN","CIN",17,TRUE,1,"1"
"2025_04_CIN_DEN","CIN",19,TRUE,0,"0"
"2025_04_CIN_DEN","DEN",2,TRUE,0,"0"
"2025_04_CIN_DEN","DEN",4,TRUE,4,"4+"
"2025_04_CIN_DEN","DEN",6,TRUE,4,"4+"
"2025_04_CIN_DEN","DEN",8,TRUE,4,"4+"
"2025_04_CIN_DEN","DEN",10,TRUE,4,"4+"
"2025_04_CIN_DEN","DEN",12,TRUE,1,"1"
"2025_04_CIN_DEN","DEN",14,TRUE,2,"2"
"2025_04_CIN_DEN","DEN",16,TRUE,3,"3"
"2025_04_CIN_DEN","DEN",18,TRUE,5,"4+"
"2025_04_CIN_DEN","DEN",20,TRUE,2,"2"
"2025_04_CLE_DET","CLE",2,TRUE,6,"4+"
"2025_04_CLE_DET","CLE",4,TRUE,0,"0"
"2025_04_CLE_DET","CLE",6,TRUE,1,"1"
"2025_04_CLE_DET","CLE",8,TRUE,0,"0"
"2025_04_CLE_DET","CLE",10,TRUE,1,"1"
"2025_04_CLE_DET","CLE",12,TRUE,0,"0"
"2025_04_CLE_DET","CLE",14,TRUE,0,"0"
"2025_04_CLE_DET","CLE",15,TRUE,2,"2"
"2025_04_CLE_DET","CLE",17,TRUE,2,"2"
"2025_04_CLE_DET","CLE",19,TRUE,2,"2"
"2025_04_CLE_DET","CLE",21,TRUE,0,"0"
"2025_04_CLE_DET","CLE",22,TRUE,0,"0"
"2025_04_CLE_DET","CLE",24,TRUE,2,"2"
"2025_04_CLE_DET","CLE",26,TRUE,0,"0"
"2025_04_CLE_DET","DET",1,TRUE,1,"1"
"2025_04_CLE_DET","DET",3,TRUE,4,"4+"
"2025_04_CLE_DET","DET",5,TRUE,1,"1"
"2025_04_CLE_DET","DET",7,TRUE,1,"1"
"2025_04_CLE_DET","DET",9,TRUE,0,"0"
"2025_04_CLE_DET","DET",11,TRUE,1,"1"
"2025_04_CLE_DET","DET",13,TRUE,2,"2"
"2025_04_CLE_DET","DET",16,TRUE,1,"1"
"2025_04_CLE_DET","DET",18,TRUE,0,"0"
"2025_04_CLE_DET","DET",20,TRUE,1,"1"
"2025_04_CLE_DET","DET",23,TRUE,1,"1"
"2025_04_CLE_DET","DET",25,TRUE,2,"2"
"2025_04_CLE_DET","DET",27,TRUE,1,"1"
"2025_04_GB_DAL","DAL",2,TRUE,0,"0"
"2025_04_GB_DAL","DAL",4,TRUE,1,"1"
"2025_04_GB_DAL","DAL",6,TRUE,0,"0"
"2025_04_GB_DAL","DAL",8,TRUE,7,"4+"
"2025_04_GB_DAL","DAL",10,TRUE,1,"1"
"2025_04_GB_DAL","DAL",12,TRUE,1,"1"
"2025_04_GB_DAL","DAL",14,TRUE,6,"4+"
"2025_04_GB_DAL","DAL",16,TRUE,5,"4+"
"2025_04_GB_DAL","DAL",18,TRUE,2,"2"
"2025_04_GB_DAL","DAL",20,TRUE,3,"3"
"2025_04_GB_DAL","GB",1,TRUE,3,"3"
"2025_04_GB_DAL","GB",3,TRUE,2,"2"
"2025_04_GB_DAL","GB",5,TRUE,5,"4+"
"2025_04_GB_DAL","GB",7,TRUE,1,"1"
"2025_04_GB_DAL","GB",9,TRUE,1,"1"
"2025_04_GB_DAL","GB",11,TRUE,0,"0"
"2025_04_GB_DAL","GB",13,TRUE,5,"4+"
"2025_04_GB_DAL","GB",15,TRUE,3,"3"
"2025_04_GB_DAL","GB",17,TRUE,5,"4+"
"2025_04_GB_DAL","GB",19,TRUE,2,"2"
"2025_04_GB_DAL","GB",21,TRUE,4,"4+"
"2025_04_IND_LA","IND",1,TRUE,1,"1"
"2025_04_IND_LA","IND",3,TRUE,1,"1"
"2025_04_IND_LA","IND",5,TRUE,4,"4+"
"2025_04_IND_LA","IND",7,TRUE,1,"1"
"2025_04_IND_LA","IND",9,TRUE,0,"0"
"2025_04_IND_LA","IND",11,TRUE,0,"0"
"2025_04_IND_LA","IND",13,TRUE,0,"0"
"2025_04_IND_LA","IND",15,TRUE,0,"0"
"2025_04_IND_LA","IND",17,TRUE,6,"4+"
"2025_04_IND_LA","IND",19,TRUE,0,"0"
"2025_04_IND_LA","IND",21,TRUE,2,"2"
"2025_04_IND_LA","IND",23,TRUE,1,"1"
"2025_04_IND_LA","LA",2,TRUE,4,"4+"
"2025_04_IND_LA","LA",4,TRUE,1,"1"
"2025_04_IND_LA","LA",6,TRUE,3,"3"
"2025_04_IND_LA","LA",8,TRUE,6,"4+"
"2025_04_IND_LA","LA",10,TRUE,1,"1"
"2025_04_IND_LA","LA",12,TRUE,1,"1"
"2025_04_IND_LA","LA",14,TRUE,0,"0"
"2025_04_IND_LA","LA",16,TRUE,0,"0"
"2025_04_IND_LA","LA",18,TRUE,0,"0"
"2025_04_IND_LA","LA",20,TRUE,6,"4+"
"2025_04_IND_LA","LA",22,TRUE,1,"1"
"2025_04_IND_LA","LA",24,TRUE,1,"1"
"2025_04_JAX_SF","JAX",2,TRUE,4,"4+"
"2025_04_JAX_SF","JAX",4,TRUE,1,"1"
"2025_04_JAX_SF","JAX",6,TRUE,6,"4+"
"2025_04_JAX_SF","JAX",8,TRUE,0,"0"
"2025_04_JAX_SF","JAX",10,TRUE,2,"2"
"2025_04_JAX_SF","JAX",11,TRUE,0,"0"
"2025_04_JAX_SF","JAX",13,TRUE,2,"2"
"2025_04_JAX_SF","JAX",15,TRUE,0,"0"
"2025_04_JAX_SF","JAX",18,TRUE,0,"0"
"2025_04_JAX_SF","JAX",20,TRUE,2,"2"
"2025_04_JAX_SF","JAX",22,TRUE,1,"1"
"2025_04_JAX_SF","SF",1,TRUE,4,"4+"
"2025_04_JAX_SF","SF",3,TRUE,1,"1"
"2025_04_JAX_SF","SF",5,TRUE,1,"1"
"2025_04_JAX_SF","SF",7,TRUE,0,"0"
"2025_04_JAX_SF","SF",9,TRUE,4,"4+"
"2025_04_JAX_SF","SF",12,TRUE,5,"4+"
"2025_04_JAX_SF","SF",14,TRUE,0,"0"
"2025_04_JAX_SF","SF",16,TRUE,0,"0"
"2025_04_JAX_SF","SF",17,TRUE,2,"2"
"2025_04_JAX_SF","SF",19,TRUE,4,"4+"
"2025_04_JAX_SF","SF",21,TRUE,1,"1"
"2025_04_LAC_NYG","LAC",1,TRUE,0,"0"
"2025_04_LAC_NYG","LAC",3,TRUE,2,"2"
"2025_04_LAC_NYG","LAC",5,TRUE,1,"1"
"2025_04_LAC_NYG","LAC",7,TRUE,4,"4+"
"2025_04_LAC_NYG","LAC",9,TRUE,4,"4+"
"2025_04_LAC_NYG","LAC",12,TRUE,1,"1"
"2025_04_LAC_NYG","LAC",14,TRUE,0,"0"
"2025_04_LAC_NYG","LAC",16,TRUE,2,"2"
"2025_04_LAC_NYG","LAC",18,TRUE,0,"0"
"2025_04_LAC_NYG","LAC",20,TRUE,2,"2"
"2025_04_LAC_NYG","LAC",22,TRUE,1,"1"
"2025_04_LAC_NYG","NYG",2,TRUE,6,"4+"
"2025_04_LAC_NYG","NYG",4,TRUE,1,"1"
"2025_04_LAC_NYG","NYG",6,TRUE,0,"0"
"2025_04_LAC_NYG","NYG",8,TRUE,4,"4+"
"2025_04_LAC_NYG","NYG",10,TRUE,0,"0"
"2025_04_LAC_NYG","NYG",11,TRUE,2,"2"
"2025_04_LAC_NYG","NYG",13,TRUE,0,"0"
"2025_04_LAC_NYG","NYG",15,TRUE,1,"1"
"2025_04_LAC_NYG","NYG",17,TRUE,2,"2"
"2025_04_LAC_NYG","NYG",19,TRUE,3,"3"
"2025_04_LAC_NYG","NYG",21,TRUE,1,"1"
"2025_04_MIN_PIT","MIN",2,TRUE,4,"4+"
"2025_04_MIN_PIT","MIN",4,TRUE,1,"1"
"2025_04_MIN_PIT","MIN",6,TRUE,2,"2"
"2025_04_MIN_PIT","MIN",8,TRUE,3,"3"
"2025_04_MIN_PIT","MIN",10,TRUE,0,"0"
"2025_04_MIN_PIT","MIN",12,TRUE,3,"3"
"2025_04_MIN_PIT","MIN",14,TRUE,0,"0"
"2025_04_MIN_PIT","MIN",16,TRUE,4,"4+"
"2025_04_MIN_PIT","MIN",18,TRUE,3,"3"
"2025_04_MIN_PIT","MIN",20,TRUE,2,"2"
"2025_04_MIN_PIT","PIT",1,TRUE,0,"0"
"2025_04_MIN_PIT","PIT",3,TRUE,5,"4+"
"2025_04_MIN_PIT","PIT",5,TRUE,1,"1"
"2025_04_MIN_PIT","PIT",7,TRUE,3,"3"
"2025_04_MIN_PIT","PIT",9,TRUE,0,"0"
"2025_04_MIN_PIT","PIT",11,TRUE,0,"0"
"2025_04_MIN_PIT","PIT",13,TRUE,3,"3"
"2025_04_MIN_PIT","PIT",15,TRUE,2,"2"
"2025_04_MIN_PIT","PIT",17,TRUE,3,"3"
"2025_04_MIN_PIT","PIT",19,TRUE,0,"0"
"2025_04_MIN_PIT","PIT",21,TRUE,0,"0"
"2025_04_NO_BUF","BUF",1,TRUE,3,"3"
"2025_04_NO_BUF","BUF",3,TRUE,4,"4+"
"2025_04_NO_BUF","BUF",5,TRUE,0,"0"
"2025_04_NO_BUF","BUF",7,TRUE,1,"1"
"2025_04_NO_BUF","BUF",9,TRUE,0,"0"
"2025_04_NO_BUF","BUF",11,TRUE,1,"1"
"2025_04_NO_BUF","BUF",13,TRUE,6,"4+"
"2025_04_NO_BUF","BUF",15,TRUE,1,"1"
"2025_04_NO_BUF","BUF",17,TRUE,2,"2"
"2025_04_NO_BUF","BUF",19,TRUE,2,"2"
"2025_04_NO_BUF","BUF",21,TRUE,0,"0"
"2025_04_NO_BUF","NO",2,TRUE,4,"4+"
"2025_04_NO_BUF","NO",4,TRUE,3,"3"
"2025_04_NO_BUF","NO",6,TRUE,0,"0"
"2025_04_NO_BUF","NO",8,TRUE,1,"1"
"2025_04_NO_BUF","NO",10,TRUE,2,"2"
"2025_04_NO_BUF","NO",12,TRUE,1,"1"
"2025_04_NO_BUF","NO",14,TRUE,6,"4+"
"2025_04_NO_BUF","NO",16,TRUE,3,"3"
"2025_04_NO_BUF","NO",18,TRUE,1,"1"
"2025_04_NO_BUF","NO",20,TRUE,0,"0"
"2025_04_NYJ_MIA","MIA",1,TRUE,2,"2"
"2025_04_NYJ_MIA","MIA",3,TRUE,6,"4+"
"2025_04_NYJ_MIA","MIA",5,TRUE,0,"0"
"2025_04_NYJ_MIA","MIA",7,TRUE,3,"3"
"2025_04_NYJ_MIA","MIA",9,TRUE,5,"4+"
"2025_04_NYJ_MIA","MIA",11,TRUE,0,"0"
"2025_04_NYJ_MIA","MIA",13,TRUE,0,"0"
"2025_04_NYJ_MIA","MIA",15,TRUE,3,"3"
"2025_04_NYJ_MIA","MIA",17,TRUE,0,"0"
"2025_04_NYJ_MIA","NYJ",2,TRUE,6,"4+"
"2025_04_NYJ_MIA","NYJ",4,TRUE,2,"2"
"2025_04_NYJ_MIA","NYJ",6,TRUE,4,"4+"
"2025_04_NYJ_MIA","NYJ",8,TRUE,1,"1"
"2025_04_NYJ_MIA","NYJ",10,TRUE,1,"1"
"2025_04_NYJ_MIA","NYJ",12,TRUE,2,"2"
"2025_04_NYJ_MIA","NYJ",14,TRUE,2,"2"
"2025_04_NYJ_MIA","NYJ",16,TRUE,4,"4+"
"2025_04_NYJ_MIA","NYJ",18,TRUE,1,"1"
"2025_04_PHI_TB","PHI",3,TRUE,5,"4+"
"2025_04_PHI_TB","PHI",5,TRUE,0,"0"
"2025_04_PHI_TB","PHI",7,TRUE,4,"4+"
"2025_04_PHI_TB","PHI",9,TRUE,4,"4+"
"2025_04_PHI_TB","PHI",11,TRUE,0,"0"
"2025_04_PHI_TB","PHI",13,TRUE,0,"0"
"2025_04_PHI_TB","PHI",15,TRUE,0,"0"
"2025_04_PHI_TB","PHI",17,TRUE,2,"2"
"2025_04_PHI_TB","PHI",19,TRUE,1,"1"
"2025_04_PHI_TB","PHI",21,TRUE,0,"0"
"2025_04_PHI_TB","PHI",23,TRUE,0,"0"
"2025_04_PHI_TB","PHI",25,TRUE,0,"0"
"2025_04_PHI_TB","TB",1,TRUE,1,"1"
"2025_04_PHI_TB","TB",2,TRUE,0,"0"
"2025_04_PHI_TB","TB",4,TRUE,4,"4+"
"2025_04_PHI_TB","TB",6,TRUE,1,"1"
"2025_04_PHI_TB","TB",8,TRUE,0,"0"
"2025_04_PHI_TB","TB",10,TRUE,1,"1"
"2025_04_PHI_TB","TB",12,TRUE,0,"0"
"2025_04_PHI_TB","TB",14,TRUE,1,"1"
"2025_04_PHI_TB","TB",16,TRUE,0,"0"
"2025_04_PHI_TB","TB",18,TRUE,2,"2"
"2025_04_PHI_TB","TB",20,TRUE,2,"2"
"2025_04_PHI_TB","TB",22,TRUE,3,"3"
"2025_04_PHI_TB","TB",24,TRUE,3,"3"
"2025_04_SEA_ARI","ARI",1,TRUE,1,"1"
"2025_04_SEA_ARI","ARI",3,TRUE,0,"0"
"2025_04_SEA_ARI","ARI",4,TRUE,2,"2"
"2025_04_SEA_ARI","ARI",6,TRUE,0,"0"
"2025_04_SEA_ARI","ARI",8,TRUE,3,"3"
"2025_04_SEA_ARI","ARI",10,TRUE,0,"0"
"2025_04_SEA_ARI","ARI",12,TRUE,1,"1"
"2025_04_SEA_ARI","ARI",14,TRUE,1,"1"
"2025_04_SEA_ARI","ARI",16,TRUE,2,"2"
"2025_04_SEA_ARI","ARI",18,TRUE,4,"4+"
"2025_04_SEA_ARI","ARI",20,TRUE,4,"4+"
"2025_04_SEA_ARI","SEA",2,TRUE,1,"1"
"2025_04_SEA_ARI","SEA",5,TRUE,4,"4+"
"2025_04_SEA_ARI","SEA",7,TRUE,1,"1"
"2025_04_SEA_ARI","SEA",9,TRUE,1,"1"
"2025_04_SEA_ARI","SEA",11,TRUE,5,"4+"
"2025_04_SEA_ARI","SEA",13,TRUE,2,"2"
"2025_04_SEA_ARI","SEA",15,TRUE,0,"0"
"2025_04_SEA_ARI","SEA",17,TRUE,4,"4+"
"2025_04_SEA_ARI","SEA",19,TRUE,1,"1"
"2025_04_SEA_ARI","SEA",21,TRUE,1,"1"
"2025_04_TEN_HOU","HOU",2,TRUE,3,"3"
"2025_04_TEN_HOU","HOU",4,TRUE,3,"3"
"2025_04_TEN_HOU","HOU",6,TRUE,0,"0"
"2025_04_TEN_HOU","HOU",8,TRUE,2,"2"
"2025_04_TEN_HOU","HOU",10,TRUE,2,"2"
"2025_04_TEN_HOU","HOU",12,TRUE,6,"4+"
"2025_04_TEN_HOU","HOU",14,TRUE,2,"2"
"2025_04_TEN_HOU","HOU",16,TRUE,2,"2"
"2025_04_TEN_HOU","HOU",18,TRUE,0,"0"
"2025_04_TEN_HOU","TEN",1,TRUE,2,"2"
"2025_04_TEN_HOU","TEN",3,TRUE,0,"0"
"2025_04_TEN_HOU","TEN",5,TRUE,1,"1"
"2025_04_TEN_HOU","TEN",7,TRUE,0,"0"
"2025_04_TEN_HOU","TEN",9,TRUE,3,"3"
"2025_04_TEN_HOU","TEN",11,TRUE,1,"1"
"2025_04_TEN_HOU","TEN",13,TRUE,2,"2"
"2025_04_TEN_HOU","TEN",15,TRUE,1,"1"
"2025_04_TEN_HOU","TEN",17,TRUE,0,"0"
"2025_04_TEN_HOU","TEN",19,TRUE,0,"0"
"2025_04_WAS_ATL","ATL",1,TRUE,2,"2"
"2025_04_WAS_ATL","ATL",3,TRUE,6,"4+"
"2025_04_WAS_ATL","ATL",5,TRUE,3,"3"
"2025_04_WAS_ATL","ATL",7,TRUE,2,"2"
"2025_04_WAS_ATL","ATL",9,TRUE,0,"0"
"2025_04_WAS_ATL","ATL",11,TRUE,2,"2"
"2025_04_WAS_ATL","ATL",13,TRUE,1,"1"
"2025_04_WAS_ATL","ATL",15,TRUE,4,"4+"
"2025_04_WAS_ATL","ATL",17,TRUE,4,"4+"
"2025_04_WAS_ATL","ATL",19,TRUE,0,"0"
"2025_04_WAS_ATL","WAS",2,TRUE,0,"0"
"2025_04_WAS_ATL","WAS",4,TRUE,3,"3"
"2025_04_WAS_ATL","WAS",6,TRUE,1,"1"
"2025_04_WAS_ATL","WAS",8,TRUE,2,"2"
"2025_04_WAS_ATL","WAS",10,TRUE,2,"2"
"2025_04_WAS_ATL","WAS",12,TRUE,2,"2"
"2025_04_WAS_ATL","WAS",14,TRUE,0,"0"
"2025_04_WAS_ATL","WAS",16,TRUE,5,"4+"
"2025_04_WAS_ATL","WAS",18,TRUE,2,"2"
"2025_05_DAL_NYJ","DAL",2,TRUE,1,"1"
"2025_05_DAL_NYJ","DAL",4,TRUE,6,"4+"
"2025_05_DAL_NYJ","DAL",6,TRUE,0,"0"
"2025_05_DAL_NYJ","DAL",8,TRUE,5,"4+"
"2025_05_DAL_NYJ","DAL",10,TRUE,2,"2"
"2025_05_DAL_NYJ","DAL",12,TRUE,0,"0"
"2025_05_DAL_NYJ","DAL",14,TRUE,1,"1"
"2025_05_DAL_NYJ","DAL",16,TRUE,2,"2"
"2025_05_DAL_NYJ","DAL",18,TRUE,0,"0"
"2025_05_DAL_NYJ","DAL",20,TRUE,0,"0"
"2025_05_DAL_NYJ","DAL",22,TRUE,4,"4+"
"2025_05_DAL_NYJ","DAL",24,TRUE,0,"0"
"2025_05_DAL_NYJ","NYJ",1,TRUE,3,"3"
"2025_05_DAL_NYJ","NYJ",3,TRUE,2,"2"
"2025_05_DAL_NYJ","NYJ",5,TRUE,0,"0"
"2025_05_DAL_NYJ","NYJ",7,TRUE,3,"3"
"2025_05_DAL_NYJ","NYJ",9,TRUE,0,"0"
"2025_05_DAL_NYJ","NYJ",11,TRUE,0,"0"
"2025_05_DAL_NYJ","NYJ",13,TRUE,1,"1"
"2025_05_DAL_NYJ","NYJ",15,TRUE,1,"1"
"2025_05_DAL_NYJ","NYJ",17,TRUE,2,"2"
"2025_05_DAL_NYJ","NYJ",19,TRUE,1,"1"
"2025_05_DAL_NYJ","NYJ",21,TRUE,6,"4+"
"2025_05_DAL_NYJ","NYJ",23,TRUE,5,"4+"
"2025_05_DEN_PHI","DEN",1,TRUE,0,"0"
"2025_05_DEN_PHI","DEN",3,TRUE,3,"3"
"2025_05_DEN_PHI","DEN",5,TRUE,2,"2"
"2025_05_DEN_PHI","DEN",7,TRUE,1,"1"
"2025_05_DEN_PHI","DEN",9,TRUE,1,"1"
"2025_05_DEN_PHI","DEN",11,TRUE,0,"0"
"2025_05_DEN_PHI","DEN",14,TRUE,3,"3"
"2025_05_DEN_PHI","DEN",16,TRUE,0,"0"
"2025_05_DEN_PHI","DEN",18,TRUE,6,"4+"
"2025_05_DEN_PHI","DEN",20,TRUE,4,"4+"
"2025_05_DEN_PHI","DEN",22,TRUE,3,"3"
"2025_05_DEN_PHI","PHI",2,TRUE,0,"0"
"2025_05_DEN_PHI","PHI",4,TRUE,4,"4+"
"2025_05_DEN_PHI","PHI",6,TRUE,4,"4+"
"2025_05_DEN_PHI","PHI",8,TRUE,3,"3"
"2025_05_DEN_PHI","PHI",10,TRUE,0,"0"
"2025_05_DEN_PHI","PHI",12,TRUE,0,"0"
"2025_05_DEN_PHI","PHI",13,TRUE,2,"2"
"2025_05_DEN_PHI","PHI",15,TRUE,1,"1"
"2025_05_DEN_PHI","PHI",17,TRUE,0,"0"
"2025_05_DEN_PHI","PHI",19,TRUE,0,"0"
"2025_05_DEN_PHI","PHI",21,TRUE,0,"0"
"2025_05_DEN_PHI","PHI",23,TRUE,2,"2"
"2025_05_DET_CIN","CIN",2,TRUE,2,"2"
"2025_05_DET_CIN","CIN",4,TRUE,0,"0"
"2025_05_DET_CIN","CIN",6,TRUE,0,"0"
"2025_05_DET_CIN","CIN",8,TRUE,2,"2"
"2025_05_DET_CIN","CIN",10,TRUE,1,"1"
"2025_05_DET_CIN","CIN",12,TRUE,3,"3"
"2025_05_DET_CIN","CIN",13,TRUE,0,"0"
"2025_05_DET_CIN","CIN",15,TRUE,0,"0"
"2025_05_DET_CIN","CIN",17,TRUE,6,"4+"
"2025_05_DET_CIN","CIN",19,TRUE,2,"2"
"2025_05_DET_CIN","CIN",21,TRUE,4,"4+"
"2025_05_DET_CIN","CIN",23,TRUE,0,"0"
"2025_05_DET_CIN","DET",1,TRUE,4,"4+"
"2025_05_DET_CIN","DET",3,TRUE,3,"3"
"2025_05_DET_CIN","DET",5,TRUE,2,"2"
"2025_05_DET_CIN","DET",7,TRUE,3,"3"
"2025_05_DET_CIN","DET",9,TRUE,1,"1"
"2025_05_DET_CIN","DET",11,TRUE,0,"0"
"2025_05_DET_CIN","DET",14,TRUE,2,"2"
"2025_05_DET_CIN","DET",16,TRUE,4,"4+"
"2025_05_DET_CIN","DET",18,TRUE,0,"0"
"2025_05_DET_CIN","DET",20,TRUE,4,"4+"
"2025_05_DET_CIN","DET",22,TRUE,0,"0"
"2025_05_DET_CIN","DET",24,TRUE,0,"0"
"2025_05_HOU_BAL","BAL",2,TRUE,3,"3"
"2025_05_HOU_BAL","BAL",4,TRUE,0,"0"
"2025_05_HOU_BAL","BAL",6,TRUE,0,"0"
"2025_05_HOU_BAL","BAL",8,TRUE,3,"3"
"2025_05_HOU_BAL","BAL",9,TRUE,1,"1"
"2025_05_HOU_BAL","BAL",11,TRUE,0,"0"
"2025_05_HOU_BAL","BAL",13,TRUE,3,"3"
"2025_05_HOU_BAL","BAL",15,TRUE,1,"1"
"2025_05_HOU_BAL","BAL",17,TRUE,0,"0"
"2025_05_HOU_BAL","BAL",19,TRUE,1,"1"
"2025_05_HOU_BAL","HOU",1,TRUE,4,"4+"
"2025_05_HOU_BAL","HOU",3,TRUE,3,"3"
"2025_05_HOU_BAL","HOU",5,TRUE,2,"2"
"2025_05_HOU_BAL","HOU",7,TRUE,6,"4+"
"2025_05_HOU_BAL","HOU",10,TRUE,2,"2"
"2025_05_HOU_BAL","HOU",12,TRUE,2,"2"
"2025_05_HOU_BAL","HOU",14,TRUE,3,"3"
"2025_05_HOU_BAL","HOU",16,TRUE,0,"0"
"2025_05_HOU_BAL","HOU",18,TRUE,1,"1"
"2025_05_HOU_BAL","HOU",20,TRUE,3,"3"
"2025_05_KC_JAX","JAX",1,TRUE,0,"0"
"2025_05_KC_JAX","JAX",3,TRUE,0,"0"
"2025_05_KC_JAX","JAX",5,TRUE,3,"3"
"2025_05_KC_JAX","JAX",7,TRUE,6,"4+"
"2025_05_KC_JAX","JAX",9,TRUE,1,"1"
"2025_05_KC_JAX","JAX",11,TRUE,5,"4+"
"2025_05_KC_JAX","JAX",14,TRUE,0,"0"
"2025_05_KC_JAX","JAX",16,TRUE,2,"2"
"2025_05_KC_JAX","JAX",18,TRUE,4,"4+"
"2025_05_KC_JAX","KC",2,TRUE,2,"2"
"2025_05_KC_JAX","KC",4,TRUE,4,"4+"
"2025_05_KC_JAX","KC",6,TRUE,4,"4+"
"2025_05_KC_JAX","KC",8,TRUE,0,"0"
"2025_05_KC_JAX","KC",10,TRUE,0,"0"
"2025_05_KC_JAX","KC",12,TRUE,5,"4+"
"2025_05_KC_JAX","KC",13,TRUE,2,"2"
"2025_05_KC_JAX","KC",15,TRUE,2,"2"
"2025_05_KC_JAX","KC",17,TRUE,6,"4+"
"2025_05_KC_JAX","KC",19,TRUE,1,"1"
"2025_05_LV_IND","IND",1,TRUE,0,"0"
"2025_05_LV_IND","IND",3,TRUE,6,"4+"
"2025_05_LV_IND","IND",5,TRUE,2,"2"
"2025_05_LV_IND","IND",7,TRUE,6,"4+"
"2025_05_LV_IND","IND",10,TRUE,5,"4+"
"2025_05_LV_IND","IND",12,TRUE,1,"1"
"2025_05_LV_IND","IND",14,TRUE,2,"2"
"2025_05_LV_IND","IND",16,TRUE,2,"2"
"2025_05_LV_IND","LV",2,TRUE,5,"4+"
"2025_05_LV_IND","LV",4,TRUE,1,"1"
"2025_05_LV_IND","LV",6,TRUE,3,"3"
"2025_05_LV_IND","LV",8,TRUE,2,"2"
"2025_05_LV_IND","LV",9,TRUE,1,"1"
"2025_05_LV_IND","LV",11,TRUE,0,"0"
"2025_05_LV_IND","LV",13,TRUE,0,"0"
"2025_05_LV_IND","LV",15,TRUE,3,"3"
"2025_05_LV_IND","LV",17,TRUE,5,"4+"
"2025_05_MIA_CAR","CAR",2,TRUE,2,"2"
"2025_05_MIA_CAR","CAR",4,TRUE,0,"0"
"2025_05_MIA_CAR","CAR",6,TRUE,5,"4+"
"2025_05_MIA_CAR","CAR",8,TRUE,4,"4+"
"2025_05_MIA_CAR","CAR",9,TRUE,1,"1"
"2025_05_MIA_CAR","CAR",11,TRUE,1,"1"
"2025_05_MIA_CAR","CAR",13,TRUE,1,"1"
"2025_05_MIA_CAR","CAR",15,TRUE,0,"0"
"2025_05_MIA_CAR","CAR",17,TRUE,5,"4+"
"2025_05_MIA_CAR","CAR",19,TRUE,5,"4+"
"2025_05_MIA_CAR","CAR",21,TRUE,1,"1"
"2025_05_MIA_CAR","MIA",1,TRUE,3,"3"
"2025_05_MIA_CAR","MIA",3,TRUE,5,"4+"
"2025_05_MIA_CAR","MIA",5,TRUE,3,"3"
"2025_05_MIA_CAR","MIA",7,TRUE,0,"0"
"2025_05_MIA_CAR","MIA",10,TRUE,0,"0"
"2025_05_MIA_CAR","MIA",12,TRUE,1,"1"
"2025_05_MIA_CAR","MIA",14,TRUE,0,"0"
"2025_05_MIA_CAR","MIA",16,TRUE,1,"1"
"2025_05_MIA_CAR","MIA",18,TRUE,2,"2"
"2025_05_MIA_CAR","MIA",20,TRUE,0,"0"
"2025_05_MIN_CLE","CLE",1,TRUE,0,"0"
"2025_05_MIN_CLE","CLE",3,TRUE,3,"3"
"2025_05_MIN_CLE","CLE",5,TRUE,1,"1"
"2025_05_MIN_CLE","CLE",7,TRUE,0,"0"
"2025_05_MIN_CLE","CLE",9,TRUE,1,"1"
"2025_05_MIN_CLE","CLE",11,TRUE,4,"4+"
"2025_05_MIN_CLE","CLE",14,TRUE,5,"4+"
"2025_05_MIN_CLE","CLE",16,TRUE,0,"0"
"2025_05_MIN_CLE","CLE",18,TRUE,0,"0"
"2025_05_MIN_CLE","CLE",20,TRUE,1,"1"
"2025_05_MIN_CLE","CLE",22,TRUE,0,"0"
"2025_05_MIN_CLE","CLE",24,TRUE,2,"2"
"2025_05_MIN_CLE","MIN",2,TRUE,2,"2"
"2025_05_MIN_CLE","MIN",4,TRUE,4,"4+"
"2025_05_MIN_CLE","MIN",6,TRUE,2,"2"
"2025_05_MIN_CLE","MIN",8,TRUE,0,"0"
"2025_05_MIN_CLE","MIN",10,TRUE,0,"0"
"2025_05_MIN_CLE","MIN",12,TRUE,0,"0"
"2025_05_MIN_CLE","MIN",13,TRUE,5,"4+"
"2025_05_MIN_CLE","MIN",15,TRUE,0,"0"
"2025_05_MIN_CLE","MIN",17,TRUE,0,"0"
"2025_05_MIN_CLE","MIN",19,TRUE,1,"1"
"2025_05_MIN_CLE","MIN",21,TRUE,1,"1"
"2025_05_MIN_CLE","MIN",23,TRUE,5,"4+"
"2025_05_NE_BUF","BUF",2,TRUE,2,"2"
"2025_05_NE_BUF","BUF",4,TRUE,1,"1"
"2025_05_NE_BUF","BUF",6,TRUE,0,"0"
"2025_05_NE_BUF","BUF",8,TRUE,3,"3"
"2025_05_NE_BUF","BUF",10,TRUE,1,"1"
"2025_05_NE_BUF","BUF",12,TRUE,5,"4+"
"2025_05_NE_BUF","BUF",14,TRUE,2,"2"
"2025_05_NE_BUF","BUF",16,TRUE,6,"4+"
"2025_05_NE_BUF","BUF",18,TRUE,3,"3"
"2025_05_NE_BUF","BUF",20,TRUE,1,"1"
"2025_05_NE_BUF","NE",1,TRUE,1,"1"
"2025_05_NE_BUF","NE",3,TRUE,0,"0"
"2025_05_NE_BUF","NE",5,TRUE,2,"2"
"2025_05_NE_BUF","NE",7,TRUE,0,"0"
"2025_05_NE_BUF","NE",9,TRUE,1,"1"
"2025_05_NE_BUF","NE",11,TRUE,5,"4+"
"2025_05_NE_BUF","NE",13,TRUE,5,"4+"
"2025_05_NE_BUF","NE",15,TRUE,5,"4+"
"2025_05_NE_BUF","NE",17,TRUE,0,"0"
"2025_05_NE_BUF","NE",19,TRUE,2,"2"
"2025_05_NYG_NO","NO",1,TRUE,0,"0"
"2025_05_NYG_NO","NO",3,TRUE,4,"4+"
"2025_05_NYG_NO","NO",5,TRUE,4,"4+"
"2025_05_NYG_NO","NO",7,TRUE,1,"1"
"2025_05_NYG_NO","NO",9,TRUE,3,"3"
"2025_05_NYG_NO","NO",11,TRUE,2,"2"
"2025_05_NYG_NO","NO",13,TRUE,2,"2"
"2025_05_NYG_NO","NO",16,TRUE,1,"1"
"2025_05_NYG_NO","NO",18,TRUE,1,"1"
"2025_05_NYG_NO","NO",20,TRUE,0,"0"
"2025_05_NYG_NO","NYG",2,TRUE,5,"4+"
"2025_05_NYG_NO","NYG",4,TRUE,4,"4+"
"2025_05_NYG_NO","NYG",6,TRUE,1,"1"
"2025_05_NYG_NO","NYG",8,TRUE,1,"1"
"2025_05_NYG_NO","NYG",10,TRUE,1,"1"
"2025_05_NYG_NO","NYG",12,TRUE,2,"2"
"2025_05_NYG_NO","NYG",14,TRUE,4,"4+"
"2025_05_NYG_NO","NYG",15,TRUE,1,"1"
"2025_05_NYG_NO","NYG",17,TRUE,1,"1"
"2025_05_NYG_NO","NYG",19,TRUE,3,"3"
"2025_05_SF_LA","LA",2,TRUE,1,"1"
"2025_05_SF_LA","LA",4,TRUE,3,"3"
"2025_05_SF_LA","LA",6,TRUE,5,"4+"
"2025_05_SF_LA","LA",8,TRUE,1,"1"
"2025_05_SF_LA","LA",10,TRUE,4,"4+"
"2025_05_SF_LA","LA",12,TRUE,6,"4+"
"2025_05_SF_LA","LA",14,TRUE,0,"0"
"2025_05_SF_LA","LA",16,TRUE,5,"4+"
"2025_05_SF_LA","LA",18,TRUE,1,"1"
"2025_05_SF_LA","LA",21,TRUE,1,"1"
"2025_05_SF_LA","SF",1,TRUE,5,"4+"
"2025_05_SF_LA","SF",3,TRUE,6,"4+"
"2025_05_SF_LA","SF",5,TRUE,1,"1"
"2025_05_SF_LA","SF",7,TRUE,3,"3"
"2025_05_SF_LA","SF",9,TRUE,4,"4+"
"2025_05_SF_LA","SF",11,TRUE,1,"1"
"2025_05_SF_LA","SF",13,TRUE,0,"0"
"2025_05_SF_LA","SF",15,TRUE,3,"3"
"2025_05_SF_LA","SF",17,TRUE,0,"0"
"2025_05_SF_LA","SF",20,TRUE,3,"3"
"2025_05_TB_SEA","SEA",2,TRUE,2,"2"
"2025_05_TB_SEA","SEA",4,TRUE,2,"2"
"2025_05_TB_SEA","SEA",6,TRUE,2,"2"
"2025_05_TB_SEA","SEA",8,TRUE,5,"4+"
"2025_05_TB_SEA","SEA",10,TRUE,3,"3"
"2025_05_TB_SEA","SEA",12,TRUE,3,"3"
"2025_05_TB_SEA","SEA",14,TRUE,5,"4+"
"2025_05_TB_SEA","SEA",16,TRUE,4,"4+"
"2025_05_TB_SEA","SEA",18,TRUE,0,"0"
"2025_05_TB_SEA","TB",1,TRUE,4,"4+"
"2025_05_TB_SEA","TB",3,TRUE,3,"3"
"2025_05_TB_SEA","TB",5,TRUE,0,"0"
"2025_05_TB_SEA","TB",7,TRUE,4,"4+"
"2025_05_TB_SEA","TB",11,TRUE,4,"4+"
"2025_05_TB_SEA","TB",13,TRUE,4,"4+"
"2025_05_TB_SEA","TB",15,TRUE,2,"2"
"2025_05_TB_SEA","TB",17,TRUE,3,"3"
"2025_05_TB_SEA","TB",19,TRUE,1,"1"
"2025_05_TEN_ARI","ARI",1,TRUE,4,"4+"
"2025_05_TEN_ARI","ARI",3,TRUE,3,"3"
"2025_05_TEN_ARI","ARI",5,TRUE,0,"0"
"2025_05_TEN_ARI","ARI",7,TRUE,3,"3"
"2025_05_TEN_ARI","ARI",9,TRUE,1,"1"
"2025_05_TEN_ARI","ARI",11,TRUE,0,"0"
"2025_05_TEN_ARI","ARI",13,TRUE,0,"0"
"2025_05_TEN_ARI","ARI",16,TRUE,3,"3"
"2025_05_TEN_ARI","ARI",18,TRUE,0,"0"
"2025_05_TEN_ARI","ARI",20,TRUE,1,"1"
"2025_05_TEN_ARI","ARI",22,TRUE,0,"0"
"2025_05_TEN_ARI","ARI",24,TRUE,1,"1"
"2025_05_TEN_ARI","TEN",2,TRUE,3,"3"
"2025_05_TEN_ARI","TEN",4,TRUE,1,"1"
"2025_05_TEN_ARI","TEN",6,TRUE,0,"0"
"2025_05_TEN_ARI","TEN",8,TRUE,0,"0"
"2025_05_TEN_ARI","TEN",10,TRUE,2,"2"
"2025_05_TEN_ARI","TEN",12,TRUE,1,"1"
"2025_05_TEN_ARI","TEN",14,TRUE,0,"0"
"2025_05_TEN_ARI","TEN",15,TRUE,0,"0"
"2025_05_TEN_ARI","TEN",17,TRUE,0,"0"
"2025_05_TEN_ARI","TEN",19,TRUE,0,"0"
"2025_05_TEN_ARI","TEN",21,TRUE,5,"4+"
"2025_05_TEN_ARI","TEN",23,TRUE,4,"4+"
"2025_05_TEN_ARI","TEN",25,TRUE,4,"4+"
"2025_05_WAS_LAC","LAC",1,TRUE,4,"4+"
"2025_05_WAS_LAC","LAC",3,TRUE,2,"2"
"2025_05_WAS_LAC","LAC",5,TRUE,3,"3"
"2025_05_WAS_LAC","LAC",7,TRUE,1,"1"
"2025_05_WAS_LAC","LAC",9,TRUE,0,"0"
"2025_05_WAS_LAC","LAC",11,TRUE,0,"0"
"2025_05_WAS_LAC","LAC",13,TRUE,2,"2"
"2025_05_WAS_LAC","LAC",15,TRUE,4,"4+"
"2025_05_WAS_LAC","LAC",17,TRUE,2,"2"
"2025_05_WAS_LAC","WAS",2,TRUE,0,"0"
"2025_05_WAS_LAC","WAS",4,TRUE,1,"1"
"2025_05_WAS_LAC","WAS",6,TRUE,4,"4+"
"2025_05_WAS_LAC","WAS",8,TRUE,3,"3"
"2025_05_WAS_LAC","WAS",10,TRUE,5,"4+"
"2025_05_WAS_LAC","WAS",12,TRUE,2,"2"
"2025_05_WAS_LAC","WAS",14,TRUE,1,"1"
"2025_05_WAS_LAC","WAS",16,TRUE,6,"4+"
"2025_06_ARI_IND","ARI",2,TRUE,0,"0"
"2025_06_ARI_IND","ARI",4,TRUE,4,"4+"
"2025_06_ARI_IND","ARI",6,TRUE,0,"0"
"2025_06_ARI_IND","ARI",8,TRUE,1,"1"
"2025_06_ARI_IND","ARI",10,TRUE,3,"3"
"2025_06_ARI_IND","ARI",12,TRUE,2,"2"
"2025_06_ARI_IND","ARI",13,TRUE,5,"4+"
"2025_06_ARI_IND","ARI",15,TRUE,4,"4+"
"2025_06_ARI_IND","ARI",17,TRUE,2,"2"
"2025_06_ARI_IND","ARI",19,TRUE,4,"4+"
"2025_06_ARI_IND","IND",1,TRUE,5,"4+"
"2025_06_ARI_IND","IND",3,TRUE,0,"0"
"2025_06_ARI_IND","IND",5,TRUE,0,"0"
"2025_06_ARI_IND","IND",7,TRUE,0,"0"
"2025_06_ARI_IND","IND",9,TRUE,6,"4+"
"2025_06_ARI_IND","IND",11,TRUE,1,"1"
"2025_06_ARI_IND","IND",14,TRUE,3,"3"
"2025_06_ARI_IND","IND",16,TRUE,4,"4+"
"2025_06_ARI_IND","IND",18,TRUE,5,"4+"
"2025_06_ARI_IND","IND",20,TRUE,1,"1"
"2025_06_BUF_ATL","ATL",1,TRUE,3,"3"
"2025_06_BUF_ATL","ATL",3,TRUE,0,"0"
"2025_06_BUF_ATL","ATL",5,TRUE,4,"4+"
"2025_06_BUF_ATL","ATL",7,TRUE,1,"1"
"2025_06_BUF_ATL","ATL",9,TRUE,3,"3"
"2025_06_BUF_ATL","ATL",11,TRUE,1,"1"
"2025_06_BUF_ATL","ATL",13,TRUE,1,"1"
"2025_06_BUF_ATL","ATL",15,TRUE,1,"1"
"2025_06_BUF_ATL","ATL",17,TRUE,3,"3"
"2025_06_BUF_ATL","ATL",19,TRUE,0,"0"
"2025_06_BUF_ATL","ATL",21,TRUE,5,"4+"
"2025_06_BUF_ATL","ATL",23,TRUE,0,"0"
"2025_06_BUF_ATL","BUF",2,TRUE,3,"3"
"2025_06_BUF_ATL","BUF",4,TRUE,0,"0"
"2025_06_BUF_ATL","BUF",6,TRUE,2,"2"
"2025_06_BUF_ATL","BUF",8,TRUE,1,"1"
"2025_06_BUF_ATL","BUF",10,TRUE,0,"0"
"2025_06_BUF_ATL","BUF",12,TRUE,0,"0"
"2025_06_BUF_ATL","BUF",14,TRUE,5,"4+"
"2025_06_BUF_ATL","BUF",16,TRUE,3,"3"
"2025_06_BUF_ATL","BUF",18,TRUE,0,"0"
"2025_06_BUF_ATL","BUF",20,TRUE,0,"0"
"2025_06_BUF_ATL","BUF",22,TRUE,3,"3"
"2025_06_CHI_WAS","CHI",1,TRUE,3,"3"
"2025_06_CHI_WAS","CHI",3,TRUE,2,"2"
"2025_06_CHI_WAS","CHI",5,TRUE,3,"3"
"2025_06_CHI_WAS","CHI",7,TRUE,2,"2"
"2025_06_CHI_WAS","CHI",9,TRUE,0,"0"
"2025_06_CHI_WAS","CHI",12,TRUE,3,"3"
"2025_06_CHI_WAS","CHI",14,TRUE,2,"2"
"2025_06_CHI_WAS","CHI",16,TRUE,1,"1"
"2025_06_CHI_WAS","CHI",18,TRUE,0,"0"
"2025_06_CHI_WAS","CHI",20,TRUE,3,"3"
"2025_06_CHI_WAS","WAS",2,TRUE,3,"3"
"2025_06_CHI_WAS","WAS",4,TRUE,1,"1"
"2025_06_CHI_WAS","WAS",6,TRUE,4,"4+"
"2025_06_CHI_WAS","WAS",8,TRUE,3,"3"
"2025_06_CHI_WAS","WAS",10,TRUE,0,"0"
"2025_06_CHI_WAS","WAS",11,TRUE,2,"2"
"2025_06_CHI_WAS","WAS",13,TRUE,4,"4+"
"2025_06_CHI_WAS","WAS",15,TRUE,3,"3"
"2025_06_CHI_WAS","WAS",17,TRUE,1,"1"
"2025_06_CHI_WAS","WAS",19,TRUE,1,"1"
"2025_06_CIN_GB","CIN",2,TRUE,0,"0"
"2025_06_CIN_GB","CIN",4,TRUE,1,"1"
"2025_06_CIN_GB","CIN",6,TRUE,0,"0"
"2025_06_CIN_GB","CIN",8,TRUE,0,"0"
"2025_06_CIN_GB","CIN",10,TRUE,3,"3"
"2025_06_CIN_GB","CIN",11,TRUE,8,"4+"
"2025_06_CIN_GB","CIN",13,TRUE,3,"3"
"2025_06_CIN_GB","CIN",15,TRUE,4,"4+"
"2025_06_CIN_GB","CIN",17,TRUE,1,"1"
"2025_06_CIN_GB","GB",1,TRUE,3,"3"
"2025_06_CIN_GB","GB",3,TRUE,4,"4+"
"2025_06_CIN_GB","GB",5,TRUE,0,"0"
"2025_06_CIN_GB","GB",7,TRUE,5,"4+"
"2025_06_CIN_GB","GB",9,TRUE,2,"2"
"2025_06_CIN_GB","GB",12,TRUE,5,"4+"
"2025_06_CIN_GB","GB",14,TRUE,4,"4+"
"2025_06_CIN_GB","GB",16,TRUE,1,"1"
"2025_06_CIN_GB","GB",18,TRUE,0,"0"
"2025_06_CLE_PIT","CLE",2,TRUE,1,"1"
"2025_06_CLE_PIT","CLE",4,TRUE,2,"2"
"2025_06_CLE_PIT","CLE",6,TRUE,0,"0"
"2025_06_CLE_PIT","CLE",8,TRUE,7,"4+"
"2025_06_CLE_PIT","CLE",9,TRUE,0,"0"
"2025_06_CLE_PIT","CLE",11,TRUE,2,"2"
"2025_06_CLE_PIT","CLE",13,TRUE,5,"4+"
"2025_06_CLE_PIT","CLE",15,TRUE,1,"1"
"2025_06_CLE_PIT","CLE",17,TRUE,2,"2"
"2025_06_CLE_PIT","PIT",1,TRUE,2,"2"
"2025_06_CLE_PIT","PIT",3,TRUE,1,"1"
"2025_06_CLE_PIT","PIT",5,TRUE,3,"3"
"2025_06_CLE_PIT","PIT",7,TRUE,3,"3"
"2025_06_CLE_PIT","PIT",10,TRUE,6,"4+"
"2025_06_CLE_PIT","PIT",12,TRUE,4,"4+"
"2025_06_CLE_PIT","PIT",14,TRUE,0,"0"
"2025_06_CLE_PIT","PIT",16,TRUE,0,"0"
"2025_06_CLE_PIT","PIT",18,TRUE,0,"0"
"2025_06_DAL_CAR","CAR",2,TRUE,3,"3"
"2025_06_DAL_CAR","CAR",4,TRUE,2,"2"
"2025_06_DAL_CAR","CAR",6,TRUE,4,"4+"
"2025_06_DAL_CAR","CAR",8,TRUE,3,"3"
"2025_06_DAL_CAR","CAR",10,TRUE,3,"3"
"2025_06_DAL_CAR","CAR",12,TRUE,2,"2"
"2025_06_DAL_CAR","CAR",14,TRUE,5,"4+"
"2025_06_DAL_CAR","CAR",16,TRUE,0,"0"
"2025_06_DAL_CAR","CAR",18,TRUE,5,"4+"
"2025_06_DAL_CAR","DAL",1,TRUE,0,"0"
"2025_06_DAL_CAR","DAL",3,TRUE,3,"3"
"2025_06_DAL_CAR","DAL",5,TRUE,1,"1"
"2025_06_DAL_CAR","DAL",7,TRUE,5,"4+"
"2025_06_DAL_CAR","DAL",9,TRUE,0,"0"
"2025_06_DAL_CAR","DAL",11,TRUE,1,"1"
"2025_06_DAL_CAR","DAL",13,TRUE,3,"3"
"2025_06_DAL_CAR","DAL",15,TRUE,2,"2"
"2025_06_DAL_CAR","DAL",17,TRUE,0,"0"
"2025_06_DEN_NYJ","DEN",1,TRUE,0,"0"
"2025_06_DEN_NYJ","DEN",3,TRUE,1,"1"
"2025_06_DEN_NYJ","DEN",5,TRUE,4,"4+"
"2025_06_DEN_NYJ","DEN",7,TRUE,2,"2"
"2025_06_DEN_NYJ","DEN",9,TRUE,1,"1"
"2025_06_DEN_NYJ","DEN",12,TRUE,0,"0"
"2025_06_DEN_NYJ","DEN",14,TRUE,0,"0"
"2025_06_DEN_NYJ","DEN",16,TRUE,0,"0"
"2025_06_DEN_NYJ","DEN",18,TRUE,0,"0"
"2025_06_DEN_NYJ","DEN",20,TRUE,4,"4+"
"2025_06_DEN_NYJ","DEN",22,TRUE,0,"0"
"2025_06_DEN_NYJ","DEN",24,TRUE,0,"0"
"2025_06_DEN_NYJ","NYJ",2,TRUE,0,"0"
"2025_06_DEN_NYJ","NYJ",4,TRUE,0,"0"
"2025_06_DEN_NYJ","NYJ",6,TRUE,0,"0"
"2025_06_DEN_NYJ","NYJ",8,TRUE,0,"0"
"2025_06_DEN_NYJ","NYJ",10,TRUE,2,"2"
"2025_06_DEN_NYJ","NYJ",11,TRUE,3,"3"
"2025_06_DEN_NYJ","NYJ",13,TRUE,1,"1"
"2025_06_DEN_NYJ","NYJ",15,TRUE,0,"0"
"2025_06_DEN_NYJ","NYJ",17,TRUE,0,"0"
"2025_06_DEN_NYJ","NYJ",19,TRUE,1,"1"
"2025_06_DEN_NYJ","NYJ",21,TRUE,0,"0"
"2025_06_DEN_NYJ","NYJ",23,TRUE,1,"1"
"2025_06_DET_KC","DET",1,TRUE,5,"4+"
"2025_06_DET_KC","DET",3,TRUE,3,"3"
"2025_06_DET_KC","DET",5,TRUE,2,"2"
"2025_06_DET_KC","DET",7,TRUE,0,"0"
"2025_06_DET_KC","DET",10,TRUE,2,"2"
"2025_06_DET_KC","DET",12,TRUE,6,"4+"
"2025_06_DET_KC","DET",14,TRUE,0,"0"
"2025_06_DET_KC","DET",16,TRUE,0,"0"
"2025_06_DET_KC","KC",2,TRUE,4,"4+"
"2025_06_DET_KC","KC",4,TRUE,3,"3"
"2025_06_DET_KC","KC",6,TRUE,5,"4+"
"2025_06_DET_KC","KC",8,TRUE,0,"0"
"2025_06_DET_KC","KC",9,TRUE,6,"4+"
"2025_06_DET_KC","KC",11,TRUE,1,"1"
"2025_06_DET_KC","KC",13,TRUE,5,"4+"
"2025_06_DET_KC","KC",15,TRUE,2,"2"
"2025_06_DET_KC","KC",17,TRUE,0,"0"
"2025_06_LAC_MIA","LAC",2,TRUE,2,"2"
"2025_06_LAC_MIA","LAC",4,TRUE,1,"1"
"2025_06_LAC_MIA","LAC",6,TRUE,1,"1"
"2025_06_LAC_MIA","LAC",8,TRUE,2,"2"
"2025_06_LAC_MIA","LAC",10,TRUE,1,"1"
"2025_06_LAC_MIA","LAC",12,TRUE,6,"4+"
"2025_06_LAC_MIA","LAC",14,TRUE,2,"2"
"2025_06_LAC_MIA","LAC",16,TRUE,3,"3"
"2025_06_LAC_MIA","LAC",18,TRUE,1,"1"
"2025_06_LAC_MIA","LAC",20,TRUE,1,"1"
"2025_06_LAC_MIA","MIA",1,TRUE,0,"0"
"2025_06_LAC_MIA","MIA",3,TRUE,0,"0"
"2025_06_LAC_MIA","MIA",5,TRUE,1,"1"
"2025_06_LAC_MIA","MIA",7,TRUE,2,"2"
"2025_06_LAC_MIA","MIA",9,TRUE,2,"2"
"2025_06_LAC_MIA","MIA",11,TRUE,2,"2"
"2025_06_LAC_MIA","MIA",13,TRUE,0,"0"
"2025_06_LAC_MIA","MIA",15,TRUE,0,"0"
"2025_06_LAC_MIA","MIA",17,TRUE,5,"4+"
"2025_06_LAC_MIA","MIA",19,TRUE,6,"4+"
"2025_06_LAC_MIA","MIA",21,TRUE,0,"0"
"2025_06_LA_BAL","BAL",1,TRUE,5,"4+"
"2025_06_LA_BAL","BAL",3,TRUE,0,"0"
"2025_06_LA_BAL","BAL",5,TRUE,0,"0"
"2025_06_LA_BAL","BAL",7,TRUE,2,"2"
"2025_06_LA_BAL","BAL",9,TRUE,2,"2"
"2025_06_LA_BAL","BAL",12,TRUE,0,"0"
"2025_06_LA_BAL","BAL",14,TRUE,4,"4+"
"2025_06_LA_BAL","BAL",16,TRUE,5,"4+"
"2025_06_LA_BAL","BAL",18,TRUE,1,"1"
"2025_06_LA_BAL","LA",2,TRUE,3,"3"
"2025_06_LA_BAL","LA",4,TRUE,0,"0"
"2025_06_LA_BAL","LA",6,TRUE,3,"3"
"2025_06_LA_BAL","LA",8,TRUE,0,"0"
"2025_06_LA_BAL","LA",10,TRUE,0,"0"
"2025_06_LA_BAL","LA",11,TRUE,4,"4+"
"2025_06_LA_BAL","LA",13,TRUE,2,"2"
"2025_06_LA_BAL","LA",15,TRUE,2,"2"
"2025_06_LA_BAL","LA",17,TRUE,1,"1"
"2025_06_LA_BAL","LA",19,TRUE,0,"0"
"2025_06_NE_NO","NE",2,TRUE,2,"2"
"2025_06_NE_NO","NE",4,TRUE,4,"4+"
"2025_06_NE_NO","NE",6,TRUE,2,"2"
"2025_06_NE_NO","NE",8,TRUE,4,"4+"
"2025_06_NE_NO","NE",10,TRUE,3,"3"
"2025_06_NE_NO","NE",12,TRUE,0,"0"
"2025_06_NE_NO","NE",14,TRUE,1,"1"
"2025_06_NE_NO","NE",16,TRUE,1,"1"
"2025_06_NE_NO","NE",18,TRUE,2,"2"
"2025_06_NE_NO","NO",1,TRUE,1,"1"
"2025_06_NE_NO","NO",3,TRUE,4,"4+"
"2025_06_NE_NO","NO",5,TRUE,5,"4+"
"2025_06_NE_NO","NO",7,TRUE,2,"2"
"2025_06_NE_NO","NO",9,TRUE,0,"0"
"2025_06_NE_NO","NO",11,TRUE,1,"1"
"2025_06_NE_NO","NO",13,TRUE,2,"2"
"2025_06_NE_NO","NO",15,TRUE,1,"1"
"2025_06_NE_NO","NO",17,TRUE,1,"1"
"2025_06_PHI_NYG","NYG",2,TRUE,2,"2"
"2025_06_PHI_NYG","NYG",4,TRUE,2,"2"
"2025_06_PHI_NYG","NYG",6,TRUE,0,"0"
"2025_06_PHI_NYG","NYG",8,TRUE,6,"4+"
"2025_06_PHI_NYG","NYG",10,TRUE,0,"0"
"2025_06_PHI_NYG","NYG",12,TRUE,5,"4+"
"2025_06_PHI_NYG","NYG",14,TRUE,2,"2"
"2025_06_PHI_NYG","NYG",16,TRUE,0,"0"
"2025_06_PHI_NYG","NYG",18,TRUE,2,"2"
"2025_06_PHI_NYG","NYG",20,TRUE,5,"4+"
"2025_06_PHI_NYG","PHI",1,TRUE,2,"2"
"2025_06_PHI_NYG","PHI",3,TRUE,0,"0"
"2025_06_PHI_NYG","PHI",5,TRUE,4,"4+"
"2025_06_PHI_NYG","PHI",7,TRUE,6,"4+"
"2025_06_PHI_NYG","PHI",9,TRUE,2,"2"
"2025_06_PHI_NYG","PHI",11,TRUE,0,"0"
"2025_06_PHI_NYG","PHI",13,TRUE,1,"1"
"2025_06_PHI_NYG","PHI",15,TRUE,0,"0"
"2025_06_PHI_NYG","PHI",17,TRUE,3,"3"
"2025_06_PHI_NYG","PHI",19,TRUE,2,"2"
"2025_06_SEA_JAX","JAX",1,TRUE,0,"0"
"2025_06_SEA_JAX","JAX",3,TRUE,2,"2"
"2025_06_SEA_JAX","JAX",5,TRUE,4,"4+"
"2025_06_SEA_JAX","JAX",7,TRUE,0,"0"
"2025_06_SEA_JAX","JAX",9,TRUE,1,"1"
"2025_06_SEA_JAX","JAX",11,TRUE,2,"2"
"2025_06_SEA_JAX","JAX",13,TRUE,0,"0"
"2025_06_SEA_JAX","JAX",15,TRUE,1,"1"
"2025_06_SEA_JAX","JAX",17,TRUE,5,"4+"
"2025_06_SEA_JAX","JAX",19,TRUE,0,"0"
"2025_06_SEA_JAX","JAX",21,TRUE,1,"1"
"2025_06_SEA_JAX","JAX",23,TRUE,0,"0"
"2025_06_SEA_JAX","SEA",2,TRUE,0,"0"
"2025_06_SEA_JAX","SEA",4,TRUE,0,"0"
"2025_06_SEA_JAX","SEA",6,TRUE,3,"3"
"2025_06_SEA_JAX","SEA",8,TRUE,1,"1"
"2025_06_SEA_JAX","SEA",10,TRUE,0,"0"
"2025_06_SEA_JAX","SEA",12,TRUE,1,"1"
"2025_06_SEA_JAX","SEA",14,TRUE,4,"4+"
"2025_06_SEA_JAX","SEA",16,TRUE,1,"1"
"2025_06_SEA_JAX","SEA",18,TRUE,0,"0"
"2025_06_SEA_JAX","SEA",20,TRUE,0,"0"
"2025_06_SEA_JAX","SEA",22,TRUE,1,"1"
"2025_06_SEA_JAX","SEA",24,TRUE,2,"2"
"2025_06_SF_TB","SF",2,TRUE,0,"0"
"2025_06_SF_TB","SF",4,TRUE,1,"1"
"2025_06_SF_TB","SF",6,TRUE,1,"1"
"2025_06_SF_TB","SF",8,TRUE,4,"4+"
"2025_06_SF_TB","SF",10,TRUE,1,"1"
"2025_06_SF_TB","SF",12,TRUE,2,"2"
"2025_06_SF_TB","SF",14,TRUE,4,"4+"
"2025_06_SF_TB","SF",16,TRUE,2,"2"
"2025_06_SF_TB","SF",18,TRUE,2,"2"
"2025_06_SF_TB","SF",20,TRUE,0,"0"
"2025_06_SF_TB","TB",1,TRUE,1,"1"
"2025_06_SF_TB","TB",3,TRUE,2,"2"
"2025_06_SF_TB","TB",5,TRUE,1,"1"
"2025_06_SF_TB","TB",7,TRUE,1,"1"
"2025_06_SF_TB","TB",9,TRUE,4,"4+"
"2025_06_SF_TB","TB",11,TRUE,3,"3"
"2025_06_SF_TB","TB",15,TRUE,3,"3"
"2025_06_SF_TB","TB",17,TRUE,2,"2"
"2025_06_SF_TB","TB",19,TRUE,2,"2"
"2025_06_SF_TB","TB",21,TRUE,0,"0"
"2025_06_TEN_LV","LV",2,TRUE,4,"4+"
"2025_06_TEN_LV","LV",4,TRUE,0,"0"
"2025_06_TEN_LV","LV",6,TRUE,1,"1"
"2025_06_TEN_LV","LV",8,TRUE,1,"1"
"2025_06_TEN_LV","LV",10,TRUE,0,"0"
"2025_06_TEN_LV","LV",12,TRUE,0,"0"
"2025_06_TEN_LV","LV",13,TRUE,6,"4+"
"2025_06_TEN_LV","LV",15,TRUE,2,"2"
"2025_06_TEN_LV","LV",17,TRUE,2,"2"
"2025_06_TEN_LV","LV",19,TRUE,0,"0"
"2025_06_TEN_LV","LV",21,TRUE,0,"0"
"2025_06_TEN_LV","TEN",1,TRUE,0,"0"
"2025_06_TEN_LV","TEN",3,TRUE,1,"1"
"2025_06_TEN_LV","TEN",5,TRUE,1,"1"
"2025_06_TEN_LV","TEN",7,TRUE,0,"0"
"2025_06_TEN_LV","TEN",9,TRUE,0,"0"
"2025_06_TEN_LV","TEN",11,TRUE,3,"3"
"2025_06_TEN_LV","TEN",14,TRUE,3,"3"
"2025_06_TEN_LV","TEN",16,TRUE,0,"0"
"2025_06_TEN_LV","TEN",18,TRUE,5,"4+"
"2025_06_TEN_LV","TEN",20,TRUE,2,"2"
"2025_07_ATL_SF","ATL",1,TRUE,0,"0"
"2025_07_ATL_SF","ATL",3,TRUE,6,"4+"
"2025_07_ATL_SF","ATL",5,TRUE,1,"1"
"2025_07_ATL_SF","ATL",7,TRUE,1,"1"
"2025_07_ATL_SF","ATL",9,TRUE,2,"2"
"2025_07_ATL_SF","ATL",11,TRUE,3,"3"
"2025_07_ATL_SF","ATL",13,TRUE,2,"2"
"2025_07_ATL_SF","ATL",15,TRUE,2,"2"
"2025_07_ATL_SF","ATL",17,TRUE,2,"2"
"2025_07_ATL_SF","SF",2,TRUE,3,"3"
"2025_07_ATL_SF","SF",4,TRUE,2,"2"
"2025_07_ATL_SF","SF",6,TRUE,6,"4+"
"2025_07_ATL_SF","SF",8,TRUE,0,"0"
"2025_07_ATL_SF","SF",10,TRUE,3,"3"
"2025_07_ATL_SF","SF",12,TRUE,0,"0"
"2025_07_ATL_SF","SF",14,TRUE,2,"2"
"2025_07_ATL_SF","SF",16,TRUE,6,"4+"
"2025_07_ATL_SF","SF",18,TRUE,1,"1"
"2025_07_CAR_NYJ","CAR",2,TRUE,4,"4+"
"2025_07_CAR_NYJ","CAR",4,TRUE,2,"2"
"2025_07_CAR_NYJ","CAR",6,TRUE,1,"1"
"2025_07_CAR_NYJ","CAR",8,TRUE,0,"0"
"2025_07_CAR_NYJ","CAR",10,TRUE,3,"3"
"2025_07_CAR_NYJ","CAR",12,TRUE,2,"2"
"2025_07_CAR_NYJ","CAR",14,TRUE,1,"1"
"2025_07_CAR_NYJ","CAR",16,TRUE,3,"3"
"2025_07_CAR_NYJ","CAR",18,TRUE,0,"0"
"2025_07_CAR_NYJ","CAR",20,TRUE,0,"0"
"2025_07_CAR_NYJ","CAR",22,TRUE,1,"1"
"2025_07_CAR_NYJ","NYJ",1,TRUE,1,"1"
"2025_07_CAR_NYJ","NYJ",3,TRUE,1,"1"
"2025_07_CAR_NYJ","NYJ",5,TRUE,1,"1"
"2025_07_CAR_NYJ","NYJ",7,TRUE,0,"0"
"2025_07_CAR_NYJ","NYJ",9,TRUE,0,"0"
"2025_07_CAR_NYJ","NYJ",11,TRUE,2,"2"
"2025_07_CAR_NYJ","NYJ",13,TRUE,1,"1"
"2025_07_CAR_NYJ","NYJ",15,TRUE,3,"3"
"2025_07_CAR_NYJ","NYJ",17,TRUE,2,"2"
"2025_07_CAR_NYJ","NYJ",19,TRUE,0,"0"
"2025_07_CAR_NYJ","NYJ",21,TRUE,0,"0"
"2025_07_GB_ARI","ARI",1,TRUE,4,"4+"
"2025_07_GB_ARI","ARI",3,TRUE,1,"1"
"2025_07_GB_ARI","ARI",5,TRUE,3,"3"
"2025_07_GB_ARI","ARI",7,TRUE,3,"3"
"2025_07_GB_ARI","ARI",10,TRUE,1,"1"
"2025_07_GB_ARI","ARI",12,TRUE,4,"4+"
"2025_07_GB_ARI","ARI",14,TRUE,3,"3"
"2025_07_GB_ARI","ARI",16,TRUE,1,"1"
"2025_07_GB_ARI","ARI",18,TRUE,3,"3"
"2025_07_GB_ARI","GB",2,TRUE,2,"2"
"2025_07_GB_ARI","GB",4,TRUE,4,"4+"
"2025_07_GB_ARI","GB",6,TRUE,0,"0"
"2025_07_GB_ARI","GB",8,TRUE,1,"1"
"2025_07_GB_ARI","GB",9,TRUE,0,"0"
"2025_07_GB_ARI","GB",11,TRUE,3,"3"
"2025_07_GB_ARI","GB",13,TRUE,5,"4+"
"2025_07_GB_ARI","GB",15,TRUE,0,"0"
"2025_07_GB_ARI","GB",17,TRUE,4,"4+"
"2025_07_GB_ARI","GB",19,TRUE,0,"0"
"2025_07_HOU_SEA","HOU",2,TRUE,1,"1"
"2025_07_HOU_SEA","HOU",4,TRUE,0,"0"
"2025_07_HOU_SEA","HOU",6,TRUE,1,"1"
"2025_07_HOU_SEA","HOU",8,TRUE,0,"0"
"2025_07_HOU_SEA","HOU",10,TRUE,5,"4+"
"2025_07_HOU_SEA","HOU",12,TRUE,1,"1"
"2025_07_HOU_SEA","HOU",13,TRUE,0,"0"
"2025_07_HOU_SEA","HOU",15,TRUE,2,"2"
"2025_07_HOU_SEA","HOU",18,TRUE,0,"0"
"2025_07_HOU_SEA","HOU",20,TRUE,0,"0"
"2025_07_HOU_SEA","HOU",22,TRUE,0,"0"
"2025_07_HOU_SEA","HOU",24,TRUE,1,"1"
"2025_07_HOU_SEA","HOU",26,TRUE,3,"3"
"2025_07_HOU_SEA","HOU",28,TRUE,4,"4+"
"2025_07_HOU_SEA","SEA",1,TRUE,0,"0"
"2025_07_HOU_SEA","SEA",3,TRUE,3,"3"
"2025_07_HOU_SEA","SEA",5,TRUE,5,"4+"
"2025_07_HOU_SEA","SEA",7,TRUE,0,"0"
"2025_07_HOU_SEA","SEA",9,TRUE,2,"2"
"2025_07_HOU_SEA","SEA",11,TRUE,2,"2"
"2025_07_HOU_SEA","SEA",14,TRUE,1,"1"
"2025_07_HOU_SEA","SEA",16,TRUE,0,"0"
"2025_07_HOU_SEA","SEA",17,TRUE,1,"1"
"2025_07_HOU_SEA","SEA",19,TRUE,3,"3"
"2025_07_HOU_SEA","SEA",21,TRUE,0,"0"
"2025_07_HOU_SEA","SEA",23,TRUE,1,"1"
"2025_07_HOU_SEA","SEA",25,TRUE,0,"0"
"2025_07_HOU_SEA","SEA",27,TRUE,0,"0"
"2025_07_HOU_SEA","SEA",29,TRUE,1,"1"
"2025_07_IND_LAC","IND",1,TRUE,4,"4+"
"2025_07_IND_LAC","IND",3,TRUE,5,"4+"
"2025_07_IND_LAC","IND",5,TRUE,4,"4+"
"2025_07_IND_LAC","IND",7,TRUE,0,"0"
"2025_07_IND_LAC","IND",9,TRUE,4,"4+"
"2025_07_IND_LAC","IND",11,TRUE,1,"1"
"2025_07_IND_LAC","IND",13,TRUE,4,"4+"
"2025_07_IND_LAC","IND",15,TRUE,0,"0"
"2025_07_IND_LAC","IND",17,TRUE,2,"2"
"2025_07_IND_LAC","LAC",2,TRUE,2,"2"
"2025_07_IND_LAC","LAC",4,TRUE,1,"1"
"2025_07_IND_LAC","LAC",6,TRUE,1,"1"
"2025_07_IND_LAC","LAC",8,TRUE,3,"3"
"2025_07_IND_LAC","LAC",10,TRUE,2,"2"
"2025_07_IND_LAC","LAC",12,TRUE,5,"4+"
"2025_07_IND_LAC","LAC",14,TRUE,5,"4+"
"2025_07_IND_LAC","LAC",16,TRUE,5,"4+"
"2025_07_LA_JAX","JAX",1,TRUE,0,"0"
"2025_07_LA_JAX","JAX",3,TRUE,0,"0"
"2025_07_LA_JAX","JAX",5,TRUE,2,"2"
"2025_07_LA_JAX","JAX",7,TRUE,1,"1"
"2025_07_LA_JAX","JAX",9,TRUE,3,"3"
"2025_07_LA_JAX","JAX",12,TRUE,5,"4+"
"2025_07_LA_JAX","JAX",14,TRUE,2,"2"
"2025_07_LA_JAX","JAX",16,TRUE,1,"1"
"2025_07_LA_JAX","JAX",18,TRUE,0,"0"
"2025_07_LA_JAX","JAX",20,TRUE,3,"3"
"2025_07_LA_JAX","JAX",22,TRUE,4,"4+"
"2025_07_LA_JAX","LA",2,TRUE,6,"4+"
"2025_07_LA_JAX","LA",4,TRUE,5,"4+"
"2025_07_LA_JAX","LA",6,TRUE,0,"0"
"2025_07_LA_JAX","LA",8,TRUE,5,"4+"
"2025_07_LA_JAX","LA",10,TRUE,1,"1"
"2025_07_LA_JAX","LA",11,TRUE,0,"0"
"2025_07_LA_JAX","LA",13,TRUE,1,"1"
"2025_07_LA_JAX","LA",15,TRUE,0,"0"
"2025_07_LA_JAX","LA",17,TRUE,0,"0"
"2025_07_LA_JAX","LA",19,TRUE,3,"3"
"2025_07_LA_JAX","LA",21,TRUE,4,"4+"
"2025_07_LA_JAX","LA",23,TRUE,0,"0"
"2025_07_LV_KC","KC",2,TRUE,5,"4+"
"2025_07_LV_KC","KC",4,TRUE,7,"4+"
"2025_07_LV_KC","KC",6,TRUE,9,"4+"
"2025_07_LV_KC","KC",8,TRUE,5,"4+"
"2025_07_LV_KC","KC",10,TRUE,3,"3"
"2025_07_LV_KC","KC",12,TRUE,0,"0"
"2025_07_LV_KC","KC",14,TRUE,1,"1"
"2025_07_LV_KC","KC",16,TRUE,0,"0"
"2025_07_LV_KC","KC",18,TRUE,0,"0"
"2025_07_LV_KC","LV",1,TRUE,1,"1"
"2025_07_LV_KC","LV",3,TRUE,1,"1"
"2025_07_LV_KC","LV",5,TRUE,0,"0"
"2025_07_LV_KC","LV",7,TRUE,0,"0"
"2025_07_LV_KC","LV",9,TRUE,0,"0"
"2025_07_LV_KC","LV",11,TRUE,0,"0"
"2025_07_LV_KC","LV",13,TRUE,1,"1"
"2025_07_LV_KC","LV",15,TRUE,0,"0"
"2025_07_LV_KC","LV",17,TRUE,0,"0"
"2025_07_LV_KC","LV",19,TRUE,0,"0"
"2025_07_MIA_CLE","CLE",1,TRUE,0,"0"
"2025_07_MIA_CLE","CLE",3,TRUE,4,"4+"
"2025_07_MIA_CLE","CLE",5,TRUE,3,"3"
"2025_07_MIA_CLE","CLE",6,TRUE,4,"4+"
"2025_07_MIA_CLE","CLE",8,TRUE,0,"0"
"2025_07_MIA_CLE","CLE",12,TRUE,0,"0"
"2025_07_MIA_CLE","CLE",14,TRUE,2,"2"
"2025_07_MIA_CLE","CLE",16,TRUE,1,"1"
"2025_07_MIA_CLE","CLE",18,TRUE,0,"0"
"2025_07_MIA_CLE","CLE",20,TRUE,1,"1"
"2025_07_MIA_CLE","CLE",22,TRUE,0,"0"
"2025_07_MIA_CLE","MIA",2,TRUE,1,"1"
"2025_07_MIA_CLE","MIA",4,TRUE,2,"2"
"2025_07_MIA_CLE","MIA",7,TRUE,1,"1"
"2025_07_MIA_CLE","MIA",9,TRUE,2,"2"
"2025_07_MIA_CLE","MIA",10,TRUE,0,"0"
"2025_07_MIA_CLE","MIA",11,TRUE,0,"0"
"2025_07_MIA_CLE","MIA",13,TRUE,3,"3"
"2025_07_MIA_CLE","MIA",15,TRUE,0,"0"
"2025_07_MIA_CLE","MIA",17,TRUE,1,"1"
"2025_07_MIA_CLE","MIA",19,TRUE,0,"0"
"2025_07_MIA_CLE","MIA",21,TRUE,2,"2"
"2025_07_NE_TEN","NE",2,TRUE,3,"3"
"2025_07_NE_TEN","NE",4,TRUE,1,"1"
"2025_07_NE_TEN","NE",6,TRUE,6,"4+"
"2025_07_NE_TEN","NE",8,TRUE,2,"2"
"2025_07_NE_TEN","NE",10,TRUE,5,"4+"
"2025_07_NE_TEN","NE",13,TRUE,0,"0"
"2025_07_NE_TEN","NE",15,TRUE,4,"4+"
"2025_07_NE_TEN","NE",17,TRUE,0,"0"
"2025_07_NE_TEN","NE",19,TRUE,1,"1"
"2025_07_NE_TEN","TEN",1,TRUE,2,"2"
"2025_07_NE_TEN","TEN",3,TRUE,2,"2"
"2025_07_NE_TEN","TEN",5,TRUE,2,"2"
"2025_07_NE_TEN","TEN",7,TRUE,2,"2"
"2025_07_NE_TEN","TEN",9,TRUE,0,"0"
"2025_07_NE_TEN","TEN",11,TRUE,0,"0"
"2025_07_NE_TEN","TEN",12,TRUE,0,"0"
"2025_07_NE_TEN","TEN",14,TRUE,1,"1"
"2025_07_NE_TEN","TEN",16,TRUE,3,"3"
"2025_07_NE_TEN","TEN",18,TRUE,4,"4+"
"2025_07_NO_CHI","CHI",1,TRUE,0,"0"
"2025_07_NO_CHI","CHI",3,TRUE,1,"1"
"2025_07_NO_CHI","CHI",5,TRUE,1,"1"
"2025_07_NO_CHI","CHI",7,TRUE,2,"2"
"2025_07_NO_CHI","CHI",9,TRUE,2,"2"
"2025_07_NO_CHI","CHI",11,TRUE,4,"4+"
"2025_07_NO_CHI","CHI",13,TRUE,0,"0"
"2025_07_NO_CHI","CHI",15,TRUE,1,"1"
"2025_07_NO_CHI","CHI",17,TRUE,4,"4+"
"2025_07_NO_CHI","CHI",19,TRUE,2,"2"
"2025_07_NO_CHI","CHI",21,TRUE,3,"3"
"2025_07_NO_CHI","CHI",23,TRUE,3,"3"
"2025_07_NO_CHI","NO",2,TRUE,0,"0"
"2025_07_NO_CHI","NO",4,TRUE,0,"0"
"2025_07_NO_CHI","NO",6,TRUE,1,"1"
"2025_07_NO_CHI","NO",8,TRUE,2,"2"
"2025_07_NO_CHI","NO",10,TRUE,0,"0"
"2025_07_NO_CHI","NO",12,TRUE,1,"1"
"2025_07_NO_CHI","NO",14,TRUE,3,"3"
"2025_07_NO_CHI","NO",16,TRUE,5,"4+"
"2025_07_NO_CHI","NO",18,TRUE,1,"1"
"2025_07_NO_CHI","NO",20,TRUE,1,"1"
"2025_07_NO_CHI","NO",22,TRUE,2,"2"
"2025_07_NYG_DEN","DEN",2,TRUE,0,"0"
"2025_07_NYG_DEN","DEN",4,TRUE,1,"1"
"2025_07_NYG_DEN","DEN",6,TRUE,2,"2"
"2025_07_NYG_DEN","DEN",8,TRUE,0,"0"
"2025_07_NYG_DEN","DEN",10,TRUE,3,"3"
"2025_07_NYG_DEN","DEN",12,TRUE,0,"0"
"2025_07_NYG_DEN","DEN",13,TRUE,1,"1"
"2025_07_NYG_DEN","DEN",15,TRUE,0,"0"
"2025_07_NYG_DEN","DEN",17,TRUE,5,"4+"
"2025_07_NYG_DEN","DEN",19,TRUE,6,"4+"
"2025_07_NYG_DEN","DEN",21,TRUE,2,"2"
"2025_07_NYG_DEN","DEN",23,TRUE,3,"3"
"2025_07_NYG_DEN","DEN",25,TRUE,2,"2"
"2025_07_NYG_DEN","NYG",1,TRUE,1,"1"
"2025_07_NYG_DEN","NYG",3,TRUE,0,"0"
"2025_07_NYG_DEN","NYG",5,TRUE,3,"3"
"2025_07_NYG_DEN","NYG",7,TRUE,0,"0"
"2025_07_NYG_DEN","NYG",9,TRUE,5,"4+"
"2025_07_NYG_DEN","NYG",11,TRUE,2,"2"
"2025_07_NYG_DEN","NYG",14,TRUE,3,"3"
"2025_07_NYG_DEN","NYG",16,TRUE,3,"3"
"2025_07_NYG_DEN","NYG",18,TRUE,3,"3"
"2025_07_NYG_DEN","NYG",20,TRUE,0,"0"
"2025_07_NYG_DEN","NYG",22,TRUE,0,"0"
"2025_07_NYG_DEN","NYG",24,TRUE,3,"3"
"2025_07_PHI_MIN","MIN",2,TRUE,3,"3"
"2025_07_PHI_MIN","MIN",4,TRUE,1,"1"
"2025_07_PHI_MIN","MIN",5,TRUE,0,"0"
"2025_07_PHI_MIN","MIN",7,TRUE,2,"2"
"2025_07_PHI_MIN","MIN",9,TRUE,1,"1"
"2025_07_PHI_MIN","MIN",11,TRUE,3,"3"
"2025_07_PHI_MIN","MIN",13,TRUE,5,"4+"
"2025_07_PHI_MIN","MIN",15,TRUE,2,"2"
"2025_07_PHI_MIN","MIN",17,TRUE,4,"4+"
"2025_07_PHI_MIN","PHI",1,TRUE,4,"4+"
"2025_07_PHI_MIN","PHI",3,TRUE,0,"0"
"2025_07_PHI_MIN","PHI",6,TRUE,0,"0"
"2025_07_PHI_MIN","PHI",8,TRUE,0,"0"
"2025_07_PHI_MIN","PHI",10,TRUE,1,"1"
"2025_07_PHI_MIN","PHI",12,TRUE,1,"1"
"2025_07_PHI_MIN","PHI",14,TRUE,2,"2"
"2025_07_PHI_MIN","PHI",16,TRUE,4,"4+"
"2025_07_PHI_MIN","PHI",18,TRUE,1,"1"
"2025_07_PIT_CIN","CIN",2,TRUE,1,"1"
"2025_07_PIT_CIN","CIN",4,TRUE,2,"2"
"2025_07_PIT_CIN","CIN",6,TRUE,5,"4+"
"2025_07_PIT_CIN","CIN",8,TRUE,3,"3"
"2025_07_PIT_CIN","CIN",10,TRUE,2,"2"
"2025_07_PIT_CIN","CIN",11,TRUE,4,"4+"
"2025_07_PIT_CIN","CIN",13,TRUE,3,"3"
"2025_07_PIT_CIN","CIN",15,TRUE,3,"3"
"2025_07_PIT_CIN","CIN",17,TRUE,1,"1"
"2025_07_PIT_CIN","CIN",19,TRUE,3,"3"
"2025_07_PIT_CIN","PIT",1,TRUE,3,"3"
"2025_07_PIT_CIN","PIT",3,TRUE,1,"1"
"2025_07_PIT_CIN","PIT",5,TRUE,4,"4+"
"2025_07_PIT_CIN","PIT",7,TRUE,0,"0"
"2025_07_PIT_CIN","PIT",9,TRUE,2,"2"
"2025_07_PIT_CIN","PIT",12,TRUE,4,"4+"
"2025_07_PIT_CIN","PIT",14,TRUE,4,"4+"
"2025_07_PIT_CIN","PIT",16,TRUE,0,"0"
"2025_07_PIT_CIN","PIT",18,TRUE,1,"1"
"2025_07_PIT_CIN","PIT",20,TRUE,0,"0"
"2025_07_TB_DET","DET",1,TRUE,3,"3"
"2025_07_TB_DET","DET",3,TRUE,1,"1"
"2025_07_TB_DET","DET",5,TRUE,3,"3"
"2025_07_TB_DET","DET",7,TRUE,1,"1"
"2025_07_TB_DET","DET",9,TRUE,2,"2"
"2025_07_TB_DET","DET",11,TRUE,0,"0"
"2025_07_TB_DET","DET",13,TRUE,0,"0"
"2025_07_TB_DET","DET",15,TRUE,1,"1"
"2025_07_TB_DET","DET",18,TRUE,4,"4+"
"2025_07_TB_DET","DET",20,TRUE,2,"2"
"2025_07_TB_DET","DET",22,TRUE,0,"0"
"2025_07_TB_DET","DET",24,TRUE,0,"0"
"2025_07_TB_DET","DET",26,TRUE,0,"0"
"2025_07_TB_DET","TB",2,TRUE,0,"0"
"2025_07_TB_DET","TB",4,TRUE,0,"0"
"2025_07_TB_DET","TB",6,TRUE,1,"1"
"2025_07_TB_DET","TB",8,TRUE,1,"1"
"2025_07_TB_DET","TB",10,TRUE,0,"0"
"2025_07_TB_DET","TB",12,TRUE,0,"0"
"2025_07_TB_DET","TB",14,TRUE,0,"0"
"2025_07_TB_DET","TB",16,TRUE,2,"2"
"2025_07_TB_DET","TB",17,TRUE,4,"4+"
"2025_07_TB_DET","TB",19,TRUE,0,"0"
"2025_07_TB_DET","TB",21,TRUE,1,"1"
"2025_07_TB_DET","TB",23,TRUE,5,"4+"
"2025_07_TB_DET","TB",25,TRUE,1,"1"
"2025_07_TB_DET","TB",27,TRUE,0,"0"
"2025_07_WAS_DAL","DAL",1,TRUE,3,"3"
"2025_07_WAS_DAL","DAL",3,TRUE,0,"0"
"2025_07_WAS_DAL","DAL",5,TRUE,1,"1"
"2025_07_WAS_DAL","DAL",7,TRUE,1,"1"
"2025_07_WAS_DAL","DAL",9,TRUE,1,"1"
"2025_07_WAS_DAL","DAL",11,TRUE,1,"1"
"2025_07_WAS_DAL","DAL",13,TRUE,1,"1"
"2025_07_WAS_DAL","DAL",15,TRUE,3,"3"
"2025_07_WAS_DAL","DAL",18,TRUE,4,"4+"
"2025_07_WAS_DAL","DAL",21,TRUE,3,"3"
"2025_07_WAS_DAL","DAL",23,TRUE,1,"1"
"2025_07_WAS_DAL","DAL",25,TRUE,2,"2"
"2025_07_WAS_DAL","WAS",2,TRUE,0,"0"
"2025_07_WAS_DAL","WAS",4,TRUE,3,"3"
"2025_07_WAS_DAL","WAS",6,TRUE,0,"0"
"2025_07_WAS_DAL","WAS",8,TRUE,1,"1"
"2025_07_WAS_DAL","WAS",10,TRUE,1,"1"
"2025_07_WAS_DAL","WAS",12,TRUE,0,"0"
"2025_07_WAS_DAL","WAS",14,TRUE,5,"4+"
"2025_07_WAS_DAL","WAS",16,TRUE,0,"0"
"2025_07_WAS_DAL","WAS",17,TRUE,2,"2"
"2025_07_WAS_DAL","WAS",19,TRUE,1,"1"
"2025_07_WAS_DAL","WAS",20,TRUE,3,"3"
"2025_07_WAS_DAL","WAS",22,TRUE,1,"1"
"2025_07_WAS_DAL","WAS",24,TRUE,0,"0"
"2025_08_BUF_CAR","BUF",2,TRUE,4,"4+"
"2025_08_BUF_CAR","BUF",4,TRUE,3,"3"
"2025_08_BUF_CAR","BUF",6,TRUE,2,"2"
"2025_08_BUF_CAR","BUF",8,TRUE,1,"1"
"2025_08_BUF_CAR","BUF",10,TRUE,1,"1"
"2025_08_BUF_CAR","BUF",12,TRUE,2,"2"
"2025_08_BUF_CAR","BUF",14,TRUE,6,"4+"
"2025_08_BUF_CAR","BUF",16,TRUE,2,"2"
"2025_08_BUF_CAR","BUF",18,TRUE,2,"2"
"2025_08_BUF_CAR","BUF",20,TRUE,0,"0"
"2025_08_BUF_CAR","CAR",1,TRUE,0,"0"
"2025_08_BUF_CAR","CAR",3,TRUE,3,"3"
"2025_08_BUF_CAR","CAR",5,TRUE,2,"2"
"2025_08_BUF_CAR","CAR",7,TRUE,0,"0"
"2025_08_BUF_CAR","CAR",9,TRUE,1,"1"
"2025_08_BUF_CAR","CAR",11,TRUE,4,"4+"
"2025_08_BUF_CAR","CAR",13,TRUE,1,"1"
"2025_08_BUF_CAR","CAR",15,TRUE,0,"0"
"2025_08_BUF_CAR","CAR",17,TRUE,6,"4+"
"2025_08_BUF_CAR","CAR",19,TRUE,0,"0"
"2025_08_BUF_CAR","CAR",21,TRUE,2,"2"
"2025_08_CHI_BAL","BAL",2,TRUE,0,"0"
"2025_08_CHI_BAL","BAL",4,TRUE,6,"4+"
"2025_08_CHI_BAL","BAL",6,TRUE,4,"4+"
"2025_08_CHI_BAL","BAL",8,TRUE,2,"2"
"2025_08_CHI_BAL","BAL",10,TRUE,3,"3"
"2025_08_CHI_BAL","BAL",12,TRUE,1,"1"
"2025_08_CHI_BAL","BAL",14,TRUE,1,"1"
"2025_08_CHI_BAL","BAL",16,TRUE,6,"4+"
"2025_08_CHI_BAL","BAL",18,TRUE,0,"0"
"2025_08_CHI_BAL","CHI",1,TRUE,5,"4+"
"2025_08_CHI_BAL","CHI",3,TRUE,4,"4+"
"2025_08_CHI_BAL","CHI",5,TRUE,0,"0"
"2025_08_CHI_BAL","CHI",7,TRUE,1,"1"
"2025_08_CHI_BAL","CHI",9,TRUE,0,"0"
"2025_08_CHI_BAL","CHI",11,TRUE,4,"4+"
"2025_08_CHI_BAL","CHI",13,TRUE,0,"0"
"2025_08_CHI_BAL","CHI",15,TRUE,3,"3"
"2025_08_CHI_BAL","CHI",17,TRUE,2,"2"
"2025_08_CLE_NE","CLE",2,TRUE,3,"3"
"2025_08_CLE_NE","CLE",4,TRUE,1,"1"
"2025_08_CLE_NE","CLE",6,TRUE,0,"0"
"2025_08_CLE_NE","CLE",8,TRUE,0,"0"
"2025_08_CLE_NE","CLE",10,TRUE,1,"1"
"2025_08_CLE_NE","CLE",12,TRUE,0,"0"
"2025_08_CLE_NE","CLE",14,TRUE,0,"0"
"2025_08_CLE_NE","CLE",16,TRUE,1,"1"
"2025_08_CLE_NE","CLE",18,TRUE,4,"4+"
"2025_08_CLE_NE","CLE",20,TRUE,2,"2"
"2025_08_CLE_NE","CLE",22,TRUE,0,"0"
"2025_08_CLE_NE","CLE",23,TRUE,0,"0"
"2025_08_CLE_NE","NE",1,TRUE,4,"4+"
"2025_08_CLE_NE","NE",3,TRUE,0,"0"
"2025_08_CLE_NE","NE",5,TRUE,2,"2"
"2025_08_CLE_NE","NE",7,TRUE,2,"2"
"2025_08_CLE_NE","NE",9,TRUE,0,"0"
"2025_08_CLE_NE","NE",11,TRUE,1,"1"
"2025_08_CLE_NE","NE",13,TRUE,5,"4+"
"2025_08_CLE_NE","NE",15,TRUE,1,"1"
"2025_08_CLE_NE","NE",17,TRUE,4,"4+"
"2025_08_CLE_NE","NE",19,TRUE,0,"0"
"2025_08_CLE_NE","NE",21,TRUE,3,"3"
"2025_08_CLE_NE","NE",24,TRUE,1,"1"
"2025_08_DAL_DEN","DAL",2,TRUE,2,"2"
"2025_08_DAL_DEN","DAL",4,TRUE,0,"0"
"2025_08_DAL_DEN","DAL",6,TRUE,2,"2"
"2025_08_DAL_DEN","DAL",8,TRUE,5,"4+"
"2025_08_DAL_DEN","DAL",10,TRUE,0,"0"
"2025_08_DAL_DEN","DAL",12,TRUE,1,"1"
"2025_08_DAL_DEN","DAL",14,TRUE,6,"4+"
"2025_08_DAL_DEN","DAL",16,TRUE,1,"1"
"2025_08_DAL_DEN","DAL",18,TRUE,3,"3"
"2025_08_DAL_DEN","DAL",20,TRUE,3,"3"
"2025_08_DAL_DEN","DAL",22,TRUE,0,"0"
"2025_08_DAL_DEN","DEN",1,TRUE,1,"1"
"2025_08_DAL_DEN","DEN",3,TRUE,2,"2"
"2025_08_DAL_DEN","DEN",5,TRUE,4,"4+"
"2025_08_DAL_DEN","DEN",7,TRUE,0,"0"
"2025_08_DAL_DEN","DEN",9,TRUE,4,"4+"
"2025_08_DAL_DEN","DEN",11,TRUE,4,"4+"
"2025_08_DAL_DEN","DEN",13,TRUE,0,"0"
"2025_08_DAL_DEN","DEN",15,TRUE,1,"1"
"2025_08_DAL_DEN","DEN",17,TRUE,5,"4+"
"2025_08_DAL_DEN","DEN",19,TRUE,4,"4+"
"2025_08_DAL_DEN","DEN",21,TRUE,0,"0"
"2025_08_DAL_DEN","DEN",23,TRUE,0,"0"
"2025_08_GB_PIT","GB",1,TRUE,0,"0"
"2025_08_GB_PIT","GB",3,TRUE,4,"4+"
"2025_08_GB_PIT","GB",5,TRUE,2,"2"
"2025_08_GB_PIT","GB",7,TRUE,0,"0"
"2025_08_GB_PIT","GB",9,TRUE,0,"0"
"2025_08_GB_PIT","GB",11,TRUE,2,"2"
"2025_08_GB_PIT","GB",13,TRUE,3,"3"
"2025_08_GB_PIT","GB",15,TRUE,5,"4+"
"2025_08_GB_PIT","GB",17,TRUE,2,"2"
"2025_08_GB_PIT","GB",19,TRUE,2,"2"
"2025_08_GB_PIT","GB",21,TRUE,1,"1"
"2025_08_GB_PIT","GB",23,TRUE,1,"1"
"2025_08_GB_PIT","PIT",2,TRUE,1,"1"
"2025_08_GB_PIT","PIT",4,TRUE,0,"0"
"2025_08_GB_PIT","PIT",6,TRUE,1,"1"
"2025_08_GB_PIT","PIT",8,TRUE,3,"3"
"2025_08_GB_PIT","PIT",10,TRUE,5,"4+"
"2025_08_GB_PIT","PIT",12,TRUE,0,"0"
"2025_08_GB_PIT","PIT",14,TRUE,2,"2"
"2025_08_GB_PIT","PIT",16,TRUE,0,"0"
"2025_08_GB_PIT","PIT",18,TRUE,0,"0"
"2025_08_GB_PIT","PIT",20,TRUE,0,"0"
"2025_08_GB_PIT","PIT",22,TRUE,4,"4+"
"2025_08_MIA_ATL","ATL",2,TRUE,0,"0"
"2025_08_MIA_ATL","ATL",4,TRUE,2,"2"
"2025_08_MIA_ATL","ATL",6,TRUE,0,"0"
"2025_08_MIA_ATL","ATL",8,TRUE,0,"0"
"2025_08_MIA_ATL","ATL",10,TRUE,0,"0"
"2025_08_MIA_ATL","ATL",11,TRUE,0,"0"
"2025_08_MIA_ATL","ATL",13,TRUE,2,"2"
"2025_08_MIA_ATL","ATL",15,TRUE,1,"1"
"2025_08_MIA_ATL","ATL",17,TRUE,1,"1"
"2025_08_MIA_ATL","ATL",19,TRUE,4,"4+"
"2025_08_MIA_ATL","ATL",21,TRUE,1,"1"
"2025_08_MIA_ATL","MIA",1,TRUE,0,"0"
"2025_08_MIA_ATL","MIA",3,TRUE,6,"4+"
"2025_08_MIA_ATL","MIA",5,TRUE,1,"1"
"2025_08_MIA_ATL","MIA",7,TRUE,1,"1"
"2025_08_MIA_ATL","MIA",9,TRUE,6,"4+"
"2025_08_MIA_ATL","MIA",12,TRUE,0,"0"
"2025_08_MIA_ATL","MIA",14,TRUE,5,"4+"
"2025_08_MIA_ATL","MIA",16,TRUE,3,"3"
"2025_08_MIA_ATL","MIA",18,TRUE,1,"1"
"2025_08_MIA_ATL","MIA",20,TRUE,1,"1"
"2025_08_MIN_LAC","LAC",2,TRUE,5,"4+"
"2025_08_MIN_LAC","LAC",4,TRUE,5,"4+"
"2025_08_MIN_LAC","LAC",6,TRUE,2,"2"
"2025_08_MIN_LAC","LAC",8,TRUE,5,"4+"
"2025_08_MIN_LAC","LAC",10,TRUE,2,"2"
"2025_08_MIN_LAC","LAC",12,TRUE,0,"0"
"2025_08_MIN_LAC","LAC",14,TRUE,6,"4+"
"2025_08_MIN_LAC","LAC",16,TRUE,2,"2"
"2025_08_MIN_LAC","LAC",18,TRUE,1,"1"
"2025_08_MIN_LAC","MIN",1,TRUE,1,"1"
"2025_08_MIN_LAC","MIN",3,TRUE,0,"0"
"2025_08_MIN_LAC","MIN",5,TRUE,2,"2"
"2025_08_MIN_LAC","MIN",7,TRUE,0,"0"
"2025_08_MIN_LAC","MIN",9,TRUE,1,"1"
"2025_08_MIN_LAC","MIN",11,TRUE,1,"1"
"2025_08_MIN_LAC","MIN",13,TRUE,3,"3"
"2025_08_MIN_LAC","MIN",15,TRUE,1,"1"
"2025_08_MIN_LAC","MIN",17,TRUE,0,"0"
"2025_08_MIN_LAC","MIN",19,TRUE,3,"3"
"2025_08_NYG_PHI","NYG",2,TRUE,0,"0"
"2025_08_NYG_PHI","NYG",4,TRUE,3,"3"
"2025_08_NYG_PHI","NYG",6,TRUE,1,"1"
"2025_08_NYG_PHI","NYG",8,TRUE,2,"2"
"2025_08_NYG_PHI","NYG",10,TRUE,0,"0"
"2025_08_NYG_PHI","NYG",11,TRUE,0,"0"
"2025_08_NYG_PHI","NYG",13,TRUE,4,"4+"
"2025_08_NYG_PHI","NYG",15,TRUE,0,"0"
"2025_08_NYG_PHI","NYG",17,TRUE,3,"3"
"2025_08_NYG_PHI","PHI",1,TRUE,1,"1"
"2025_08_NYG_PHI","PHI",3,TRUE,2,"2"
"2025_08_NYG_PHI","PHI",5,TRUE,4,"4+"
"2025_08_NYG_PHI","PHI",7,TRUE,0,"0"
"2025_08_NYG_PHI","PHI",9,TRUE,5,"4+"
"2025_08_NYG_PHI","PHI",12,TRUE,3,"3"
"2025_08_NYG_PHI","PHI",14,TRUE,4,"4+"
"2025_08_NYG_PHI","PHI",16,TRUE,3,"3"
"2025_08_NYG_PHI","PHI",18,TRUE,1,"1"
"2025_08_NYJ_CIN","CIN",1,TRUE,4,"4+"
"2025_08_NYJ_CIN","CIN",3,TRUE,3,"3"
"2025_08_NYJ_CIN","CIN",5,TRUE,0,"0"
"2025_08_NYJ_CIN","CIN",7,TRUE,2,"2"
"2025_08_NYJ_CIN","CIN",9,TRUE,5,"4+"
"2025_08_NYJ_CIN","CIN",12,TRUE,0,"0"
"2025_08_NYJ_CIN","CIN",14,TRUE,4,"4+"
"2025_08_NYJ_CIN","CIN",16,TRUE,5,"4+"
"2025_08_NYJ_CIN","CIN",18,TRUE,0,"0"
"2025_08_NYJ_CIN","CIN",20,TRUE,1,"1"
"2025_08_NYJ_CIN","NYJ",2,TRUE,0,"0"
"2025_08_NYJ_CIN","NYJ",4,TRUE,1,"1"
"2025_08_NYJ_CIN","NYJ",6,TRUE,2,"2"
"2025_08_NYJ_CIN","NYJ",8,TRUE,4,"4+"
"2025_08_NYJ_CIN","NYJ",10,TRUE,4,"4+"
"2025_08_NYJ_CIN","NYJ",11,TRUE,1,"1"
"2025_08_NYJ_CIN","NYJ",13,TRUE,3,"3"
"2025_08_NYJ_CIN","NYJ",15,TRUE,3,"3"
"2025_08_NYJ_CIN","NYJ",17,TRUE,2,"2"
"2025_08_NYJ_CIN","NYJ",19,TRUE,5,"4+"
"2025_08_NYJ_CIN","NYJ",21,TRUE,0,"0"
"2025_08_SF_HOU","HOU",1,TRUE,4,"4+"
"2025_08_SF_HOU","HOU",3,TRUE,2,"2"
"2025_08_SF_HOU","HOU",5,TRUE,4,"4+"
"2025_08_SF_HOU","HOU",7,TRUE,4,"4+"
"2025_08_SF_HOU","HOU",9,TRUE,0,"0"
"2025_08_SF_HOU","HOU",11,TRUE,5,"4+"
"2025_08_SF_HOU","HOU",13,TRUE,3,"3"
"2025_08_SF_HOU","HOU",15,TRUE,1,"1"
"2025_08_SF_HOU","HOU",17,TRUE,0,"0"
"2025_08_SF_HOU","HOU",19,TRUE,0,"0"
"2025_08_SF_HOU","SF",2,TRUE,0,"0"
"2025_08_SF_HOU","SF",4,TRUE,0,"0"
"2025_08_SF_HOU","SF",6,TRUE,0,"0"
"2025_08_SF_HOU","SF",8,TRUE,2,"2"
"2025_08_SF_HOU","SF",10,TRUE,0,"0"
"2025_08_SF_HOU","SF",12,TRUE,6,"4+"
"2025_08_SF_HOU","SF",14,TRUE,0,"0"
"2025_08_SF_HOU","SF",16,TRUE,4,"4+"
"2025_08_SF_HOU","SF",18,TRUE,0,"0"
"2025_08_TB_NO","NO",1,TRUE,2,"2"
"2025_08_TB_NO","NO",3,TRUE,3,"3"
"2025_08_TB_NO","NO",5,TRUE,0,"0"
"2025_08_TB_NO","NO",6,TRUE,1,"1"
"2025_08_TB_NO","NO",8,TRUE,0,"0"
"2025_08_TB_NO","NO",10,TRUE,1,"1"
"2025_08_TB_NO","NO",13,TRUE,0,"0"
"2025_08_TB_NO","NO",15,TRUE,1,"1"
"2025_08_TB_NO","NO",17,TRUE,1,"1"
"2025_08_TB_NO","NO",19,TRUE,3,"3"
"2025_08_TB_NO","NO",21,TRUE,5,"4+"
"2025_08_TB_NO","TB",2,TRUE,1,"1"
"2025_08_TB_NO","TB",4,TRUE,6,"4+"
"2025_08_TB_NO","TB",7,TRUE,0,"0"
"2025_08_TB_NO","TB",9,TRUE,0,"0"
"2025_08_TB_NO","TB",12,TRUE,5,"4+"
"2025_08_TB_NO","TB",14,TRUE,1,"1"
"2025_08_TB_NO","TB",16,TRUE,1,"1"
"2025_08_TB_NO","TB",18,TRUE,0,"0"
"2025_08_TB_NO","TB",20,TRUE,0,"0"
"2025_08_TEN_IND","IND",1,TRUE,4,"4+"
"2025_08_TEN_IND","IND",3,TRUE,5,"4+"
"2025_08_TEN_IND","IND",5,TRUE,4,"4+"
"2025_08_TEN_IND","IND",7,TRUE,0,"0"
"2025_08_TEN_IND","IND",9,TRUE,1,"1"
"2025_08_TEN_IND","IND",11,TRUE,0,"0"
"2025_08_TEN_IND","IND",13,TRUE,1,"1"
"2025_08_TEN_IND","IND",15,TRUE,3,"3"
"2025_08_TEN_IND","IND",17,TRUE,3,"3"
"2025_08_TEN_IND","IND",19,TRUE,0,"0"
"2025_08_TEN_IND","IND",21,TRUE,0,"0"
"2025_08_TEN_IND","TEN",2,TRUE,2,"2"
"2025_08_TEN_IND","TEN",4,TRUE,3,"3"
"2025_08_TEN_IND","TEN",6,TRUE,0,"0"
"2025_08_TEN_IND","TEN",8,TRUE,1,"1"
"2025_08_TEN_IND","TEN",10,TRUE,2,"2"
"2025_08_TEN_IND","TEN",12,TRUE,1,"1"
"2025_08_TEN_IND","TEN",14,TRUE,0,"0"
"2025_08_TEN_IND","TEN",16,TRUE,2,"2"
"2025_08_TEN_IND","TEN",18,TRUE,5,"4+"
"2025_08_TEN_IND","TEN",20,TRUE,4,"4+"
"2025_08_TEN_IND","TEN",22,TRUE,0,"0"
"2025_08_WAS_KC","KC",2,TRUE,2,"2"
"2025_08_WAS_KC","KC",4,TRUE,1,"1"
"2025_08_WAS_KC","KC",6,TRUE,4,"4+"
"2025_08_WAS_KC","KC",8,TRUE,2,"2"
"2025_08_WAS_KC","KC",9,TRUE,4,"4+"
"2025_08_WAS_KC","KC",11,TRUE,5,"4+"
"2025_08_WAS_KC","KC",13,TRUE,6,"4+"
"2025_08_WAS_KC","KC",15,TRUE,2,"2"
"2025_08_WAS_KC","KC",17,TRUE,0,"0"
"2025_08_WAS_KC","WAS",1,TRUE,3,"3"
"2025_08_WAS_KC","WAS",3,TRUE,2,"2"
"2025_08_WAS_KC","WAS",5,TRUE,1,"1"
"2025_08_WAS_KC","WAS",7,TRUE,4,"4+"
"2025_08_WAS_KC","WAS",10,TRUE,1,"1"
"2025_08_WAS_KC","WAS",12,TRUE,1,"1"
"2025_08_WAS_KC","WAS",14,TRUE,0,"0"
"2025_08_WAS_KC","WAS",16,TRUE,2,"2"
"2025_09_ARI_DAL","ARI",2,TRUE,4,"4+"
"2025_09_ARI_DAL","ARI",4,TRUE,4,"4+"
"2025_09_ARI_DAL","ARI",6,TRUE,1,"1"
"2025_09_ARI_DAL","ARI",7,TRUE,6,"4+"
"2025_09_ARI_DAL","ARI",9,TRUE,3,"3"
"2025_09_ARI_DAL","ARI",11,TRUE,3,"3"
"2025_09_ARI_DAL","ARI",13,TRUE,0,"0"
"2025_09_ARI_DAL","ARI",15,TRUE,1,"1"
"2025_09_ARI_DAL","ARI",17,TRUE,1,"1"
"2025_09_ARI_DAL","ARI",19,TRUE,0,"0"
"2025_09_ARI_DAL","DAL",1,TRUE,4,"4+"
"2025_09_ARI_DAL","DAL",3,TRUE,0,"0"
"2025_09_ARI_DAL","DAL",5,TRUE,3,"3"
"2025_09_ARI_DAL","DAL",8,TRUE,1,"1"
"2025_09_ARI_DAL","DAL",10,TRUE,4,"4+"
"2025_09_ARI_DAL","DAL",12,TRUE,2,"2"
"2025_09_ARI_DAL","DAL",14,TRUE,5,"4+"
"2025_09_ARI_DAL","DAL",16,TRUE,3,"3"
"2025_09_ARI_DAL","DAL",18,TRUE,0,"0"
"2025_09_ATL_NE","ATL",1,TRUE,0,"0"
"2025_09_ATL_NE","ATL",3,TRUE,1,"1"
"2025_09_ATL_NE","ATL",5,TRUE,4,"4+"
"2025_09_ATL_NE","ATL",7,TRUE,0,"0"
"2025_09_ATL_NE","ATL",9,TRUE,2,"2"
"2025_09_ATL_NE","ATL",11,TRUE,1,"1"
"2025_09_ATL_NE","ATL",14,TRUE,0,"0"
"2025_09_ATL_NE","ATL",16,TRUE,2,"2"
"2025_09_ATL_NE","ATL",18,TRUE,5,"4+"
"2025_09_ATL_NE","ATL",20,TRUE,2,"2"
"2025_09_ATL_NE","NE",2,TRUE,5,"4+"
"2025_09_ATL_NE","NE",4,TRUE,0,"0"
"2025_09_ATL_NE","NE",6,TRUE,6,"4+"
"2025_09_ATL_NE","NE",8,TRUE,2,"2"
"2025_09_ATL_NE","NE",10,TRUE,2,"2"
"2025_09_ATL_NE","NE",12,TRUE,0,"0"
"2025_09_ATL_NE","NE",13,TRUE,5,"4+"
"2025_09_ATL_NE","NE",15,TRUE,0,"0"
"2025_09_ATL_NE","NE",17,TRUE,2,"2"
"2025_09_ATL_NE","NE",19,TRUE,0,"0"
"2025_09_ATL_NE","NE",21,TRUE,1,"1"
"2025_09_BAL_MIA","BAL",2,TRUE,0,"0"
"2025_09_BAL_MIA","BAL",4,TRUE,1,"1"
"2025_09_BAL_MIA","BAL",6,TRUE,3,"3"
"2025_09_BAL_MIA","BAL",8,TRUE,0,"0"
"2025_09_BAL_MIA","BAL",10,TRUE,0,"0"
"2025_09_BAL_MIA","BAL",12,TRUE,0,"0"
"2025_09_BAL_MIA","BAL",14,TRUE,6,"4+"
"2025_09_BAL_MIA","BAL",16,TRUE,3,"3"
"2025_09_BAL_MIA","BAL",18,TRUE,1,"1"
"2025_09_BAL_MIA","BAL",20,TRUE,1,"1"
"2025_09_BAL_MIA","BAL",22,TRUE,3,"3"
"2025_09_BAL_MIA","MIA",1,TRUE,1,"1"
"2025_09_BAL_MIA","MIA",3,TRUE,0,"0"
"2025_09_BAL_MIA","MIA",5,TRUE,3,"3"
"2025_09_BAL_MIA","MIA",7,TRUE,1,"1"
"2025_09_BAL_MIA","MIA",9,TRUE,0,"0"
"2025_09_BAL_MIA","MIA",11,TRUE,3,"3"
"2025_09_BAL_MIA","MIA",13,TRUE,2,"2"
"2025_09_BAL_MIA","MIA",15,TRUE,0,"0"
"2025_09_BAL_MIA","MIA",17,TRUE,1,"1"
"2025_09_BAL_MIA","MIA",19,TRUE,5,"4+"
"2025_09_BAL_MIA","MIA",21,TRUE,1,"1"
"2025_09_CAR_GB","CAR",1,TRUE,0,"0"
"2025_09_CAR_GB","CAR",3,TRUE,5,"4+"
"2025_09_CAR_GB","CAR",5,TRUE,5,"4+"
"2025_09_CAR_GB","CAR",8,TRUE,1,"1"
"2025_09_CAR_GB","CAR",10,TRUE,4,"4+"
"2025_09_CAR_GB","CAR",12,TRUE,1,"1"
"2025_09_CAR_GB","CAR",14,TRUE,3,"3"
"2025_09_CAR_GB","GB",2,TRUE,4,"4+"
"2025_09_CAR_GB","GB",4,TRUE,2,"2"
"2025_09_CAR_GB","GB",6,TRUE,3,"3"
"2025_09_CAR_GB","GB",7,TRUE,2,"2"
"2025_09_CAR_GB","GB",9,TRUE,1,"1"
"2025_09_CAR_GB","GB",11,TRUE,3,"3"
"2025_09_CAR_GB","GB",13,TRUE,5,"4+"
"2025_09_CHI_CIN","CHI",2,TRUE,5,"4+"
"2025_09_CHI_CIN","CHI",4,TRUE,5,"4+"
"2025_09_CHI_CIN","CHI",6,TRUE,0,"0"
"2025_09_CHI_CIN","CHI",8,TRUE,3,"3"
"2025_09_CHI_CIN","CHI",10,TRUE,2,"2"
"2025_09_CHI_CIN","CHI",12,TRUE,7,"4+"
"2025_09_CHI_CIN","CHI",14,TRUE,3,"3"
"2025_09_CHI_CIN","CHI",16,TRUE,1,"1"
"2025_09_CHI_CIN","CHI",18,TRUE,2,"2"
"2025_09_CHI_CIN","CHI",20,TRUE,0,"0"
"2025_09_CHI_CIN","CHI",23,TRUE,2,"2"
"2025_09_CHI_CIN","CIN",3,TRUE,2,"2"
"2025_09_CHI_CIN","CIN",5,TRUE,0,"0"
"2025_09_CHI_CIN","CIN",7,TRUE,3,"3"
"2025_09_CHI_CIN","CIN",9,TRUE,2,"2"
"2025_09_CHI_CIN","CIN",11,TRUE,0,"0"
"2025_09_CHI_CIN","CIN",13,TRUE,3,"3"
"2025_09_CHI_CIN","CIN",15,TRUE,1,"1"
"2025_09_CHI_CIN","CIN",17,TRUE,3,"3"
"2025_09_CHI_CIN","CIN",19,TRUE,4,"4+"
"2025_09_CHI_CIN","CIN",21,TRUE,3,"3"
"2025_09_CHI_CIN","CIN",22,TRUE,4,"4+"
"2025_09_CHI_CIN","CIN",24,TRUE,1,"1"
"2025_09_DEN_HOU","DEN",2,TRUE,2,"2"
"2025_09_DEN_HOU","DEN",4,TRUE,0,"0"
"2025_09_DEN_HOU","DEN",6,TRUE,0,"0"
"2025_09_DEN_HOU","DEN",8,TRUE,3,"3"
"2025_09_DEN_HOU","DEN",10,TRUE,1,"1"
"2025_09_DEN_HOU","DEN",13,TRUE,1,"1"
"2025_09_DEN_HOU","DEN",15,TRUE,0,"0"
"2025_09_DEN_HOU","DEN",17,TRUE,0,"0"
"2025_09_DEN_HOU","DEN",19,TRUE,4,"4+"
"2025_09_DEN_HOU","DEN",21,TRUE,0,"0"
"2025_09_DEN_HOU","DEN",23,TRUE,0,"0"
"2025_09_DEN_HOU","DEN",25,TRUE,2,"2"
"2025_09_DEN_HOU","DEN",27,TRUE,2,"2"
"2025_09_DEN_HOU","HOU",1,TRUE,3,"3"
"2025_09_DEN_HOU","HOU",3,TRUE,2,"2"
"2025_09_DEN_HOU","HOU",5,TRUE,0,"0"
"2025_09_DEN_HOU","HOU",7,TRUE,3,"3"
"2025_09_DEN_HOU","HOU",9,TRUE,2,"2"
"2025_09_DEN_HOU","HOU",11,TRUE,0,"0"
"2025_09_DEN_HOU","HOU",12,TRUE,1,"1"
"2025_09_DEN_HOU","HOU",14,TRUE,1,"1"
"2025_09_DEN_HOU","HOU",16,TRUE,0,"0"
"2025_09_DEN_HOU","HOU",18,TRUE,0,"0"
"2025_09_DEN_HOU","HOU",20,TRUE,1,"1"
"2025_09_DEN_HOU","HOU",22,TRUE,0,"0"
"2025_09_DEN_HOU","HOU",24,TRUE,0,"0"
"2025_09_DEN_HOU","HOU",26,TRUE,0,"0"
"2025_09_IND_PIT","IND",2,TRUE,5,"4+"
"2025_09_IND_PIT","IND",5,TRUE,5,"4+"
"2025_09_IND_PIT","IND",7,TRUE,0,"0"
"2025_09_IND_PIT","IND",9,TRUE,0,"0"
"2025_09_IND_PIT","IND",11,TRUE,1,"1"
"2025_09_IND_PIT","IND",13,TRUE,2,"2"
"2025_09_IND_PIT","IND",15,TRUE,3,"3"
"2025_09_IND_PIT","IND",17,TRUE,0,"0"
"2025_09_IND_PIT","IND",19,TRUE,5,"4+"
"2025_09_IND_PIT","IND",21,TRUE,1,"1"
"2025_09_IND_PIT","IND",23,TRUE,3,"3"
"2025_09_IND_PIT","PIT",1,TRUE,0,"0"
"2025_09_IND_PIT","PIT",3,TRUE,0,"0"
"2025_09_IND_PIT","PIT",4,TRUE,0,"0"
"2025_09_IND_PIT","PIT",6,TRUE,5,"4+"
"2025_09_IND_PIT","PIT",8,TRUE,1,"1"
"2025_09_IND_PIT","PIT",10,TRUE,4,"4+"
"2025_09_IND_PIT","PIT",12,TRUE,1,"1"
"2025_09_IND_PIT","PIT",14,TRUE,4,"4+"
"2025_09_IND_PIT","PIT",16,TRUE,0,"0"
"2025_09_IND_PIT","PIT",18,TRUE,1,"1"
"2025_09_IND_PIT","PIT",20,TRUE,0,"0"
"2025_09_IND_PIT","PIT",22,TRUE,0,"0"
"2025_09_IND_PIT","PIT",24,TRUE,0,"0"
"2025_09_JAX_LV","JAX",1,TRUE,0,"0"
"2025_09_JAX_LV","JAX",3,TRUE,6,"4+"
"2025_09_JAX_LV","JAX",5,TRUE,2,"2"
"2025_09_JAX_LV","JAX",7,TRUE,1,"1"
"2025_09_JAX_LV","JAX",9,TRUE,1,"1"
"2025_09_JAX_LV","JAX",11,TRUE,5,"4+"
"2025_09_JAX_LV","JAX",13,TRUE,4,"4+"
"2025_09_JAX_LV","JAX",15,TRUE,2,"2"
"2025_09_JAX_LV","JAX",17,TRUE,5,"4+"
"2025_09_JAX_LV","LV",2,TRUE,1,"1"
"2025_09_JAX_LV","LV",4,TRUE,3,"3"
"2025_09_JAX_LV","LV",6,TRUE,8,"4+"
"2025_09_JAX_LV","LV",8,TRUE,0,"0"
"2025_09_JAX_LV","LV",10,TRUE,2,"2"
"2025_09_JAX_LV","LV",12,TRUE,4,"4+"
"2025_09_JAX_LV","LV",14,TRUE,3,"3"
"2025_09_JAX_LV","LV",16,TRUE,0,"0"
"2025_09_JAX_LV","LV",18,TRUE,4,"4+"
"2025_09_KC_BUF","BUF",1,TRUE,5,"4+"
"2025_09_KC_BUF","BUF",3,TRUE,1,"1"
"2025_09_KC_BUF","BUF",5,TRUE,0,"0"
"2025_09_KC_BUF","BUF",7,TRUE,3,"3"
"2025_09_KC_BUF","BUF",9,TRUE,4,"4+"
"2025_09_KC_BUF","BUF",11,TRUE,0,"0"
"2025_09_KC_BUF","BUF",13,TRUE,2,"2"
"2025_09_KC_BUF","BUF",15,TRUE,4,"4+"
"2025_09_KC_BUF","BUF",17,TRUE,2,"2"
"2025_09_KC_BUF","BUF",19,TRUE,2,"2"
"2025_09_KC_BUF","KC",2,TRUE,0,"0"
"2025_09_KC_BUF","KC",4,TRUE,5,"4+"
"2025_09_KC_BUF","KC",6,TRUE,2,"2"
"2025_09_KC_BUF","KC",8,TRUE,1,"1"
"2025_09_KC_BUF","KC",10,TRUE,2,"2"
"2025_09_KC_BUF","KC",12,TRUE,0,"0"
"2025_09_KC_BUF","KC",14,TRUE,1,"1"
"2025_09_KC_BUF","KC",16,TRUE,3,"3"
"2025_09_KC_BUF","KC",18,TRUE,1,"1"
"2025_09_KC_BUF","KC",20,TRUE,1,"1"
"2025_09_LAC_TEN","LAC",2,TRUE,0,"0"
"2025_09_LAC_TEN","LAC",3,TRUE,4,"4+"
"2025_09_LAC_TEN","LAC",5,TRUE,0,"0"
"2025_09_LAC_TEN","LAC",6,TRUE,2,"2"
"2025_09_LAC_TEN","LAC",8,TRUE,4,"4+"
"2025_09_LAC_TEN","LAC",10,TRUE,0,"0"
"2025_09_LAC_TEN","LAC",12,TRUE,1,"1"
"2025_09_LAC_TEN","LAC",14,TRUE,0,"0"
"2025_09_LAC_TEN","LAC",16,TRUE,7,"4+"
"2025_09_LAC_TEN","LAC",18,TRUE,0,"0"
"2025_09_LAC_TEN","LAC",20,TRUE,3,"3"
"2025_09_LAC_TEN","TEN",1,TRUE,2,"2"
"2025_09_LAC_TEN","TEN",4,TRUE,1,"1"
"2025_09_LAC_TEN","TEN",7,TRUE,0,"0"
"2025_09_LAC_TEN","TEN",9,TRUE,1,"1"
"2025_09_LAC_TEN","TEN",11,TRUE,0,"0"
"2025_09_LAC_TEN","TEN",13,TRUE,0,"0"
"2025_09_LAC_TEN","TEN",15,TRUE,4,"4+"
"2025_09_LAC_TEN","TEN",17,TRUE,0,"0"
"2025_09_LAC_TEN","TEN",19,TRUE,2,"2"
"2025_09_MIN_DET","DET",1,TRUE,3,"3"
"2025_09_MIN_DET","DET",3,TRUE,0,"0"
"2025_09_MIN_DET","DET",5,TRUE,1,"1"
"2025_09_MIN_DET","DET",7,TRUE,3,"3"
"2025_09_MIN_DET","DET",9,TRUE,0,"0"
"2025_09_MIN_DET","DET",11,TRUE,0,"0"
"2025_09_MIN_DET","DET",14,TRUE,0,"0"
"2025_09_MIN_DET","DET",16,TRUE,0,"0"
"2025_09_MIN_DET","DET",18,TRUE,3,"3"
"2025_09_MIN_DET","DET",20,TRUE,3,"3"
"2025_09_MIN_DET","DET",22,TRUE,2,"2"
"2025_09_MIN_DET","MIN",2,TRUE,3,"3"
"2025_09_MIN_DET","MIN",4,TRUE,4,"4+"
"2025_09_MIN_DET","MIN",6,TRUE,0,"0"
"2025_09_MIN_DET","MIN",8,TRUE,3,"3"
"2025_09_MIN_DET","MIN",10,TRUE,2,"2"
"2025_09_MIN_DET","MIN",12,TRUE,0,"0"
"2025_09_MIN_DET","MIN",13,TRUE,1,"1"
"2025_09_MIN_DET","MIN",15,TRUE,1,"1"
"2025_09_MIN_DET","MIN",17,TRUE,2,"2"
"2025_09_MIN_DET","MIN",19,TRUE,0,"0"
"2025_09_MIN_DET","MIN",21,TRUE,2,"2"
"2025_09_MIN_DET","MIN",23,TRUE,1,"1"
"2025_09_NO_LA","LA",2,TRUE,6,"4+"
"2025_09_NO_LA","LA",4,TRUE,0,"0"
"2025_09_NO_LA","LA",6,TRUE,6,"4+"
"2025_09_NO_LA","LA",8,TRUE,2,"2"
"2025_09_NO_LA","LA",10,TRUE,3,"3"
"2025_09_NO_LA","LA",12,TRUE,0,"0"
"2025_09_NO_LA","LA",13,TRUE,6,"4+"
"2025_09_NO_LA","LA",15,TRUE,4,"4+"
"2025_09_NO_LA","LA",17,TRUE,0,"0"
"2025_09_NO_LA","LA",19,TRUE,3,"3"
"2025_09_NO_LA","NO",1,TRUE,0,"0"
"2025_09_NO_LA","NO",3,TRUE,0,"0"
"2025_09_NO_LA","NO",5,TRUE,0,"0"
"2025_09_NO_LA","NO",7,TRUE,2,"2"
"2025_09_NO_LA","NO",9,TRUE,0,"0"
"2025_09_NO_LA","NO",11,TRUE,4,"4+"
"2025_09_NO_LA","NO",14,TRUE,1,"1"
"2025_09_NO_LA","NO",16,TRUE,2,"2"
"2025_09_NO_LA","NO",18,TRUE,1,"1"
"2025_09_SEA_WAS","SEA",2,TRUE,7,"4+"
"2025_09_SEA_WAS","SEA",4,TRUE,3,"3"
"2025_09_SEA_WAS","SEA",5,TRUE,1,"1"
"2025_09_SEA_WAS","SEA",7,TRUE,2,"2"
"2025_09_SEA_WAS","SEA",9,TRUE,2,"2"
"2025_09_SEA_WAS","SEA",10,TRUE,0,"0"
"2025_09_SEA_WAS","SEA",12,TRUE,1,"1"
"2025_09_SEA_WAS","SEA",14,TRUE,4,"4+"
"2025_09_SEA_WAS","SEA",16,TRUE,0,"0"
"2025_09_SEA_WAS","SEA",18,TRUE,0,"0"
"2025_09_SEA_WAS","WAS",1,TRUE,1,"1"
"2025_09_SEA_WAS","WAS",3,TRUE,2,"2"
"2025_09_SEA_WAS","WAS",6,TRUE,0,"0"
"2025_09_SEA_WAS","WAS",8,TRUE,6,"4+"
"2025_09_SEA_WAS","WAS",11,TRUE,1,"1"
"2025_09_SEA_WAS","WAS",13,TRUE,1,"1"
"2025_09_SEA_WAS","WAS",15,TRUE,1,"1"
"2025_09_SEA_WAS","WAS",17,TRUE,5,"4+"
"2025_09_SEA_WAS","WAS",19,TRUE,2,"2"
"2025_09_SF_NYG","NYG",1,TRUE,5,"4+"
"2025_09_SF_NYG","NYG",3,TRUE,0,"0"
"2025_09_SF_NYG","NYG",5,TRUE,1,"1"
"2025_09_SF_NYG","NYG",7,TRUE,0,"0"
"2025_09_SF_NYG","NYG",9,TRUE,0,"0"
"2025_09_SF_NYG","NYG",11,TRUE,0,"0"
"2025_09_SF_NYG","NYG",14,TRUE,3,"3"
"2025_09_SF_NYG","NYG",16,TRUE,1,"1"
"2025_09_SF_NYG","NYG",18,TRUE,4,"4+"
"2025_09_SF_NYG","NYG",20,TRUE,4,"4+"
"2025_09_SF_NYG","SF",2,TRUE,5,"4+"
"2025_09_SF_NYG","SF",4,TRUE,5,"4+"
"2025_09_SF_NYG","SF",6,TRUE,2,"2"
"2025_09_SF_NYG","SF",8,TRUE,0,"0"
"2025_09_SF_NYG","SF",10,TRUE,0,"0"
"2025_09_SF_NYG","SF",12,TRUE,0,"0"
"2025_09_SF_NYG","SF",13,TRUE,4,"4+"
"2025_09_SF_NYG","SF",15,TRUE,0,"0"
"2025_09_SF_NYG","SF",17,TRUE,5,"4+"
"2025_09_SF_NYG","SF",19,TRUE,3,"3"
"2025_09_SF_NYG","SF",21,TRUE,1,"1"
"2025_10_ARI_SEA","ARI",2,TRUE,1,"1"
"2025_10_ARI_SEA","ARI",3,TRUE,1,"1"
"2025_10_ARI_SEA","ARI",5,TRUE,1,"1"
"2025_10_ARI_SEA","ARI",6,TRUE,1,"1"
"2025_10_ARI_SEA","ARI",8,TRUE,4,"4+"
"2025_10_ARI_SEA","ARI",10,TRUE,1,"1"
"2025_10_ARI_SEA","ARI",12,TRUE,2,"2"
"2025_10_ARI_SEA","ARI",14,TRUE,5,"4+"
"2025_10_ARI_SEA","ARI",16,TRUE,1,"1"
"2025_10_ARI_SEA","ARI",18,TRUE,1,"1"
"2025_10_ARI_SEA","ARI",20,TRUE,3,"3"
"2025_10_ARI_SEA","ARI",22,TRUE,0,"0"
"2025_10_ARI_SEA","SEA",1,TRUE,3,"3"
"2025_10_ARI_SEA","SEA",4,TRUE,6,"4+"
"2025_10_ARI_SEA","SEA",7,TRUE,3,"3"
"2025_10_ARI_SEA","SEA",9,TRUE,0,"0"
"2025_10_ARI_SEA","SEA",11,TRUE,2,"2"
"2025_10_ARI_SEA","SEA",13,TRUE,0,"0"
"2025_10_ARI_SEA","SEA",15,TRUE,0,"0"
"2025_10_ARI_SEA","SEA",17,TRUE,1,"1"
"2025_10_ARI_SEA","SEA",19,TRUE,4,"4+"
"2025_10_ARI_SEA","SEA",21,TRUE,2,"2"
"2025_10_ARI_SEA","SEA",23,TRUE,1,"1"
"2025_10_ATL_IND","ATL",2,TRUE,1,"1"
"2025_10_ATL_IND","ATL",4,TRUE,5,"4+"
"2025_10_ATL_IND","ATL",6,TRUE,2,"2"
"2025_10_ATL_IND","ATL",8,TRUE,0,"0"
"2025_10_ATL_IND","ATL",10,TRUE,3,"3"
"2025_10_ATL_IND","ATL",12,TRUE,0,"0"
"2025_10_ATL_IND","ATL",13,TRUE,2,"2"
"2025_10_ATL_IND","ATL",15,TRUE,0,"0"
"2025_10_ATL_IND","ATL",17,TRUE,1,"1"
"2025_10_ATL_IND","ATL",19,TRUE,1,"1"
"2025_10_ATL_IND","ATL",21,TRUE,6,"4+"
"2025_10_ATL_IND","ATL",23,TRUE,0,"0"
"2025_10_ATL_IND","ATL",24,TRUE,1,"1"
"2025_10_ATL_IND","IND",1,TRUE,3,"3"
"2025_10_ATL_IND","IND",3,TRUE,2,"2"
"2025_10_ATL_IND","IND",5,TRUE,2,"2"
"2025_10_ATL_IND","IND",7,TRUE,4,"4+"
"2025_10_ATL_IND","IND",9,TRUE,0,"0"
"2025_10_ATL_IND","IND",11,TRUE,2,"2"
"2025_10_ATL_IND","IND",14,TRUE,1,"1"
"2025_10_ATL_IND","IND",16,TRUE,4,"4+"
"2025_10_ATL_IND","IND",18,TRUE,2,"2"
"2025_10_ATL_IND","IND",20,TRUE,1,"1"
"2025_10_ATL_IND","IND",22,TRUE,1,"1"
"2025_10_ATL_IND","IND",25,TRUE,3,"3"
"2025_10_BAL_MIN","BAL",1,TRUE,0,"0"
"2025_10_BAL_MIN","BAL",3,TRUE,3,"3"
"2025_10_BAL_MIN","BAL",5,TRUE,0,"0"
"2025_10_BAL_MIN","BAL",7,TRUE,0,"0"
"2025_10_BAL_MIN","BAL",9,TRUE,4,"4+"
"2025_10_BAL_MIN","BAL",11,TRUE,4,"4+"
"2025_10_BAL_MIN","BAL",14,TRUE,3,"3"
"2025_10_BAL_MIN","BAL",15,TRUE,3,"3"
"2025_10_BAL_MIN","BAL",17,TRUE,0,"0"
"2025_10_BAL_MIN","BAL",19,TRUE,5,"4+"
"2025_10_BAL_MIN","BAL",21,TRUE,0,"0"
"2025_10_BAL_MIN","BAL",23,TRUE,1,"1"
"2025_10_BAL_MIN","BAL",25,TRUE,0,"0"
"2025_10_BAL_MIN","MIN",2,TRUE,3,"3"
"2025_10_BAL_MIN","MIN",4,TRUE,0,"0"
"2025_10_BAL_MIN","MIN",6,TRUE,1,"1"
"2025_10_BAL_MIN","MIN",8,TRUE,1,"1"
"2025_10_BAL_MIN","MIN",10,TRUE,0,"0"
"2025_10_BAL_MIN","MIN",13,TRUE,1,"1"
"2025_10_BAL_MIN","MIN",16,TRUE,1,"1"
"2025_10_BAL_MIN","MIN",18,TRUE,3,"3"
"2025_10_BAL_MIN","MIN",20,TRUE,3,"3"
"2025_10_BAL_MIN","MIN",22,TRUE,4,"4+"
"2025_10_BAL_MIN","MIN",24,TRUE,1,"1"
"2025_10_BUF_MIA","BUF",2,TRUE,0,"0"
"2025_10_BUF_MIA","BUF",4,TRUE,1,"1"
"2025_10_BUF_MIA","BUF",6,TRUE,0,"0"
"2025_10_BUF_MIA","BUF",8,TRUE,3,"3"
"2025_10_BUF_MIA","BUF",10,TRUE,0,"0"
"2025_10_BUF_MIA","BUF",12,TRUE,0,"0"
"2025_10_BUF_MIA","BUF",13,TRUE,6,"4+"
"2025_10_BUF_MIA","BUF",15,TRUE,4,"4+"
"2025_10_BUF_MIA","BUF",17,TRUE,1,"1"
"2025_10_BUF_MIA","BUF",19,TRUE,5,"4+"
"2025_10_BUF_MIA","BUF",21,TRUE,0,"0"
"2025_10_BUF_MIA","MIA",1,TRUE,0,"0"
"2025_10_BUF_MIA","MIA",3,TRUE,6,"4+"
"2025_10_BUF_MIA","MIA",5,TRUE,2,"2"
"2025_10_BUF_MIA","MIA",7,TRUE,0,"0"
"2025_10_BUF_MIA","MIA",9,TRUE,4,"4+"
"2025_10_BUF_MIA","MIA",11,TRUE,1,"1"
"2025_10_BUF_MIA","MIA",14,TRUE,2,"2"
"2025_10_BUF_MIA","MIA",16,TRUE,1,"1"
"2025_10_BUF_MIA","MIA",18,TRUE,1,"1"
"2025_10_BUF_MIA","MIA",20,TRUE,1,"1"
"2025_10_BUF_MIA","MIA",22,TRUE,0,"0"
"2025_10_CLE_NYJ","CLE",1,TRUE,0,"0"
"2025_10_CLE_NYJ","CLE",3,TRUE,5,"4+"
"2025_10_CLE_NYJ","CLE",5,TRUE,0,"0"
"2025_10_CLE_NYJ","CLE",6,TRUE,1,"1"
"2025_10_CLE_NYJ","CLE",8,TRUE,3,"3"
"2025_10_CLE_NYJ","CLE",10,TRUE,1,"1"
"2025_10_CLE_NYJ","CLE",12,TRUE,1,"1"
"2025_10_CLE_NYJ","CLE",14,TRUE,2,"2"
"2025_10_CLE_NYJ","CLE",16,TRUE,3,"3"
"2025_10_CLE_NYJ","CLE",18,TRUE,0,"0"
"2025_10_CLE_NYJ","CLE",20,TRUE,1,"1"
"2025_10_CLE_NYJ","CLE",22,TRUE,3,"3"
"2025_10_CLE_NYJ","NYJ",2,TRUE,0,"0"
"2025_10_CLE_NYJ","NYJ",7,TRUE,0,"0"
"2025_10_CLE_NYJ","NYJ",9,TRUE,0,"0"
"2025_10_CLE_NYJ","NYJ",11,TRUE,3,"3"
"2025_10_CLE_NYJ","NYJ",13,TRUE,0,"0"
"2025_10_CLE_NYJ","NYJ",15,TRUE,0,"0"
"2025_10_CLE_NYJ","NYJ",17,TRUE,0,"0"
"2025_10_CLE_NYJ","NYJ",19,TRUE,3,"3"
"2025_10_CLE_NYJ","NYJ",21,TRUE,2,"2"
"2025_10_CLE_NYJ","NYJ",23,TRUE,3,"3"
"2025_10_DET_WAS","DET",2,TRUE,5,"4+"
"2025_10_DET_WAS","DET",4,TRUE,5,"4+"
"2025_10_DET_WAS","DET",6,TRUE,5,"4+"
"2025_10_DET_WAS","DET",8,TRUE,3,"3"
"2025_10_DET_WAS","DET",10,TRUE,5,"4+"
"2025_10_DET_WAS","DET",12,TRUE,2,"2"
"2025_10_DET_WAS","DET",14,TRUE,3,"3"
"2025_10_DET_WAS","DET",16,TRUE,1,"1"
"2025_10_DET_WAS","DET",18,TRUE,1,"1"
"2025_10_DET_WAS","WAS",1,TRUE,0,"0"
"2025_10_DET_WAS","WAS",3,TRUE,2,"2"
"2025_10_DET_WAS","WAS",5,TRUE,1,"1"
"2025_10_DET_WAS","WAS",7,TRUE,4,"4+"
"2025_10_DET_WAS","WAS",9,TRUE,0,"0"
"2025_10_DET_WAS","WAS",11,TRUE,3,"3"
"2025_10_DET_WAS","WAS",13,TRUE,0,"0"
"2025_10_DET_WAS","WAS",15,TRUE,4,"4+"
"2025_10_DET_WAS","WAS",17,TRUE,0,"0"
"2025_10_JAX_HOU","HOU",1,TRUE,1,"1"
"2025_10_JAX_HOU","HOU",4,TRUE,2,"2"
"2025_10_JAX_HOU","HOU",6,TRUE,0,"0"
"2025_10_JAX_HOU","HOU",7,TRUE,2,"2"
"2025_10_JAX_HOU","HOU",9,TRUE,5,"4+"
"2025_10_JAX_HOU","HOU",11,TRUE,1,"1"
"2025_10_JAX_HOU","HOU",13,TRUE,1,"1"
"2025_10_JAX_HOU","HOU",15,TRUE,5,"4+"
"2025_10_JAX_HOU","HOU",17,TRUE,3,"3"
"2025_10_JAX_HOU","HOU",19,TRUE,7,"4+"
"2025_10_JAX_HOU","JAX",2,TRUE,1,"1"
"2025_10_JAX_HOU","JAX",3,TRUE,2,"2"
"2025_10_JAX_HOU","JAX",5,TRUE,1,"1"
"2025_10_JAX_HOU","JAX",8,TRUE,3,"3"
"2025_10_JAX_HOU","JAX",10,TRUE,2,"2"
"2025_10_JAX_HOU","JAX",12,TRUE,3,"3"
"2025_10_JAX_HOU","JAX",14,TRUE,6,"4+"
"2025_10_JAX_HOU","JAX",16,TRUE,0,"0"
"2025_10_JAX_HOU","JAX",18,TRUE,0,"0"
"2025_10_JAX_HOU","JAX",20,TRUE,1,"1"
"2025_10_LA_SF","LA",1,TRUE,6,"4+"
"2025_10_LA_SF","LA",3,TRUE,5,"4+"
"2025_10_LA_SF","LA",5,TRUE,4,"4+"
"2025_10_LA_SF","LA",7,TRUE,0,"0"
"2025_10_LA_SF","LA",9,TRUE,2,"2"
"2025_10_LA_SF","LA",11,TRUE,0,"0"
"2025_10_LA_SF","LA",13,TRUE,6,"4+"
"2025_10_LA_SF","LA",15,TRUE,4,"4+"
"2025_10_LA_SF","LA",17,TRUE,2,"2"
"2025_10_LA_SF","LA",19,TRUE,2,"2"
"2025_10_LA_SF","SF",2,TRUE,0,"0"
"2025_10_LA_SF","SF",4,TRUE,2,"2"
"2025_10_LA_SF","SF",6,TRUE,3,"3"
"2025_10_LA_SF","SF",8,TRUE,3,"3"
"2025_10_LA_SF","SF",10,TRUE,2,"2"
"2025_10_LA_SF","SF",12,TRUE,5,"4+"
"2025_10_LA_SF","SF",14,TRUE,5,"4+"
"2025_10_LA_SF","SF",16,TRUE,0,"0"
"2025_10_LA_SF","SF",18,TRUE,4,"4+"
"2025_10_LV_DEN","DEN",2,TRUE,0,"0"
"2025_10_LV_DEN","DEN",4,TRUE,0,"0"
"2025_10_LV_DEN","DEN",6,TRUE,0,"0"
"2025_10_LV_DEN","DEN",8,TRUE,0,"0"
"2025_10_LV_DEN","DEN",10,TRUE,3,"3"
"2025_10_LV_DEN","DEN",12,TRUE,1,"1"
"2025_10_LV_DEN","DEN",14,TRUE,0,"0"
"2025_10_LV_DEN","DEN",16,TRUE,3,"3"
"2025_10_LV_DEN","DEN",18,TRUE,0,"0"
"2025_10_LV_DEN","DEN",20,TRUE,0,"0"
"2025_10_LV_DEN","DEN",22,TRUE,0,"0"
"2025_10_LV_DEN","DEN",24,TRUE,0,"0"
"2025_10_LV_DEN","DEN",26,TRUE,3,"3"
"2025_10_LV_DEN","LV",1,TRUE,2,"2"
"2025_10_LV_DEN","LV",3,TRUE,3,"3"
"2025_10_LV_DEN","LV",5,TRUE,1,"1"
"2025_10_LV_DEN","LV",7,TRUE,1,"1"
"2025_10_LV_DEN","LV",9,TRUE,0,"0"
"2025_10_LV_DEN","LV",11,TRUE,0,"0"
"2025_10_LV_DEN","LV",13,TRUE,0,"0"
"2025_10_LV_DEN","LV",15,TRUE,0,"0"
"2025_10_LV_DEN","LV",17,TRUE,0,"0"
"2025_10_LV_DEN","LV",19,TRUE,0,"0"
"2025_10_LV_DEN","LV",21,TRUE,0,"0"
"2025_10_LV_DEN","LV",23,TRUE,2,"2"
"2025_10_LV_DEN","LV",25,TRUE,1,"1"
"2025_10_NE_TB","NE",2,TRUE,1,"1"
"2025_10_NE_TB","NE",4,TRUE,2,"2"
"2025_10_NE_TB","NE",6,TRUE,1,"1"
"2025_10_NE_TB","NE",8,TRUE,1,"1"
"2025_10_NE_TB","NE",10,TRUE,5,"4+"
"2025_10_NE_TB","NE",11,TRUE,2,"2"
"2025_10_NE_TB","NE",13,TRUE,0,"0"
"2025_10_NE_TB","NE",15,TRUE,1,"1"
"2025_10_NE_TB","NE",17,TRUE,0,"0"
"2025_10_NE_TB","NE",19,TRUE,2,"2"
"2025_10_NE_TB","NE",21,TRUE,1,"1"
"2025_10_NE_TB","NE",23,TRUE,0,"0"
"2025_10_NE_TB","TB",1,TRUE,3,"3"
"2025_10_NE_TB","TB",3,TRUE,2,"2"
"2025_10_NE_TB","TB",5,TRUE,0,"0"
"2025_10_NE_TB","TB",7,TRUE,0,"0"
"2025_10_NE_TB","TB",9,TRUE,3,"3"
"2025_10_NE_TB","TB",12,TRUE,1,"1"
"2025_10_NE_TB","TB",14,TRUE,7,"4+"
"2025_10_NE_TB","TB",16,TRUE,1,"1"
"2025_10_NE_TB","TB",18,TRUE,0,"0"
"2025_10_NE_TB","TB",20,TRUE,3,"3"
"2025_10_NE_TB","TB",22,TRUE,4,"4+"
"2025_10_NO_CAR","CAR",1,TRUE,6,"4+"
"2025_10_NO_CAR","CAR",3,TRUE,1,"1"
"2025_10_NO_CAR","CAR",5,TRUE,0,"0"
"2025_10_NO_CAR","CAR",7,TRUE,0,"0"
"2025_10_NO_CAR","CAR",9,TRUE,0,"0"
"2025_10_NO_CAR","CAR",11,TRUE,1,"1"
"2025_10_NO_CAR","CAR",13,TRUE,3,"3"
"2025_10_NO_CAR","CAR",14,TRUE,1,"1"
"2025_10_NO_CAR","CAR",16,TRUE,0,"0"
"2025_10_NO_CAR","CAR",18,TRUE,1,"1"
"2025_10_NO_CAR","NO",2,TRUE,3,"3"
"2025_10_NO_CAR","NO",4,TRUE,0,"0"
"2025_10_NO_CAR","NO",6,TRUE,2,"2"
"2025_10_NO_CAR","NO",8,TRUE,1,"1"
"2025_10_NO_CAR","NO",10,TRUE,2,"2"
"2025_10_NO_CAR","NO",12,TRUE,0,"0"
"2025_10_NO_CAR","NO",15,TRUE,3,"3"
"2025_10_NO_CAR","NO",17,TRUE,2,"2"
"2025_10_NO_CAR","NO",19,TRUE,4,"4+"
"2025_10_NYG_CHI","CHI",1,TRUE,1,"1"
"2025_10_NYG_CHI","CHI",3,TRUE,4,"4+"
"2025_10_NYG_CHI","CHI",5,TRUE,1,"1"
"2025_10_NYG_CHI","CHI",7,TRUE,1,"1"
"2025_10_NYG_CHI","CHI",9,TRUE,2,"2"
"2025_10_NYG_CHI","CHI",11,TRUE,0,"0"
"2025_10_NYG_CHI","CHI",13,TRUE,1,"1"
"2025_10_NYG_CHI","CHI",15,TRUE,5,"4+"
"2025_10_NYG_CHI","CHI",17,TRUE,0,"0"
"2025_10_NYG_CHI","CHI",19,TRUE,6,"4+"
"2025_10_NYG_CHI","CHI",21,TRUE,2,"2"
"2025_10_NYG_CHI","CHI",23,TRUE,0,"0"
"2025_10_NYG_CHI","NYG",2,TRUE,1,"1"
"2025_10_NYG_CHI","NYG",4,TRUE,0,"0"
"2025_10_NYG_CHI","NYG",6,TRUE,3,"3"
"2025_10_NYG_CHI","NYG",8,TRUE,4,"4+"
"2025_10_NYG_CHI","NYG",10,TRUE,2,"2"
"2025_10_NYG_CHI","NYG",12,TRUE,3,"3"
"2025_10_NYG_CHI","NYG",14,TRUE,3,"3"
"2025_10_NYG_CHI","NYG",16,TRUE,4,"4+"
"2025_10_NYG_CHI","NYG",18,TRUE,0,"0"
"2025_10_NYG_CHI","NYG",20,TRUE,0,"0"
"2025_10_NYG_CHI","NYG",22,TRUE,1,"1"
"2025_10_PHI_GB","GB",1,TRUE,2,"2"
"2025_10_PHI_GB","GB",3,TRUE,0,"0"
"2025_10_PHI_GB","GB",5,TRUE,1,"1"
"2025_10_PHI_GB","GB",7,TRUE,0,"0"
"2025_10_PHI_GB","GB",9,TRUE,3,"3"
"2025_10_PHI_GB","GB",12,TRUE,2,"2"
"2025_10_PHI_GB","GB",14,TRUE,3,"3"
"2025_10_PHI_GB","GB",16,TRUE,5,"4+"
"2025_10_PHI_GB","GB",18,TRUE,1,"1"
"2025_10_PHI_GB","GB",20,TRUE,1,"1"
"2025_10_PHI_GB","PHI",2,TRUE,5,"4+"
"2025_10_PHI_GB","PHI",4,TRUE,0,"0"
"2025_10_PHI_GB","PHI",6,TRUE,0,"0"
"2025_10_PHI_GB","PHI",8,TRUE,1,"1"
"2025_10_PHI_GB","PHI",10,TRUE,0,"0"
"2025_10_PHI_GB","PHI",11,TRUE,3,"3"
"2025_10_PHI_GB","PHI",13,TRUE,0,"0"
"2025_10_PHI_GB","PHI",15,TRUE,2,"2"
"2025_10_PHI_GB","PHI",17,TRUE,2,"2"
"2025_10_PHI_GB","PHI",19,TRUE,0,"0"
"2025_10_PIT_LAC","LAC",2,TRUE,0,"0"
"2025_10_PIT_LAC","LAC",4,TRUE,1,"1"
"2025_10_PIT_LAC","LAC",6,TRUE,0,"0"
"2025_10_PIT_LAC","LAC",8,TRUE,4,"4+"
"2025_10_PIT_LAC","LAC",10,TRUE,1,"1"
"2025_10_PIT_LAC","LAC",12,TRUE,3,"3"
"2025_10_PIT_LAC","LAC",14,TRUE,1,"1"
"2025_10_PIT_LAC","LAC",16,TRUE,2,"2"
"2025_10_PIT_LAC","LAC",18,TRUE,1,"1"
"2025_10_PIT_LAC","LAC",20,TRUE,4,"4+"
"2025_10_PIT_LAC","LAC",22,TRUE,0,"0"
"2025_10_PIT_LAC","LAC",23,TRUE,0,"0"
"2025_10_PIT_LAC","LAC",25,TRUE,1,"1"
"2025_10_PIT_LAC","PIT",1,TRUE,0,"0"
"2025_10_PIT_LAC","PIT",3,TRUE,0,"0"
"2025_10_PIT_LAC","PIT",5,TRUE,0,"0"
"2025_10_PIT_LAC","PIT",7,TRUE,3,"3"
"2025_10_PIT_LAC","PIT",9,TRUE,0,"0"
"2025_10_PIT_LAC","PIT",11,TRUE,0,"0"
"2025_10_PIT_LAC","PIT",13,TRUE,0,"0"
"2025_10_PIT_LAC","PIT",15,TRUE,1,"1"
"2025_10_PIT_LAC","PIT",17,TRUE,0,"0"
"2025_10_PIT_LAC","PIT",19,TRUE,3,"3"
"2025_10_PIT_LAC","PIT",21,TRUE,1,"1"
"2025_10_PIT_LAC","PIT",24,TRUE,3,"3"
"2025_11_BAL_CLE","BAL",2,TRUE,6,"4+"
"2025_11_BAL_CLE","BAL",4,TRUE,1,"1"
"2025_11_BAL_CLE","BAL",7,TRUE,0,"0"
"2025_11_BAL_CLE","BAL",8,TRUE,3,"3"
"2025_11_BAL_CLE","BAL",10,TRUE,0,"0"
"2025_11_BAL_CLE","BAL",12,TRUE,0,"0"
"2025_11_BAL_CLE","BAL",14,TRUE,2,"2"
"2025_11_BAL_CLE","BAL",16,TRUE,0,"0"
"2025_11_BAL_CLE","BAL",18,TRUE,1,"1"
"2025_11_BAL_CLE","BAL",20,TRUE,3,"3"
"2025_11_BAL_CLE","BAL",22,TRUE,1,"1"
"2025_11_BAL_CLE","BAL",24,TRUE,0,"0"
"2025_11_BAL_CLE","CLE",1,TRUE,0,"0"
"2025_11_BAL_CLE","CLE",3,TRUE,3,"3"
"2025_11_BAL_CLE","CLE",5,TRUE,1,"1"
"2025_11_BAL_CLE","CLE",6,TRUE,0,"0"
"2025_11_BAL_CLE","CLE",9,TRUE,2,"2"
"2025_11_BAL_CLE","CLE",11,TRUE,0,"0"
"2025_11_BAL_CLE","CLE",13,TRUE,0,"0"
"2025_11_BAL_CLE","CLE",15,TRUE,0,"0"
"2025_11_BAL_CLE","CLE",17,TRUE,1,"1"
"2025_11_BAL_CLE","CLE",19,TRUE,1,"1"
"2025_11_BAL_CLE","CLE",21,TRUE,0,"0"
"2025_11_BAL_CLE","CLE",23,TRUE,2,"2"
"2025_11_CAR_ATL","ATL",1,TRUE,0,"0"
"2025_11_CAR_ATL","ATL",3,TRUE,3,"3"
"2025_11_CAR_ATL","ATL",5,TRUE,7,"4+"
"2025_11_CAR_ATL","ATL",7,TRUE,6,"4+"
"2025_11_CAR_ATL","ATL",9,TRUE,1,"1"
"2025_11_CAR_ATL","ATL",12,TRUE,1,"1"
"2025_11_CAR_ATL","ATL",14,TRUE,1,"1"
"2025_11_CAR_ATL","ATL",16,TRUE,2,"2"
"2025_11_CAR_ATL","ATL",18,TRUE,0,"0"
"2025_11_CAR_ATL","ATL",20,TRUE,2,"2"
"2025_11_CAR_ATL","ATL",22,TRUE,0,"0"
"2025_11_CAR_ATL","CAR",2,TRUE,4,"4+"
"2025_11_CAR_ATL","CAR",4,TRUE,1,"1"
"2025_11_CAR_ATL","CAR",6,TRUE,0,"0"
"2025_11_CAR_ATL","CAR",8,TRUE,2,"2"
"2025_11_CAR_ATL","CAR",10,TRUE,3,"3"
"2025_11_CAR_ATL","CAR",11,TRUE,1,"1"
"2025_11_CAR_ATL","CAR",13,TRUE,3,"3"
"2025_11_CAR_ATL","CAR",15,TRUE,1,"1"
"2025_11_CAR_ATL","CAR",17,TRUE,2,"2"
"2025_11_CAR_ATL","CAR",19,TRUE,4,"4+"
"2025_11_CAR_ATL","CAR",21,TRUE,0,"0"
"2025_11_CAR_ATL","CAR",23,TRUE,1,"1"
"2025_11_CHI_MIN","CHI",2,TRUE,0,"0"
"2025_11_CHI_MIN","CHI",4,TRUE,0,"0"
"2025_11_CHI_MIN","CHI",6,TRUE,1,"1"
"2025_11_CHI_MIN","CHI",8,TRUE,7,"4+"
"2025_11_CHI_MIN","CHI",10,TRUE,0,"0"
"2025_11_CHI_MIN","CHI",12,TRUE,0,"0"
"2025_11_CHI_MIN","CHI",14,TRUE,2,"2"
"2025_11_CHI_MIN","CHI",16,TRUE,4,"4+"
"2025_11_CHI_MIN","CHI",18,TRUE,1,"1"
"2025_11_CHI_MIN","CHI",20,TRUE,2,"2"
"2025_11_CHI_MIN","CHI",22,TRUE,2,"2"
"2025_11_CHI_MIN","CHI",24,TRUE,0,"0"
"2025_11_CHI_MIN","MIN",1,TRUE,2,"2"
"2025_11_CHI_MIN","MIN",3,TRUE,0,"0"
"2025_11_CHI_MIN","MIN",5,TRUE,3,"3"
"2025_11_CHI_MIN","MIN",7,TRUE,0,"0"
"2025_11_CHI_MIN","MIN",9,TRUE,1,"1"
"2025_11_CHI_MIN","MIN",11,TRUE,2,"2"
"2025_11_CHI_MIN","MIN",13,TRUE,0,"0"
"2025_11_CHI_MIN","MIN",15,TRUE,1,"1"
"2025_11_CHI_MIN","MIN",17,TRUE,0,"0"
"2025_11_CHI_MIN","MIN",19,TRUE,1,"1"
"2025_11_CHI_MIN","MIN",21,TRUE,0,"0"
"2025_11_CHI_MIN","MIN",23,TRUE,5,"4+"
"2025_11_CIN_PIT","CIN",2,TRUE,4,"4+"
"2025_11_CIN_PIT","CIN",4,TRUE,2,"2"
"2025_11_CIN_PIT","CIN",6,TRUE,0,"0"
"2025_11_CIN_PIT","CIN",8,TRUE,1,"1"
"2025_11_CIN_PIT","CIN",10,TRUE,0,"0"
"2025_11_CIN_PIT","CIN",11,TRUE,2,"2"
"2025_11_CIN_PIT","CIN",13,TRUE,2,"2"
"2025_11_CIN_PIT","CIN",14,TRUE,3,"3"
"2025_11_CIN_PIT","CIN",16,TRUE,0,"0"
"2025_11_CIN_PIT","CIN",17,TRUE,3,"3"
"2025_11_CIN_PIT","PIT",1,TRUE,4,"4+"
"2025_11_CIN_PIT","PIT",3,TRUE,2,"2"
"2025_11_CIN_PIT","PIT",5,TRUE,0,"0"
"2025_11_CIN_PIT","PIT",7,TRUE,1,"1"
"2025_11_CIN_PIT","PIT",9,TRUE,6,"4+"
"2025_11_CIN_PIT","PIT",12,TRUE,4,"4+"
"2025_11_CIN_PIT","PIT",15,TRUE,5,"4+"
"2025_11_CIN_PIT","PIT",18,TRUE,0,"0"
"2025_11_DAL_LV","DAL",1,TRUE,0,"0"
"2025_11_DAL_LV","DAL",3,TRUE,1,"1"
"2025_11_DAL_LV","DAL",5,TRUE,2,"2"
"2025_11_DAL_LV","DAL",7,TRUE,4,"4+"
"2025_11_DAL_LV","DAL",9,TRUE,5,"4+"
"2025_11_DAL_LV","DAL",11,TRUE,3,"3"
"2025_11_DAL_LV","DAL",14,TRUE,6,"4+"
"2025_11_DAL_LV","DAL",16,TRUE,0,"0"
"2025_11_DAL_LV","DAL",18,TRUE,3,"3"
"2025_11_DAL_LV","DAL",20,TRUE,0,"0"
"2025_11_DAL_LV","LV",2,TRUE,1,"1"
"2025_11_DAL_LV","LV",4,TRUE,0,"0"
"2025_11_DAL_LV","LV",6,TRUE,3,"3"
"2025_11_DAL_LV","LV",8,TRUE,2,"2"
"2025_11_DAL_LV","LV",10,TRUE,3,"3"
"2025_11_DAL_LV","LV",12,TRUE,3,"3"
"2025_11_DAL_LV","LV",13,TRUE,0,"0"
"2025_11_DAL_LV","LV",15,TRUE,5,"4+"
"2025_11_DAL_LV","LV",17,TRUE,0,"0"
"2025_11_DAL_LV","LV",19,TRUE,0,"0"
"2025_11_DAL_LV","LV",21,TRUE,0,"0"
"2025_11_DET_PHI","DET",2,TRUE,1,"1"
"2025_11_DET_PHI","DET",4,TRUE,0,"0"
"2025_11_DET_PHI","DET",6,TRUE,3,"3"
"2025_11_DET_PHI","DET",8,TRUE,0,"0"
"2025_11_DET_PHI","DET",10,TRUE,0,"0"
"2025_11_DET_PHI","DET",12,TRUE,2,"2"
"2025_11_DET_PHI","DET",14,TRUE,0,"0"
"2025_11_DET_PHI","DET",15,TRUE,2,"2"
"2025_11_DET_PHI","DET",17,TRUE,2,"2"
"2025_11_DET_PHI","DET",19,TRUE,1,"1"
"2025_11_DET_PHI","DET",21,TRUE,1,"1"
"2025_11_DET_PHI","DET",23,TRUE,1,"1"
"2025_11_DET_PHI","DET",25,TRUE,0,"0"
"2025_11_DET_PHI","PHI",1,TRUE,1,"1"
"2025_11_DET_PHI","PHI",3,TRUE,0,"0"
"2025_11_DET_PHI","PHI",5,TRUE,1,"1"
"2025_11_DET_PHI","PHI",7,TRUE,0,"0"
"2025_11_DET_PHI","PHI",9,TRUE,0,"0"
"2025_11_DET_PHI","PHI",11,TRUE,2,"2"
"2025_11_DET_PHI","PHI",13,TRUE,5,"4+"
"2025_11_DET_PHI","PHI",16,TRUE,0,"0"
"2025_11_DET_PHI","PHI",18,TRUE,1,"1"
"2025_11_DET_PHI","PHI",20,TRUE,2,"2"
"2025_11_DET_PHI","PHI",22,TRUE,1,"1"
"2025_11_DET_PHI","PHI",24,TRUE,0,"0"
"2025_11_DET_PHI","PHI",26,TRUE,2,"2"
"2025_11_GB_NYG","GB",2,TRUE,2,"2"
"2025_11_GB_NYG","GB",4,TRUE,5,"4+"
"2025_11_GB_NYG","GB",6,TRUE,5,"4+"
"2025_11_GB_NYG","GB",8,TRUE,1,"1"
"2025_11_GB_NYG","GB",10,TRUE,3,"3"
"2025_11_GB_NYG","GB",12,TRUE,0,"0"
"2025_11_GB_NYG","GB",14,TRUE,3,"3"
"2025_11_GB_NYG","GB",16,TRUE,0,"0"
"2025_11_GB_NYG","NYG",1,TRUE,4,"4+"
"2025_11_GB_NYG","NYG",3,TRUE,0,"0"
"2025_11_GB_NYG","NYG",5,TRUE,0,"0"
"2025_11_GB_NYG","NYG",7,TRUE,5,"4+"
"2025_11_GB_NYG","NYG",9,TRUE,0,"0"
"2025_11_GB_NYG","NYG",11,TRUE,4,"4+"
"2025_11_GB_NYG","NYG",13,TRUE,6,"4+"
"2025_11_GB_NYG","NYG",15,TRUE,3,"3"
"2025_11_GB_NYG","NYG",17,TRUE,0,"0"
"2025_11_HOU_TEN","HOU",1,TRUE,4,"4+"
"2025_11_HOU_TEN","HOU",3,TRUE,1,"1"
"2025_11_HOU_TEN","HOU",5,TRUE,4,"4+"
"2025_11_HOU_TEN","HOU",7,TRUE,0,"0"
"2025_11_HOU_TEN","HOU",9,TRUE,0,"0"
"2025_11_HOU_TEN","HOU",11,TRUE,4,"4+"
"2025_11_HOU_TEN","HOU",13,TRUE,4,"4+"
"2025_11_HOU_TEN","HOU",15,TRUE,0,"0"
"2025_11_HOU_TEN","HOU",17,TRUE,0,"0"
"2025_11_HOU_TEN","HOU",19,TRUE,0,"0"
"2025_11_HOU_TEN","HOU",21,TRUE,3,"3"
"2025_11_HOU_TEN","TEN",2,TRUE,4,"4+"
"2025_11_HOU_TEN","TEN",4,TRUE,1,"1"
"2025_11_HOU_TEN","TEN",6,TRUE,0,"0"
"2025_11_HOU_TEN","TEN",8,TRUE,0,"0"
"2025_11_HOU_TEN","TEN",10,TRUE,2,"2"
"2025_11_HOU_TEN","TEN",12,TRUE,0,"0"
"2025_11_HOU_TEN","TEN",14,TRUE,1,"1"
"2025_11_HOU_TEN","TEN",16,TRUE,0,"0"
"2025_11_HOU_TEN","TEN",18,TRUE,0,"0"
"2025_11_HOU_TEN","TEN",20,TRUE,5,"4+"
"2025_11_KC_DEN","DEN",1,TRUE,4,"4+"
"2025_11_KC_DEN","DEN",3,TRUE,0,"0"
"2025_11_KC_DEN","DEN",5,TRUE,0,"0"
"2025_11_KC_DEN","DEN",7,TRUE,1,"1"
"2025_11_KC_DEN","DEN",9,TRUE,0,"0"
"2025_11_KC_DEN","DEN",12,TRUE,5,"4+"
"2025_11_KC_DEN","DEN",14,TRUE,2,"2"
"2025_11_KC_DEN","DEN",16,TRUE,0,"0"
"2025_11_KC_DEN","DEN",18,TRUE,1,"1"
"2025_11_KC_DEN","DEN",20,TRUE,3,"3"
"2025_11_KC_DEN","KC",2,TRUE,1,"1"
"2025_11_KC_DEN","KC",4,TRUE,3,"3"
"2025_11_KC_DEN","KC",6,TRUE,5,"4+"
"2025_11_KC_DEN","KC",8,TRUE,0,"0"
"2025_11_KC_DEN","KC",10,TRUE,1,"1"
"2025_11_KC_DEN","KC",11,TRUE,4,"4+"
"2025_11_KC_DEN","KC",13,TRUE,2,"2"
"2025_11_KC_DEN","KC",15,TRUE,3,"3"
"2025_11_KC_DEN","KC",17,TRUE,0,"0"
"2025_11_KC_DEN","KC",19,TRUE,0,"0"
"2025_11_LAC_JAX","JAX",2,TRUE,3,"3"
"2025_11_LAC_JAX","JAX",4,TRUE,5,"4+"
"2025_11_LAC_JAX","JAX",6,TRUE,0,"0"
"2025_11_LAC_JAX","JAX",8,TRUE,5,"4+"
"2025_11_LAC_JAX","JAX",10,TRUE,0,"0"
"2025_11_LAC_JAX","JAX",11,TRUE,6,"4+"
"2025_11_LAC_JAX","JAX",13,TRUE,7,"4+"
"2025_11_LAC_JAX","JAX",15,TRUE,1,"1"
"2025_11_LAC_JAX","JAX",17,TRUE,0,"0"
"2025_11_LAC_JAX","JAX",19,TRUE,2,"2"
"2025_11_LAC_JAX","LAC",1,TRUE,0,"0"
"2025_11_LAC_JAX","LAC",3,TRUE,2,"2"
"2025_11_LAC_JAX","LAC",5,TRUE,0,"0"
"2025_11_LAC_JAX","LAC",7,TRUE,3,"3"
"2025_11_LAC_JAX","LAC",9,TRUE,1,"1"
"2025_11_LAC_JAX","LAC",12,TRUE,0,"0"
"2025_11_LAC_JAX","LAC",14,TRUE,0,"0"
"2025_11_LAC_JAX","LAC",16,TRUE,0,"0"
"2025_11_LAC_JAX","LAC",18,TRUE,2,"2"
"2025_11_NYJ_NE","NE",2,TRUE,5,"4+"
"2025_11_NYJ_NE","NE",4,TRUE,5,"4+"
"2025_11_NYJ_NE","NE",6,TRUE,1,"1"
"2025_11_NYJ_NE","NE",8,TRUE,3,"3"
"2025_11_NYJ_NE","NE",9,TRUE,0,"0"
"2025_11_NYJ_NE","NE",11,TRUE,4,"4+"
"2025_11_NYJ_NE","NE",13,TRUE,3,"3"
"2025_11_NYJ_NE","NE",15,TRUE,1,"1"
"2025_11_NYJ_NE","NE",17,TRUE,0,"0"
"2025_11_NYJ_NE","NE",19,TRUE,1,"1"
"2025_11_NYJ_NE","NYJ",1,TRUE,5,"4+"
"2025_11_NYJ_NE","NYJ",3,TRUE,0,"0"
"2025_11_NYJ_NE","NYJ",5,TRUE,0,"0"
"2025_11_NYJ_NE","NYJ",7,TRUE,0,"0"
"2025_11_NYJ_NE","NYJ",10,TRUE,2,"2"
"2025_11_NYJ_NE","NYJ",12,TRUE,4,"4+"
"2025_11_NYJ_NE","NYJ",14,TRUE,1,"1"
"2025_11_NYJ_NE","NYJ",16,TRUE,0,"0"
"2025_11_NYJ_NE","NYJ",18,TRUE,3,"3"
"2025_11_SEA_LA","LA",1,TRUE,2,"2"
"2025_11_SEA_LA","LA",3,TRUE,1,"1"
"2025_11_SEA_LA","LA",5,TRUE,4,"4+"
"2025_11_SEA_LA","LA",7,TRUE,0,"0"
"2025_11_SEA_LA","LA",10,TRUE,0,"0"
"2025_11_SEA_LA","LA",12,TRUE,1,"1"
"2025_11_SEA_LA","LA",14,TRUE,1,"1"
"2025_11_SEA_LA","LA",16,TRUE,2,"2"
"2025_11_SEA_LA","LA",18,TRUE,0,"0"
"2025_11_SEA_LA","LA",20,TRUE,0,"0"
"2025_11_SEA_LA","LA",22,TRUE,1,"1"
"2025_11_SEA_LA","SEA",2,TRUE,1,"1"
"2025_11_SEA_LA","SEA",4,TRUE,2,"2"
"2025_11_SEA_LA","SEA",6,TRUE,5,"4+"
"2025_11_SEA_LA","SEA",8,TRUE,4,"4+"
"2025_11_SEA_LA","SEA",9,TRUE,0,"0"
"2025_11_SEA_LA","SEA",11,TRUE,3,"3"
"2025_11_SEA_LA","SEA",13,TRUE,0,"0"
"2025_11_SEA_LA","SEA",15,TRUE,0,"0"
"2025_11_SEA_LA","SEA",17,TRUE,1,"1"
"2025_11_SEA_LA","SEA",19,TRUE,0,"0"
"2025_11_SEA_LA","SEA",21,TRUE,6,"4+"
"2025_11_SEA_LA","SEA",23,TRUE,4,"4+"
"2025_11_SF_ARI","ARI",2,TRUE,1,"1"
"2025_11_SF_ARI","ARI",4,TRUE,4,"4+"
"2025_11_SF_ARI","ARI",6,TRUE,0,"0"
"2025_11_SF_ARI","ARI",8,TRUE,4,"4+"
"2025_11_SF_ARI","ARI",10,TRUE,0,"0"
"2025_11_SF_ARI","ARI",12,TRUE,1,"1"
"2025_11_SF_ARI","ARI",14,TRUE,0,"0"
"2025_11_SF_ARI","ARI",16,TRUE,2,"2"
"2025_11_SF_ARI","ARI",18,TRUE,4,"4+"
"2025_11_SF_ARI","ARI",20,TRUE,4,"4+"
"2025_11_SF_ARI","ARI",22,TRUE,4,"4+"
"2025_11_SF_ARI","SF",1,TRUE,1,"1"
"2025_11_SF_ARI","SF",3,TRUE,3,"3"
"2025_11_SF_ARI","SF",5,TRUE,0,"0"
"2025_11_SF_ARI","SF",7,TRUE,5,"4+"
"2025_11_SF_ARI","SF",9,TRUE,0,"0"
"2025_11_SF_ARI","SF",11,TRUE,2,"2"
"2025_11_SF_ARI","SF",13,TRUE,3,"3"
"2025_11_SF_ARI","SF",15,TRUE,3,"3"
"2025_11_SF_ARI","SF",17,TRUE,2,"2"
"2025_11_SF_ARI","SF",19,TRUE,0,"0"
"2025_11_SF_ARI","SF",21,TRUE,4,"4+"
"2025_11_SF_ARI","SF",23,TRUE,1,"1"
"2025_11_TB_BUF","BUF",2,TRUE,0,"0"
"2025_11_TB_BUF","BUF",4,TRUE,3,"3"
"2025_11_TB_BUF","BUF",6,TRUE,2,"2"
"2025_11_TB_BUF","BUF",8,TRUE,0,"0"
"2025_11_TB_BUF","BUF",10,TRUE,3,"3"
"2025_11_TB_BUF","BUF",12,TRUE,0,"0"
"2025_11_TB_BUF","BUF",15,TRUE,1,"1"
"2025_11_TB_BUF","BUF",17,TRUE,1,"1"
"2025_11_TB_BUF","BUF",19,TRUE,5,"4+"
"2025_11_TB_BUF","BUF",21,TRUE,4,"4+"
"2025_11_TB_BUF","BUF",23,TRUE,0,"0"
"2025_11_TB_BUF","TB",1,TRUE,2,"2"
"2025_11_TB_BUF","TB",3,TRUE,0,"0"
"2025_11_TB_BUF","TB",5,TRUE,4,"4+"
"2025_11_TB_BUF","TB",7,TRUE,3,"3"
"2025_11_TB_BUF","TB",9,TRUE,1,"1"
"2025_11_TB_BUF","TB",11,TRUE,3,"3"
"2025_11_TB_BUF","TB",13,TRUE,0,"0"
"2025_11_TB_BUF","TB",14,TRUE,3,"3"
"2025_11_TB_BUF","TB",16,TRUE,0,"0"
"2025_11_TB_BUF","TB",18,TRUE,3,"3"
"2025_11_TB_BUF","TB",20,TRUE,0,"0"
"2025_11_TB_BUF","TB",22,TRUE,2,"2"
"2025_11_TB_BUF","TB",24,TRUE,0,"0"
"2025_11_WAS_MIA","MIA",1,TRUE,3,"3"
"2025_11_WAS_MIA","MIA",3,TRUE,3,"3"
"2025_11_WAS_MIA","MIA",5,TRUE,0,"0"
"2025_11_WAS_MIA","MIA",8,TRUE,3,"3"
"2025_11_WAS_MIA","MIA",10,TRUE,4,"4+"
"2025_11_WAS_MIA","MIA",12,TRUE,1,"1"
"2025_11_WAS_MIA","MIA",13,TRUE,2,"2"
"2025_11_WAS_MIA","MIA",15,TRUE,1,"1"
"2025_11_WAS_MIA","MIA",17,TRUE,2,"2"
"2025_11_WAS_MIA","WAS",2,TRUE,5,"4+"
"2025_11_WAS_MIA","WAS",4,TRUE,3,"3"
"2025_11_WAS_MIA","WAS",6,TRUE,5,"4+"
"2025_11_WAS_MIA","WAS",7,TRUE,3,"3"
"2025_11_WAS_MIA","WAS",9,TRUE,1,"1"
"2025_11_WAS_MIA","WAS",11,TRUE,3,"3"
"2025_11_WAS_MIA","WAS",14,TRUE,2,"2"
"2025_11_WAS_MIA","WAS",16,TRUE,0,"0"
"2025_12_ATL_NO","ATL",1,TRUE,0,"0"
"2025_12_ATL_NO","ATL",3,TRUE,0,"0"
"2025_12_ATL_NO","ATL",5,TRUE,1,"1"
"2025_12_ATL_NO","ATL",7,TRUE,4,"4+"
"2025_12_ATL_NO","ATL",9,TRUE,1,"1"
"2025_12_ATL_NO","ATL",10,TRUE,2,"2"
"2025_12_ATL_NO","ATL",12,TRUE,2,"2"
"2025_12_ATL_NO","ATL",14,TRUE,0,"0"
"2025_12_ATL_NO","ATL",16,TRUE,2,"2"
"2025_12_ATL_NO","ATL",18,TRUE,1,"1"
"2025_12_ATL_NO","ATL",20,TRUE,0,"0"
"2025_12_ATL_NO","ATL",22,TRUE,0,"0"
"2025_12_ATL_NO","NO",2,TRUE,0,"0"
"2025_12_ATL_NO","NO",4,TRUE,0,"0"
"2025_12_ATL_NO","NO",6,TRUE,2,"2"
"2025_12_ATL_NO","NO",8,TRUE,2,"2"
"2025_12_ATL_NO","NO",11,TRUE,2,"2"
"2025_12_ATL_NO","NO",13,TRUE,5,"4+"
"2025_12_ATL_NO","NO",15,TRUE,4,"4+"
"2025_12_ATL_NO","NO",17,TRUE,0,"0"
"2025_12_ATL_NO","NO",19,TRUE,2,"2"
"2025_12_ATL_NO","NO",21,TRUE,4,"4+"
"2025_12_BUF_HOU","BUF",2,TRUE,3,"3"
"2025_12_BUF_HOU","BUF",4,TRUE,0,"0"
"2025_12_BUF_HOU","BUF",6,TRUE,4,"4+"
"2025_12_BUF_HOU","BUF",8,TRUE,0,"0"
"2025_12_BUF_HOU","BUF",12,TRUE,0,"0"
"2025_12_BUF_HOU","BUF",13,TRUE,1,"1"
"2025_12_BUF_HOU","BUF",15,TRUE,0,"0"
"2025_12_BUF_HOU","BUF",17,TRUE,0,"0"
"2025_12_BUF_HOU","BUF",19,TRUE,2,"2"
"2025_12_BUF_HOU","BUF",21,TRUE,1,"1"
"2025_12_BUF_HOU","BUF",23,TRUE,3,"3"
"2025_12_BUF_HOU","HOU",1,TRUE,0,"0"
"2025_12_BUF_HOU","HOU",3,TRUE,4,"4+"
"2025_12_BUF_HOU","HOU",5,TRUE,0,"0"
"2025_12_BUF_HOU","HOU",7,TRUE,6,"4+"
"2025_12_BUF_HOU","HOU",9,TRUE,0,"0"
"2025_12_BUF_HOU","HOU",11,TRUE,3,"3"
"2025_12_BUF_HOU","HOU",14,TRUE,0,"0"
"2025_12_BUF_HOU","HOU",16,TRUE,0,"0"
"2025_12_BUF_HOU","HOU",18,TRUE,1,"1"
"2025_12_BUF_HOU","HOU",20,TRUE,0,"0"
"2025_12_BUF_HOU","HOU",22,TRUE,1,"1"
"2025_12_BUF_HOU","HOU",24,TRUE,0,"0"
"2025_12_CAR_SF","CAR",2,TRUE,0,"0"
"2025_12_CAR_SF","CAR",4,TRUE,1,"1"
"2025_12_CAR_SF","CAR",6,TRUE,0,"0"
"2025_12_CAR_SF","CAR",8,TRUE,2,"2"
"2025_12_CAR_SF","CAR",10,TRUE,0,"0"
"2025_12_CAR_SF","CAR",12,TRUE,1,"1"
"2025_12_CAR_SF","CAR",14,TRUE,4,"4+"
"2025_12_CAR_SF","CAR",16,TRUE,2,"2"
"2025_12_CAR_SF","CAR",18,TRUE,2,"2"
"2025_12_CAR_SF","SF",1,TRUE,6,"4+"
"2025_12_CAR_SF","SF",3,TRUE,0,"0"
"2025_12_CAR_SF","SF",5,TRUE,4,"4+"
"2025_12_CAR_SF","SF",7,TRUE,1,"1"
"2025_12_CAR_SF","SF",9,TRUE,1,"1"
"2025_12_CAR_SF","SF",11,TRUE,1,"1"
"2025_12_CAR_SF","SF",13,TRUE,6,"4+"
"2025_12_CAR_SF","SF",15,TRUE,3,"3"
"2025_12_CAR_SF","SF",17,TRUE,0,"0"
"2025_12_CAR_SF","SF",19,TRUE,1,"1"
"2025_12_CLE_LV","CLE",1,TRUE,0,"0"
"2025_12_CLE_LV","CLE",3,TRUE,1,"1"
"2025_12_CLE_LV","CLE",5,TRUE,0,"0"
"2025_12_CLE_LV","CLE",7,TRUE,3,"3"
"2025_12_CLE_LV","CLE",9,TRUE,0,"0"
"2025_12_CLE_LV","CLE",11,TRUE,0,"0"
"2025_12_CLE_LV","CLE",13,TRUE,0,"0"
"2025_12_CLE_LV","CLE",15,TRUE,0,"0"
"2025_12_CLE_LV","CLE",17,TRUE,0,"0"
"2025_12_CLE_LV","CLE",19,TRUE,0,"0"
"2025_12_CLE_LV","CLE",21,TRUE,1,"1"
"2025_12_CLE_LV","CLE",23,TRUE,4,"4+"
"2025_12_CLE_LV","CLE",25,TRUE,1,"1"
"2025_12_CLE_LV","CLE",27,TRUE,0,"0"
"2025_12_CLE_LV","CLE",29,TRUE,1,"1"
"2025_12_CLE_LV","LV",2,TRUE,1,"1"
"2025_12_CLE_LV","LV",4,TRUE,0,"0"
"2025_12_CLE_LV","LV",6,TRUE,0,"0"
"2025_12_CLE_LV","LV",8,TRUE,3,"3"
"2025_12_CLE_LV","LV",10,TRUE,0,"0"
"2025_12_CLE_LV","LV",12,TRUE,2,"2"
"2025_12_CLE_LV","LV",14,TRUE,0,"0"
"2025_12_CLE_LV","LV",16,TRUE,2,"2"
"2025_12_CLE_LV","LV",18,TRUE,1,"1"
"2025_12_CLE_LV","LV",20,TRUE,0,"0"
"2025_12_CLE_LV","LV",22,TRUE,1,"1"
"2025_12_CLE_LV","LV",24,TRUE,1,"1"
"2025_12_CLE_LV","LV",26,TRUE,4,"4+"
"2025_12_CLE_LV","LV",28,TRUE,2,"2"
"2025_12_CLE_LV","LV",30,TRUE,2,"2"
"2025_12_IND_KC","IND",1,TRUE,1,"1"
"2025_12_IND_KC","IND",3,TRUE,1,"1"
"2025_12_IND_KC","IND",5,TRUE,3,"3"
"2025_12_IND_KC","IND",7,TRUE,0,"0"
"2025_12_IND_KC","IND",9,TRUE,0,"0"
"2025_12_IND_KC","IND",11,TRUE,2,"2"
"2025_12_IND_KC","IND",13,TRUE,3,"3"
"2025_12_IND_KC","IND",15,TRUE,0,"0"
"2025_12_IND_KC","IND",17,TRUE,0,"0"
"2025_12_IND_KC","IND",19,TRUE,0,"0"
"2025_12_IND_KC","IND",21,TRUE,0,"0"
"2025_12_IND_KC","KC",2,TRUE,0,"0"
"2025_12_IND_KC","KC",4,TRUE,6,"4+"
"2025_12_IND_KC","KC",6,TRUE,4,"4+"
"2025_12_IND_KC","KC",8,TRUE,5,"4+"
"2025_12_IND_KC","KC",10,TRUE,0,"0"
"2025_12_IND_KC","KC",12,TRUE,2,"2"
"2025_12_IND_KC","KC",14,TRUE,2,"2"
"2025_12_IND_KC","KC",16,TRUE,5,"4+"
"2025_12_IND_KC","KC",18,TRUE,0,"0"
"2025_12_IND_KC","KC",20,TRUE,4,"4+"
"2025_12_IND_KC","KC",22,TRUE,4,"4+"
"2025_12_JAX_ARI","ARI",1,TRUE,2,"2"
"2025_12_JAX_ARI","ARI",3,TRUE,4,"4+"
"2025_12_JAX_ARI","ARI",6,TRUE,6,"4+"
"2025_12_JAX_ARI","ARI",8,TRUE,5,"4+"
"2025_12_JAX_ARI","ARI",11,TRUE,0,"0"
"2025_12_JAX_ARI","ARI",13,TRUE,1,"1"
"2025_12_JAX_ARI","ARI",15,TRUE,0,"0"
"2025_12_JAX_ARI","ARI",17,TRUE,1,"1"
"2025_12_JAX_ARI","ARI",19,TRUE,1,"1"
"2025_12_JAX_ARI","ARI",21,TRUE,0,"0"
"2025_12_JAX_ARI","ARI",23,TRUE,3,"3"
"2025_12_JAX_ARI","ARI",26,TRUE,2,"2"
"2025_12_JAX_ARI","JAX",2,TRUE,3,"3"
"2025_12_JAX_ARI","JAX",4,TRUE,0,"0"
"2025_12_JAX_ARI","JAX",5,TRUE,2,"2"
"2025_12_JAX_ARI","JAX",7,TRUE,0,"0"
"2025_12_JAX_ARI","JAX",9,TRUE,0,"0"
"2025_12_JAX_ARI","JAX",10,TRUE,3,"3"
"2025_12_JAX_ARI","JAX",12,TRUE,2,"2"
"2025_12_JAX_ARI","JAX",14,TRUE,0,"0"
"2025_12_JAX_ARI","JAX",16,TRUE,1,"1"
"2025_12_JAX_ARI","JAX",18,TRUE,2,"2"
"2025_12_JAX_ARI","JAX",20,TRUE,4,"4+"
"2025_12_JAX_ARI","JAX",22,TRUE,0,"0"
"2025_12_JAX_ARI","JAX",24,TRUE,0,"0"
"2025_12_JAX_ARI","JAX",25,TRUE,1,"1"
"2025_12_MIN_GB","GB",2,TRUE,4,"4+"
"2025_12_MIN_GB","GB",4,TRUE,2,"2"
"2025_12_MIN_GB","GB",6,TRUE,5,"4+"
"2025_12_MIN_GB","GB",8,TRUE,0,"0"
"2025_12_MIN_GB","GB",9,TRUE,2,"2"
"2025_12_MIN_GB","GB",10,TRUE,1,"1"
"2025_12_MIN_GB","GB",12,TRUE,2,"2"
"2025_12_MIN_GB","GB",14,TRUE,3,"3"
"2025_12_MIN_GB","GB",16,TRUE,1,"1"
"2025_12_MIN_GB","GB",18,TRUE,0,"0"
"2025_12_MIN_GB","GB",20,TRUE,2,"2"
"2025_12_MIN_GB","MIN",1,TRUE,2,"2"
"2025_12_MIN_GB","MIN",3,TRUE,1,"1"
"2025_12_MIN_GB","MIN",5,TRUE,3,"3"
"2025_12_MIN_GB","MIN",7,TRUE,2,"2"
"2025_12_MIN_GB","MIN",11,TRUE,0,"0"
"2025_12_MIN_GB","MIN",13,TRUE,0,"0"
"2025_12_MIN_GB","MIN",15,TRUE,0,"0"
"2025_12_MIN_GB","MIN",17,TRUE,0,"0"
"2025_12_MIN_GB","MIN",19,TRUE,2,"2"
"2025_12_NE_CIN","CIN",2,TRUE,3,"3"
"2025_12_NE_CIN","CIN",4,TRUE,3,"3"
"2025_12_NE_CIN","CIN",7,TRUE,1,"1"
"2025_12_NE_CIN","CIN",8,TRUE,1,"1"
"2025_12_NE_CIN","CIN",10,TRUE,2,"2"
"2025_12_NE_CIN","CIN",11,TRUE,0,"0"
"2025_12_NE_CIN","CIN",13,TRUE,2,"2"
"2025_12_NE_CIN","CIN",15,TRUE,1,"1"
"2025_12_NE_CIN","CIN",17,TRUE,4,"4+"
"2025_12_NE_CIN","CIN",19,TRUE,3,"3"
"2025_12_NE_CIN","NE",1,TRUE,1,"1"
"2025_12_NE_CIN","NE",3,TRUE,0,"0"
"2025_12_NE_CIN","NE",5,TRUE,0,"0"
"2025_12_NE_CIN","NE",6,TRUE,4,"4+"
"2025_12_NE_CIN","NE",9,TRUE,3,"3"
"2025_12_NE_CIN","NE",12,TRUE,4,"4+"
"2025_12_NE_CIN","NE",14,TRUE,2,"2"
"2025_12_NE_CIN","NE",16,TRUE,5,"4+"
"2025_12_NE_CIN","NE",18,TRUE,2,"2"
"2025_12_NE_CIN","NE",20,TRUE,0,"0"
"2025_12_NYG_DET","DET",2,TRUE,2,"2"
"2025_12_NYG_DET","DET",4,TRUE,0,"0"
"2025_12_NYG_DET","DET",6,TRUE,5,"4+"
"2025_12_NYG_DET","DET",8,TRUE,1,"1"
"2025_12_NYG_DET","DET",10,TRUE,2,"2"
"2025_12_NYG_DET","DET",12,TRUE,1,"1"
"2025_12_NYG_DET","DET",13,TRUE,2,"2"
"2025_12_NYG_DET","DET",15,TRUE,3,"3"
"2025_12_NYG_DET","DET",17,TRUE,2,"2"
"2025_12_NYG_DET","DET",19,TRUE,0,"0"
"2025_12_NYG_DET","DET",21,TRUE,4,"4+"
"2025_12_NYG_DET","DET",23,TRUE,1,"1"
"2025_12_NYG_DET","NYG",1,TRUE,2,"2"
"2025_12_NYG_DET","NYG",3,TRUE,0,"0"
"2025_12_NYG_DET","NYG",5,TRUE,3,"3"
"2025_12_NYG_DET","NYG",7,TRUE,3,"3"
"2025_12_NYG_DET","NYG",9,TRUE,0,"0"
"2025_12_NYG_DET","NYG",11,TRUE,2,"2"
"2025_12_NYG_DET","NYG",14,TRUE,3,"3"
"2025_12_NYG_DET","NYG",16,TRUE,4,"4+"
"2025_12_NYG_DET","NYG",18,TRUE,0,"0"
"2025_12_NYG_DET","NYG",20,TRUE,4,"4+"
"2025_12_NYG_DET","NYG",22,TRUE,0,"0"
"2025_12_NYG_DET","NYG",24,TRUE,3,"3"
"2025_12_NYJ_BAL","BAL",2,TRUE,1,"1"
"2025_12_NYJ_BAL","BAL",4,TRUE,0,"0"
"2025_12_NYJ_BAL","BAL",6,TRUE,1,"1"
"2025_12_NYJ_BAL","BAL",8,TRUE,2,"2"
"2025_12_NYJ_BAL","BAL",10,TRUE,0,"0"
"2025_12_NYJ_BAL","BAL",11,TRUE,5,"4+"
"2025_12_NYJ_BAL","BAL",13,TRUE,3,"3"
"2025_12_NYJ_BAL","BAL",15,TRUE,3,"3"
"2025_12_NYJ_BAL","BAL",17,TRUE,1,"1"
"2025_12_NYJ_BAL","BAL",19,TRUE,0,"0"
"2025_12_NYJ_BAL","BAL",21,TRUE,0,"0"
"2025_12_NYJ_BAL","NYJ",1,TRUE,0,"0"
"2025_12_NYJ_BAL","NYJ",3,TRUE,2,"2"
"2025_12_NYJ_BAL","NYJ",5,TRUE,1,"1"
"2025_12_NYJ_BAL","NYJ",7,TRUE,6,"4+"
"2025_12_NYJ_BAL","NYJ",9,TRUE,1,"1"
"2025_12_NYJ_BAL","NYJ",12,TRUE,0,"0"
"2025_12_NYJ_BAL","NYJ",14,TRUE,2,"2"
"2025_12_NYJ_BAL","NYJ",16,TRUE,2,"2"
"2025_12_NYJ_BAL","NYJ",18,TRUE,1,"1"
"2025_12_NYJ_BAL","NYJ",20,TRUE,0,"0"
"2025_12_PHI_DAL","DAL",1,TRUE,1,"1"
"2025_12_PHI_DAL","DAL",3,TRUE,1,"1"
"2025_12_PHI_DAL","DAL",5,TRUE,2,"2"
"2025_12_PHI_DAL","DAL",7,TRUE,4,"4+"
"2025_12_PHI_DAL","DAL",9,TRUE,4,"4+"
"2025_12_PHI_DAL","DAL",12,TRUE,0,"0"
"2025_12_PHI_DAL","DAL",14,TRUE,3,"3"
"2025_12_PHI_DAL","DAL",16,TRUE,5,"4+"
"2025_12_PHI_DAL","DAL",18,TRUE,2,"2"
"2025_12_PHI_DAL","DAL",20,TRUE,1,"1"
"2025_12_PHI_DAL","DAL",21,TRUE,0,"0"
"2025_12_PHI_DAL","DAL",23,TRUE,2,"2"
"2025_12_PHI_DAL","PHI",2,TRUE,3,"3"
"2025_12_PHI_DAL","PHI",4,TRUE,5,"4+"
"2025_12_PHI_DAL","PHI",6,TRUE,4,"4+"
"2025_12_PHI_DAL","PHI",8,TRUE,0,"0"
"2025_12_PHI_DAL","PHI",10,TRUE,0,"0"
"2025_12_PHI_DAL","PHI",11,TRUE,0,"0"
"2025_12_PHI_DAL","PHI",13,TRUE,1,"1"
"2025_12_PHI_DAL","PHI",15,TRUE,0,"0"
"2025_12_PHI_DAL","PHI",17,TRUE,2,"2"
"2025_12_PHI_DAL","PHI",19,TRUE,2,"2"
"2025_12_PHI_DAL","PHI",22,TRUE,2,"2"
"2025_12_PIT_CHI","CHI",1,TRUE,0,"0"
"2025_12_PIT_CHI","CHI",3,TRUE,5,"4+"
"2025_12_PIT_CHI","CHI",5,TRUE,0,"0"
"2025_12_PIT_CHI","CHI",6,TRUE,1,"1"
"2025_12_PIT_CHI","CHI",8,TRUE,4,"4+"
"2025_12_PIT_CHI","CHI",10,TRUE,2,"2"
"2025_12_PIT_CHI","CHI",12,TRUE,3,"3"
"2025_12_PIT_CHI","CHI",14,TRUE,0,"0"
"2025_12_PIT_CHI","CHI",16,TRUE,4,"4+"
"2025_12_PIT_CHI","CHI",18,TRUE,0,"0"
"2025_12_PIT_CHI","CHI",20,TRUE,0,"0"
"2025_12_PIT_CHI","CHI",22,TRUE,0,"0"
"2025_12_PIT_CHI","PIT",2,TRUE,0,"0"
"2025_12_PIT_CHI","PIT",4,TRUE,7,"4+"
"2025_12_PIT_CHI","PIT",7,TRUE,1,"1"
"2025_12_PIT_CHI","PIT",9,TRUE,3,"3"
"2025_12_PIT_CHI","PIT",11,TRUE,1,"1"
"2025_12_PIT_CHI","PIT",13,TRUE,0,"0"
"2025_12_PIT_CHI","PIT",15,TRUE,1,"1"
"2025_12_PIT_CHI","PIT",17,TRUE,6,"4+"
"2025_12_PIT_CHI","PIT",19,TRUE,1,"1"
"2025_12_PIT_CHI","PIT",21,TRUE,2,"2"
"2025_12_SEA_TEN","SEA",2,TRUE,2,"2"
"2025_12_SEA_TEN","SEA",4,TRUE,1,"1"
"2025_12_SEA_TEN","SEA",6,TRUE,2,"2"
"2025_12_SEA_TEN","SEA",8,TRUE,4,"4+"
"2025_12_SEA_TEN","SEA",9,TRUE,2,"2"
"2025_12_SEA_TEN","SEA",11,TRUE,0,"0"
"2025_12_SEA_TEN","SEA",12,TRUE,5,"4+"
"2025_12_SEA_TEN","SEA",14,TRUE,2,"2"
"2025_12_SEA_TEN","SEA",16,TRUE,0,"0"
"2025_12_SEA_TEN","SEA",18,TRUE,0,"0"
"2025_12_SEA_TEN","TEN",1,TRUE,4,"4+"
"2025_12_SEA_TEN","TEN",3,TRUE,1,"1"
"2025_12_SEA_TEN","TEN",5,TRUE,0,"0"
"2025_12_SEA_TEN","TEN",7,TRUE,1,"1"
"2025_12_SEA_TEN","TEN",10,TRUE,0,"0"
"2025_12_SEA_TEN","TEN",13,TRUE,5,"4+"
"2025_12_SEA_TEN","TEN",15,TRUE,2,"2"
"2025_12_SEA_TEN","TEN",17,TRUE,5,"4+"
"2025_12_TB_LA","LA",2,TRUE,5,"4+"
"2025_12_TB_LA","LA",5,TRUE,6,"4+"
"2025_12_TB_LA","LA",7,TRUE,3,"3"
"2025_12_TB_LA","LA",9,TRUE,0,"0"
"2025_12_TB_LA","LA",11,TRUE,1,"1"
"2025_12_TB_LA","LA",13,TRUE,2,"2"
"2025_12_TB_LA","LA",15,TRUE,2,"2"
"2025_12_TB_LA","LA",17,TRUE,0,"0"
"2025_12_TB_LA","LA",19,TRUE,1,"1"
"2025_12_TB_LA","TB",1,TRUE,2,"2"
"2025_12_TB_LA","TB",3,TRUE,1,"1"
"2025_12_TB_LA","TB",4,TRUE,0,"0"
"2025_12_TB_LA","TB",6,TRUE,4,"4+"
"2025_12_TB_LA","TB",8,TRUE,0,"0"
"2025_12_TB_LA","TB",10,TRUE,2,"2"
"2025_12_TB_LA","TB",12,TRUE,2,"2"
"2025_12_TB_LA","TB",14,TRUE,0,"0"
"2025_12_TB_LA","TB",16,TRUE,3,"3"
"2025_12_TB_LA","TB",18,TRUE,0,"0"
"2025_12_TB_LA","TB",20,TRUE,0,"0"
"2025_13_ARI_TB","ARI",2,TRUE,4,"4+"
"2025_13_ARI_TB","ARI",4,TRUE,0,"0"
"2025_13_ARI_TB","ARI",6,TRUE,0,"0"
"2025_13_ARI_TB","ARI",8,TRUE,3,"3"
"2025_13_ARI_TB","ARI",9,TRUE,1,"1"
"2025_13_ARI_TB","ARI",11,TRUE,4,"4+"
"2025_13_ARI_TB","ARI",13,TRUE,4,"4+"
"2025_13_ARI_TB","ARI",15,TRUE,1,"1"
"2025_13_ARI_TB","ARI",17,TRUE,5,"4+"
"2025_13_ARI_TB","ARI",19,TRUE,0,"0"
"2025_13_ARI_TB","TB",1,TRUE,1,"1"
"2025_13_ARI_TB","TB",3,TRUE,1,"1"
"2025_13_ARI_TB","TB",5,TRUE,3,"3"
"2025_13_ARI_TB","TB",7,TRUE,3,"3"
"2025_13_ARI_TB","TB",10,TRUE,0,"0"
"2025_13_ARI_TB","TB",12,TRUE,3,"3"
"2025_13_ARI_TB","TB",14,TRUE,1,"1"
"2025_13_ARI_TB","TB",16,TRUE,0,"0"
"2025_13_ARI_TB","TB",18,TRUE,1,"1"
"2025_13_ARI_TB","TB",20,TRUE,0,"0"
"2025_13_ATL_NYJ","ATL",1,TRUE,1,"1"
"2025_13_ATL_NYJ","ATL",3,TRUE,3,"3"
"2025_13_ATL_NYJ","ATL",6,TRUE,1,"1"
"2025_13_ATL_NYJ","ATL",8,TRUE,2,"2"
"2025_13_ATL_NYJ","ATL",10,TRUE,6,"4+"
"2025_13_ATL_NYJ","ATL",13,TRUE,4,"4+"
"2025_13_ATL_NYJ","ATL",15,TRUE,2,"2"
"2025_13_ATL_NYJ","ATL",17,TRUE,1,"1"
"2025_13_ATL_NYJ","ATL",19,TRUE,4,"4+"
"2025_13_ATL_NYJ","ATL",21,TRUE,0,"0"
"2025_13_ATL_NYJ","ATL",23,TRUE,0,"0"
"2025_13_ATL_NYJ","NYJ",2,TRUE,2,"2"
"2025_13_ATL_NYJ","NYJ",4,TRUE,2,"2"
"2025_13_ATL_NYJ","NYJ",5,TRUE,1,"1"
"2025_13_ATL_NYJ","NYJ",7,TRUE,0,"0"
"2025_13_ATL_NYJ","NYJ",9,TRUE,0,"0"
"2025_13_ATL_NYJ","NYJ",11,TRUE,0,"0"
"2025_13_ATL_NYJ","NYJ",12,TRUE,0,"0"
"2025_13_ATL_NYJ","NYJ",14,TRUE,2,"2"
"2025_13_ATL_NYJ","NYJ",16,TRUE,2,"2"
"2025_13_ATL_NYJ","NYJ",18,TRUE,0,"0"
"2025_13_ATL_NYJ","NYJ",20,TRUE,5,"4+"
"2025_13_ATL_NYJ","NYJ",22,TRUE,0,"0"
"2025_13_ATL_NYJ","NYJ",24,TRUE,2,"2"
"2025_13_BUF_PIT","BUF",1,TRUE,2,"2"
"2025_13_BUF_PIT","BUF",3,TRUE,3,"3"
"2025_13_BUF_PIT","BUF",5,TRUE,0,"0"
"2025_13_BUF_PIT","BUF",7,TRUE,2,"2"
"2025_13_BUF_PIT","BUF",9,TRUE,5,"4+"
"2025_13_BUF_PIT","BUF",13,TRUE,3,"3"
"2025_13_BUF_PIT","BUF",15,TRUE,7,"4+"
"2025_13_BUF_PIT","BUF",17,TRUE,4,"4+"
"2025_13_BUF_PIT","PIT",2,TRUE,1,"1"
"2025_13_BUF_PIT","PIT",4,TRUE,0,"0"
"2025_13_BUF_PIT","PIT",6,TRUE,1,"1"
"2025_13_BUF_PIT","PIT",8,TRUE,3,"3"
"2025_13_BUF_PIT","PIT",10,TRUE,1,"1"
"2025_13_BUF_PIT","PIT",11,TRUE,0,"0"
"2025_13_BUF_PIT","PIT",12,TRUE,1,"1"
"2025_13_BUF_PIT","PIT",14,TRUE,0,"0"
"2025_13_BUF_PIT","PIT",16,TRUE,3,"3"
"2025_13_BUF_PIT","PIT",18,TRUE,0,"0"
"2025_13_CHI_PHI","CHI",1,TRUE,3,"3"
"2025_13_CHI_PHI","CHI",3,TRUE,5,"4+"
"2025_13_CHI_PHI","CHI",5,TRUE,5,"4+"
"2025_13_CHI_PHI","CHI",7,TRUE,1,"1"
"2025_13_CHI_PHI","CHI",9,TRUE,2,"2"
"2025_13_CHI_PHI","CHI",11,TRUE,1,"1"
"2025_13_CHI_PHI","CHI",13,TRUE,0,"0"
"2025_13_CHI_PHI","CHI",15,TRUE,1,"1"
"2025_13_CHI_PHI","CHI",17,TRUE,6,"4+"
"2025_13_CHI_PHI","CHI",19,TRUE,3,"3"
"2025_13_CHI_PHI","CHI",21,TRUE,1,"1"
"2025_13_CHI_PHI","CHI",23,TRUE,0,"0"
"2025_13_CHI_PHI","PHI",2,TRUE,1,"1"
"2025_13_CHI_PHI","PHI",4,TRUE,1,"1"
"2025_13_CHI_PHI","PHI",6,TRUE,0,"0"
"2025_13_CHI_PHI","PHI",8,TRUE,0,"0"
"2025_13_CHI_PHI","PHI",10,TRUE,0,"0"
"2025_13_CHI_PHI","PHI",12,TRUE,0,"0"
"2025_13_CHI_PHI","PHI",14,TRUE,4,"4+"
"2025_13_CHI_PHI","PHI",16,TRUE,1,"1"
"2025_13_CHI_PHI","PHI",18,TRUE,0,"0"
"2025_13_CHI_PHI","PHI",20,TRUE,6,"4+"
"2025_13_CHI_PHI","PHI",22,TRUE,1,"1"
"2025_13_CIN_BAL","BAL",2,TRUE,4,"4+"
"2025_13_CIN_BAL","BAL",4,TRUE,0,"0"
"2025_13_CIN_BAL","BAL",6,TRUE,0,"0"
"2025_13_CIN_BAL","BAL",8,TRUE,2,"2"
"2025_13_CIN_BAL","BAL",10,TRUE,1,"1"
"2025_13_CIN_BAL","BAL",12,TRUE,0,"0"
"2025_13_CIN_BAL","BAL",14,TRUE,0,"0"
"2025_13_CIN_BAL","BAL",15,TRUE,0,"0"
"2025_13_CIN_BAL","BAL",17,TRUE,4,"4+"
"2025_13_CIN_BAL","BAL",19,TRUE,2,"2"
"2025_13_CIN_BAL","BAL",21,TRUE,1,"1"
"2025_13_CIN_BAL","BAL",23,TRUE,1,"1"
"2025_13_CIN_BAL","BAL",25,TRUE,1,"1"
"2025_13_CIN_BAL","CIN",1,TRUE,4,"4+"
"2025_13_CIN_BAL","CIN",3,TRUE,0,"0"
"2025_13_CIN_BAL","CIN",5,TRUE,0,"0"
"2025_13_CIN_BAL","CIN",7,TRUE,2,"2"
"2025_13_CIN_BAL","CIN",9,TRUE,3,"3"
"2025_13_CIN_BAL","CIN",11,TRUE,2,"2"
"2025_13_CIN_BAL","CIN",13,TRUE,0,"0"
"2025_13_CIN_BAL","CIN",16,TRUE,4,"4+"
"2025_13_CIN_BAL","CIN",18,TRUE,3,"3"
"2025_13_CIN_BAL","CIN",20,TRUE,1,"1"
"2025_13_CIN_BAL","CIN",22,TRUE,2,"2"
"2025_13_CIN_BAL","CIN",24,TRUE,1,"1"
"2025_13_DEN_WAS","DEN",1,TRUE,4,"4+"
"2025_13_DEN_WAS","DEN",3,TRUE,0,"0"
"2025_13_DEN_WAS","DEN",5,TRUE,3,"3"
"2025_13_DEN_WAS","DEN",7,TRUE,5,"4+"
"2025_13_DEN_WAS","DEN",10,TRUE,4,"4+"
"2025_13_DEN_WAS","DEN",12,TRUE,1,"1"
"2025_13_DEN_WAS","DEN",14,TRUE,0,"0"
"2025_13_DEN_WAS","DEN",16,TRUE,2,"2"
"2025_13_DEN_WAS","DEN",18,TRUE,0,"0"
"2025_13_DEN_WAS","DEN",20,TRUE,4,"4+"
"2025_13_DEN_WAS","WAS",2,TRUE,3,"3"
"2025_13_DEN_WAS","WAS",4,TRUE,3,"3"
"2025_13_DEN_WAS","WAS",6,TRUE,6,"4+"
"2025_13_DEN_WAS","WAS",8,TRUE,0,"0"
"2025_13_DEN_WAS","WAS",9,TRUE,5,"4+"
"2025_13_DEN_WAS","WAS",11,TRUE,1,"1"
"2025_13_DEN_WAS","WAS",13,TRUE,1,"1"
"2025_13_DEN_WAS","WAS",15,TRUE,0,"0"
"2025_13_DEN_WAS","WAS",17,TRUE,1,"1"
"2025_13_DEN_WAS","WAS",19,TRUE,6,"4+"
"2025_13_DEN_WAS","WAS",21,TRUE,4,"4+"
"2025_13_GB_DET","DET",2,TRUE,0,"0"
"2025_13_GB_DET","DET",4,TRUE,1,"1"
"2025_13_GB_DET","DET",6,TRUE,4,"4+"
"2025_13_GB_DET","DET",8,TRUE,3,"3"
"2025_13_GB_DET","DET",10,TRUE,1,"1"
"2025_13_GB_DET","DET",12,TRUE,4,"4+"
"2025_13_GB_DET","DET",14,TRUE,3,"3"
"2025_13_GB_DET","DET",16,TRUE,4,"4+"
"2025_13_GB_DET","GB",1,TRUE,3,"3"
"2025_13_GB_DET","GB",3,TRUE,0,"0"
"2025_13_GB_DET","GB",5,TRUE,3,"3"
"2025_13_GB_DET","GB",7,TRUE,4,"4+"
"2025_13_GB_DET","GB",9,TRUE,0,"0"
"2025_13_GB_DET","GB",11,TRUE,1,"1"
"2025_13_GB_DET","GB",13,TRUE,5,"4+"
"2025_13_GB_DET","GB",15,TRUE,0,"0"
"2025_13_GB_DET","GB",17,TRUE,2,"2"
"2025_13_HOU_IND","HOU",2,TRUE,4,"4+"
"2025_13_HOU_IND","HOU",4,TRUE,0,"0"
"2025_13_HOU_IND","HOU",6,TRUE,0,"0"
"2025_13_HOU_IND","HOU",8,TRUE,0,"0"
"2025_13_HOU_IND","HOU",10,TRUE,5,"4+"
"2025_13_HOU_IND","HOU",12,TRUE,2,"2"
"2025_13_HOU_IND","HOU",13,TRUE,4,"4+"
"2025_13_HOU_IND","HOU",15,TRUE,6,"4+"
"2025_13_HOU_IND","HOU",17,TRUE,2,"2"
"2025_13_HOU_IND","HOU",19,TRUE,1,"1"
"2025_13_HOU_IND","IND",1,TRUE,0,"0"
"2025_13_HOU_IND","IND",3,TRUE,0,"0"
"2025_13_HOU_IND","IND",5,TRUE,1,"1"
"2025_13_HOU_IND","IND",7,TRUE,2,"2"
"2025_13_HOU_IND","IND",9,TRUE,2,"2"
"2025_13_HOU_IND","IND",11,TRUE,2,"2"
"2025_13_HOU_IND","IND",14,TRUE,4,"4+"
"2025_13_HOU_IND","IND",16,TRUE,2,"2"
"2025_13_HOU_IND","IND",18,TRUE,3,"3"
"2025_13_JAX_TEN","JAX",1,TRUE,1,"1"
"2025_13_JAX_TEN","JAX",3,TRUE,3,"3"
"2025_13_JAX_TEN","JAX",4,TRUE,2,"2"
"2025_13_JAX_TEN","JAX",6,TRUE,0,"0"
"2025_13_JAX_TEN","JAX",8,TRUE,1,"1"
"2025_13_JAX_TEN","JAX",10,TRUE,0,"0"
"2025_13_JAX_TEN","JAX",12,TRUE,4,"4+"
"2025_13_JAX_TEN","JAX",14,TRUE,7,"4+"
"2025_13_JAX_TEN","JAX",16,TRUE,2,"2"
"2025_13_JAX_TEN","JAX",18,TRUE,0,"0"
"2025_13_JAX_TEN","JAX",20,TRUE,0,"0"
"2025_13_JAX_TEN","JAX",22,TRUE,0,"0"
"2025_13_JAX_TEN","TEN",2,TRUE,4,"4+"
"2025_13_JAX_TEN","TEN",5,TRUE,0,"0"
"2025_13_JAX_TEN","TEN",7,TRUE,0,"0"
"2025_13_JAX_TEN","TEN",9,TRUE,0,"0"
"2025_13_JAX_TEN","TEN",11,TRUE,1,"1"
"2025_13_JAX_TEN","TEN",13,TRUE,0,"0"
"2025_13_JAX_TEN","TEN",15,TRUE,1,"1"
"2025_13_JAX_TEN","TEN",17,TRUE,0,"0"
"2025_13_JAX_TEN","TEN",19,TRUE,2,"2"
"2025_13_JAX_TEN","TEN",21,TRUE,3,"3"
"2025_13_KC_DAL","DAL",1,TRUE,0,"0"
"2025_13_KC_DAL","DAL",3,TRUE,5,"4+"
"2025_13_KC_DAL","DAL",5,TRUE,3,"3"
"2025_13_KC_DAL","DAL",7,TRUE,3,"3"
"2025_13_KC_DAL","DAL",9,TRUE,0,"0"
"2025_13_KC_DAL","DAL",11,TRUE,0,"0"
"2025_13_KC_DAL","DAL",13,TRUE,3,"3"
"2025_13_KC_DAL","DAL",15,TRUE,4,"4+"
"2025_13_KC_DAL","DAL",17,TRUE,2,"2"
"2025_13_KC_DAL","DAL",19,TRUE,3,"3"
"2025_13_KC_DAL","KC",2,TRUE,2,"2"
"2025_13_KC_DAL","KC",4,TRUE,5,"4+"
"2025_13_KC_DAL","KC",6,TRUE,2,"2"
"2025_13_KC_DAL","KC",8,TRUE,2,"2"
"2025_13_KC_DAL","KC",10,TRUE,0,"0"
"2025_13_KC_DAL","KC",12,TRUE,1,"1"
"2025_13_KC_DAL","KC",14,TRUE,4,"4+"
"2025_13_KC_DAL","KC",16,TRUE,0,"0"
"2025_13_KC_DAL","KC",18,TRUE,3,"3"
"2025_13_LA_CAR","CAR",2,TRUE,3,"3"
"2025_13_LA_CAR","CAR",4,TRUE,0,"0"
"2025_13_LA_CAR","CAR",7,TRUE,3,"3"
"2025_13_LA_CAR","CAR",9,TRUE,1,"1"
"2025_13_LA_CAR","CAR",11,TRUE,3,"3"
"2025_13_LA_CAR","CAR",13,TRUE,4,"4+"
"2025_13_LA_CAR","CAR",15,TRUE,2,"2"
"2025_13_LA_CAR","CAR",17,TRUE,1,"1"
"2025_13_LA_CAR","LA",1,TRUE,3,"3"
"2025_13_LA_CAR","LA",3,TRUE,3,"3"
"2025_13_LA_CAR","LA",5,TRUE,1,"1"
"2025_13_LA_CAR","LA",6,TRUE,4,"4+"
"2025_13_LA_CAR","LA",8,TRUE,4,"4+"
"2025_13_LA_CAR","LA",10,TRUE,0,"0"
"2025_13_LA_CAR","LA",12,TRUE,0,"0"
"2025_13_LA_CAR","LA",14,TRUE,4,"4+"
"2025_13_LA_CAR","LA",16,TRUE,3,"3"
"2025_13_LV_LAC","LAC",2,TRUE,6,"4+"
"2025_13_LV_LAC","LAC",4,TRUE,5,"4+"
"2025_13_LV_LAC","LAC",6,TRUE,0,"0"
"2025_13_LV_LAC","LAC",8,TRUE,0,"0"
"2025_13_LV_LAC","LAC",10,TRUE,1,"1"
"2025_13_LV_LAC","LAC",12,TRUE,0,"0"
"2025_13_LV_LAC","LAC",14,TRUE,3,"3"
"2025_13_LV_LAC","LAC",16,TRUE,0,"0"
"2025_13_LV_LAC","LAC",18,TRUE,5,"4+"
"2025_13_LV_LAC","LAC",20,TRUE,0,"0"
"2025_13_LV_LAC","LV",1,TRUE,0,"0"
"2025_13_LV_LAC","LV",3,TRUE,1,"1"
"2025_13_LV_LAC","LV",5,TRUE,0,"0"
"2025_13_LV_LAC","LV",7,TRUE,5,"4+"
"2025_13_LV_LAC","LV",9,TRUE,0,"0"
"2025_13_LV_LAC","LV",11,TRUE,0,"0"
"2025_13_LV_LAC","LV",13,TRUE,0,"0"
"2025_13_LV_LAC","LV",15,TRUE,0,"0"
"2025_13_LV_LAC","LV",17,TRUE,6,"4+"
"2025_13_LV_LAC","LV",19,TRUE,0,"0"
"2025_13_MIN_SEA","MIN",1,TRUE,1,"1"
"2025_13_MIN_SEA","MIN",3,TRUE,1,"1"
"2025_13_MIN_SEA","MIN",5,TRUE,0,"0"
"2025_13_MIN_SEA","MIN",7,TRUE,1,"1"
"2025_13_MIN_SEA","MIN",9,TRUE,0,"0"
"2025_13_MIN_SEA","MIN",10,TRUE,0,"0"
"2025_13_MIN_SEA","MIN",12,TRUE,0,"0"
"2025_13_MIN_SEA","MIN",14,TRUE,1,"1"
"2025_13_MIN_SEA","MIN",16,TRUE,2,"2"
"2025_13_MIN_SEA","MIN",18,TRUE,0,"0"
"2025_13_MIN_SEA","MIN",20,TRUE,4,"4+"
"2025_13_MIN_SEA","MIN",21,TRUE,0,"0"
"2025_13_MIN_SEA","MIN",23,TRUE,1,"1"
"2025_13_MIN_SEA","SEA",2,TRUE,3,"3"
"2025_13_MIN_SEA","SEA",4,TRUE,0,"0"
"2025_13_MIN_SEA","SEA",6,TRUE,4,"4+"
"2025_13_MIN_SEA","SEA",8,TRUE,0,"0"
"2025_13_MIN_SEA","SEA",11,TRUE,1,"1"
"2025_13_MIN_SEA","SEA",13,TRUE,2,"2"
"2025_13_MIN_SEA","SEA",15,TRUE,4,"4+"
"2025_13_MIN_SEA","SEA",17,TRUE,1,"1"
"2025_13_MIN_SEA","SEA",19,TRUE,2,"2"
"2025_13_MIN_SEA","SEA",22,TRUE,0,"0"
"2025_13_NO_MIA","MIA",1,TRUE,3,"3"
"2025_13_NO_MIA","MIA",3,TRUE,0,"0"
"2025_13_NO_MIA","MIA",5,TRUE,0,"0"
"2025_13_NO_MIA","MIA",7,TRUE,3,"3"
"2025_13_NO_MIA","MIA",9,TRUE,0,"0"
"2025_13_NO_MIA","MIA",11,TRUE,3,"3"
"2025_13_NO_MIA","MIA",13,TRUE,1,"1"
"2025_13_NO_MIA","MIA",15,TRUE,0,"0"
"2025_13_NO_MIA","MIA",17,TRUE,2,"2"
"2025_13_NO_MIA","MIA",19,TRUE,3,"3"
"2025_13_NO_MIA","MIA",21,TRUE,1,"1"
"2025_13_NO_MIA","MIA",24,TRUE,0,"0"
"2025_13_NO_MIA","NO",2,TRUE,0,"0"
"2025_13_NO_MIA","NO",4,TRUE,0,"0"
"2025_13_NO_MIA","NO",6,TRUE,0,"0"
"2025_13_NO_MIA","NO",8,TRUE,1,"1"
"2025_13_NO_MIA","NO",10,TRUE,0,"0"
"2025_13_NO_MIA","NO",12,TRUE,4,"4+"
"2025_13_NO_MIA","NO",14,TRUE,5,"4+"
"2025_13_NO_MIA","NO",16,TRUE,3,"3"
"2025_13_NO_MIA","NO",18,TRUE,0,"0"
"2025_13_NO_MIA","NO",20,TRUE,3,"3"
"2025_13_NO_MIA","NO",22,TRUE,3,"3"
"2025_13_NO_MIA","NO",23,TRUE,1,"1"
"2025_13_NYG_NE","NE",1,TRUE,3,"3"
"2025_13_NYG_NE","NE",4,TRUE,4,"4+"
"2025_13_NYG_NE","NE",6,TRUE,0,"0"
"2025_13_NYG_NE","NE",8,TRUE,3,"3"
"2025_13_NYG_NE","NE",9,TRUE,1,"1"
"2025_13_NYG_NE","NE",11,TRUE,2,"2"
"2025_13_NYG_NE","NE",13,TRUE,3,"3"
"2025_13_NYG_NE","NE",15,TRUE,2,"2"
"2025_13_NYG_NE","NE",17,TRUE,3,"3"
"2025_13_NYG_NE","NE",19,TRUE,0,"0"
"2025_13_NYG_NE","NYG",2,TRUE,1,"1"
"2025_13_NYG_NE","NYG",3,TRUE,0,"0"
"2025_13_NYG_NE","NYG",5,TRUE,3,"3"
"2025_13_NYG_NE","NYG",7,TRUE,2,"2"
"2025_13_NYG_NE","NYG",10,TRUE,0,"0"
"2025_13_NYG_NE","NYG",12,TRUE,2,"2"
"2025_13_NYG_NE","NYG",14,TRUE,4,"4+"
"2025_13_NYG_NE","NYG",16,TRUE,1,"1"
"2025_13_NYG_NE","NYG",18,TRUE,1,"1"
"2025_13_SF_CLE","CLE",2,TRUE,1,"1"
"2025_13_SF_CLE","CLE",4,TRUE,3,"3"
"2025_13_SF_CLE","CLE",6,TRUE,2,"2"
"2025_13_SF_CLE","CLE",8,TRUE,5,"4+"
"2025_13_SF_CLE","CLE",10,TRUE,1,"1"
"2025_13_SF_CLE","CLE",12,TRUE,0,"0"
"2025_13_SF_CLE","CLE",14,TRUE,0,"0"
"2025_13_SF_CLE","CLE",17,TRUE,1,"1"
"2025_13_SF_CLE","CLE",19,TRUE,2,"2"
"2025_13_SF_CLE","SF",1,TRUE,1,"1"
"2025_13_SF_CLE","SF",3,TRUE,2,"2"
"2025_13_SF_CLE","SF",5,TRUE,0,"0"
"2025_13_SF_CLE","SF",7,TRUE,3,"3"
"2025_13_SF_CLE","SF",9,TRUE,3,"3"
"2025_13_SF_CLE","SF",11,TRUE,2,"2"
"2025_13_SF_CLE","SF",13,TRUE,3,"3"
"2025_13_SF_CLE","SF",15,TRUE,0,"0"
"2025_13_SF_CLE","SF",16,TRUE,2,"2"
"2025_13_SF_CLE","SF",18,TRUE,2,"2"
"2025_13_SF_CLE","SF",20,TRUE,1,"1"
"2025_14_CHI_GB","CHI",1,TRUE,0,"0"
"2025_14_CHI_GB","CHI",3,TRUE,0,"0"
"2025_14_CHI_GB","CHI",5,TRUE,1,"1"
"2025_14_CHI_GB","CHI",7,TRUE,4,"4+"
"2025_14_CHI_GB","CHI",9,TRUE,1,"1"
"2025_14_CHI_GB","CHI",11,TRUE,5,"4+"
"2025_14_CHI_GB","CHI",13,TRUE,2,"2"
"2025_14_CHI_GB","CHI",15,TRUE,6,"4+"
"2025_14_CHI_GB","CHI",17,TRUE,2,"2"
"2025_14_CHI_GB","GB",2,TRUE,4,"4+"
"2025_14_CHI_GB","GB",4,TRUE,1,"1"
"2025_14_CHI_GB","GB",6,TRUE,4,"4+"
"2025_14_CHI_GB","GB",8,TRUE,2,"2"
"2025_14_CHI_GB","GB",10,TRUE,0,"0"
"2025_14_CHI_GB","GB",12,TRUE,2,"2"
"2025_14_CHI_GB","GB",14,TRUE,0,"0"
"2025_14_CHI_GB","GB",16,TRUE,4,"4+"
"2025_14_CHI_GB","GB",18,TRUE,0,"0"
"2025_14_CIN_BUF","BUF",2,TRUE,2,"2"
"2025_14_CIN_BUF","BUF",4,TRUE,4,"4+"
"2025_14_CIN_BUF","BUF",6,TRUE,1,"1"
"2025_14_CIN_BUF","BUF",8,TRUE,0,"0"
"2025_14_CIN_BUF","BUF",9,TRUE,4,"4+"
"2025_14_CIN_BUF","BUF",11,TRUE,5,"4+"
"2025_14_CIN_BUF","BUF",13,TRUE,3,"3"
"2025_14_CIN_BUF","BUF",16,TRUE,2,"2"
"2025_14_CIN_BUF","BUF",18,TRUE,1,"1"
"2025_14_CIN_BUF","CIN",1,TRUE,6,"4+"
"2025_14_CIN_BUF","CIN",3,TRUE,3,"3"
"2025_14_CIN_BUF","CIN",5,TRUE,4,"4+"
"2025_14_CIN_BUF","CIN",7,TRUE,2,"2"
"2025_14_CIN_BUF","CIN",10,TRUE,0,"0"
"2025_14_CIN_BUF","CIN",12,TRUE,6,"4+"
"2025_14_CIN_BUF","CIN",14,TRUE,2,"2"
"2025_14_CIN_BUF","CIN",15,TRUE,0,"0"
"2025_14_CIN_BUF","CIN",17,TRUE,2,"2"
"2025_14_DAL_DET","DAL",2,TRUE,2,"2"
"2025_14_DAL_DET","DAL",4,TRUE,0,"0"
"2025_14_DAL_DET","DAL",6,TRUE,4,"4+"
"2025_14_DAL_DET","DAL",8,TRUE,1,"1"
"2025_14_DAL_DET","DAL",10,TRUE,2,"2"
"2025_14_DAL_DET","DAL",12,TRUE,0,"0"
"2025_14_DAL_DET","DAL",14,TRUE,5,"4+"
"2025_14_DAL_DET","DAL",16,TRUE,1,"1"
"2025_14_DAL_DET","DAL",18,TRUE,3,"3"
"2025_14_DAL_DET","DAL",20,TRUE,4,"4+"
"2025_14_DAL_DET","DAL",22,TRUE,3,"3"
"2025_14_DAL_DET","DET",1,TRUE,2,"2"
"2025_14_DAL_DET","DET",3,TRUE,0,"0"
"2025_14_DAL_DET","DET",5,TRUE,3,"3"
"2025_14_DAL_DET","DET",7,TRUE,0,"0"
"2025_14_DAL_DET","DET",9,TRUE,2,"2"
"2025_14_DAL_DET","DET",11,TRUE,2,"2"
"2025_14_DAL_DET","DET",13,TRUE,1,"1"
"2025_14_DAL_DET","DET",15,TRUE,2,"2"
"2025_14_DAL_DET","DET",17,TRUE,3,"3"
"2025_14_DAL_DET","DET",19,TRUE,2,"2"
"2025_14_DAL_DET","DET",21,TRUE,2,"2"
"2025_14_DAL_DET","DET",23,TRUE,0,"0"
"2025_14_DEN_LV","DEN",1,TRUE,7,"4+"
"2025_14_DEN_LV","DEN",3,TRUE,3,"3"
"2025_14_DEN_LV","DEN",6,TRUE,3,"3"
"2025_14_DEN_LV","DEN",8,TRUE,0,"0"
"2025_14_DEN_LV","DEN",10,TRUE,7,"4+"
"2025_14_DEN_LV","DEN",12,TRUE,6,"4+"
"2025_14_DEN_LV","DEN",14,TRUE,1,"1"
"2025_14_DEN_LV","LV",2,TRUE,5,"4+"
"2025_14_DEN_LV","LV",4,TRUE,1,"1"
"2025_14_DEN_LV","LV",5,TRUE,1,"1"
"2025_14_DEN_LV","LV",7,TRUE,0,"0"
"2025_14_DEN_LV","LV",9,TRUE,0,"0"
"2025_14_DEN_LV","LV",11,TRUE,3,"3"
"2025_14_DEN_LV","LV",13,TRUE,4,"4+"
"2025_14_DEN_LV","LV",15,TRUE,2,"2"
"2025_14_HOU_KC","HOU",2,TRUE,2,"2"
"2025_14_HOU_KC","HOU",4,TRUE,1,"1"
"2025_14_HOU_KC","HOU",6,TRUE,4,"4+"
"2025_14_HOU_KC","HOU",8,TRUE,1,"1"
"2025_14_HOU_KC","HOU",10,TRUE,1,"1"
"2025_14_HOU_KC","HOU",11,TRUE,0,"0"
"2025_14_HOU_KC","HOU",13,TRUE,0,"0"
"2025_14_HOU_KC","HOU",15,TRUE,0,"0"
"2025_14_HOU_KC","HOU",17,TRUE,0,"0"
"2025_14_HOU_KC","HOU",19,TRUE,1,"1"
"2025_14_HOU_KC","HOU",21,TRUE,3,"3"
"2025_14_HOU_KC","HOU",23,TRUE,0,"0"
"2025_14_HOU_KC","HOU",25,TRUE,1,"1"
"2025_14_HOU_KC","KC",1,TRUE,0,"0"
"2025_14_HOU_KC","KC",3,TRUE,1,"1"
"2025_14_HOU_KC","KC",5,TRUE,2,"2"
"2025_14_HOU_KC","KC",7,TRUE,0,"0"
"2025_14_HOU_KC","KC",9,TRUE,4,"4+"
"2025_14_HOU_KC","KC",12,TRUE,3,"3"
"2025_14_HOU_KC","KC",14,TRUE,2,"2"
"2025_14_HOU_KC","KC",16,TRUE,1,"1"
"2025_14_HOU_KC","KC",18,TRUE,0,"0"
"2025_14_HOU_KC","KC",20,TRUE,0,"0"
"2025_14_HOU_KC","KC",22,TRUE,0,"0"
"2025_14_HOU_KC","KC",24,TRUE,0,"0"
"2025_14_HOU_KC","KC",26,TRUE,1,"1"
"2025_14_IND_JAX","IND",2,TRUE,0,"0"
"2025_14_IND_JAX","IND",4,TRUE,6,"4+"
"2025_14_IND_JAX","IND",6,TRUE,1,"1"
"2025_14_IND_JAX","IND",8,TRUE,0,"0"
"2025_14_IND_JAX","IND",10,TRUE,4,"4+"
"2025_14_IND_JAX","IND",12,TRUE,0,"0"
"2025_14_IND_JAX","IND",14,TRUE,0,"0"
"2025_14_IND_JAX","IND",15,TRUE,3,"3"
"2025_14_IND_JAX","IND",17,TRUE,0,"0"
"2025_14_IND_JAX","IND",19,TRUE,1,"1"
"2025_14_IND_JAX","IND",21,TRUE,0,"0"
"2025_14_IND_JAX","IND",23,TRUE,5,"4+"
"2025_14_IND_JAX","JAX",1,TRUE,1,"1"
"2025_14_IND_JAX","JAX",3,TRUE,2,"2"
"2025_14_IND_JAX","JAX",5,TRUE,3,"3"
"2025_14_IND_JAX","JAX",7,TRUE,0,"0"
"2025_14_IND_JAX","JAX",9,TRUE,1,"1"
"2025_14_IND_JAX","JAX",11,TRUE,2,"2"
"2025_14_IND_JAX","JAX",13,TRUE,4,"4+"
"2025_14_IND_JAX","JAX",16,TRUE,0,"0"
"2025_14_IND_JAX","JAX",18,TRUE,3,"3"
"2025_14_IND_JAX","JAX",20,TRUE,2,"2"
"2025_14_IND_JAX","JAX",22,TRUE,0,"0"
"2025_14_IND_JAX","JAX",24,TRUE,0,"0"
"2025_14_LA_ARI","ARI",1,TRUE,3,"3"
"2025_14_LA_ARI","ARI",3,TRUE,1,"1"
"2025_14_LA_ARI","ARI",5,TRUE,4,"4+"
"2025_14_LA_ARI","ARI",7,TRUE,0,"0"
"2025_14_LA_ARI","ARI",9,TRUE,1,"1"
"2025_14_LA_ARI","ARI",11,TRUE,0,"0"
"2025_14_LA_ARI","ARI",13,TRUE,0,"0"
"2025_14_LA_ARI","ARI",15,TRUE,0,"0"
"2025_14_LA_ARI","ARI",17,TRUE,0,"0"
"2025_14_LA_ARI","ARI",19,TRUE,4,"4+"
"2025_14_LA_ARI","ARI",21,TRUE,4,"4+"
"2025_14_LA_ARI","LA",2,TRUE,3,"3"
"2025_14_LA_ARI","LA",4,TRUE,4,"4+"
"2025_14_LA_ARI","LA",6,TRUE,5,"4+"
"2025_14_LA_ARI","LA",8,TRUE,5,"4+"
"2025_14_LA_ARI","LA",10,TRUE,6,"4+"
"2025_14_LA_ARI","LA",12,TRUE,3,"3"
"2025_14_LA_ARI","LA",14,TRUE,0,"0"
"2025_14_LA_ARI","LA",16,TRUE,1,"1"
"2025_14_LA_ARI","LA",18,TRUE,1,"1"
"2025_14_LA_ARI","LA",20,TRUE,0,"0"
"2025_14_LA_ARI","LA",22,TRUE,2,"2"
"2025_14_MIA_NYJ","MIA",1,TRUE,3,"3"
"2025_14_MIA_NYJ","MIA",3,TRUE,4,"4+"
"2025_14_MIA_NYJ","MIA",5,TRUE,3,"3"
"2025_14_MIA_NYJ","MIA",7,TRUE,0,"0"
"2025_14_MIA_NYJ","MIA",8,TRUE,1,"1"
"2025_14_MIA_NYJ","MIA",10,TRUE,0,"0"
"2025_14_MIA_NYJ","MIA",12,TRUE,3,"3"
"2025_14_MIA_NYJ","MIA",14,TRUE,0,"0"
"2025_14_MIA_NYJ","MIA",17,TRUE,0,"0"
"2025_14_MIA_NYJ","MIA",19,TRUE,2,"2"
"2025_14_MIA_NYJ","MIA",21,TRUE,6,"4+"
"2025_14_MIA_NYJ","MIA",23,TRUE,1,"1"
"2025_14_MIA_NYJ","MIA",25,TRUE,0,"0"
"2025_14_MIA_NYJ","NYJ",2,TRUE,0,"0"
"2025_14_MIA_NYJ","NYJ",4,TRUE,0,"0"
"2025_14_MIA_NYJ","NYJ",6,TRUE,0,"0"
"2025_14_MIA_NYJ","NYJ",9,TRUE,0,"0"
"2025_14_MIA_NYJ","NYJ",11,TRUE,0,"0"
"2025_14_MIA_NYJ","NYJ",13,TRUE,2,"2"
"2025_14_MIA_NYJ","NYJ",15,TRUE,0,"0"
"2025_14_MIA_NYJ","NYJ",16,TRUE,1,"1"
"2025_14_MIA_NYJ","NYJ",18,TRUE,1,"1"
"2025_14_MIA_NYJ","NYJ",20,TRUE,4,"4+"
"2025_14_MIA_NYJ","NYJ",22,TRUE,1,"1"
"2025_14_MIA_NYJ","NYJ",24,TRUE,3,"3"
"2025_14_NO_TB","NO",1,TRUE,4,"4+"
"2025_14_NO_TB","NO",3,TRUE,0,"0"
"2025_14_NO_TB","NO",5,TRUE,1,"1"
"2025_14_NO_TB","NO",7,TRUE,0,"0"
"2025_14_NO_TB","NO",9,TRUE,0,"0"
"2025_14_NO_TB","NO",11,TRUE,0,"0"
"2025_14_NO_TB","NO",14,TRUE,2,"2"
"2025_14_NO_TB","NO",16,TRUE,3,"3"
"2025_14_NO_TB","NO",18,TRUE,4,"4+"
"2025_14_NO_TB","NO",20,TRUE,2,"2"
"2025_14_NO_TB","NO",22,TRUE,0,"0"
"2025_14_NO_TB","TB",2,TRUE,4,"4+"
"2025_14_NO_TB","TB",4,TRUE,2,"2"
"2025_14_NO_TB","TB",6,TRUE,1,"1"
"2025_14_NO_TB","TB",8,TRUE,1,"1"
"2025_14_NO_TB","TB",10,TRUE,1,"1"
"2025_14_NO_TB","TB",12,TRUE,1,"1"
"2025_14_NO_TB","TB",13,TRUE,1,"1"
"2025_14_NO_TB","TB",15,TRUE,5,"4+"
"2025_14_NO_TB","TB",17,TRUE,1,"1"
"2025_14_NO_TB","TB",19,TRUE,2,"2"
"2025_14_NO_TB","TB",21,TRUE,0,"0"
"2025_14_PHI_LAC","LAC",2,TRUE,3,"3"
"2025_14_PHI_LAC","LAC",4,TRUE,0,"0"
"2025_14_PHI_LAC","LAC",6,TRUE,1,"1"
"2025_14_PHI_LAC","LAC",8,TRUE,1,"1"
"2025_14_PHI_LAC","LAC",10,TRUE,0,"0"
"2025_14_PHI_LAC","LAC",12,TRUE,0,"0"
"2025_14_PHI_LAC","LAC",14,TRUE,4,"4+"
"2025_14_PHI_LAC","LAC",16,TRUE,0,"0"
"2025_14_PHI_LAC","LAC",18,TRUE,1,"1"
"2025_14_PHI_LAC","LAC",20,TRUE,1,"1"
"2025_14_PHI_LAC","LAC",22,TRUE,0,"0"
"2025_14_PHI_LAC","LAC",24,TRUE,3,"3"
"2025_14_PHI_LAC","LAC",26,TRUE,2,"2"
"2025_14_PHI_LAC","PHI",1,TRUE,1,"1"
"2025_14_PHI_LAC","PHI",3,TRUE,3,"3"
"2025_14_PHI_LAC","PHI",5,TRUE,0,"0"
"2025_14_PHI_LAC","PHI",7,TRUE,3,"3"
"2025_14_PHI_LAC","PHI",9,TRUE,0,"0"
"2025_14_PHI_LAC","PHI",11,TRUE,4,"4+"
"2025_14_PHI_LAC","PHI",13,TRUE,0,"0"
"2025_14_PHI_LAC","PHI",15,TRUE,1,"1"
"2025_14_PHI_LAC","PHI",17,TRUE,1,"1"
"2025_14_PHI_LAC","PHI",19,TRUE,1,"1"
"2025_14_PHI_LAC","PHI",21,TRUE,0,"0"
"2025_14_PHI_LAC","PHI",23,TRUE,2,"2"
"2025_14_PHI_LAC","PHI",25,TRUE,0,"0"
"2025_14_PHI_LAC","PHI",27,TRUE,3,"3"
"2025_14_PIT_BAL","BAL",1,TRUE,2,"2"
"2025_14_PIT_BAL","BAL",3,TRUE,0,"0"
"2025_14_PIT_BAL","BAL",5,TRUE,2,"2"
"2025_14_PIT_BAL","BAL",7,TRUE,0,"0"
"2025_14_PIT_BAL","BAL",9,TRUE,6,"4+"
"2025_14_PIT_BAL","BAL",12,TRUE,2,"2"
"2025_14_PIT_BAL","BAL",14,TRUE,3,"3"
"2025_14_PIT_BAL","BAL",16,TRUE,2,"2"
"2025_14_PIT_BAL","BAL",18,TRUE,3,"3"
"2025_14_PIT_BAL","BAL",20,TRUE,2,"2"
"2025_14_PIT_BAL","PIT",2,TRUE,3,"3"
"2025_14_PIT_BAL","PIT",4,TRUE,0,"0"
"2025_14_PIT_BAL","PIT",6,TRUE,3,"3"
"2025_14_PIT_BAL","PIT",8,TRUE,3,"3"
"2025_14_PIT_BAL","PIT",10,TRUE,0,"0"
"2025_14_PIT_BAL","PIT",11,TRUE,2,"2"
"2025_14_PIT_BAL","PIT",13,TRUE,2,"2"
"2025_14_PIT_BAL","PIT",15,TRUE,0,"0"
"2025_14_PIT_BAL","PIT",17,TRUE,0,"0"
"2025_14_PIT_BAL","PIT",19,TRUE,0,"0"
"2025_14_SEA_ATL","ATL",1,TRUE,2,"2"
"2025_14_SEA_ATL","ATL",3,TRUE,1,"1"
"2025_14_SEA_ATL","ATL",5,TRUE,1,"1"
"2025_14_SEA_ATL","ATL",7,TRUE,0,"0"
"2025_14_SEA_ATL","ATL",9,TRUE,3,"3"
"2025_14_SEA_ATL","ATL",12,TRUE,2,"2"
"2025_14_SEA_ATL","ATL",14,TRUE,0,"0"
"2025_14_SEA_ATL","ATL",16,TRUE,3,"3"
"2025_14_SEA_ATL","ATL",18,TRUE,0,"0"
"2025_14_SEA_ATL","ATL",20,TRUE,3,"3"
"2025_14_SEA_ATL","ATL",22,TRUE,0,"0"
"2025_14_SEA_ATL","SEA",2,TRUE,0,"0"
"2025_14_SEA_ATL","SEA",4,TRUE,4,"4+"
"2025_14_SEA_ATL","SEA",6,TRUE,0,"0"
"2025_14_SEA_ATL","SEA",8,TRUE,0,"0"
"2025_14_SEA_ATL","SEA",10,TRUE,3,"3"
"2025_14_SEA_ATL","SEA",13,TRUE,4,"4+"
"2025_14_SEA_ATL","SEA",15,TRUE,1,"1"
"2025_14_SEA_ATL","SEA",17,TRUE,3,"3"
"2025_14_SEA_ATL","SEA",19,TRUE,3,"3"
"2025_14_SEA_ATL","SEA",21,TRUE,2,"2"
"2025_14_TEN_CLE","CLE",2,TRUE,0,"0"
"2025_14_TEN_CLE","CLE",4,TRUE,1,"1"
"2025_14_TEN_CLE","CLE",6,TRUE,2,"2"
"2025_14_TEN_CLE","CLE",8,TRUE,3,"3"
"2025_14_TEN_CLE","CLE",10,TRUE,2,"2"
"2025_14_TEN_CLE","CLE",12,TRUE,0,"0"
"2025_14_TEN_CLE","CLE",13,TRUE,2,"2"
"2025_14_TEN_CLE","CLE",15,TRUE,0,"0"
"2025_14_TEN_CLE","CLE",17,TRUE,0,"0"
"2025_14_TEN_CLE","CLE",19,TRUE,1,"1"
"2025_14_TEN_CLE","CLE",21,TRUE,0,"0"
"2025_14_TEN_CLE","CLE",23,TRUE,0,"0"
"2025_14_TEN_CLE","CLE",25,TRUE,1,"1"
"2025_14_TEN_CLE","CLE",27,TRUE,4,"4+"
"2025_14_TEN_CLE","CLE",29,TRUE,4,"4+"
"2025_14_TEN_CLE","TEN",1,TRUE,3,"3"
"2025_14_TEN_CLE","TEN",3,TRUE,2,"2"
"2025_14_TEN_CLE","TEN",5,TRUE,1,"1"
"2025_14_TEN_CLE","TEN",7,TRUE,1,"1"
"2025_14_TEN_CLE","TEN",9,TRUE,1,"1"
"2025_14_TEN_CLE","TEN",11,TRUE,1,"1"
"2025_14_TEN_CLE","TEN",14,TRUE,0,"0"
"2025_14_TEN_CLE","TEN",16,TRUE,0,"0"
"2025_14_TEN_CLE","TEN",18,TRUE,1,"1"
"2025_14_TEN_CLE","TEN",20,TRUE,1,"1"
"2025_14_TEN_CLE","TEN",22,TRUE,1,"1"
"2025_14_TEN_CLE","TEN",24,TRUE,1,"1"
"2025_14_TEN_CLE","TEN",26,TRUE,0,"0"
"2025_14_TEN_CLE","TEN",28,TRUE,0,"0"
"2025_14_TEN_CLE","TEN",30,TRUE,0,"0"
"2025_14_WAS_MIN","MIN",1,TRUE,4,"4+"
"2025_14_WAS_MIN","MIN",3,TRUE,7,"4+"
"2025_14_WAS_MIN","MIN",5,TRUE,1,"1"
"2025_14_WAS_MIN","MIN",7,TRUE,0,"0"
"2025_14_WAS_MIN","MIN",9,TRUE,0,"0"
"2025_14_WAS_MIN","MIN",11,TRUE,3,"3"
"2025_14_WAS_MIN","MIN",13,TRUE,5,"4+"
"2025_14_WAS_MIN","MIN",15,TRUE,5,"4+"
"2025_14_WAS_MIN","WAS",2,TRUE,5,"4+"
"2025_14_WAS_MIN","WAS",4,TRUE,0,"0"
"2025_14_WAS_MIN","WAS",6,TRUE,1,"1"
"2025_14_WAS_MIN","WAS",8,TRUE,3,"3"
"2025_14_WAS_MIN","WAS",10,TRUE,1,"1"
"2025_14_WAS_MIN","WAS",12,TRUE,0,"0"
"2025_14_WAS_MIN","WAS",14,TRUE,2,"2"
"2025_15_ARI_HOU","ARI",3,TRUE,0,"0"
"2025_15_ARI_HOU","ARI",5,TRUE,6,"4+"
"2025_15_ARI_HOU","ARI",7,TRUE,0,"0"
"2025_15_ARI_HOU","ARI",9,TRUE,1,"1"
"2025_15_ARI_HOU","ARI",11,TRUE,4,"4+"
"2025_15_ARI_HOU","ARI",13,TRUE,4,"4+"
"2025_15_ARI_HOU","ARI",15,TRUE,5,"4+"
"2025_15_ARI_HOU","ARI",17,TRUE,0,"0"
"2025_15_ARI_HOU","ARI",19,TRUE,2,"2"
"2025_15_ARI_HOU","HOU",1,TRUE,1,"1"
"2025_15_ARI_HOU","HOU",2,TRUE,1,"1"
"2025_15_ARI_HOU","HOU",4,TRUE,4,"4+"
"2025_15_ARI_HOU","HOU",6,TRUE,2,"2"
"2025_15_ARI_HOU","HOU",8,TRUE,4,"4+"
"2025_15_ARI_HOU","HOU",10,TRUE,1,"1"
"2025_15_ARI_HOU","HOU",12,TRUE,4,"4+"
"2025_15_ARI_HOU","HOU",14,TRUE,1,"1"
"2025_15_ARI_HOU","HOU",16,TRUE,1,"1"
"2025_15_ARI_HOU","HOU",18,TRUE,4,"4+"
"2025_15_ARI_HOU","HOU",20,TRUE,0,"0"
"2025_15_ATL_TB","ATL",2,TRUE,3,"3"
"2025_15_ATL_TB","ATL",4,TRUE,5,"4+"
"2025_15_ATL_TB","ATL",6,TRUE,1,"1"
"2025_15_ATL_TB","ATL",8,TRUE,3,"3"
"2025_15_ATL_TB","ATL",10,TRUE,1,"1"
"2025_15_ATL_TB","ATL",12,TRUE,2,"2"
"2025_15_ATL_TB","ATL",14,TRUE,0,"0"
"2025_15_ATL_TB","ATL",16,TRUE,4,"4+"
"2025_15_ATL_TB","ATL",18,TRUE,5,"4+"
"2025_15_ATL_TB","ATL",20,TRUE,3,"3"
"2025_15_ATL_TB","TB",1,TRUE,2,"2"
"2025_15_ATL_TB","TB",3,TRUE,6,"4+"
"2025_15_ATL_TB","TB",5,TRUE,1,"1"
"2025_15_ATL_TB","TB",7,TRUE,3,"3"
"2025_15_ATL_TB","TB",9,TRUE,2,"2"
"2025_15_ATL_TB","TB",11,TRUE,7,"4+"
"2025_15_ATL_TB","TB",13,TRUE,2,"2"
"2025_15_ATL_TB","TB",15,TRUE,3,"3"
"2025_15_ATL_TB","TB",17,TRUE,1,"1"
"2025_15_ATL_TB","TB",19,TRUE,1,"1"
"2025_15_BAL_CIN","BAL",1,TRUE,1,"1"
"2025_15_BAL_CIN","BAL",3,TRUE,0,"0"
"2025_15_BAL_CIN","BAL",5,TRUE,1,"1"
"2025_15_BAL_CIN","BAL",7,TRUE,3,"3"
"2025_15_BAL_CIN","BAL",9,TRUE,4,"4+"
"2025_15_BAL_CIN","BAL",12,TRUE,2,"2"
"2025_15_BAL_CIN","BAL",14,TRUE,3,"3"
"2025_15_BAL_CIN","BAL",17,TRUE,1,"1"
"2025_15_BAL_CIN","CIN",2,TRUE,4,"4+"
"2025_15_BAL_CIN","CIN",4,TRUE,2,"2"
"2025_15_BAL_CIN","CIN",6,TRUE,0,"0"
"2025_15_BAL_CIN","CIN",8,TRUE,2,"2"
"2025_15_BAL_CIN","CIN",10,TRUE,1,"1"
"2025_15_BAL_CIN","CIN",11,TRUE,1,"1"
"2025_15_BAL_CIN","CIN",13,TRUE,1,"1"
"2025_15_BAL_CIN","CIN",15,TRUE,5,"4+"
"2025_15_BAL_CIN","CIN",16,TRUE,2,"2"
"2025_15_BUF_NE","BUF",2,TRUE,0,"0"
"2025_15_BUF_NE","BUF",4,TRUE,0,"0"
"2025_15_BUF_NE","BUF",6,TRUE,2,"2"
"2025_15_BUF_NE","BUF",8,TRUE,3,"3"
"2025_15_BUF_NE","BUF",10,TRUE,3,"3"
"2025_15_BUF_NE","BUF",12,TRUE,5,"4+"
"2025_15_BUF_NE","BUF",14,TRUE,4,"4+"
"2025_15_BUF_NE","BUF",16,TRUE,4,"4+"
"2025_15_BUF_NE","BUF",18,TRUE,0,"0"
"2025_15_BUF_NE","BUF",20,TRUE,1,"1"
"2025_15_BUF_NE","NE",1,TRUE,4,"4+"
"2025_15_BUF_NE","NE",3,TRUE,1,"1"
"2025_15_BUF_NE","NE",5,TRUE,4,"4+"
"2025_15_BUF_NE","NE",7,TRUE,4,"4+"
"2025_15_BUF_NE","NE",9,TRUE,3,"3"
"2025_15_BUF_NE","NE",11,TRUE,0,"0"
"2025_15_BUF_NE","NE",13,TRUE,2,"2"
"2025_15_BUF_NE","NE",15,TRUE,1,"1"
"2025_15_BUF_NE","NE",17,TRUE,0,"0"
"2025_15_BUF_NE","NE",19,TRUE,0,"0"
"2025_15_CAR_NO","CAR",2,TRUE,5,"4+"
"2025_15_CAR_NO","CAR",4,TRUE,2,"2"
"2025_15_CAR_NO","CAR",6,TRUE,2,"2"
"2025_15_CAR_NO","CAR",8,TRUE,3,"3"
"2025_15_CAR_NO","CAR",10,TRUE,2,"2"
"2025_15_CAR_NO","CAR",12,TRUE,0,"0"
"2025_15_CAR_NO","CAR",14,TRUE,1,"1"
"2025_15_CAR_NO","CAR",16,TRUE,0,"0"
"2025_15_CAR_NO","NO",1,TRUE,0,"0"
"2025_15_CAR_NO","NO",3,TRUE,1,"1"
"2025_15_CAR_NO","NO",5,TRUE,8,"4+"
"2025_15_CAR_NO","NO",7,TRUE,0,"0"
"2025_15_CAR_NO","NO",9,TRUE,6,"4+"
"2025_15_CAR_NO","NO",11,TRUE,3,"3"
"2025_15_CAR_NO","NO",13,TRUE,5,"4+"
"2025_15_CAR_NO","NO",15,TRUE,3,"3"
"2025_15_CLE_CHI","CHI",1,TRUE,0,"0"
"2025_15_CLE_CHI","CHI",3,TRUE,4,"4+"
"2025_15_CLE_CHI","CHI",5,TRUE,3,"3"
"2025_15_CLE_CHI","CHI",7,TRUE,5,"4+"
"2025_15_CLE_CHI","CHI",9,TRUE,0,"0"
"2025_15_CLE_CHI","CHI",11,TRUE,2,"2"
"2025_15_CLE_CHI","CHI",13,TRUE,0,"0"
"2025_15_CLE_CHI","CHI",15,TRUE,0,"0"
"2025_15_CLE_CHI","CHI",17,TRUE,1,"1"
"2025_15_CLE_CHI","CHI",19,TRUE,5,"4+"
"2025_15_CLE_CHI","CHI",21,TRUE,1,"1"
"2025_15_CLE_CHI","CHI",23,TRUE,0,"0"
"2025_15_CLE_CHI","CHI",25,TRUE,0,"0"
"2025_15_CLE_CHI","CLE",2,TRUE,0,"0"
"2025_15_CLE_CHI","CLE",4,TRUE,0,"0"
"2025_15_CLE_CHI","CLE",6,TRUE,0,"0"
"2025_15_CLE_CHI","CLE",8,TRUE,1,"1"
"2025_15_CLE_CHI","CLE",10,TRUE,0,"0"
"2025_15_CLE_CHI","CLE",12,TRUE,0,"0"
"2025_15_CLE_CHI","CLE",14,TRUE,1,"1"
"2025_15_CLE_CHI","CLE",16,TRUE,0,"0"
"2025_15_CLE_CHI","CLE",18,TRUE,1,"1"
"2025_15_CLE_CHI","CLE",20,TRUE,0,"0"
"2025_15_CLE_CHI","CLE",22,TRUE,1,"1"
"2025_15_CLE_CHI","CLE",24,TRUE,5,"4+"
"2025_15_DET_LA","DET",1,TRUE,2,"2"
"2025_15_DET_LA","DET",3,TRUE,1,"1"
"2025_15_DET_LA","DET",5,TRUE,3,"3"
"2025_15_DET_LA","DET",7,TRUE,2,"2"
"2025_15_DET_LA","DET",9,TRUE,4,"4+"
"2025_15_DET_LA","DET",12,TRUE,0,"0"
"2025_15_DET_LA","DET",14,TRUE,0,"0"
"2025_15_DET_LA","DET",16,TRUE,0,"0"
"2025_15_DET_LA","DET",18,TRUE,2,"2"
"2025_15_DET_LA","DET",20,TRUE,6,"4+"
"2025_15_DET_LA","DET",22,TRUE,1,"1"
"2025_15_DET_LA","LA",2,TRUE,2,"2"
"2025_15_DET_LA","LA",4,TRUE,6,"4+"
"2025_15_DET_LA","LA",6,TRUE,5,"4+"
"2025_15_DET_LA","LA",8,TRUE,1,"1"
"2025_15_DET_LA","LA",10,TRUE,2,"2"
"2025_15_DET_LA","LA",11,TRUE,3,"3"
"2025_15_DET_LA","LA",13,TRUE,4,"4+"
"2025_15_DET_LA","LA",15,TRUE,2,"2"
"2025_15_DET_LA","LA",17,TRUE,0,"0"
"2025_15_DET_LA","LA",19,TRUE,4,"4+"
"2025_15_DET_LA","LA",21,TRUE,1,"1"
"2025_15_GB_DEN","DEN",1,TRUE,1,"1"
"2025_15_GB_DEN","DEN",3,TRUE,0,"0"
"2025_15_GB_DEN","DEN",5,TRUE,4,"4+"
"2025_15_GB_DEN","DEN",7,TRUE,3,"3"
"2025_15_GB_DEN","DEN",11,TRUE,0,"0"
"2025_15_GB_DEN","DEN",13,TRUE,4,"4+"
"2025_15_GB_DEN","DEN",15,TRUE,5,"4+"
"2025_15_GB_DEN","DEN",17,TRUE,4,"4+"
"2025_15_GB_DEN","DEN",19,TRUE,0,"0"
"2025_15_GB_DEN","DEN",21,TRUE,0,"0"
"2025_15_GB_DEN","DEN",23,TRUE,0,"0"
"2025_15_GB_DEN","GB",2,TRUE,1,"1"
"2025_15_GB_DEN","GB",4,TRUE,4,"4+"
"2025_15_GB_DEN","GB",6,TRUE,4,"4+"
"2025_15_GB_DEN","GB",8,TRUE,3,"3"
"2025_15_GB_DEN","GB",10,TRUE,2,"2"
"2025_15_GB_DEN","GB",12,TRUE,0,"0"
"2025_15_GB_DEN","GB",14,TRUE,1,"1"
"2025_15_GB_DEN","GB",16,TRUE,2,"2"
"2025_15_GB_DEN","GB",18,TRUE,0,"0"
"2025_15_GB_DEN","GB",20,TRUE,1,"1"
"2025_15_GB_DEN","GB",22,TRUE,0,"0"
"2025_15_IND_SEA","IND",1,TRUE,2,"2"
"2025_15_IND_SEA","IND",3,TRUE,3,"3"
"2025_15_IND_SEA","IND",5,TRUE,0,"0"
"2025_15_IND_SEA","IND",7,TRUE,1,"1"
"2025_15_IND_SEA","IND",9,TRUE,4,"4+"
"2025_15_IND_SEA","IND",12,TRUE,0,"0"
"2025_15_IND_SEA","IND",14,TRUE,1,"1"
"2025_15_IND_SEA","IND",16,TRUE,2,"2"
"2025_15_IND_SEA","IND",18,TRUE,1,"1"
"2025_15_IND_SEA","IND",20,TRUE,0,"0"
"2025_15_IND_SEA","SEA",2,TRUE,0,"0"
"2025_15_IND_SEA","SEA",4,TRUE,2,"2"
"2025_15_IND_SEA","SEA",6,TRUE,0,"0"
"2025_15_IND_SEA","SEA",8,TRUE,0,"0"
"2025_15_IND_SEA","SEA",10,TRUE,2,"2"
"2025_15_IND_SEA","SEA",11,TRUE,3,"3"
"2025_15_IND_SEA","SEA",13,TRUE,1,"1"
"2025_15_IND_SEA","SEA",15,TRUE,2,"2"
"2025_15_IND_SEA","SEA",17,TRUE,4,"4+"
"2025_15_IND_SEA","SEA",19,TRUE,1,"1"
"2025_15_IND_SEA","SEA",21,TRUE,0,"0"
"2025_15_LAC_KC","KC",1,TRUE,5,"4+"
"2025_15_LAC_KC","KC",3,TRUE,0,"0"
"2025_15_LAC_KC","KC",5,TRUE,0,"0"
"2025_15_LAC_KC","KC",7,TRUE,1,"1"
"2025_15_LAC_KC","KC",9,TRUE,3,"3"
"2025_15_LAC_KC","KC",13,TRUE,0,"0"
"2025_15_LAC_KC","KC",15,TRUE,0,"0"
"2025_15_LAC_KC","KC",17,TRUE,2,"2"
"2025_15_LAC_KC","KC",19,TRUE,5,"4+"
"2025_15_LAC_KC","LAC",2,TRUE,3,"3"
"2025_15_LAC_KC","LAC",4,TRUE,1,"1"
"2025_15_LAC_KC","LAC",6,TRUE,0,"0"
"2025_15_LAC_KC","LAC",8,TRUE,2,"2"
"2025_15_LAC_KC","LAC",10,TRUE,2,"2"
"2025_15_LAC_KC","LAC",12,TRUE,4,"4+"
"2025_15_LAC_KC","LAC",14,TRUE,1,"1"
"2025_15_LAC_KC","LAC",16,TRUE,1,"1"
"2025_15_LAC_KC","LAC",18,TRUE,4,"4+"
"2025_15_LAC_KC","LAC",20,TRUE,0,"0"
"2025_15_LV_PHI","LV",2,TRUE,3,"3"
"2025_15_LV_PHI","LV",4,TRUE,0,"0"
"2025_15_LV_PHI","LV",6,TRUE,0,"0"
"2025_15_LV_PHI","LV",8,TRUE,2,"2"
"2025_15_LV_PHI","LV",10,TRUE,2,"2"
"2025_15_LV_PHI","LV",12,TRUE,0,"0"
"2025_15_LV_PHI","LV",14,TRUE,0,"0"
"2025_15_LV_PHI","LV",16,TRUE,0,"0"
"2025_15_LV_PHI","PHI",1,TRUE,5,"4+"
"2025_15_LV_PHI","PHI",3,TRUE,2,"2"
"2025_15_LV_PHI","PHI",5,TRUE,0,"0"
"2025_15_LV_PHI","PHI",7,TRUE,6,"4+"
"2025_15_LV_PHI","PHI",9,TRUE,0,"0"
"2025_15_LV_PHI","PHI",11,TRUE,5,"4+"
"2025_15_LV_PHI","PHI",13,TRUE,3,"3"
"2025_15_LV_PHI","PHI",15,TRUE,6,"4+"
"2025_15_MIA_PIT","MIA",1,TRUE,1,"1"
"2025_15_MIA_PIT","MIA",3,TRUE,2,"2"
"2025_15_MIA_PIT","MIA",5,TRUE,1,"1"
"2025_15_MIA_PIT","MIA",7,TRUE,1,"1"
"2025_15_MIA_PIT","MIA",9,TRUE,0,"0"
"2025_15_MIA_PIT","MIA",11,TRUE,0,"0"
"2025_15_MIA_PIT","MIA",13,TRUE,0,"0"
"2025_15_MIA_PIT","MIA",15,TRUE,4,"4+"
"2025_15_MIA_PIT","MIA",17,TRUE,5,"4+"
"2025_15_MIA_PIT","MIA",19,TRUE,2,"2"
"2025_15_MIA_PIT","PIT",2,TRUE,0,"0"
"2025_15_MIA_PIT","PIT",4,TRUE,3,"3"
"2025_15_MIA_PIT","PIT",6,TRUE,0,"0"
"2025_15_MIA_PIT","PIT",8,TRUE,7,"4+"
"2025_15_MIA_PIT","PIT",10,TRUE,3,"3"
"2025_15_MIA_PIT","PIT",12,TRUE,4,"4+"
"2025_15_MIA_PIT","PIT",14,TRUE,5,"4+"
"2025_15_MIA_PIT","PIT",16,TRUE,0,"0"
"2025_15_MIA_PIT","PIT",18,TRUE,0,"0"
"2025_15_MIN_DAL","DAL",2,TRUE,4,"4+"
"2025_15_MIN_DAL","DAL",4,TRUE,0,"0"
"2025_15_MIN_DAL","DAL",6,TRUE,5,"4+"
"2025_15_MIN_DAL","DAL",8,TRUE,1,"1"
"2025_15_MIN_DAL","DAL",10,TRUE,3,"3"
"2025_15_MIN_DAL","DAL",12,TRUE,2,"2"
"2025_15_MIN_DAL","DAL",14,TRUE,3,"3"
"2025_15_MIN_DAL","DAL",16,TRUE,2,"2"
"2025_15_MIN_DAL","DAL",18,TRUE,3,"3"
"2025_15_MIN_DAL","DAL",20,TRUE,2,"2"
"2025_15_MIN_DAL","MIN",1,TRUE,0,"0"
"2025_15_MIN_DAL","MIN",3,TRUE,1,"1"
"2025_15_MIN_DAL","MIN",5,TRUE,2,"2"
"2025_15_MIN_DAL","MIN",7,TRUE,3,"3"
"2025_15_MIN_DAL","MIN",9,TRUE,3,"3"
"2025_15_MIN_DAL","MIN",13,TRUE,0,"0"
"2025_15_MIN_DAL","MIN",15,TRUE,5,"4+"
"2025_15_MIN_DAL","MIN",17,TRUE,4,"4+"
"2025_15_MIN_DAL","MIN",19,TRUE,2,"2"
"2025_15_MIN_DAL","MIN",21,TRUE,0,"0"
"2025_15_NYJ_JAX","JAX",1,TRUE,5,"4+"
"2025_15_NYJ_JAX","JAX",3,TRUE,2,"2"
"2025_15_NYJ_JAX","JAX",5,TRUE,4,"4+"
"2025_15_NYJ_JAX","JAX",7,TRUE,0,"0"
"2025_15_NYJ_JAX","JAX",9,TRUE,2,"2"
"2025_15_NYJ_JAX","JAX",11,TRUE,4,"4+"
"2025_15_NYJ_JAX","JAX",14,TRUE,4,"4+"
"2025_15_NYJ_JAX","JAX",16,TRUE,2,"2"
"2025_15_NYJ_JAX","JAX",18,TRUE,1,"1"
"2025_15_NYJ_JAX","JAX",20,TRUE,0,"0"
"2025_15_NYJ_JAX","JAX",22,TRUE,0,"0"
"2025_15_NYJ_JAX","JAX",24,TRUE,0,"0"
"2025_15_NYJ_JAX","NYJ",2,TRUE,0,"0"
"2025_15_NYJ_JAX","NYJ",4,TRUE,4,"4+"
"2025_15_NYJ_JAX","NYJ",6,TRUE,2,"2"
"2025_15_NYJ_JAX","NYJ",8,TRUE,2,"2"
"2025_15_NYJ_JAX","NYJ",10,TRUE,0,"0"
"2025_15_NYJ_JAX","NYJ",12,TRUE,0,"0"
"2025_15_NYJ_JAX","NYJ",13,TRUE,2,"2"
"2025_15_NYJ_JAX","NYJ",15,TRUE,0,"0"
"2025_15_NYJ_JAX","NYJ",17,TRUE,3,"3"
"2025_15_NYJ_JAX","NYJ",19,TRUE,1,"1"
"2025_15_NYJ_JAX","NYJ",21,TRUE,1,"1"
"2025_15_NYJ_JAX","NYJ",23,TRUE,3,"3"
"2025_15_TEN_SF","SF",2,TRUE,5,"4+"
"2025_15_TEN_SF","SF",4,TRUE,4,"4+"
"2025_15_TEN_SF","SF",6,TRUE,4,"4+"
"2025_15_TEN_SF","SF",8,TRUE,3,"3"
"2025_15_TEN_SF","SF",10,TRUE,7,"4+"
"2025_15_TEN_SF","SF",12,TRUE,0,"0"
"2025_15_TEN_SF","SF",14,TRUE,2,"2"
"2025_15_TEN_SF","SF",16,TRUE,3,"3"
"2025_15_TEN_SF","TEN",1,TRUE,0,"0"
"2025_15_TEN_SF","TEN",3,TRUE,4,"4+"
"2025_15_TEN_SF","TEN",5,TRUE,5,"4+"
"2025_15_TEN_SF","TEN",7,TRUE,2,"2"
"2025_15_TEN_SF","TEN",9,TRUE,0,"0"
"2025_15_TEN_SF","TEN",11,TRUE,0,"0"
"2025_15_TEN_SF","TEN",13,TRUE,2,"2"
"2025_15_TEN_SF","TEN",15,TRUE,4,"4+"
"2025_15_TEN_SF","TEN",17,TRUE,1,"1"
"2025_15_WAS_NYG","NYG",2,TRUE,2,"2"
"2025_15_WAS_NYG","NYG",4,TRUE,0,"0"
"2025_15_WAS_NYG","NYG",6,TRUE,1,"1"
"2025_15_WAS_NYG","NYG",8,TRUE,4,"4+"
"2025_15_WAS_NYG","NYG",10,TRUE,0,"0"
"2025_15_WAS_NYG","NYG",11,TRUE,1,"1"
"2025_15_WAS_NYG","NYG",13,TRUE,5,"4+"
"2025_15_WAS_NYG","NYG",15,TRUE,0,"0"
"2025_15_WAS_NYG","NYG",17,TRUE,4,"4+"
"2025_15_WAS_NYG","NYG",19,TRUE,3,"3"
"2025_15_WAS_NYG","NYG",21,TRUE,1,"1"
"2025_15_WAS_NYG","NYG",23,TRUE,1,"1"
"2025_15_WAS_NYG","WAS",1,TRUE,2,"2"
"2025_15_WAS_NYG","WAS",3,TRUE,2,"2"
"2025_15_WAS_NYG","WAS",5,TRUE,3,"3"
"2025_15_WAS_NYG","WAS",7,TRUE,3,"3"
"2025_15_WAS_NYG","WAS",9,TRUE,0,"0"
"2025_15_WAS_NYG","WAS",12,TRUE,0,"0"
"2025_15_WAS_NYG","WAS",14,TRUE,1,"1"
"2025_15_WAS_NYG","WAS",16,TRUE,0,"0"
"2025_15_WAS_NYG","WAS",18,TRUE,2,"2"
"2025_15_WAS_NYG","WAS",20,TRUE,4,"4+"
"2025_15_WAS_NYG","WAS",22,TRUE,2,"2"
"2025_15_WAS_NYG","WAS",24,TRUE,0,"0"
"2025_16_ATL_ARI","ARI",1,TRUE,1,"1"
"2025_16_ATL_ARI","ARI",3,TRUE,2,"2"
"2025_16_ATL_ARI","ARI",5,TRUE,2,"2"
"2025_16_ATL_ARI","ARI",7,TRUE,4,"4+"
"2025_16_ATL_ARI","ARI",9,TRUE,2,"2"
"2025_16_ATL_ARI","ARI",11,TRUE,2,"2"
"2025_16_ATL_ARI","ARI",13,TRUE,0,"0"
"2025_16_ATL_ARI","ARI",15,TRUE,2,"2"
"2025_16_ATL_ARI","ARI",17,TRUE,1,"1"
"2025_16_ATL_ARI","ATL",2,TRUE,2,"2"
"2025_16_ATL_ARI","ATL",4,TRUE,3,"3"
"2025_16_ATL_ARI","ATL",6,TRUE,3,"3"
"2025_16_ATL_ARI","ATL",8,TRUE,5,"4+"
"2025_16_ATL_ARI","ATL",10,TRUE,3,"3"
"2025_16_ATL_ARI","ATL",12,TRUE,6,"4+"
"2025_16_ATL_ARI","ATL",14,TRUE,1,"1"
"2025_16_ATL_ARI","ATL",16,TRUE,1,"1"
"2025_16_ATL_ARI","ATL",18,TRUE,0,"0"
"2025_16_BUF_CLE","BUF",2,TRUE,3,"3"
"2025_16_BUF_CLE","BUF",4,TRUE,5,"4+"
"2025_16_BUF_CLE","BUF",6,TRUE,4,"4+"
"2025_16_BUF_CLE","BUF",8,TRUE,0,"0"
"2025_16_BUF_CLE","BUF",10,TRUE,0,"0"
"2025_16_BUF_CLE","BUF",12,TRUE,0,"0"
"2025_16_BUF_CLE","BUF",14,TRUE,2,"2"
"2025_16_BUF_CLE","BUF",16,TRUE,0,"0"
"2025_16_BUF_CLE","BUF",18,TRUE,1,"1"
"2025_16_BUF_CLE","BUF",20,TRUE,1,"1"
"2025_16_BUF_CLE","CLE",1,TRUE,5,"4+"
"2025_16_BUF_CLE","CLE",3,TRUE,3,"3"
"2025_16_BUF_CLE","CLE",5,TRUE,4,"4+"
"2025_16_BUF_CLE","CLE",7,TRUE,0,"0"
"2025_16_BUF_CLE","CLE",9,TRUE,0,"0"
"2025_16_BUF_CLE","CLE",11,TRUE,1,"1"
"2025_16_BUF_CLE","CLE",13,TRUE,6,"4+"
"2025_16_BUF_CLE","CLE",15,TRUE,2,"2"
"2025_16_BUF_CLE","CLE",17,TRUE,0,"0"
"2025_16_BUF_CLE","CLE",19,TRUE,1,"1"
"2025_16_CIN_MIA","CIN",1,TRUE,1,"1"
"2025_16_CIN_MIA","CIN",3,TRUE,5,"4+"
"2025_16_CIN_MIA","CIN",5,TRUE,0,"0"
"2025_16_CIN_MIA","CIN",7,TRUE,3,"3"
"2025_16_CIN_MIA","CIN",9,TRUE,4,"4+"
"2025_16_CIN_MIA","CIN",11,TRUE,0,"0"
"2025_16_CIN_MIA","CIN",13,TRUE,3,"3"
"2025_16_CIN_MIA","CIN",15,TRUE,2,"2"
"2025_16_CIN_MIA","CIN",17,TRUE,2,"2"
"2025_16_CIN_MIA","CIN",19,TRUE,3,"3"
"2025_16_CIN_MIA","CIN",21,TRUE,0,"0"
"2025_16_CIN_MIA","CIN",23,TRUE,0,"0"
"2025_16_CIN_MIA","MIA",2,TRUE,1,"1"
"2025_16_CIN_MIA","MIA",4,TRUE,2,"2"
"2025_16_CIN_MIA","MIA",6,TRUE,2,"2"
"2025_16_CIN_MIA","MIA",8,TRUE,4,"4+"
"2025_16_CIN_MIA","MIA",10,TRUE,0,"0"
"2025_16_CIN_MIA","MIA",12,TRUE,0,"0"
"2025_16_CIN_MIA","MIA",14,TRUE,0,"0"
"2025_16_CIN_MIA","MIA",16,TRUE,1,"1"
"2025_16_CIN_MIA","MIA",18,TRUE,0,"0"
"2025_16_CIN_MIA","MIA",20,TRUE,0,"0"
"2025_16_CIN_MIA","MIA",22,TRUE,6,"4+"
"2025_16_CIN_MIA","MIA",24,TRUE,3,"3"
"2025_16_GB_CHI","CHI",2,TRUE,4,"4+"
"2025_16_GB_CHI","CHI",4,TRUE,2,"2"
"2025_16_GB_CHI","CHI",6,TRUE,1,"1"
"2025_16_GB_CHI","CHI",8,TRUE,1,"1"
"2025_16_GB_CHI","CHI",10,TRUE,1,"1"
"2025_16_GB_CHI","CHI",12,TRUE,3,"3"
"2025_16_GB_CHI","CHI",14,TRUE,3,"3"
"2025_16_GB_CHI","CHI",15,TRUE,3,"3"
"2025_16_GB_CHI","CHI",18,TRUE,2,"2"
"2025_16_GB_CHI","GB",1,TRUE,2,"2"
"2025_16_GB_CHI","GB",3,TRUE,5,"4+"
"2025_16_GB_CHI","GB",5,TRUE,6,"4+"
"2025_16_GB_CHI","GB",7,TRUE,0,"0"
"2025_16_GB_CHI","GB",9,TRUE,4,"4+"
"2025_16_GB_CHI","GB",11,TRUE,3,"3"
"2025_16_GB_CHI","GB",13,TRUE,3,"3"
"2025_16_GB_CHI","GB",16,TRUE,0,"0"
"2025_16_GB_CHI","GB",17,TRUE,1,"1"
"2025_16_JAX_DEN","DEN",2,TRUE,0,"0"
"2025_16_JAX_DEN","DEN",4,TRUE,4,"4+"
"2025_16_JAX_DEN","DEN",6,TRUE,3,"3"
"2025_16_JAX_DEN","DEN",8,TRUE,1,"1"
"2025_16_JAX_DEN","DEN",10,TRUE,1,"1"
"2025_16_JAX_DEN","DEN",12,TRUE,3,"3"
"2025_16_JAX_DEN","DEN",14,TRUE,1,"1"
"2025_16_JAX_DEN","DEN",16,TRUE,1,"1"
"2025_16_JAX_DEN","DEN",18,TRUE,2,"2"
"2025_16_JAX_DEN","DEN",20,TRUE,1,"1"
"2025_16_JAX_DEN","DEN",22,TRUE,2,"2"
"2025_16_JAX_DEN","DEN",24,TRUE,1,"1"
"2025_16_JAX_DEN","JAX",1,TRUE,0,"0"
"2025_16_JAX_DEN","JAX",3,TRUE,0,"0"
"2025_16_JAX_DEN","JAX",5,TRUE,4,"4+"
"2025_16_JAX_DEN","JAX",7,TRUE,0,"0"
"2025_16_JAX_DEN","JAX",9,TRUE,4,"4+"
"2025_16_JAX_DEN","JAX",11,TRUE,3,"3"
"2025_16_JAX_DEN","JAX",13,TRUE,6,"4+"
"2025_16_JAX_DEN","JAX",15,TRUE,2,"2"
"2025_16_JAX_DEN","JAX",17,TRUE,1,"1"
"2025_16_JAX_DEN","JAX",19,TRUE,0,"0"
"2025_16_JAX_DEN","JAX",21,TRUE,1,"1"
"2025_16_JAX_DEN","JAX",23,TRUE,1,"1"
"2025_16_KC_TEN","KC",1,TRUE,0,"0"
"2025_16_KC_TEN","KC",3,TRUE,0,"0"
"2025_16_KC_TEN","KC",5,TRUE,2,"2"
"2025_16_KC_TEN","KC",7,TRUE,0,"0"
"2025_16_KC_TEN","KC",9,TRUE,2,"2"
"2025_16_KC_TEN","KC",11,TRUE,2,"2"
"2025_16_KC_TEN","KC",14,TRUE,1,"1"
"2025_16_KC_TEN","KC",16,TRUE,2,"2"
"2025_16_KC_TEN","KC",18,TRUE,0,"0"
"2025_16_KC_TEN","KC",20,TRUE,0,"0"
"2025_16_KC_TEN","TEN",2,TRUE,1,"1"
"2025_16_KC_TEN","TEN",4,TRUE,3,"3"
"2025_16_KC_TEN","TEN",6,TRUE,0,"0"
"2025_16_KC_TEN","TEN",8,TRUE,0,"0"
"2025_16_KC_TEN","TEN",10,TRUE,5,"4+"
"2025_16_KC_TEN","TEN",13,TRUE,4,"4+"
"2025_16_KC_TEN","TEN",15,TRUE,0,"0"
"2025_16_KC_TEN","TEN",17,TRUE,5,"4+"
"2025_16_KC_TEN","TEN",19,TRUE,4,"4+"
"2025_16_KC_TEN","TEN",21,TRUE,0,"0"
"2025_16_LAC_DAL","DAL",1,TRUE,4,"4+"
"2025_16_LAC_DAL","DAL",3,TRUE,5,"4+"
"2025_16_LAC_DAL","DAL",5,TRUE,2,"2"
"2025_16_LAC_DAL","DAL",7,TRUE,0,"0"
"2025_16_LAC_DAL","DAL",9,TRUE,1,"1"
"2025_16_LAC_DAL","DAL",11,TRUE,3,"3"
"2025_16_LAC_DAL","DAL",13,TRUE,1,"1"
"2025_16_LAC_DAL","DAL",15,TRUE,1,"1"
"2025_16_LAC_DAL","DAL",17,TRUE,0,"0"
"2025_16_LAC_DAL","LAC",2,TRUE,3,"3"
"2025_16_LAC_DAL","LAC",4,TRUE,5,"4+"
"2025_16_LAC_DAL","LAC",6,TRUE,7,"4+"
"2025_16_LAC_DAL","LAC",8,TRUE,1,"1"
"2025_16_LAC_DAL","LAC",10,TRUE,0,"0"
"2025_16_LAC_DAL","LAC",12,TRUE,4,"4+"
"2025_16_LAC_DAL","LAC",14,TRUE,3,"3"
"2025_16_LAC_DAL","LAC",16,TRUE,1,"1"
"2025_16_LA_SEA","LA",1,TRUE,2,"2"
"2025_16_LA_SEA","LA",3,TRUE,4,"4+"
"2025_16_LA_SEA","LA",5,TRUE,2,"2"
"2025_16_LA_SEA","LA",7,TRUE,5,"4+"
"2025_16_LA_SEA","LA",9,TRUE,0,"0"
"2025_16_LA_SEA","LA",11,TRUE,1,"1"
"2025_16_LA_SEA","LA",13,TRUE,1,"1"
"2025_16_LA_SEA","LA",15,TRUE,3,"3"
"2025_16_LA_SEA","LA",17,TRUE,0,"0"
"2025_16_LA_SEA","LA",18,TRUE,0,"0"
"2025_16_LA_SEA","LA",20,TRUE,0,"0"
"2025_16_LA_SEA","LA",22,TRUE,1,"1"
"2025_16_LA_SEA","LA",24,TRUE,2,"2"
"2025_16_LA_SEA","LA",26,TRUE,4,"4+"
"2025_16_LA_SEA","SEA",2,TRUE,3,"3"
"2025_16_LA_SEA","SEA",4,TRUE,0,"0"
"2025_16_LA_SEA","SEA",6,TRUE,0,"0"
"2025_16_LA_SEA","SEA",8,TRUE,3,"3"
"2025_16_LA_SEA","SEA",10,TRUE,2,"2"
"2025_16_LA_SEA","SEA",12,TRUE,1,"1"
"2025_16_LA_SEA","SEA",14,TRUE,2,"2"
"2025_16_LA_SEA","SEA",16,TRUE,3,"3"
"2025_16_LA_SEA","SEA",19,TRUE,2,"2"
"2025_16_LA_SEA","SEA",21,TRUE,0,"0"
"2025_16_LA_SEA","SEA",23,TRUE,0,"0"
"2025_16_LA_SEA","SEA",25,TRUE,1,"1"
"2025_16_LA_SEA","SEA",27,TRUE,5,"4+"
"2025_16_LV_HOU","HOU",2,TRUE,1,"1"
"2025_16_LV_HOU","HOU",5,TRUE,0,"0"
"2025_16_LV_HOU","HOU",7,TRUE,0,"0"
"2025_16_LV_HOU","HOU",9,TRUE,1,"1"
"2025_16_LV_HOU","HOU",11,TRUE,3,"3"
"2025_16_LV_HOU","HOU",13,TRUE,1,"1"
"2025_16_LV_HOU","HOU",14,TRUE,0,"0"
"2025_16_LV_HOU","HOU",16,TRUE,0,"0"
"2025_16_LV_HOU","HOU",18,TRUE,1,"1"
"2025_16_LV_HOU","HOU",20,TRUE,5,"4+"
"2025_16_LV_HOU","HOU",22,TRUE,4,"4+"
"2025_16_LV_HOU","LV",1,TRUE,0,"0"
"2025_16_LV_HOU","LV",3,TRUE,0,"0"
"2025_16_LV_HOU","LV",4,TRUE,0,"0"
"2025_16_LV_HOU","LV",6,TRUE,2,"2"
"2025_16_LV_HOU","LV",8,TRUE,3,"3"
"2025_16_LV_HOU","LV",10,TRUE,1,"1"
"2025_16_LV_HOU","LV",12,TRUE,0,"0"
"2025_16_LV_HOU","LV",15,TRUE,2,"2"
"2025_16_LV_HOU","LV",17,TRUE,0,"0"
"2025_16_LV_HOU","LV",19,TRUE,2,"2"
"2025_16_LV_HOU","LV",21,TRUE,2,"2"
"2025_16_MIN_NYG","MIN",1,TRUE,2,"2"
"2025_16_MIN_NYG","MIN",3,TRUE,2,"2"
"2025_16_MIN_NYG","MIN",5,TRUE,3,"3"
"2025_16_MIN_NYG","MIN",7,TRUE,1,"1"
"2025_16_MIN_NYG","MIN",9,TRUE,0,"0"
"2025_16_MIN_NYG","MIN",10,TRUE,0,"0"
"2025_16_MIN_NYG","MIN",12,TRUE,3,"3"
"2025_16_MIN_NYG","MIN",14,TRUE,4,"4+"
"2025_16_MIN_NYG","MIN",16,TRUE,1,"1"
"2025_16_MIN_NYG","NYG",2,TRUE,3,"3"
"2025_16_MIN_NYG","NYG",4,TRUE,3,"3"
"2025_16_MIN_NYG","NYG",6,TRUE,0,"0"
"2025_16_MIN_NYG","NYG",8,TRUE,0,"0"
"2025_16_MIN_NYG","NYG",11,TRUE,1,"1"
"2025_16_MIN_NYG","NYG",13,TRUE,4,"4+"
"2025_16_MIN_NYG","NYG",15,TRUE,1,"1"
"2025_16_NE_BAL","BAL",1,TRUE,3,"3"
"2025_16_NE_BAL","BAL",3,TRUE,4,"4+"
"2025_16_NE_BAL","BAL",5,TRUE,0,"0"
"2025_16_NE_BAL","BAL",7,TRUE,3,"3"
"2025_16_NE_BAL","BAL",9,TRUE,0,"0"
"2025_16_NE_BAL","BAL",11,TRUE,1,"1"
"2025_16_NE_BAL","BAL",13,TRUE,3,"3"
"2025_16_NE_BAL","BAL",15,TRUE,3,"3"
"2025_16_NE_BAL","BAL",17,TRUE,1,"1"
"2025_16_NE_BAL","BAL",19,TRUE,0,"0"
"2025_16_NE_BAL","NE",2,TRUE,3,"3"
"2025_16_NE_BAL","NE",4,TRUE,5,"4+"
"2025_16_NE_BAL","NE",6,TRUE,2,"2"
"2025_16_NE_BAL","NE",8,TRUE,2,"2"
"2025_16_NE_BAL","NE",10,TRUE,0,"0"
"2025_16_NE_BAL","NE",12,TRUE,1,"1"
"2025_16_NE_BAL","NE",14,TRUE,1,"1"
"2025_16_NE_BAL","NE",16,TRUE,4,"4+"
"2025_16_NE_BAL","NE",18,TRUE,4,"4+"
"2025_16_NE_BAL","NE",20,TRUE,2,"2"
"2025_16_NYJ_NO","NO",1,TRUE,0,"0"
"2025_16_NYJ_NO","NO",3,TRUE,3,"3"
"2025_16_NYJ_NO","NO",5,TRUE,2,"2"
"2025_16_NYJ_NO","NO",7,TRUE,1,"1"
"2025_16_NYJ_NO","NO",9,TRUE,5,"4+"
"2025_16_NYJ_NO","NO",11,TRUE,2,"2"
"2025_16_NYJ_NO","NO",13,TRUE,0,"0"
"2025_16_NYJ_NO","NO",15,TRUE,6,"4+"
"2025_16_NYJ_NO","NO",17,TRUE,1,"1"
"2025_16_NYJ_NO","NO",19,TRUE,2,"2"
"2025_16_NYJ_NO","NO",21,TRUE,1,"1"
"2025_16_NYJ_NO","NYJ",2,TRUE,2,"2"
"2025_16_NYJ_NO","NYJ",4,TRUE,1,"1"
"2025_16_NYJ_NO","NYJ",6,TRUE,2,"2"
"2025_16_NYJ_NO","NYJ",8,TRUE,0,"0"
"2025_16_NYJ_NO","NYJ",10,TRUE,1,"1"
"2025_16_NYJ_NO","NYJ",12,TRUE,1,"1"
"2025_16_NYJ_NO","NYJ",14,TRUE,1,"1"
"2025_16_NYJ_NO","NYJ",16,TRUE,1,"1"
"2025_16_NYJ_NO","NYJ",18,TRUE,1,"1"
"2025_16_NYJ_NO","NYJ",20,TRUE,1,"1"
"2025_16_NYJ_NO","NYJ",22,TRUE,1,"1"
"2025_16_PHI_WAS","PHI",3,TRUE,0,"0"
"2025_16_PHI_WAS","PHI",5,TRUE,5,"4+"
"2025_16_PHI_WAS","PHI",7,TRUE,4,"4+"
"2025_16_PHI_WAS","PHI",9,TRUE,4,"4+"
"2025_16_PHI_WAS","PHI",12,TRUE,7,"4+"
"2025_16_PHI_WAS","PHI",14,TRUE,3,"3"
"2025_16_PHI_WAS","PHI",16,TRUE,0,"0"
"2025_16_PHI_WAS","PHI",18,TRUE,2,"2"
"2025_16_PHI_WAS","PHI",20,TRUE,1,"1"
"2025_16_PHI_WAS","WAS",2,TRUE,2,"2"
"2025_16_PHI_WAS","WAS",4,TRUE,1,"1"
"2025_16_PHI_WAS","WAS",6,TRUE,1,"1"
"2025_16_PHI_WAS","WAS",8,TRUE,4,"4+"
"2025_16_PHI_WAS","WAS",10,TRUE,0,"0"
"2025_16_PHI_WAS","WAS",11,TRUE,1,"1"
"2025_16_PHI_WAS","WAS",13,TRUE,1,"1"
"2025_16_PHI_WAS","WAS",15,TRUE,0,"0"
"2025_16_PHI_WAS","WAS",17,TRUE,0,"0"
"2025_16_PHI_WAS","WAS",19,TRUE,5,"4+"
"2025_16_PIT_DET","DET",1,TRUE,0,"0"
"2025_16_PIT_DET","DET",3,TRUE,4,"4+"
"2025_16_PIT_DET","DET",5,TRUE,2,"2"
"2025_16_PIT_DET","DET",7,TRUE,0,"0"
"2025_16_PIT_DET","DET",9,TRUE,4,"4+"
"2025_16_PIT_DET","DET",11,TRUE,0,"0"
"2025_16_PIT_DET","DET",13,TRUE,0,"0"
"2025_16_PIT_DET","DET",15,TRUE,0,"0"
"2025_16_PIT_DET","DET",17,TRUE,4,"4+"
"2025_16_PIT_DET","DET",19,TRUE,5,"4+"
"2025_16_PIT_DET","DET",21,TRUE,4,"4+"
"2025_16_PIT_DET","PIT",2,TRUE,2,"2"
"2025_16_PIT_DET","PIT",4,TRUE,2,"2"
"2025_16_PIT_DET","PIT",6,TRUE,0,"0"
"2025_16_PIT_DET","PIT",8,TRUE,0,"0"
"2025_16_PIT_DET","PIT",10,TRUE,4,"4+"
"2025_16_PIT_DET","PIT",12,TRUE,3,"3"
"2025_16_PIT_DET","PIT",14,TRUE,4,"4+"
"2025_16_PIT_DET","PIT",16,TRUE,2,"2"
"2025_16_PIT_DET","PIT",18,TRUE,3,"3"
"2025_16_PIT_DET","PIT",20,TRUE,3,"3"
"2025_16_SF_IND","IND",1,TRUE,4,"4+"
"2025_16_SF_IND","IND",4,TRUE,5,"4+"
"2025_16_SF_IND","IND",6,TRUE,0,"0"
"2025_16_SF_IND","IND",8,TRUE,2,"2"
"2025_16_SF_IND","IND",11,TRUE,2,"2"
"2025_16_SF_IND","IND",13,TRUE,5,"4+"
"2025_16_SF_IND","IND",15,TRUE,0,"0"
"2025_16_SF_IND","IND",17,TRUE,1,"1"
"2025_16_SF_IND","IND",18,TRUE,0,"0"
"2025_16_SF_IND","SF",2,TRUE,3,"3"
"2025_16_SF_IND","SF",3,TRUE,3,"3"
"2025_16_SF_IND","SF",5,TRUE,5,"4+"
"2025_16_SF_IND","SF",7,TRUE,4,"4+"
"2025_16_SF_IND","SF",9,TRUE,1,"1"
"2025_16_SF_IND","SF",10,TRUE,4,"4+"
"2025_16_SF_IND","SF",12,TRUE,3,"3"
"2025_16_SF_IND","SF",14,TRUE,4,"4+"
"2025_16_SF_IND","SF",16,TRUE,1,"1"
"2025_16_SF_IND","SF",19,TRUE,0,"0"
"2025_16_TB_CAR","CAR",1,TRUE,3,"3"
"2025_16_TB_CAR","CAR",3,TRUE,1,"1"
"2025_16_TB_CAR","CAR",5,TRUE,0,"0"
"2025_16_TB_CAR","CAR",7,TRUE,1,"1"
"2025_16_TB_CAR","CAR",9,TRUE,4,"4+"
"2025_16_TB_CAR","CAR",12,TRUE,5,"4+"
"2025_16_TB_CAR","CAR",14,TRUE,1,"1"
"2025_16_TB_CAR","CAR",16,TRUE,1,"1"
"2025_16_TB_CAR","CAR",18,TRUE,0,"0"
"2025_16_TB_CAR","TB",2,TRUE,5,"4+"
"2025_16_TB_CAR","TB",4,TRUE,4,"4+"
"2025_16_TB_CAR","TB",6,TRUE,0,"0"
"2025_16_TB_CAR","TB",8,TRUE,0,"0"
"2025_16_TB_CAR","TB",10,TRUE,0,"0"
"2025_16_TB_CAR","TB",11,TRUE,6,"4+"
"2025_16_TB_CAR","TB",13,TRUE,1,"1"
"2025_16_TB_CAR","TB",15,TRUE,1,"1"
"2025_16_TB_CAR","TB",17,TRUE,2,"2"
"2025_17_ARI_CIN","ARI",2,TRUE,0,"0"
"2025_17_ARI_CIN","ARI",4,TRUE,3,"3"
"2025_17_ARI_CIN","ARI",6,TRUE,0,"0"
"2025_17_ARI_CIN","ARI",8,TRUE,0,"0"
"2025_17_ARI_CIN","ARI",10,TRUE,1,"1"
"2025_17_ARI_CIN","ARI",12,TRUE,0,"0"
"2025_17_ARI_CIN","ARI",14,TRUE,0,"0"
"2025_17_ARI_CIN","ARI",16,TRUE,3,"3"
"2025_17_ARI_CIN","ARI",18,TRUE,5,"4+"
"2025_17_ARI_CIN","CIN",1,TRUE,5,"4+"
"2025_17_ARI_CIN","CIN",3,TRUE,7,"4+"
"2025_17_ARI_CIN","CIN",5,TRUE,0,"0"
"2025_17_ARI_CIN","CIN",7,TRUE,3,"3"
"2025_17_ARI_CIN","CIN",9,TRUE,2,"2"
"2025_17_ARI_CIN","CIN",11,TRUE,0,"0"
"2025_17_ARI_CIN","CIN",13,TRUE,5,"4+"
"2025_17_ARI_CIN","CIN",15,TRUE,4,"4+"
"2025_17_ARI_CIN","CIN",17,TRUE,3,"3"
"2025_17_ARI_CIN","CIN",19,TRUE,0,"0"
"2025_17_BAL_GB","BAL",1,TRUE,6,"4+"
"2025_17_BAL_GB","BAL",3,TRUE,6,"4+"
"2025_17_BAL_GB","BAL",5,TRUE,2,"2"
"2025_17_BAL_GB","BAL",7,TRUE,1,"1"
"2025_17_BAL_GB","BAL",9,TRUE,4,"4+"
"2025_17_BAL_GB","BAL",12,TRUE,1,"1"
"2025_17_BAL_GB","BAL",14,TRUE,5,"4+"
"2025_17_BAL_GB","BAL",16,TRUE,4,"4+"
"2025_17_BAL_GB","BAL",18,TRUE,0,"0"
"2025_17_BAL_GB","GB",2,TRUE,2,"2"
"2025_17_BAL_GB","GB",4,TRUE,0,"0"
"2025_17_BAL_GB","GB",6,TRUE,0,"0"
"2025_17_BAL_GB","GB",8,TRUE,4,"4+"
"2025_17_BAL_GB","GB",10,TRUE,0,"0"
"2025_17_BAL_GB","GB",11,TRUE,3,"3"
"2025_17_BAL_GB","GB",13,TRUE,4,"4+"
"2025_17_BAL_GB","GB",15,TRUE,3,"3"
"2025_17_BAL_GB","GB",17,TRUE,1,"1"
"2025_17_CHI_SF","CHI",3,TRUE,0,"0"
"2025_17_CHI_SF","CHI",5,TRUE,0,"0"
"2025_17_CHI_SF","CHI",7,TRUE,3,"3"
"2025_17_CHI_SF","CHI",9,TRUE,3,"3"
"2025_17_CHI_SF","CHI",11,TRUE,1,"1"
"2025_17_CHI_SF","CHI",13,TRUE,5,"4+"
"2025_17_CHI_SF","CHI",15,TRUE,4,"4+"
"2025_17_CHI_SF","CHI",17,TRUE,4,"4+"
"2025_17_CHI_SF","CHI",19,TRUE,5,"4+"
"2025_17_CHI_SF","SF",1,TRUE,0,"0"
"2025_17_CHI_SF","SF",2,TRUE,4,"4+"
"2025_17_CHI_SF","SF",4,TRUE,1,"1"
"2025_17_CHI_SF","SF",6,TRUE,3,"3"
"2025_17_CHI_SF","SF",8,TRUE,5,"4+"
"2025_17_CHI_SF","SF",10,TRUE,6,"4+"
"2025_17_CHI_SF","SF",12,TRUE,3,"3"
"2025_17_CHI_SF","SF",14,TRUE,5,"4+"
"2025_17_CHI_SF","SF",16,TRUE,1,"1"
"2025_17_CHI_SF","SF",18,TRUE,4,"4+"
"2025_17_DAL_WAS","DAL",1,TRUE,5,"4+"
"2025_17_DAL_WAS","DAL",3,TRUE,7,"4+"
"2025_17_DAL_WAS","DAL",5,TRUE,2,"2"
"2025_17_DAL_WAS","DAL",7,TRUE,3,"3"
"2025_17_DAL_WAS","DAL",10,TRUE,1,"1"
"2025_17_DAL_WAS","DAL",12,TRUE,3,"3"
"2025_17_DAL_WAS","DAL",14,TRUE,1,"1"
"2025_17_DAL_WAS","DAL",16,TRUE,4,"4+"
"2025_17_DAL_WAS","DAL",18,TRUE,2,"2"
"2025_17_DAL_WAS","WAS",2,TRUE,3,"3"
"2025_17_DAL_WAS","WAS",4,TRUE,1,"1"
"2025_17_DAL_WAS","WAS",6,TRUE,4,"4+"
"2025_17_DAL_WAS","WAS",8,TRUE,0,"0"
"2025_17_DAL_WAS","WAS",9,TRUE,1,"1"
"2025_17_DAL_WAS","WAS",11,TRUE,1,"1"
"2025_17_DAL_WAS","WAS",13,TRUE,3,"3"
"2025_17_DAL_WAS","WAS",15,TRUE,0,"0"
"2025_17_DAL_WAS","WAS",17,TRUE,3,"3"
"2025_17_DEN_KC","DEN",1,TRUE,4,"4+"
"2025_17_DEN_KC","DEN",3,TRUE,0,"0"
"2025_17_DEN_KC","DEN",5,TRUE,1,"1"
"2025_17_DEN_KC","DEN",7,TRUE,5,"4+"
"2025_17_DEN_KC","DEN",10,TRUE,6,"4+"
"2025_17_DEN_KC","DEN",12,TRUE,1,"1"
"2025_17_DEN_KC","DEN",14,TRUE,5,"4+"
"2025_17_DEN_KC","DEN",16,TRUE,0,"0"
"2025_17_DEN_KC","KC",2,TRUE,1,"1"
"2025_17_DEN_KC","KC",4,TRUE,3,"3"
"2025_17_DEN_KC","KC",6,TRUE,1,"1"
"2025_17_DEN_KC","KC",8,TRUE,0,"0"
"2025_17_DEN_KC","KC",9,TRUE,2,"2"
"2025_17_DEN_KC","KC",11,TRUE,0,"0"
"2025_17_DEN_KC","KC",13,TRUE,1,"1"
"2025_17_DEN_KC","KC",15,TRUE,2,"2"
"2025_17_DET_MIN","DET",2,TRUE,1,"1"
"2025_17_DET_MIN","DET",4,TRUE,0,"0"
"2025_17_DET_MIN","DET",6,TRUE,1,"1"
"2025_17_DET_MIN","DET",8,TRUE,6,"4+"
"2025_17_DET_MIN","DET",10,TRUE,0,"0"
"2025_17_DET_MIN","DET",11,TRUE,1,"1"
"2025_17_DET_MIN","DET",13,TRUE,0,"0"
"2025_17_DET_MIN","DET",15,TRUE,0,"0"
"2025_17_DET_MIN","DET",17,TRUE,1,"1"
"2025_17_DET_MIN","DET",19,TRUE,1,"1"
"2025_17_DET_MIN","DET",21,TRUE,2,"2"
"2025_17_DET_MIN","DET",23,TRUE,1,"1"
"2025_17_DET_MIN","DET",25,TRUE,2,"2"
"2025_17_DET_MIN","MIN",1,TRUE,0,"0"
"2025_17_DET_MIN","MIN",3,TRUE,3,"3"
"2025_17_DET_MIN","MIN",5,TRUE,2,"2"
"2025_17_DET_MIN","MIN",7,TRUE,0,"0"
"2025_17_DET_MIN","MIN",9,TRUE,1,"1"
"2025_17_DET_MIN","MIN",12,TRUE,0,"0"
"2025_17_DET_MIN","MIN",14,TRUE,3,"3"
"2025_17_DET_MIN","MIN",16,TRUE,0,"0"
"2025_17_DET_MIN","MIN",18,TRUE,0,"0"
"2025_17_DET_MIN","MIN",20,TRUE,0,"0"
"2025_17_DET_MIN","MIN",22,TRUE,1,"1"
"2025_17_DET_MIN","MIN",24,TRUE,1,"1"
"2025_17_HOU_LAC","HOU",1,TRUE,1,"1"
"2025_17_HOU_LAC","HOU",3,TRUE,3,"3"
"2025_17_HOU_LAC","HOU",5,TRUE,1,"1"
"2025_17_HOU_LAC","HOU",7,TRUE,2,"2"
"2025_17_HOU_LAC","HOU",9,TRUE,0,"0"
"2025_17_HOU_LAC","HOU",11,TRUE,1,"1"
"2025_17_HOU_LAC","HOU",13,TRUE,1,"1"
"2025_17_HOU_LAC","HOU",15,TRUE,0,"0"
"2025_17_HOU_LAC","HOU",17,TRUE,0,"0"
"2025_17_HOU_LAC","HOU",19,TRUE,1,"1"
"2025_17_HOU_LAC","HOU",21,TRUE,1,"1"
"2025_17_HOU_LAC","HOU",23,TRUE,2,"2"
"2025_17_HOU_LAC","HOU",25,TRUE,3,"3"
"2025_17_HOU_LAC","LAC",2,TRUE,0,"0"
"2025_17_HOU_LAC","LAC",4,TRUE,1,"1"
"2025_17_HOU_LAC","LAC",6,TRUE,0,"0"
"2025_17_HOU_LAC","LAC",8,TRUE,0,"0"
"2025_17_HOU_LAC","LAC",10,TRUE,1,"1"
"2025_17_HOU_LAC","LAC",12,TRUE,2,"2"
"2025_17_HOU_LAC","LAC",14,TRUE,2,"2"
"2025_17_HOU_LAC","LAC",16,TRUE,0,"0"
"2025_17_HOU_LAC","LAC",18,TRUE,0,"0"
"2025_17_HOU_LAC","LAC",20,TRUE,4,"4+"
"2025_17_HOU_LAC","LAC",22,TRUE,1,"1"
"2025_17_HOU_LAC","LAC",24,TRUE,5,"4+"
"2025_17_JAX_IND","IND",1,TRUE,2,"2"
"2025_17_JAX_IND","IND",3,TRUE,7,"4+"
"2025_17_JAX_IND","IND",5,TRUE,1,"1"
"2025_17_JAX_IND","IND",7,TRUE,0,"0"
"2025_17_JAX_IND","IND",9,TRUE,0,"0"
"2025_17_JAX_IND","IND",11,TRUE,1,"1"
"2025_17_JAX_IND","IND",13,TRUE,3,"3"
"2025_17_JAX_IND","IND",15,TRUE,0,"0"
"2025_17_JAX_IND","IND",17,TRUE,0,"0"
"2025_17_JAX_IND","IND",19,TRUE,1,"1"
"2025_17_JAX_IND","IND",21,TRUE,1,"1"
"2025_17_JAX_IND","JAX",2,TRUE,3,"3"
"2025_17_JAX_IND","JAX",4,TRUE,5,"4+"
"2025_17_JAX_IND","JAX",6,TRUE,1,"1"
"2025_17_JAX_IND","JAX",8,TRUE,2,"2"
"2025_17_JAX_IND","JAX",10,TRUE,0,"0"
"2025_17_JAX_IND","JAX",12,TRUE,4,"4+"
"2025_17_JAX_IND","JAX",14,TRUE,3,"3"
"2025_17_JAX_IND","JAX",16,TRUE,2,"2"
"2025_17_JAX_IND","JAX",18,TRUE,0,"0"
"2025_17_JAX_IND","JAX",20,TRUE,1,"1"
"2025_17_LA_ATL","ATL",1,TRUE,0,"0"
"2025_17_LA_ATL","ATL",3,TRUE,4,"4+"
"2025_17_LA_ATL","ATL",5,TRUE,3,"3"
"2025_17_LA_ATL","ATL",8,TRUE,0,"0"
"2025_17_LA_ATL","ATL",10,TRUE,1,"1"
"2025_17_LA_ATL","ATL",13,TRUE,1,"1"
"2025_17_LA_ATL","ATL",15,TRUE,2,"2"
"2025_17_LA_ATL","ATL",16,TRUE,1,"1"
"2025_17_LA_ATL","ATL",18,TRUE,0,"0"
"2025_17_LA_ATL","ATL",20,TRUE,2,"2"
"2025_17_LA_ATL","LA",2,TRUE,0,"0"
"2025_17_LA_ATL","LA",4,TRUE,3,"3"
"2025_17_LA_ATL","LA",6,TRUE,0,"0"
"2025_17_LA_ATL","LA",7,TRUE,1,"1"
"2025_17_LA_ATL","LA",9,TRUE,0,"0"
"2025_17_LA_ATL","LA",11,TRUE,1,"1"
"2025_17_LA_ATL","LA",12,TRUE,1,"1"
"2025_17_LA_ATL","LA",14,TRUE,3,"3"
"2025_17_LA_ATL","LA",17,TRUE,2,"2"
"2025_17_LA_ATL","LA",19,TRUE,5,"4+"
"2025_17_LA_ATL","LA",21,TRUE,0,"0"
"2025_17_NE_NYJ","NE",1,TRUE,4,"4+"
"2025_17_NE_NYJ","NE",3,TRUE,6,"4+"
"2025_17_NE_NYJ","NE",5,TRUE,3,"3"
"2025_17_NE_NYJ","NE",7,TRUE,5,"4+"
"2025_17_NE_NYJ","NE",9,TRUE,5,"4+"
"2025_17_NE_NYJ","NE",12,TRUE,3,"3"
"2025_17_NE_NYJ","NE",14,TRUE,2,"2"
"2025_17_NE_NYJ","NE",16,TRUE,0,"0"
"2025_17_NE_NYJ","NE",18,TRUE,0,"0"
"2025_17_NE_NYJ","NE",20,TRUE,0,"0"
"2025_17_NE_NYJ","NYJ",2,TRUE,0,"0"
"2025_17_NE_NYJ","NYJ",4,TRUE,0,"0"
"2025_17_NE_NYJ","NYJ",6,TRUE,3,"3"
"2025_17_NE_NYJ","NYJ",8,TRUE,0,"0"
"2025_17_NE_NYJ","NYJ",10,TRUE,0,"0"
"2025_17_NE_NYJ","NYJ",11,TRUE,1,"1"
"2025_17_NE_NYJ","NYJ",13,TRUE,2,"2"
"2025_17_NE_NYJ","NYJ",15,TRUE,2,"2"
"2025_17_NE_NYJ","NYJ",17,TRUE,4,"4+"
"2025_17_NE_NYJ","NYJ",19,TRUE,2,"2"
"2025_17_NO_TEN","NO",2,TRUE,0,"0"
"2025_17_NO_TEN","NO",4,TRUE,1,"1"
"2025_17_NO_TEN","NO",6,TRUE,0,"0"
"2025_17_NO_TEN","NO",8,TRUE,3,"3"
"2025_17_NO_TEN","NO",11,TRUE,0,"0"
"2025_17_NO_TEN","NO",12,TRUE,4,"4+"
"2025_17_NO_TEN","NO",14,TRUE,2,"2"
"2025_17_NO_TEN","NO",16,TRUE,1,"1"
"2025_17_NO_TEN","NO",18,TRUE,3,"3"
"2025_17_NO_TEN","NO",20,TRUE,2,"2"
"2025_17_NO_TEN","NO",22,TRUE,0,"0"
"2025_17_NO_TEN","TEN",1,TRUE,1,"1"
"2025_17_NO_TEN","TEN",3,TRUE,0,"0"
"2025_17_NO_TEN","TEN",5,TRUE,1,"1"
"2025_17_NO_TEN","TEN",7,TRUE,2,"2"
"2025_17_NO_TEN","TEN",9,TRUE,1,"1"
"2025_17_NO_TEN","TEN",10,TRUE,4,"4+"
"2025_17_NO_TEN","TEN",13,TRUE,2,"2"
"2025_17_NO_TEN","TEN",15,TRUE,2,"2"
"2025_17_NO_TEN","TEN",17,TRUE,1,"1"
"2025_17_NO_TEN","TEN",19,TRUE,0,"0"
"2025_17_NO_TEN","TEN",21,TRUE,2,"2"
"2025_17_NO_TEN","TEN",23,TRUE,2,"2"
"2025_17_NYG_LV","LV",2,TRUE,0,"0"
"2025_17_NYG_LV","LV",4,TRUE,3,"3"
"2025_17_NYG_LV","LV",6,TRUE,2,"2"
"2025_17_NYG_LV","LV",8,TRUE,0,"0"
"2025_17_NYG_LV","LV",10,TRUE,1,"1"
"2025_17_NYG_LV","LV",12,TRUE,4,"4+"
"2025_17_NYG_LV","LV",14,TRUE,2,"2"
"2025_17_NYG_LV","LV",16,TRUE,1,"1"
"2025_17_NYG_LV","NYG",1,TRUE,2,"2"
"2025_17_NYG_LV","NYG",3,TRUE,0,"0"
"2025_17_NYG_LV","NYG",5,TRUE,3,"3"
"2025_17_NYG_LV","NYG",7,TRUE,4,"4+"
"2025_17_NYG_LV","NYG",9,TRUE,4,"4+"
"2025_17_NYG_LV","NYG",11,TRUE,4,"4+"
"2025_17_NYG_LV","NYG",15,TRUE,5,"4+"
"2025_17_NYG_LV","NYG",17,TRUE,0,"0"
"2025_17_PHI_BUF","BUF",2,TRUE,3,"3"
"2025_17_PHI_BUF","BUF",4,TRUE,1,"1"
"2025_17_PHI_BUF","BUF",6,TRUE,2,"2"
"2025_17_PHI_BUF","BUF",8,TRUE,0,"0"
"2025_17_PHI_BUF","BUF",10,TRUE,0,"0"
"2025_17_PHI_BUF","BUF",11,TRUE,0,"0"
"2025_17_PHI_BUF","BUF",13,TRUE,3,"3"
"2025_17_PHI_BUF","BUF",15,TRUE,2,"2"
"2025_17_PHI_BUF","BUF",17,TRUE,1,"1"
"2025_17_PHI_BUF","BUF",19,TRUE,4,"4+"
"2025_17_PHI_BUF","BUF",21,TRUE,4,"4+"
"2025_17_PHI_BUF","PHI",1,TRUE,0,"0"
"2025_17_PHI_BUF","PHI",3,TRUE,1,"1"
"2025_17_PHI_BUF","PHI",5,TRUE,3,"3"
"2025_17_PHI_BUF","PHI",7,TRUE,3,"3"
"2025_17_PHI_BUF","PHI",9,TRUE,3,"3"
"2025_17_PHI_BUF","PHI",12,TRUE,1,"1"
"2025_17_PHI_BUF","PHI",14,TRUE,0,"0"
"2025_17_PHI_BUF","PHI",16,TRUE,0,"0"
"2025_17_PHI_BUF","PHI",18,TRUE,0,"0"
"2025_17_PHI_BUF","PHI",20,TRUE,0,"0"
"2025_17_PHI_BUF","PHI",22,TRUE,0,"0"
"2025_17_PIT_CLE","CLE",1,TRUE,2,"2"
"2025_17_PIT_CLE","CLE",3,TRUE,3,"3"
"2025_17_PIT_CLE","CLE",5,TRUE,2,"2"
"2025_17_PIT_CLE","CLE",7,TRUE,2,"2"
"2025_17_PIT_CLE","CLE",9,TRUE,0,"0"
"2025_17_PIT_CLE","CLE",12,TRUE,2,"2"
"2025_17_PIT_CLE","CLE",14,TRUE,0,"0"
"2025_17_PIT_CLE","CLE",16,TRUE,0,"0"
"2025_17_PIT_CLE","CLE",18,TRUE,0,"0"
"2025_17_PIT_CLE","CLE",20,TRUE,0,"0"
"2025_17_PIT_CLE","CLE",22,TRUE,0,"0"
"2025_17_PIT_CLE","PIT",2,TRUE,0,"0"
"2025_17_PIT_CLE","PIT",4,TRUE,2,"2"
"2025_17_PIT_CLE","PIT",6,TRUE,1,"1"
"2025_17_PIT_CLE","PIT",8,TRUE,0,"0"
"2025_17_PIT_CLE","PIT",10,TRUE,3,"3"
"2025_17_PIT_CLE","PIT",11,TRUE,1,"1"
"2025_17_PIT_CLE","PIT",13,TRUE,4,"4+"
"2025_17_PIT_CLE","PIT",15,TRUE,1,"1"
"2025_17_PIT_CLE","PIT",17,TRUE,0,"0"
"2025_17_PIT_CLE","PIT",19,TRUE,0,"0"
"2025_17_PIT_CLE","PIT",21,TRUE,3,"3"
"2025_17_SEA_CAR","CAR",1,TRUE,1,"1"
"2025_17_SEA_CAR","CAR",3,TRUE,0,"0"
"2025_17_SEA_CAR","CAR",5,TRUE,0,"0"
"2025_17_SEA_CAR","CAR",7,TRUE,3,"3"
"2025_17_SEA_CAR","CAR",9,TRUE,0,"0"
"2025_17_SEA_CAR","CAR",11,TRUE,1,"1"
"2025_17_SEA_CAR","CAR",13,TRUE,0,"0"
"2025_17_SEA_CAR","CAR",15,TRUE,0,"0"
"2025_17_SEA_CAR","CAR",17,TRUE,5,"4+"
"2025_17_SEA_CAR","CAR",19,TRUE,0,"0"
"2025_17_SEA_CAR","CAR",21,TRUE,0,"0"
"2025_17_SEA_CAR","SEA",2,TRUE,1,"1"
"2025_17_SEA_CAR","SEA",4,TRUE,2,"2"
"2025_17_SEA_CAR","SEA",6,TRUE,2,"2"
"2025_17_SEA_CAR","SEA",8,TRUE,0,"0"
"2025_17_SEA_CAR","SEA",10,TRUE,2,"2"
"2025_17_SEA_CAR","SEA",12,TRUE,2,"2"
"2025_17_SEA_CAR","SEA",14,TRUE,2,"2"
"2025_17_SEA_CAR","SEA",16,TRUE,2,"2"
"2025_17_SEA_CAR","SEA",18,TRUE,4,"4+"
"2025_17_SEA_CAR","SEA",20,TRUE,2,"2"
"2025_17_SEA_CAR","SEA",22,TRUE,0,"0"
"2025_17_TB_MIA","MIA",1,TRUE,0,"0"
"2025_17_TB_MIA","MIA",3,TRUE,1,"1"
"2025_17_TB_MIA","MIA",5,TRUE,3,"3"
"2025_17_TB_MIA","MIA",7,TRUE,5,"4+"
"2025_17_TB_MIA","MIA",9,TRUE,0,"0"
"2025_17_TB_MIA","MIA",11,TRUE,0,"0"
"2025_17_TB_MIA","MIA",13,TRUE,2,"2"
"2025_17_TB_MIA","MIA",15,TRUE,1,"1"
"2025_17_TB_MIA","MIA",17,TRUE,0,"0"
"2025_17_TB_MIA","MIA",19,TRUE,1,"1"
"2025_17_TB_MIA","MIA",21,TRUE,0,"0"
"2025_17_TB_MIA","TB",2,TRUE,5,"4+"
"2025_17_TB_MIA","TB",4,TRUE,2,"2"
"2025_17_TB_MIA","TB",6,TRUE,1,"1"
"2025_17_TB_MIA","TB",8,TRUE,1,"1"
"2025_17_TB_MIA","TB",10,TRUE,0,"0"
"2025_17_TB_MIA","TB",12,TRUE,4,"4+"
"2025_17_TB_MIA","TB",14,TRUE,0,"0"
"2025_17_TB_MIA","TB",16,TRUE,2,"2"
"2025_17_TB_MIA","TB",18,TRUE,2,"2"
"2025_17_TB_MIA","TB",20,TRUE,4,"4+"
"2025_18_ARI_LA","ARI",1,TRUE,0,"0"
"2025_18_ARI_LA","ARI",3,TRUE,4,"4+"
"2025_18_ARI_LA","ARI",5,TRUE,1,"1"
"2025_18_ARI_LA","ARI",7,TRUE,1,"1"
"2025_18_ARI_LA","ARI",10,TRUE,2,"2"
"2025_18_ARI_LA","ARI",12,TRUE,6,"4+"
"2025_18_ARI_LA","ARI",14,TRUE,0,"0"
"2025_18_ARI_LA","ARI",16,TRUE,0,"0"
"2025_18_ARI_LA","ARI",18,TRUE,3,"3"
"2025_18_ARI_LA","LA",2,TRUE,0,"0"
"2025_18_ARI_LA","LA",4,TRUE,4,"4+"
"2025_18_ARI_LA","LA",6,TRUE,6,"4+"
"2025_18_ARI_LA","LA",8,TRUE,2,"2"
"2025_18_ARI_LA","LA",9,TRUE,0,"0"
"2025_18_ARI_LA","LA",11,TRUE,0,"0"
"2025_18_ARI_LA","LA",13,TRUE,4,"4+"
"2025_18_ARI_LA","LA",15,TRUE,3,"3"
"2025_18_ARI_LA","LA",17,TRUE,6,"4+"
"2025_18_ARI_LA","LA",19,TRUE,0,"0"
"2025_18_BAL_PIT","BAL",1,TRUE,3,"3"
"2025_18_BAL_PIT","BAL",3,TRUE,2,"2"
"2025_18_BAL_PIT","BAL",5,TRUE,1,"1"
"2025_18_BAL_PIT","BAL",7,TRUE,0,"0"
"2025_18_BAL_PIT","BAL",9,TRUE,1,"1"
"2025_18_BAL_PIT","BAL",12,TRUE,0,"0"
"2025_18_BAL_PIT","BAL",14,TRUE,1,"1"
"2025_18_BAL_PIT","BAL",16,TRUE,2,"2"
"2025_18_BAL_PIT","BAL",18,TRUE,1,"1"
"2025_18_BAL_PIT","BAL",20,TRUE,1,"1"
"2025_18_BAL_PIT","PIT",2,TRUE,1,"1"
"2025_18_BAL_PIT","PIT",4,TRUE,1,"1"
"2025_18_BAL_PIT","PIT",6,TRUE,2,"2"
"2025_18_BAL_PIT","PIT",8,TRUE,0,"0"
"2025_18_BAL_PIT","PIT",10,TRUE,6,"4+"
"2025_18_BAL_PIT","PIT",11,TRUE,5,"4+"
"2025_18_BAL_PIT","PIT",13,TRUE,1,"1"
"2025_18_BAL_PIT","PIT",15,TRUE,2,"2"
"2025_18_BAL_PIT","PIT",17,TRUE,3,"3"
"2025_18_BAL_PIT","PIT",19,TRUE,3,"3"
"2025_18_CAR_TB","CAR",2,TRUE,1,"1"
"2025_18_CAR_TB","CAR",4,TRUE,1,"1"
"2025_18_CAR_TB","CAR",6,TRUE,2,"2"
"2025_18_CAR_TB","CAR",8,TRUE,2,"2"
"2025_18_CAR_TB","CAR",10,TRUE,0,"0"
"2025_18_CAR_TB","CAR",11,TRUE,2,"2"
"2025_18_CAR_TB","CAR",13,TRUE,2,"2"
"2025_18_CAR_TB","CAR",15,TRUE,2,"2"
"2025_18_CAR_TB","CAR",17,TRUE,3,"3"
"2025_18_CAR_TB","CAR",19,TRUE,1,"1"
"2025_18_CAR_TB","TB",1,TRUE,5,"4+"
"2025_18_CAR_TB","TB",3,TRUE,3,"3"
"2025_18_CAR_TB","TB",5,TRUE,1,"1"
"2025_18_CAR_TB","TB",7,TRUE,2,"2"
"2025_18_CAR_TB","TB",9,TRUE,2,"2"
"2025_18_CAR_TB","TB",12,TRUE,0,"0"
"2025_18_CAR_TB","TB",14,TRUE,3,"3"
"2025_18_CAR_TB","TB",16,TRUE,3,"3"
"2025_18_CAR_TB","TB",18,TRUE,1,"1"
"2025_18_CLE_CIN","CIN",1,TRUE,0,"0"
"2025_18_CLE_CIN","CIN",3,TRUE,2,"2"
"2025_18_CLE_CIN","CIN",5,TRUE,5,"4+"
"2025_18_CLE_CIN","CIN",6,TRUE,1,"1"
"2025_18_CLE_CIN","CIN",7,TRUE,1,"1"
"2025_18_CLE_CIN","CIN",9,TRUE,0,"0"
"2025_18_CLE_CIN","CIN",11,TRUE,5,"4+"
"2025_18_CLE_CIN","CIN",14,TRUE,2,"2"
"2025_18_CLE_CIN","CIN",16,TRUE,4,"4+"
"2025_18_CLE_CIN","CIN",18,TRUE,4,"4+"
"2025_18_CLE_CIN","CLE",2,TRUE,1,"1"
"2025_18_CLE_CIN","CLE",4,TRUE,0,"0"
"2025_18_CLE_CIN","CLE",8,TRUE,1,"1"
"2025_18_CLE_CIN","CLE",10,TRUE,0,"0"
"2025_18_CLE_CIN","CLE",12,TRUE,0,"0"
"2025_18_CLE_CIN","CLE",13,TRUE,3,"3"
"2025_18_CLE_CIN","CLE",15,TRUE,4,"4+"
"2025_18_CLE_CIN","CLE",17,TRUE,0,"0"
"2025_18_CLE_CIN","CLE",19,TRUE,2,"2"
"2025_18_DAL_NYG","DAL",2,TRUE,2,"2"
"2025_18_DAL_NYG","DAL",4,TRUE,4,"4+"
"2025_18_DAL_NYG","DAL",6,TRUE,1,"1"
"2025_18_DAL_NYG","DAL",8,TRUE,4,"4+"
"2025_18_DAL_NYG","DAL",10,TRUE,0,"0"
"2025_18_DAL_NYG","DAL",11,TRUE,0,"0"
"2025_18_DAL_NYG","DAL",13,TRUE,1,"1"
"2025_18_DAL_NYG","DAL",15,TRUE,5,"4+"
"2025_18_DAL_NYG","DAL",17,TRUE,0,"0"
"2025_18_DAL_NYG","DAL",19,TRUE,1,"1"
"2025_18_DAL_NYG","DAL",21,TRUE,0,"0"
"2025_18_DAL_NYG","NYG",1,TRUE,1,"1"
"2025_18_DAL_NYG","NYG",3,TRUE,0,"0"
"2025_18_DAL_NYG","NYG",5,TRUE,3,"3"
"2025_18_DAL_NYG","NYG",7,TRUE,4,"4+"
"2025_18_DAL_NYG","NYG",9,TRUE,5,"4+"
"2025_18_DAL_NYG","NYG",12,TRUE,4,"4+"
"2025_18_DAL_NYG","NYG",14,TRUE,1,"1"
"2025_18_DAL_NYG","NYG",16,TRUE,3,"3"
"2025_18_DAL_NYG","NYG",18,TRUE,3,"3"
"2025_18_DAL_NYG","NYG",20,TRUE,1,"1"
"2025_18_DET_CHI","CHI",2,TRUE,2,"2"
"2025_18_DET_CHI","CHI",4,TRUE,0,"0"
"2025_18_DET_CHI","CHI",6,TRUE,2,"2"
"2025_18_DET_CHI","CHI",8,TRUE,0,"0"
"2025_18_DET_CHI","CHI",10,TRUE,2,"2"
"2025_18_DET_CHI","CHI",12,TRUE,3,"3"
"2025_18_DET_CHI","CHI",14,TRUE,6,"4+"
"2025_18_DET_CHI","CHI",16,TRUE,0,"0"
"2025_18_DET_CHI","DET",1,TRUE,4,"4+"
"2025_18_DET_CHI","DET",3,TRUE,5,"4+"
"2025_18_DET_CHI","DET",5,TRUE,4,"4+"
"2025_18_DET_CHI","DET",7,TRUE,2,"2"
"2025_18_DET_CHI","DET",9,TRUE,1,"1"
"2025_18_DET_CHI","DET",11,TRUE,4,"4+"
"2025_18_DET_CHI","DET",13,TRUE,1,"1"
"2025_18_DET_CHI","DET",15,TRUE,3,"3"
"2025_18_DET_CHI","DET",17,TRUE,2,"2"
"2025_18_GB_MIN","GB",2,TRUE,0,"0"
"2025_18_GB_MIN","GB",4,TRUE,1,"1"
"2025_18_GB_MIN","GB",6,TRUE,1,"1"
"2025_18_GB_MIN","GB",8,TRUE,1,"1"
"2025_18_GB_MIN","GB",10,TRUE,0,"0"
"2025_18_GB_MIN","GB",12,TRUE,0,"0"
"2025_18_GB_MIN","GB",13,TRUE,2,"2"
"2025_18_GB_MIN","GB",15,TRUE,3,"3"
"2025_18_GB_MIN","GB",17,TRUE,0,"0"
"2025_18_GB_MIN","GB",19,TRUE,4,"4+"
"2025_18_GB_MIN","MIN",1,TRUE,3,"3"
"2025_18_GB_MIN","MIN",3,TRUE,1,"1"
"2025_18_GB_MIN","MIN",5,TRUE,1,"1"
"2025_18_GB_MIN","MIN",7,TRUE,0,"0"
"2025_18_GB_MIN","MIN",9,TRUE,5,"4+"
"2025_18_GB_MIN","MIN",11,TRUE,4,"4+"
"2025_18_GB_MIN","MIN",14,TRUE,1,"1"
"2025_18_GB_MIN","MIN",16,TRUE,4,"4+"
"2025_18_GB_MIN","MIN",18,TRUE,4,"4+"
"2025_18_IND_HOU","HOU",1,TRUE,2,"2"
"2025_18_IND_HOU","HOU",3,TRUE,2,"2"
"2025_18_IND_HOU","HOU",5,TRUE,6,"4+"
"2025_18_IND_HOU","HOU",7,TRUE,1,"1"
"2025_18_IND_HOU","HOU",9,TRUE,2,"2"
"2025_18_IND_HOU","HOU",11,TRUE,3,"3"
"2025_18_IND_HOU","HOU",13,TRUE,0,"0"
"2025_18_IND_HOU","HOU",15,TRUE,3,"3"
"2025_18_IND_HOU","HOU",17,TRUE,1,"1"
"2025_18_IND_HOU","HOU",19,TRUE,0,"0"
"2025_18_IND_HOU","HOU",21,TRUE,2,"2"
"2025_18_IND_HOU","IND",2,TRUE,1,"1"
"2025_18_IND_HOU","IND",4,TRUE,2,"2"
"2025_18_IND_HOU","IND",6,TRUE,0,"0"
"2025_18_IND_HOU","IND",8,TRUE,0,"0"
"2025_18_IND_HOU","IND",10,TRUE,5,"4+"
"2025_18_IND_HOU","IND",12,TRUE,3,"3"
"2025_18_IND_HOU","IND",14,TRUE,0,"0"
"2025_18_IND_HOU","IND",16,TRUE,3,"3"
"2025_18_IND_HOU","IND",18,TRUE,1,"1"
"2025_18_IND_HOU","IND",20,TRUE,4,"4+"
"2025_18_IND_HOU","IND",22,TRUE,0,"0"
"2025_18_KC_LV","KC",1,TRUE,0,"0"
"2025_18_KC_LV","KC",3,TRUE,0,"0"
"2025_18_KC_LV","KC",5,TRUE,2,"2"
"2025_18_KC_LV","KC",7,TRUE,1,"1"
"2025_18_KC_LV","KC",9,TRUE,0,"0"
"2025_18_KC_LV","KC",11,TRUE,0,"0"
"2025_18_KC_LV","KC",13,TRUE,0,"0"
"2025_18_KC_LV","KC",15,TRUE,1,"1"
"2025_18_KC_LV","KC",17,TRUE,4,"4+"
"2025_18_KC_LV","KC",19,TRUE,0,"0"
"2025_18_KC_LV","KC",21,TRUE,0,"0"
"2025_18_KC_LV","KC",23,TRUE,0,"0"
"2025_18_KC_LV","KC",24,TRUE,0,"0"
"2025_18_KC_LV","KC",26,TRUE,1,"1"
"2025_18_KC_LV","KC",28,TRUE,1,"1"
"2025_18_KC_LV","LV",2,TRUE,0,"0"
"2025_18_KC_LV","LV",4,TRUE,0,"0"
"2025_18_KC_LV","LV",6,TRUE,1,"1"
"2025_18_KC_LV","LV",8,TRUE,0,"0"
"2025_18_KC_LV","LV",10,TRUE,2,"2"
"2025_18_KC_LV","LV",12,TRUE,2,"2"
"2025_18_KC_LV","LV",14,TRUE,1,"1"
"2025_18_KC_LV","LV",16,TRUE,1,"1"
"2025_18_KC_LV","LV",18,TRUE,2,"2"
"2025_18_KC_LV","LV",20,TRUE,0,"0"
"2025_18_KC_LV","LV",22,TRUE,2,"2"
"2025_18_KC_LV","LV",25,TRUE,0,"0"
"2025_18_KC_LV","LV",27,TRUE,1,"1"
"2025_18_LAC_DEN","DEN",2,TRUE,6,"4+"
"2025_18_LAC_DEN","DEN",5,TRUE,0,"0"
"2025_18_LAC_DEN","DEN",7,TRUE,1,"1"
"2025_18_LAC_DEN","DEN",9,TRUE,1,"1"
"2025_18_LAC_DEN","DEN",11,TRUE,0,"0"
"2025_18_LAC_DEN","DEN",12,TRUE,0,"0"
"2025_18_LAC_DEN","DEN",14,TRUE,2,"2"
"2025_18_LAC_DEN","DEN",16,TRUE,0,"0"
"2025_18_LAC_DEN","DEN",18,TRUE,0,"0"
"2025_18_LAC_DEN","DEN",20,TRUE,0,"0"
"2025_18_LAC_DEN","DEN",22,TRUE,3,"3"
"2025_18_LAC_DEN","DEN",24,TRUE,0,"0"
"2025_18_LAC_DEN","LAC",1,TRUE,0,"0"
"2025_18_LAC_DEN","LAC",3,TRUE,0,"0"
"2025_18_LAC_DEN","LAC",4,TRUE,1,"1"
"2025_18_LAC_DEN","LAC",6,TRUE,0,"0"
"2025_18_LAC_DEN","LAC",8,TRUE,1,"1"
"2025_18_LAC_DEN","LAC",10,TRUE,4,"4+"
"2025_18_LAC_DEN","LAC",13,TRUE,0,"0"
"2025_18_LAC_DEN","LAC",15,TRUE,1,"1"
"2025_18_LAC_DEN","LAC",17,TRUE,1,"1"
"2025_18_LAC_DEN","LAC",19,TRUE,0,"0"
"2025_18_LAC_DEN","LAC",21,TRUE,1,"1"
"2025_18_LAC_DEN","LAC",23,TRUE,4,"4+"
"2025_18_MIA_NE","MIA",2,TRUE,3,"3"
"2025_18_MIA_NE","MIA",4,TRUE,5,"4+"
"2025_18_MIA_NE","MIA",6,TRUE,0,"0"
"2025_18_MIA_NE","MIA",8,TRUE,0,"0"
"2025_18_MIA_NE","MIA",10,TRUE,0,"0"
"2025_18_MIA_NE","MIA",12,TRUE,3,"3"
"2025_18_MIA_NE","MIA",14,TRUE,1,"1"
"2025_18_MIA_NE","MIA",16,TRUE,0,"0"
"2025_18_MIA_NE","MIA",18,TRUE,0,"0"
"2025_18_MIA_NE","MIA",20,TRUE,1,"1"
"2025_18_MIA_NE","MIA",22,TRUE,0,"0"
"2025_18_MIA_NE","NE",1,TRUE,2,"2"
"2025_18_MIA_NE","NE",3,TRUE,5,"4+"
"2025_18_MIA_NE","NE",5,TRUE,0,"0"
"2025_18_MIA_NE","NE",7,TRUE,0,"0"
"2025_18_MIA_NE","NE",9,TRUE,1,"1"
"2025_18_MIA_NE","NE",11,TRUE,2,"2"
"2025_18_MIA_NE","NE",13,TRUE,3,"3"
"2025_18_MIA_NE","NE",15,TRUE,3,"3"
"2025_18_MIA_NE","NE",17,TRUE,3,"3"
"2025_18_MIA_NE","NE",19,TRUE,0,"0"
"2025_18_MIA_NE","NE",21,TRUE,0,"0"
"2025_18_MIA_NE","NE",23,TRUE,2,"2"
"2025_18_NO_ATL","ATL",1,TRUE,0,"0"
"2025_18_NO_ATL","ATL",3,TRUE,2,"2"
"2025_18_NO_ATL","ATL",5,TRUE,1,"1"
"2025_18_NO_ATL","ATL",7,TRUE,1,"1"
"2025_18_NO_ATL","ATL",9,TRUE,2,"2"
"2025_18_NO_ATL","ATL",11,TRUE,0,"0"
"2025_18_NO_ATL","ATL",13,TRUE,2,"2"
"2025_18_NO_ATL","ATL",15,TRUE,1,"1"
"2025_18_NO_ATL","ATL",17,TRUE,4,"4+"
"2025_18_NO_ATL","ATL",19,TRUE,1,"1"
"2025_18_NO_ATL","ATL",21,TRUE,0,"0"
"2025_18_NO_ATL","ATL",23,TRUE,0,"0"
"2025_18_NO_ATL","NO",2,TRUE,0,"0"
"2025_18_NO_ATL","NO",4,TRUE,0,"0"
"2025_18_NO_ATL","NO",6,TRUE,0,"0"
"2025_18_NO_ATL","NO",8,TRUE,1,"1"
"2025_18_NO_ATL","NO",10,TRUE,4,"4+"
"2025_18_NO_ATL","NO",12,TRUE,1,"1"
"2025_18_NO_ATL","NO",14,TRUE,1,"1"
"2025_18_NO_ATL","NO",16,TRUE,3,"3"
"2025_18_NO_ATL","NO",18,TRUE,0,"0"
"2025_18_NO_ATL","NO",20,TRUE,2,"2"
"2025_18_NO_ATL","NO",22,TRUE,4,"4+"
"2025_18_NYJ_BUF","BUF",1,TRUE,6,"4+"
"2025_18_NYJ_BUF","BUF",3,TRUE,1,"1"
"2025_18_NYJ_BUF","BUF",5,TRUE,5,"4+"
"2025_18_NYJ_BUF","BUF",7,TRUE,3,"3"
"2025_18_NYJ_BUF","BUF",9,TRUE,0,"0"
"2025_18_NYJ_BUF","BUF",11,TRUE,5,"4+"
"2025_18_NYJ_BUF","BUF",13,TRUE,3,"3"
"2025_18_NYJ_BUF","BUF",15,TRUE,4,"4+"
"2025_18_NYJ_BUF","BUF",17,TRUE,3,"3"
"2025_18_NYJ_BUF","NYJ",2,TRUE,0,"0"
"2025_18_NYJ_BUF","NYJ",4,TRUE,0,"0"
"2025_18_NYJ_BUF","NYJ",6,TRUE,1,"1"
"2025_18_NYJ_BUF","NYJ",8,TRUE,3,"3"
"2025_18_NYJ_BUF","NYJ",10,TRUE,0,"0"
"2025_18_NYJ_BUF","NYJ",12,TRUE,0,"0"
"2025_18_NYJ_BUF","NYJ",14,TRUE,0,"0"
"2025_18_NYJ_BUF","NYJ",16,TRUE,5,"4+"
"2025_18_SEA_SF","SEA",1,TRUE,5,"4+"
"2025_18_SEA_SF","SEA",3,TRUE,1,"1"
"2025_18_SEA_SF","SEA",5,TRUE,4,"4+"
"2025_18_SEA_SF","SEA",7,TRUE,2,"2"
"2025_18_SEA_SF","SEA",9,TRUE,0,"0"
"2025_18_SEA_SF","SEA",11,TRUE,1,"1"
"2025_18_SEA_SF","SEA",13,TRUE,4,"4+"
"2025_18_SEA_SF","SEA",15,TRUE,6,"4+"
"2025_18_SEA_SF","SEA",17,TRUE,0,"0"
"2025_18_SEA_SF","SF",2,TRUE,0,"0"
"2025_18_SEA_SF","SF",4,TRUE,0,"0"
"2025_18_SEA_SF","SF",6,TRUE,1,"1"
"2025_18_SEA_SF","SF",8,TRUE,2,"2"
"2025_18_SEA_SF","SF",10,TRUE,2,"2"
"2025_18_SEA_SF","SF",12,TRUE,0,"0"
"2025_18_SEA_SF","SF",14,TRUE,4,"4+"
"2025_18_SEA_SF","SF",16,TRUE,0,"0"
"2025_18_TEN_JAX","JAX",1,TRUE,0,"0"
"2025_18_TEN_JAX","JAX",3,TRUE,4,"4+"
"2025_18_TEN_JAX","JAX",5,TRUE,0,"0"
"2025_18_TEN_JAX","JAX",7,TRUE,5,"4+"
"2025_18_TEN_JAX","JAX",10,TRUE,4,"4+"
"2025_18_TEN_JAX","JAX",12,TRUE,0,"0"
"2025_18_TEN_JAX","JAX",14,TRUE,3,"3"
"2025_18_TEN_JAX","JAX",16,TRUE,3,"3"
"2025_18_TEN_JAX","JAX",18,TRUE,4,"4+"
"2025_18_TEN_JAX","JAX",20,TRUE,0,"0"
"2025_18_TEN_JAX","TEN",2,TRUE,3,"3"
"2025_18_TEN_JAX","TEN",4,TRUE,1,"1"
"2025_18_TEN_JAX","TEN",6,TRUE,0,"0"
"2025_18_TEN_JAX","TEN",8,TRUE,1,"1"
"2025_18_TEN_JAX","TEN",9,TRUE,0,"0"
"2025_18_TEN_JAX","TEN",11,TRUE,1,"1"
"2025_18_TEN_JAX","TEN",13,TRUE,0,"0"
"2025_18_TEN_JAX","TEN",15,TRUE,0,"0"
"2025_18_TEN_JAX","TEN",17,TRUE,1,"1"
"2025_18_TEN_JAX","TEN",19,TRUE,3,"3"
"2025_18_WAS_PHI","PHI",1,TRUE,1,"1"
"2025_18_WAS_PHI","PHI",3,TRUE,4,"4+"
"2025_18_WAS_PHI","PHI",5,TRUE,2,"2"
"2025_18_WAS_PHI","PHI",7,TRUE,1,"1"
"2025_18_WAS_PHI","PHI",10,TRUE,1,"1"
"2025_18_WAS_PHI","PHI",12,TRUE,3,"3"
"2025_18_WAS_PHI","PHI",14,TRUE,4,"4+"
"2025_18_WAS_PHI","PHI",16,TRUE,0,"0"
"2025_18_WAS_PHI","PHI",18,TRUE,2,"2"
"2025_18_WAS_PHI","PHI",20,TRUE,0,"0"
"2025_18_WAS_PHI","WAS",2,TRUE,6,"4+"
"2025_18_WAS_PHI","WAS",4,TRUE,4,"4+"
"2025_18_WAS_PHI","WAS",6,TRUE,1,"1"
"2025_18_WAS_PHI","WAS",8,TRUE,2,"2"
"2025_18_WAS_PHI","WAS",9,TRUE,0,"0"
"2025_18_WAS_PHI","WAS",11,TRUE,1,"1"
"2025_18_WAS_PHI","WAS",13,TRUE,0,"0"
"2025_18_WAS_PHI","WAS",15,TRUE,6,"4+"
"2025_18_WAS_PHI","WAS",17,TRUE,5,"4+"
"2025_18_WAS_PHI","WAS",19,TRUE,0,"0"
"2025_18_WAS_PHI","WAS",21,TRUE,0,"0"
